METHOD,THRESHOLD,AUPRC_all,BEST_THRESHOLD_all,BEST_F1-SCORE_all,AUPRC_strong,BEST_THRESHOLD_strong,BEST_F1-SCORE_strong,AUPRC_weak,BEST_THRESHOLD_weak,BEST_F1-SCORE_weak,TN_all_seg,FP_all_seg,FN_all_seg,TP_all_seg,Recall_all_seg,Precision_all_seg,F1-score_all_seg,Iou_all_seg,TN_all_class_clas,FP_all_class_clas,FN_all_class_clas,TP_all_class_clas,Recall_all_class_clas,Precision_all_class_clas,F1-score_all_class_clas,Iou_all_class_clas,FPR_all_class_clas,TN_strong_seg,FP_strong_seg,FN_strong_seg,TP_strong_seg,Recall_strong_seg,Precision_strong_seg,F1-score_strong_seg,Iou_strong_seg,TN_strong_class_clas,FP_strong_class_clas,FN_strong_class_clas,TP_strong_class_clas,Recall_strong_class_clas,Precision_strong_class_clas,F1-score_strong_class_clas,Iou_strong_class_clas,FPR_strong_class_clas,TN_weak_seg,FP_weak_seg,FN_weak_seg,TP_weak_seg,Recall_weak_seg,Precision_weak_seg,F1-score_weak_seg,Iou_weak_seg,TN_weak_class_clas,FP_weak_class_clas,FN_weak_class_clas,TP_weak_class_clas,Recall_weak_class_clas,Precision_weak_class_clas,F1-score_weak_class_clas,Iou_weak_class_clas,FPR_weak_class_clas
MAG1C_SASdata_selected_50_highest_transmittance,0,0.05241718341566333,2011.3127,0.13368313109419064,0.33260276716366444,1597.1185,0.47122324425717255,0.02076925105858666,1517.5973,0.05776268731858279,86184921,1772673,32134,182332,0.8501673925004429,0.09326421160048184,0.16808890277860364,0.09175603719719658,0,26,0,26,1.0,0.5,0.6666666666666666,0.5,1.0,16742759,371970,20714,153197,0.8808931004939308,0.2917110176381989,0.43828299560277967,0.2806417515905481,0,26,0,11,1.0,0.2972972972972973,0.4583333333333333,0.2972972972972973,1.0,28274400,419957,11420,29135,0.7184071014671434,0.06487534848093486,0.11900409887122763,0.06326653811409909,0,26,0,15,1.0,0.36585365853658536,0.5357142857142857,0.36585365853658536,1.0
MAG1C_SAS_TILINGdata_selected_50_highest_transmittance,0,0.033643485710274645,1591.2529,0.08681842185292245,0.2274601620060932,1295.7588,0.38279375771673846,0.016041404369335373,1238.5315,0.04484117796411425,86102795,1854799,35108,179358,0.8363003926030234,0.08817313511198988,0.15952696383520049,0.08667715348203348,0,26,0,26,1.0,0.5,0.6666666666666666,0.5,1.0,16783445,331284,24941,148970,0.8565875649038877,0.3101900244453976,0.45545084191297297,0.29487623590890644,0,26,0,11,1.0,0.2972972972972973,0.4583333333333333,0.2972972972972973,1.0,28216793,477564,10167,30388,0.7493034151152755,0.05982455035121429,0.11080259686749669,0.05865061887327042,0,26,0,15,1.0,0.36585365853658536,0.5357142857142857,0.36585365853658536,1.0
MAG1C_SASdata_selected_50_highest_transmittance,100,0.05241718341566333,2011.3127,0.13368313109419064,0.33260276716366444,1597.1185,0.47122324425717255,0.02076925105858666,1517.5973,0.05776268731858279,86288252,1669342,33804,180662,0.8423806104464111,0.09765492398935353,0.17502022310811008,0.09590255482512018,0,26,0,26,1.0,0.5,0.6666666666666666,0.5,1.0,16765704,349025,21940,151971,0.8738435176613325,0.3033377511996104,0.4503464921833675,0.29061108816375236,0,26,0,11,1.0,0.2972972972972973,0.4583333333333333,0.2972972972972973,1.0,28301851,392506,11864,28691,0.7074590062877574,0.068117769119913,0.1242701710008836,0.06625163660546667,0,26,0,15,1.0,0.36585365853658536,0.5357142857142857,0.36585365853658536,1.0
MAG1C_SAS_TILINGdata_selected_50_highest_transmittance,100,0.033643485710274645,1591.2529,0.08681842185292245,0.2274601620060932,1295.7588,0.38279375771673846,0.016041404369335373,1238.5315,0.04484117796411425,86233707,1723887,36870,177596,0.828084638124458,0.0933986788206889,0.1678641592968451,0.09162211423822184,0,26,0,26,1.0,0.5,0.6666666666666666,0.5,1.0,16813685,301044,26313,147598,0.8486984722070484,0.3289883693457144,0.47417007066065053,0.31076207219631335,0,26,0,11,1.0,0.2972972972972973,0.4583333333333333,0.2972972972972973,1.0,28253045,441312,10557,29998,0.7396868450252743,0.06364812968110162,0.1172105926367304,0.06225369240890121,0,26,0,15,1.0,0.36585365853658536,0.5357142857142857,0.36585365853658536,1.0
MAG1C_SAS_TILINGdata_selected_50_highest_transmittance,200,0.033643485710274645,1591.2529,0.08681842185292245,0.2274601620060932,1295.7588,0.38279375771673846,0.016041404369335373,1238.5315,0.04484117796411425,86411102,1546492,40042,174424,0.8132944149655423,0.10135532472241528,0.18024762036641861,0.09905063039550063,0,26,0,26,1.0,0.5,0.6666666666666666,0.5,1.0,16853917,260812,28731,145180,0.8347948088390038,0.357593253069026,0.5007044281543638,0.33395978588664504,0,26,0,11,1.0,0.2972972972972973,0.4583333333333333,0.2972972972972973,1.0,28300216,394141,11311,29244,0.7210948095179386,0.06907188492743012,0.12606802603784972,0.06727460110053923,0,26,0,15,1.0,0.36585365853658536,0.5357142857142857,0.36585365853658536,1.0
MAG1C_SASdata_selected_50_highest_transmittance,200,0.05241718341566333,2011.3127,0.13368313109419064,0.33260276716366444,1597.1185,0.47122324425717255,0.02076925105858666,1517.5973,0.05776268731858279,86425007,1532587,36307,178159,0.8307097628528531,0.10414111738387814,0.18507987691745117,0.10197687190943835,0,26,0,26,1.0,0.5,0.6666666666666666,0.5,1.0,16795218,319511,23836,150075,0.8629413895613274,0.31959002184903296,0.46643574095916523,0.3041514160292812,0,26,0,11,1.0,0.2972972972972973,0.4583333333333333,0.2972972972972973,1.0,28336324,358033,12471,28084,0.6924916779681913,0.07273443023746688,0.1316421044736941,0.07045871927905506,0,26,0,15,1.0,0.36585365853658536,0.5357142857142857,0.36585365853658536,1.0
MAG1C_SAS_TILINGdata_selected_50_highest_transmittance,300,0.033643485710274645,1591.2529,0.08681842185292245,0.2274601620060932,1295.7588,0.38279375771673846,0.016041404369335373,1238.5315,0.04484117796411425,86622752,1334842,45040,169426,0.7899900217283858,0.11263019621503614,0.1971520898521819,0.10935591890056721,0,26,0,26,1.0,0.5,0.6666666666666666,0.5,1.0,16898895,215834,32656,141255,0.8122257936530755,0.39557365250679805,0.5320338983050847,0.36242928068352387,0,26,0,11,1.0,0.2972972972972973,0.4583333333333333,0.2972972972972973,1.0,28355703,338654,12384,28171,0.6946369128344224,0.0767968377291624,0.13830330404045363,0.0742888486296475,0,26,0,15,1.0,0.36585365853658536,0.5357142857142857,0.36585365853658536,1.0
MAG1C_SASdata_selected_50_highest_transmittance,300,0.05241718341566333,2011.3127,0.13368313109419064,0.33260276716366444,1597.1185,0.47122324425717255,0.02076925105858666,1517.5973,0.05776268731858279,86593036,1364558,40225,174241,0.8124411328602202,0.11323181260190578,0.1987617388130146,0.11034727781211685,0,26,0,26,1.0,0.5,0.6666666666666666,0.5,1.0,16831435,283294,26820,147091,0.8457831879524584,0.3417660931491571,0.4868177184690946,0.3217178289826227,0,26,0,11,1.0,0.2972972972972973,0.4583333333333333,0.2972972972972973,1.0,28376484,317873,13405,27150,0.6694612254962397,0.07869040614683659,0.14082753684079485,0.0757474304462821,0,26,0,15,1.0,0.36585365853658536,0.5357142857142857,0.36585365853658536,1.0
MAG1C_SASdata_selected_50_highest_transmittance,400,0.05241718341566333,2011.3127,0.13368313109419064,0.33260276716366444,1597.1185,0.47122324425717255,0.02076925105858666,1517.5973,0.05776268731858279,86776413,1181181,45493,168973,0.7878777988119329,0.12515090871115442,0.21599238153673095,0.12107144571657447,0,26,0,26,1.0,0.5,0.6666666666666666,0.5,1.0,16870749,243980,30879,143032,0.8224436637130487,0.3695802714127727,0.5099880019182669,0.3422710706858966,0,26,0,11,1.0,0.2972972972972973,0.4583333333333333,0.2972972972972973,1.0,28420352,274005,14614,25941,0.6396498582172359,0.08648556740213238,0.15236959656506147,0.08246757375381485,0,26,0,15,1.0,0.36585365853658536,0.5357142857142857,0.36585365853658536,1.0
MAG1C_SAS_TILINGdata_selected_50_highest_transmittance,400,0.033643485710274645,1591.2529,0.08681842185292245,0.2274601620060932,1295.7588,0.38279375771673846,0.016041404369335373,1238.5315,0.04484117796411425,86837537,1120057,51804,162662,0.7584512230376843,0.126810314651923,0.21729044840817935,0.12188774565893581,0,26,0,26,1.0,0.5,0.6666666666666666,0.5,1.0,16942687,172042,37962,135949,0.7817159351622381,0.4414057553629814,0.5642184510543637,0.39296956522995896,0,26,0,11,1.0,0.2972972972972973,0.4583333333333333,0.2972972972972973,1.0,28411533,282824,13842,26713,0.6586857354210331,0.08629986075977993,0.15260560081350044,0.0826058587601545,0,26,0,15,1.0,0.36585365853658536,0.5357142857142857,0.36585365853658536,1.0
MAG1C_SASdata_selected_50_highest_transmittance,500,0.05241718341566333,2011.3127,0.13368313109419064,0.33260276716366444,1597.1185,0.47122324425717255,0.02076925105858666,1517.5973,0.05776268731858279,86958302,999292,52255,162211,0.7563483256087212,0.13965611797817137,0.23577711416463598,0.13364360935211136,0,26,0,26,1.0,0.5,0.6666666666666666,0.5,1.0,16909977,204752,36096,137815,0.7924455612353445,0.40230086377263424,0.5336722958189893,0.36395158755938656,0,26,0,11,1.0,0.2972972972972973,0.4583333333333333,0.2972972972972973,1.0,28463828,230529,16159,24396,0.6015534459376156,0.0956987349220359,0.1651279274400975,0.08999424532617196,0,26,0,15,1.0,0.36585365853658536,0.5357142857142857,0.36585365853658536,1.0
MAG1C_SAS_TILINGdata_selected_50_highest_transmittance,500,0.033643485710274645,1591.2529,0.08681842185292245,0.2274601620060932,1295.7588,0.38279375771673846,0.016041404369335373,1238.5315,0.04484117796411425,87031159,926435,60061,154405,0.7199509479358034,0.14285648199548498,0.2384069864572541,0.13533601951440133,0,26,0,26,1.0,0.5,0.6666666666666666,0.5,1.0,16979667,135062,44384,129527,0.744789001270765,0.48954038149734114,0.5907730900798175,0.41921786046029913,0,26,0,11,1.0,0.2972972972972973,0.4583333333333333,0.2972972972972973,1.0,28461020,233337,15677,24878,0.613438540253976,0.09634606819898146,0.16653613147237004,0.09083142260453025,0,26,0,15,1.0,0.36585365853658536,0.5357142857142857,0.36585365853658536,1.0
MAG1C_SASdata_selected_50_highest_transmittance,600,0.05241718341566333,2011.3127,0.13368313109419064,0.33260276716366444,1597.1185,0.47122324425717255,0.02076925105858666,1517.5973,0.05776268731858279,87122528,835066,59789,154677,0.7212192142344241,0.1562799635865068,0.25689394448970243,0.1473771166577103,0,26,0,26,1.0,0.5,0.6666666666666666,0.5,1.0,16944732,169997,41807,132104,0.7596069253813732,0.43728421951598967,0.5550448308025848,0.3841259871826186,0,26,0,11,1.0,0.2972972972972973,0.4583333333333333,0.2972972972972973,1.0,28502887,191470,17982,22573,0.5566021452348663,0.10546011782679181,0.17732268124651412,0.09728693028768452,0,26,0,15,1.0,0.36585365853658536,0.5357142857142857,0.36585365853658536,1.0
MAG1C_SAS_TILINGdata_selected_50_highest_transmittance,600,0.033643485710274645,1591.2529,0.08681842185292245,0.2274601620060932,1295.7588,0.38279375771673846,0.016041404369335373,1238.5315,0.04484117796411425,87197208,760386,68904,145562,0.6787183049993939,0.1606736810501265,0.25983609630011767,0.14931702453295476,0,26,0,26,1.0,0.5,0.6666666666666666,0.5,1.0,17009699,105030,51235,122676,0.7053952883946386,0.538747332086111,0.6109103947293069,0.4397919273251333,0,26,0,11,1.0,0.2972972972972973,0.4583333333333333,0.2972972972972973,1.0,28502935,191422,17669,22886,0.5643200591788928,0.10679022714970976,0.17959452725581979,0.09865633230880648,0,26,0,15,1.0,0.36585365853658536,0.5357142857142857,0.36585365853658536,1.0
MAG1C_SAS_TILINGdata_selected_50_highest_transmittance,700,0.033643485710274645,1591.2529,0.08681842185292245,0.2274601620060932,1295.7588,0.38279375771673846,0.016041404369335373,1238.5315,0.04484117796411425,87329894,627700,78229,136237,0.6352382195779285,0.17833538629494317,0.27848851649064854,0.1617697698553492,0,26,0,26,1.0,0.5,0.6666666666666666,0.5,1.0,17032658,82071,58270,115641,0.6649435630868663,0.5848962126729789,0.6223565279866962,0.4517544202326726,0,26,0,11,1.0,0.2972972972972973,0.4583333333333333,0.2972972972972973,1.0,28535795,158562,19959,20596,0.5078535322401677,0.11495997945947153,0.18748094104581886,0.10343667291090163,0,26,0,15,1.0,0.36585365853658536,0.5357142857142857,0.36585365853658536,1.0
MAG1C_SASdata_selected_50_highest_transmittance,700,0.05241718341566333,2011.3127,0.13368313109419064,0.33260276716366444,1597.1185,0.47122324425717255,0.02076925105858666,1517.5973,0.05776268731858279,87263453,694141,67406,147060,0.6857030951292978,0.17482147548564492,0.2786105845877535,0.16185215390152177,0,26,0,26,1.0,0.5,0.6666666666666666,0.5,1.0,16974447,140282,47534,126377,0.7266762884463892,0.4739273754120431,0.5736977097850512,0.40222729341519387,0,26,0,11,1.0,0.2972972972972973,0.4583333333333333,0.2972972972972973,1.0,28536296,158061,19872,20683,0.5099987671063987,0.11571297498097838,0.18862831111860978,0.10413561847988077,0,26,0,15,1.0,0.36585365853658536,0.5357142857142857,0.36585365853658536,1.0
MAG1C_SASdata_selected_50_highest_transmittance,800,0.05241718341566333,2011.3127,0.13368313109419064,0.33260276716366444,1597.1185,0.47122324425717255,0.02076925105858666,1517.5973,0.05776268731858279,87381411,576183,75055,139411,0.6500377682243339,0.1948185703066264,0.2997892609078984,0.1763247661098667,0,26,0,26,1.0,0.5,0.6666666666666666,0.5,1.0,16999381,115348,53509,120402,0.6923196347557083,0.5107189819724284,0.5878128501370644,0.41624288267607923,0,26,0,11,1.0,0.2972972972972973,0.4583333333333333,0.2972972972972973,1.0,28564386,129971,21546,19009,0.46872148933547036,0.1275943079608001,0.20058564381248842,0.11147273729519253,0,26,0,15,1.0,0.36585365853658536,0.5357142857142857,0.36585365853658536,1.0
MAG1C_SAS_TILINGdata_selected_50_highest_transmittance,800,0.033643485710274645,1591.2529,0.08681842185292245,0.2274601620060932,1295.7588,0.38279375771673846,0.016041404369335373,1238.5315,0.04484117796411425,87438232,519362,87452,127014,0.5922337340184458,0.19650172654925308,0.2950924792238297,0.17308415596025226,0,26,0,26,1.0,0.5,0.6666666666666666,0.5,1.0,17049675,65054,65314,108597,0.6244400871710243,0.6253750338322267,0.6249072107997998,0.4544473039984935,0,26,0,11,1.0,0.2972972972972973,0.4583333333333333,0.2972972972972973,1.0,28562241,132116,22138,18417,0.454124029096289,0.12234526648641826,0.19275935694549107,0.10665948537971055,0,26,0,15,1.0,0.36585365853658536,0.5357142857142857,0.36585365853658536,1.0
MAG1C_SASdata_selected_50_highest_transmittance,900,0.05241718341566333,2011.3127,0.13368313109419064,0.33260276716366444,1597.1185,0.47122324425717255,0.02076925105858666,1517.5973,0.05776268731858279,87480714,476880,82823,131643,0.6138175748137233,0.2163320038848162,0.31991436094528597,0.19041550829830506,0,26,0,26,1.0,0.5,0.6666666666666666,0.5,1.0,17020514,94215,59339,114572,0.6587967408617051,0.5487506406050185,0.5987593350370266,0.42730656482400065,0,26,0,11,1.0,0.2972972972972973,0.4583333333333333,0.2972972972972973,1.0,28587091,107266,23484,17071,0.42093453334977193,0.13729621914635226,0.20705674016932296,0.11548426813510936,0,26,0,15,1.0,0.36585365853658536,0.5357142857142857,0.36585365853658536,1.0
MAG1C_SAS_TILINGdata_selected_50_highest_transmittance,900,0.033643485710274645,1591.2529,0.08681842185292245,0.2274601620060932,1295.7588,0.38279375771673846,0.016041404369335373,1238.5315,0.04484117796411425,87525877,431717,96727,117739,0.5489867857842269,0.2142828543140852,0.3082487479088179,0.1822068980459096,0,26,0,26,1.0,0.5,0.6666666666666666,0.5,1.0,17063202,51527,72467,101444,0.5833098538907833,0.6631583764242895,0.6206765744213508,0.4499862489908534,0,26,0,11,1.0,0.2972972972972973,0.4583333333333333,0.2972972972972973,1.0,28583581,110776,24260,16295,0.401800024657872,0.12823539595973904,0.19442091322348565,0.10767787168524624,0,26,0,15,1.0,0.36585365853658536,0.5357142857142857,0.36585365853658536,1.0
MAG1C_SASdata_selected_50_highest_transmittance,1000,0.05241718341566333,2011.3127,0.13368313109419064,0.33260276716366444,1597.1185,0.47122324425717255,0.02076925105858666,1517.5973,0.05776268731858279,87562909,394685,90961,123505,0.575872166217489,0.2383392192053108,0.3371432159157913,0.20274940039497596,0,26,0,26,1.0,0.5,0.6666666666666666,0.5,1.0,17038007,76722,65540,108371,0.6231405719017199,0.5854948593409799,0.6037314347472451,0.43238919056947805,0,26,0,11,1.0,0.2972972972972973,0.4583333333333333,0.2972972972972973,1.0,28605585,88772,25421,15134,0.3731722352360991,0.1456508767539892,0.20952367767079003,0.11702119433683608,0,26,0,15,1.0,0.36585365853658536,0.5357142857142857,0.36585365853658536,1.0
MAG1C_SAS_TILINGdata_selected_50_highest_transmittance,1000,0.033643485710274645,1591.2529,0.08681842185292245,0.2274601620060932,1295.7588,0.38279375771673846,0.016041404369335373,1238.5315,0.04484117796411425,87596216,361378,105955,108511,0.5059589865060196,0.23092900663773785,0.31711903909520645,0.18843818812039373,0,26,0,26,1.0,0.5,0.6666666666666666,0.5,1.0,17073227,41502,79719,94192,0.5416103639217761,0.6941500729582738,0.6084656255551428,0.4372623750655717,0,26,0,11,1.0,0.2972972972972973,0.4583333333333333,0.2972972972972973,1.0,28600060,94297,26236,14319,0.3530760695351991,0.13183140605435664,0.191981015076657,0.10618307477827545,0,26,0,15,1.0,0.36585365853658536,0.5357142857142857,0.36585365853658536,1.0
MAG1C_SAS_TILINGdata_selected_50_highest_transmittance,1100,0.033643485710274645,1591.2529,0.08681842185292245,0.2274601620060932,1295.7588,0.38279375771673846,0.016041404369335373,1238.5315,0.04484117796411425,87653308,304286,114366,100100,0.46674064886741956,0.24753577027889195,0.3235022267036383,0.19296311146752204,0,26,0,26,1.0,0.5,0.6666666666666666,0.5,1.0,17080620,34109,86389,87522,0.5032574132746059,0.7195698465029474,0.5922813001197799,0.42073839053937123,0,26,0,11,1.0,0.2972972972972973,0.4583333333333333,0.2972972972972973,1.0,28614197,80160,27977,12578,0.31014671433855256,0.13562940757833897,0.18872708994470824,0.10419583316075053,0,26,0,15,1.0,0.36585365853658536,0.5357142857142857,0.36585365853658536,1.0
MAG1C_SASdata_selected_50_highest_transmittance,1100,0.05241718341566333,2011.3127,0.13368313109419064,0.33260276716366444,1597.1185,0.47122324425717255,0.02076925105858666,1517.5973,0.05776268731858279,87630942,326652,98548,115918,0.5404959294247107,0.26192014822513954,0.3528512897314607,0.21421944936224632,0,26,0,26,1.0,0.5,0.6666666666666666,0.5,1.0,17052103,62626,71360,102551,0.5896751786833495,0.6208552038116687,0.6048636342188459,0.43355162194498115,0,26,0,11,1.0,0.2972972972972973,0.4583333333333333,0.2972972972972973,1.0,28620532,73825,27188,13367,0.32960177536678587,0.15330534911459767,0.20927301619607508,0.11686483650987935,0,26,0,15,1.0,0.36585365853658536,0.5357142857142857,0.36585365853658536,1.0
MAG1C_SAS_TILINGdata_selected_50_highest_transmittance,1200,0.033643485710274645,1591.2529,0.08681842185292245,0.2274601620060932,1295.7588,0.38279375771673846,0.016041404369335373,1238.5315,0.04484117796411425,87699751,257843,122162,92304,0.430389898631951,0.26361499598739957,0.32696377872985566,0.1954313807274475,0,26,0,26,1.0,0.5,0.6666666666666666,0.5,1.0,17086425,28304,92614,81297,0.46746324269310163,0.7417541810749901,0.5734995344112418,0.4020324901713523,0,26,0,11,1.0,0.2972972972972973,0.4583333333333333,0.2972972972972973,1.0,28625756,68601,29548,11007,0.27140919738626557,0.1382649984926138,0.18320115176884733,0.10083733372421122,0,26,0,15,1.0,0.36585365853658536,0.5357142857142857,0.36585365853658536,1.0
MAG1C_SASdata_selected_50_highest_transmittance,1200,0.05241718341566333,2011.3127,0.13368313109419064,0.33260276716366444,1597.1185,0.47122324425717255,0.02076925105858666,1517.5973,0.05776268731858279,87687510,270084,105911,108555,0.5061641472307965,0.2866978837362237,0.3660566004333128,0.22403260757403776,0,26,0,26,1.0,0.5,0.6666666666666666,0.5,1.0,17064286,50443,77156,96755,0.5563477870864982,0.657311919998913,0.6026302595068963,0.4312604188024283,0,26,0,11,1.0,0.2972972972972973,0.4583333333333333,0.2972972972972973,1.0,28632788,61569,28755,11800,0.2909628899026014,0.1608308686229879,0.20715564762473226,0.11554580705808624,0,26,0,15,1.0,0.36585365853658536,0.5357142857142857,0.36585365853658536,1.0
MAG1C_SASdata_selected_50_highest_transmittance,1300,0.05241718341566333,2011.3127,0.13368313109419064,0.33260276716366444,1597.1185,0.47122324425717255,0.02076925105858666,1517.5973,0.05776268731858279,87734104,223490,112816,101650,0.47396790167205993,0.3126345574214185,0.3767563740951732,0.2321009416471061,0,26,0,26,1.0,0.5,0.6666666666666666,0.5,1.0,17074377,40352,82596,91315,0.5250674195421796,0.6935298897977473,0.597654281394603,0.4261818419419125,0,26,0,11,1.0,0.2972972972972973,0.4583333333333333,0.2972972972972973,1.0,28642677,51680,30220,10335,0.2548391073850327,0.16665322905748609,0.20152091254752852,0.11205073995771671,0,26,0,15,1.0,0.36585365853658536,0.5357142857142857,0.36585365853658536,1.0
MAG1C_SAS_TILINGdata_selected_50_highest_transmittance,1300,0.033643485710274645,1591.2529,0.08681842185292245,0.2274601620060932,1295.7588,0.38279375771673846,0.016041404369335373,1238.5315,0.04484117796411425,87737894,219700,129615,84851,0.3956384695009932,0.27861015068083833,0.3269680954573742,0.19543446515848778,0,26,0,26,1.0,0.5,0.6666666666666666,0.5,1.0,17091127,23602,98694,75217,0.43250283190827493,0.7611592912294195,0.5515858174751586,0.3808205029542359,0,26,0,11,1.0,0.2972972972972973,0.4583333333333333,0.2972972972972973,1.0,28635344,59013,30921,9634,0.2375539390950561,0.1403411656736638,0.17644365487811578,0.09675799453639723,0,26,0,15,1.0,0.36585365853658536,0.5357142857142857,0.36585365853658536,1.0
MAG1C_SASdata_selected_50_highest_transmittance,1400,0.05241718341566333,2011.3127,0.13368313109419064,0.33260276716366444,1597.1185,0.47122324425717255,0.02076925105858666,1517.5973,0.05776268731858279,87771910,185684,119138,95328,0.4444900357166171,0.3392310648655573,0.3847920593850786,0.23823066350118705,0,26,0,26,1.0,0.5,0.6666666666666666,0.5,1.0,17082735,31994,87816,86095,0.4950520668617856,0.7290687532284972,0.5896917808219178,0.4181297200165125,0,26,0,11,1.0,0.2972972972972973,0.4583333333333333,0.2972972972972973,1.0,28650612,43745,31322,9233,0.22766613241277278,0.17427988976556305,0.19742764585761174,0.10952550415183868,0,26,0,15,1.0,0.36585365853658536,0.5357142857142857,0.36585365853658536,1.0
MAG1C_SAS_TILINGdata_selected_50_highest_transmittance,1400,0.033643485710274645,1591.2529,0.08681842185292245,0.2274601620060932,1295.7588,0.38279375771673846,0.016041404369335373,1238.5315,0.04484117796411425,87769697,187897,136471,77995,0.3636706983857581,0.2933333834790065,0.3247369670121034,0.19384237616281816,0,26,0,26,1.0,0.5,0.6666666666666666,0.5,1.0,17095032,19697,104412,69499,0.3996239455813606,0.7791717117359522,0.5282945721702577,0.35896760464443617,0,26,0,11,1.0,0.2972972972972973,0.4583333333333333,0.2972972972972973,1.0,28643584,50773,32059,8496,0.209493280729873,0.14334643742934755,0.17021958647219104,0.09302733006306937,0,26,0,15,1.0,0.36585365853658536,0.5357142857142857,0.36585365853658536,1.0
MAG1C_SASdata_selected_50_highest_transmittance,1500,0.05241718341566333,2011.3127,0.13368313109419064,0.33260276716366444,1597.1185,0.47122324425717255,0.02076925105858666,1517.5973,0.05776268731858279,87802634,154960,125343,89123,0.415557710779331,0.36513399130623597,0.38871745440509087,0.2412472321926448,0,26,0,26,1.0,0.5,0.6666666666666666,0.5,1.0,17089864,24865,92908,81003,0.4657727228294932,0.7651320512336117,0.5790498929512222,0.4075089548033968,0,26,0,11,1.0,0.2972972972972973,0.4583333333333333,0.2972972972972973,1.0,28657042,37315,32435,8120,0.2002219208482308,0.17871684824474524,0.18885916967089195,0.10427635803261846,0,26,0,15,1.0,0.36585365853658536,0.5357142857142857,0.36585365853658536,1.0
MAG1C_SAS_TILINGdata_selected_50_highest_transmittance,1500,0.033643485710274645,1591.2529,0.08681842185292245,0.2274601620060932,1295.7588,0.38279375771673846,0.016041404369335373,1238.5315,0.04484117796411425,87796601,160993,142580,71886,0.3351859968479852,0.30868390881101343,0.32138953156959393,0.19146165093925036,0,26,0,26,1.0,0.5,0.6666666666666666,0.5,1.0,17098272,16457,109552,64359,0.3700685983060301,0.7963645812710355,0.5053174575133378,0.3380767776096823,0,26,0,11,1.0,0.2972972972972973,0.4583333333333333,0.2972972972972973,1.0,28650720,43637,33028,7527,0.18559980273702378,0.14711515909623954,0.16413175023713733,0.08940279361459522,0,26,0,15,1.0,0.36585365853658536,0.5357142857142857,0.36585365853658536,1.0
MAG1C_SAS_TILINGdata_selected_50_highest_transmittance,1600,0.033643485710274645,1591.2529,0.08681842185292245,0.2274601620060932,1295.7588,0.38279375771673846,0.016041404369335373,1238.5315,0.04484117796411425,87819320,138274,148073,66393,0.30957354545708876,0.3243952371413076,0.31681113155012847,0.1882207858479333,0,26,0,26,1.0,0.5,0.6666666666666666,0.5,1.0,17100872,13857,114185,59726,0.3434285352852896,0.8116820461247842,0.48264604394449967,0.3180840185761152,0,26,0,11,1.0,0.2972972972972973,0.4583333333333333,0.2972972972972973,1.0,28656659,37698,33888,6667,0.1643940327949698,0.15027611856192946,0.1570183702308055,0.08519801157783088,0,26,0,15,1.0,0.36585365853658536,0.5357142857142857,0.36585365853658536,1.0
MAG1C_SASdata_selected_50_highest_transmittance,1600,0.05241718341566333,2011.3127,0.13368313109419064,0.33260276716366444,1597.1185,0.47122324425717255,0.02076925105858666,1517.5973,0.05776268731858279,87827581,130013,130821,83645,0.3900152005446085,0.3914901384455532,0.3907512776672179,0.24281596265664962,0,26,0,26,1.0,0.5,0.6666666666666666,0.5,1.0,17095514,19215,97505,76406,0.4393396622410313,0.7990504177952542,0.5669530890580711,0.3956277249049843,0,26,0,11,1.0,0.2972972972972973,0.4583333333333333,0.2972972972972973,1.0,28662313,32044,33316,7239,0.17849833559363826,0.18427818649288497,0.18134221799143266,0.09971211724679403,0,26,0,15,1.0,0.36585365853658536,0.5357142857142857,0.36585365853658536,1.0
MAG1C_SAS_TILINGdata_selected_50_highest_transmittance,1700,0.033643485710274645,1591.2529,0.08681842185292245,0.2274601620060932,1295.7588,0.38279375771673846,0.016041404369335373,1238.5315,0.04484117796411425,87838053,119541,152978,61488,0.2867027873882107,0.3396582867938286,0.3109419840958798,0.18409195016870905,0,26,0,26,1.0,0.5,0.6666666666666666,0.5,1.0,17103139,11590,118354,55557,0.3194565036139175,0.8273936289037485,0.4609430095661625,0.2994970377518181,0,26,0,11,1.0,0.2972972972972973,0.4583333333333333,0.2972972972972973,1.0,28661777,32580,34624,5931,0.14624583898409568,0.1540079457817247,0.15002656008903953,0.08109660217406167,0,26,0,15,1.0,0.36585365853658536,0.5357142857142857,0.36585365853658536,1.0
MAG1C_SASdata_selected_50_highest_transmittance,1700,0.05241718341566333,2011.3127,0.13368313109419064,0.33260276716366444,1597.1185,0.47122324425717255,0.02076925105858666,1517.5973,0.05776268731858279,87847907,109687,135963,78503,0.36603937220818217,0.41714756363249905,0.38992589207661127,0.24217884764293404,0,26,0,26,1.0,0.5,0.6666666666666666,0.5,1.0,17099750,14979,101908,72003,0.4140221147598484,0.8277919569566117,0.5519734143882741,0.38119011064640795,0,26,0,11,1.0,0.2972972972972973,0.4583333333333333,0.2972972972972973,1.0,28667062,27295,34055,6500,0.16027616816668722,0.19233614440005917,0.17484868863483521,0.09579955784819455,0,26,0,15,1.0,0.36585365853658536,0.5357142857142857,0.36585365853658536,1.0
MAG1C_SASdata_selected_50_highest_transmittance,1800,0.05241718341566333,2011.3127,0.13368313109419064,0.33260276716366444,1597.1185,0.47122324425717255,0.02076925105858666,1517.5973,0.05776268731858279,87863920,93674,140696,73770,0.34397060606343194,0.4405652038890614,0.38632138461941296,0.2394041669371065,0,26,0,26,1.0,0.5,0.6666666666666666,0.5,1.0,17102908,11821,105933,67978,0.3908780928175906,0.8518653115953834,0.5358716644988373,0.3660004738009605,0,26,0,11,1.0,0.2972972972972973,0.4583333333333333,0.2972972972972973,1.0,28670681,23676,34763,5792,0.14281839477253114,0.19655219220849734,0.16543135826799765,0.09017452631906711,0,26,0,15,1.0,0.36585365853658536,0.5357142857142857,0.36585365853658536,1.0
MAG1C_SAS_TILINGdata_selected_50_highest_transmittance,1800,0.033643485710274645,1591.2529,0.08681842185292245,0.2274601620060932,1295.7588,0.38279375771673846,0.016041404369335373,1238.5315,0.04484117796411425,87853298,104296,157339,57127,0.2663685619165742,0.3538962849160281,0.3039567531904366,0.17921521385861552,0,26,0,26,1.0,0.5,0.6666666666666666,0.5,1.0,17104758,9971,122096,51815,0.2979397507920718,0.8386203994432395,0.43967466705134134,0.2817839701547732,0,26,0,11,1.0,0.2972972972972973,0.4583333333333333,0.2972972972972973,1.0,28666158,28199,35243,5312,0.13098261620022192,0.1585151144400346,0.1434396349202063,0.07726095936236436,0,26,0,15,1.0,0.36585365853658536,0.5357142857142857,0.36585365853658536,1.0
MAG1C_SASdata_selected_50_highest_transmittance,1900,0.05241718341566333,2011.3127,0.13368313109419064,0.33260276716366444,1597.1185,0.47122324425717255,0.02076925105858666,1517.5973,0.05776268731858279,87877048,80546,145205,69261,0.3229462945175459,0.46233487086718245,0.38026974274788417,0.23477350073895298,1,25,0,26,1.0,0.5098039215686274,0.6753246753246753,0.5098039215686274,0.9615384615384616,17105415,9314,109923,63988,0.3679353232400481,0.8729366183733049,0.5176750413610935,0.34923181880201937,1,25,0,11,1.0,0.3055555555555556,0.46808510638297873,0.3055555555555556,0.9615384615384616,28673574,20783,35282,5273,0.1300209591912218,0.20237181455326989,0.1583221990361952,0.08596628517395416,1,25,0,15,1.0,0.375,0.5454545454545454,0.375,0.9615384615384616
MAG1C_SAS_TILINGdata_selected_50_highest_transmittance,1900,0.033643485710274645,1591.2529,0.08681842185292245,0.2274601620060932,1295.7588,0.38279375771673846,0.016041404369335373,1238.5315,0.04484117796411425,87866510,91084,161225,53241,0.24824913972377907,0.3688965875627923,0.2967800195657082,0.17424644084437899,0,26,0,26,1.0,0.5,0.6666666666666666,0.5,1.0,17106190,8539,125377,48534,0.2790737791169046,0.8503845951675923,0.42023689952550825,0.26601260619347766,0,26,0,11,1.0,0.2972972972972973,0.4583333333333333,0.2972972972972973,1.0,28669979,24378,35848,4707,0.11606460362470719,0.16183599793708098,0.1351809304997128,0.07249010518534489,0,26,0,15,1.0,0.36585365853658536,0.5357142857142857,0.36585365853658536,1.0
MAG1C_SAS_TILINGdata_selected_50_highest_transmittance,2000,0.033643485710274645,1591.2529,0.08681842185292245,0.2274601620060932,1295.7588,0.38279375771673846,0.016041404369335373,1238.5315,0.04484117796411425,87877599,79995,164772,49694,0.23171038766051497,0.38317821866156726,0.2887884819340123,0.168762586556454,0,26,0,26,1.0,0.5,0.6666666666666666,0.5,1.0,17107349,7380,128359,45552,0.2619270776431623,0.8605758331444117,0.4016169773808317,0.25126454153819,0,26,0,11,1.0,0.2972972972972973,0.4583333333333333,0.2972972972972973,1.0,28673252,21105,36413,4142,0.10213290593021822,0.16405909613023328,0.125892830005167,0.06717482971132015,0,26,0,15,1.0,0.36585365853658536,0.5357142857142857,0.36585365853658536,1.0
MAG1C_SASdata_selected_50_highest_transmittance,2000,0.05241718341566333,2011.3127,0.13368313109419064,0.33260276716366444,1597.1185,0.47122324425717255,0.02076925105858666,1517.5973,0.05776268731858279,87887774,69820,149338,65128,0.30367517461975324,0.4826155259803776,0.37278414717212244,0.22909323709222404,1,25,0,26,1.0,0.5098039215686274,0.6753246753246753,0.5098039215686274,0.9615384615384616,17107206,7523,113613,60298,0.3467175739314937,0.8890756550331018,0.49888306057948484,0.33234123703385254,1,25,0,11,1.0,0.3055555555555556,0.46808510638297873,0.3055555555555556,0.9615384615384616,28676432,17925,35725,4830,0.11909752188386143,0.2122610415293342,0.15258253040593903,0.08259233926128591,1,25,0,15,1.0,0.375,0.5454545454545454,0.375,0.9615384615384616
MAG1C_SAS_TILINGdata_selected_50_highest_transmittance,2100,0.033643485710274645,1591.2529,0.08681842185292245,0.2274601620060932,1295.7588,0.38279375771673846,0.016041404369335373,1238.5315,0.04484117796411425,87886588,71006,168001,46465,0.21665438810813836,0.3955444322428514,0.27996276401847336,0.1627655251653402,0,26,0,26,1.0,0.5,0.6666666666666666,0.5,1.0,17108259,6470,131195,42716,0.2456198860336609,0.8684585044524865,0.38293657019144145,0.2368098635665619,0,26,0,11,1.0,0.2972972972972973,0.4583333333333333,0.2972972972972973,1.0,28675770,18587,36806,3749,0.09244236222414005,0.16784563037249284,0.11922214625304098,0.06338980758175239,0,26,0,15,1.0,0.36585365853658536,0.5357142857142857,0.36585365853658536,1.0
MAG1C_SASdata_selected_50_highest_transmittance,2100,0.05241718341566333,2011.3127,0.13368313109419064,0.33260276716366444,1597.1185,0.47122324425717255,0.02076925105858666,1517.5973,0.05776268731858279,87896874,60720,153301,61165,0.28519672115859857,0.5018254912417442,0.3636974470121986,0.2222678479283103,1,25,0,26,1.0,0.5098039215686274,0.6753246753246753,0.5098039215686274,0.9615384615384616,17108703,6026,117098,56813,0.3266785884734146,0.9041041391492545,0.47994086589229146,0.31573828617794003,1,25,0,11,1.0,0.3055555555555556,0.46808510638297873,0.3055555555555556,0.9615384615384616,28678590,15767,36203,4352,0.10731105905560351,0.2163129380187882,0.14345518673566932,0.07726998331025177,1,25,0,15,1.0,0.375,0.5454545454545454,0.375,0.9615384615384616
MAG1C_SASdata_selected_50_highest_transmittance,2200,0.05241718341566333,2011.3127,0.13368313109419064,0.33260276716366444,1597.1185,0.47122324425717255,0.02076925105858666,1517.5973,0.05776268731858279,87904435,53159,157193,57273,0.26704932250333385,0.5186268472906403,0.3525598803316733,0.21400467071461934,1,25,0,26,1.0,0.5098039215686274,0.6753246753246753,0.5098039215686274,0.9615384615384616,17109739,4990,120561,53350,0.3067661045017279,0.9144669180665067,0.4594167517039755,0.29820962431735987,1,25,0,11,1.0,0.3055555555555556,0.46808510638297873,0.3055555555555556,0.9615384615384616,28680382,13975,36632,3923,0.09673283195660215,0.2191865012850598,0.1342274990163037,0.07194205024757014,1,25,0,15,1.0,0.375,0.5454545454545454,0.375,0.9615384615384616
MAG1C_SAS_TILINGdata_selected_50_highest_transmittance,2200,0.033643485710274645,1591.2529,0.08681842185292245,0.2274601620060932,1295.7588,0.38279375771673846,0.016041404369335373,1238.5315,0.04484117796411425,87894159,63435,170882,43584,0.20322102337899714,0.40725478653323244,0.27114173289578053,0.15683282895707465,0,26,0,26,1.0,0.5,0.6666666666666666,0.5,1.0,17109052,5677,133741,40170,0.2309802140175147,0.8761751041507623,0.3655839605384104,0.22367864222553846,0,26,0,11,1.0,0.2972972972972973,0.4583333333333333,0.2972972972972973,1.0,28678098,16259,37141,3414,0.08418197509554926,0.17353733543435165,0.1133691970512054,0.060090822684549586,0,26,0,15,1.0,0.36585365853658536,0.5357142857142857,0.36585365853658536,1.0
MAG1C_SASdata_selected_50_highest_transmittance,2300,0.05241718341566333,2011.3127,0.13368313109419064,0.33260276716366444,1597.1185,0.47122324425717255,0.02076925105858666,1517.5973,0.05776268731858279,87910902,46692,160800,53666,0.250230805815374,0.5347456107136451,0.3409269941300536,0.20549246050283737,2,24,0,26,1.0,0.52,0.6842105263157895,0.52,0.9230769230769231,17110504,4225,123789,50122,0.28820488640741526,0.9222588183340387,0.43916971146684886,0.2813692908788791,2,24,0,11,1.0,0.3142857142857143,0.4782608695652174,0.3142857142857143,0.9230769230769231,28682081,12276,37011,3544,0.087387498458883,0.22402022756005058,0.12572949002217296,0.06708182695765744,2,24,0,15,1.0,0.38461538461538464,0.5555555555555556,0.38461538461538464,0.9230769230769231
MAG1C_SAS_TILINGdata_selected_50_highest_transmittance,2300,0.033643485710274645,1591.2529,0.08681842185292245,0.2274601620060932,1295.7588,0.38279375771673846,0.016041404369335373,1238.5315,0.04484117796411425,87900816,56778,173544,40922,0.19080879952999544,0.41885363357215966,0.2621810190731854,0.15086785329813748,0,26,0,26,1.0,0.5,0.6666666666666666,0.5,1.0,17109630,5099,136067,37844,0.21760555686529318,0.8812612067158792,0.3490274562608944,0.21140718395620356,0,26,0,11,1.0,0.2972972972972973,0.4583333333333333,0.2972972972972973,1.0,28679988,14369,37477,3078,0.07589693009493281,0.17642001490227546,0.1061342712320265,0.056041074939916974,0,26,0,15,1.0,0.36585365853658536,0.5357142857142857,0.36585365853658536,1.0
MAG1C_SAS_TILINGdata_selected_50_highest_transmittance,2400,0.033643485710274645,1591.2529,0.08681842185292245,0.2274601620060932,1295.7588,0.38279375771673846,0.016041404369335373,1238.5315,0.04484117796411425,87906320,51274,176052,38414,0.17911463821771284,0.4283070198911783,0.252595724534282,0.1445548280273952,1,25,0,26,1.0,0.5098039215686274,0.6753246753246753,0.5098039215686274,0.9615384615384616,17110110,4619,138306,35605,0.20473115559107818,0.8851680588703261,0.33254722488149996,0.19943426875035009,1,25,0,11,1.0,0.3055555555555556,0.46808510638297873,0.3055555555555556,0.9615384615384616,28681473,12884,37746,2809,0.06926396252003453,0.17899700503409163,0.09987910681268668,0.05256460637362226,1,25,0,15,1.0,0.375,0.5454545454545454,0.375,0.9615384615384616
MAG1C_SASdata_selected_50_highest_transmittance,2400,0.05241718341566333,2011.3127,0.13368313109419064,0.33260276716366444,1597.1185,0.47122324425717255,0.02076925105858666,1517.5973,0.05776268731858279,87916219,41375,164130,50336,0.23470386914475955,0.5488545539793481,0.3288032739232535,0.1967471984552906,2,24,0,26,1.0,0.52,0.6842105263157895,0.52,0.9230769230769231,17111094,3635,126788,47123,0.270960433785097,0.9283856731943733,0.4194882248997414,0.2654129070776024,2,24,0,11,1.0,0.3142857142857143,0.4782608695652174,0.3142857142857143,0.9230769230769231,28683518,10839,37342,3213,0.07922574281839477,0.22865072587532023,0.11767722086911933,0.06251702533369655,2,24,0,15,1.0,0.38461538461538464,0.5555555555555556,0.38461538461538464,0.9230769230769231
MAG1C_SAS_TILINGdata_selected_50_highest_transmittance,2500,0.033643485710274645,1591.2529,0.08681842185292245,0.2274601620060932,1295.7588,0.38279375771673846,0.016041404369335373,1238.5315,0.04484117796411425,87910915,46679,178344,36122,0.16842762955433496,0.4362507699182377,0.24302731214699244,0.1383216220873461,1,25,0,26,1.0,0.5098039215686274,0.6753246753246753,0.5098039215686274,0.9615384615384616,17110466,4263,140279,33632,0.1933862722886994,0.8875049478823064,0.31757362869795946,0.18875930270409824,1,25,0,11,1.0,0.3055555555555556,0.46808510638297873,0.3055555555555556,0.9615384615384616,28682717,11640,38065,2490,0.061398101343854025,0.1762208067940552,0.09106702020663802,0.047705718938595654,1,25,0,15,1.0,0.375,0.5454545454545454,0.375,0.9615384615384616
MAG1C_SASdata_selected_50_highest_transmittance,2500,0.05241718341566333,2011.3127,0.13368313109419064,0.33260276716366444,1597.1185,0.47122324425717255,0.02076925105858666,1517.5973,0.05776268731858279,87921227,36367,167285,47181,0.2199929126295077,0.5647172882654282,0.3166361311884676,0.18809725992991352,2,24,0,26,1.0,0.52,0.6842105263157895,0.52,0.9230769230769231,17111556,3173,129607,44304,0.25475099332417156,0.9331676390673379,0.400238495311399,0.2501863522396151,2,24,0,11,1.0,0.3142857142857143,0.4782608695652174,0.3142857142857143,0.9230769230769231,28684909,9448,37678,2877,0.07094069781777833,0.23342799188640972,0.1088124054462935,0.05753654780713157,2,24,0,15,1.0,0.38461538461538464,0.5555555555555556,0.38461538461538464,0.9230769230769231
MAG1C_SAS_TILINGdata_selected_50_highest_transmittance,2600,0.033643485710274645,1591.2529,0.08681842185292245,0.2274601620060932,1295.7588,0.38279375771673846,0.016041404369335373,1238.5315,0.04484117796411425,87915393,42201,180213,34253,0.15971296149506214,0.4480210322546891,0.235480544479582,0.13345307343756696,1,25,0,26,1.0,0.5098039215686274,0.6753246753246753,0.5098039215686274,0.9615384615384616,17110877,3852,141903,32008,0.18404816256591014,0.8925822643614054,0.30517087681328686,0.18005996748479716,1,25,0,11,1.0,0.3055555555555556,0.46808510638297873,0.3055555555555556,0.9615384615384616,28683908,10449,38310,2245,0.0553569226975712,0.1768552071844966,0.08432083231609983,0.04401615559563956,1,25,0,15,1.0,0.375,0.5454545454545454,0.375,0.9615384615384616
MAG1C_SASdata_selected_50_highest_transmittance,2600,0.05241718341566333,2011.3127,0.13368313109419064,0.33260276716366444,1597.1185,0.47122324425717255,0.02076925105858666,1517.5973,0.05776268731858279,87925212,32382,170221,44245,0.2063030969943954,0.5774074412413379,0.303992194934265,0.1792398561057817,2,24,1,25,0.9615384615384616,0.5102040816326531,0.6666666666666667,0.5,0.9230769230769231,17111965,2764,132234,41677,0.23964556583539856,0.9378051799014424,0.3817414083681395,0.23589641998018962,2,24,1,10,0.9090909090909091,0.29411764705882354,0.4444444444444445,0.2857142857142857,0.9230769230769231,28685943,8414,37987,2568,0.06332141536185427,0.23383718812602441,0.09965655742476279,0.05244134043987012,2,24,0,15,1.0,0.38461538461538464,0.5555555555555556,0.38461538461538464,0.9230769230769231
MAG1C_SASdata_selected_50_highest_transmittance,2700,0.05241718341566333,2011.3127,0.13368313109419064,0.33260276716366444,1597.1185,0.47122324425717255,0.02076925105858666,1517.5973,0.05776268731858279,87928682,28912,172752,41714,0.1945016925759794,0.590632345028743,0.29263535981367417,0.1713959355405994,2,24,1,25,0.9615384615384616,0.5102040816326531,0.6666666666666667,0.5,0.9230769230769231,17112284,2445,134569,39342,0.2262191580751074,0.9414889798262618,0.3647878051720461,0.22308285513393364,2,24,1,10,0.9090909090909091,0.29411764705882354,0.4444444444444445,0.2857142857142857,0.9230769230769231,28686912,7445,38183,2372,0.058488472444828014,0.24162167668330448,0.09417930596363058,0.049416666666666664,2,24,0,15,1.0,0.38461538461538464,0.5555555555555556,0.38461538461538464,0.9230769230769231
MAG1C_SAS_TILINGdata_selected_50_highest_transmittance,2700,0.033643485710274645,1591.2529,0.08681842185292245,0.2274601620060932,1295.7588,0.38279375771673846,0.016041404369335373,1238.5315,0.04484117796411425,87918828,38766,182040,32426,0.15119412867307638,0.4554725250028093,0.22702672426468018,0.1280485878561951,2,24,0,26,1.0,0.52,0.6842105263157895,0.52,0.9230769230769231,17111108,3621,143559,30352,0.1745260506810955,0.8934153592558797,0.2920090050220315,0.1709663609940743,2,24,0,11,1.0,0.3142857142857143,0.4782608695652174,0.3142857142857143,0.9230769230769231,28684784,9573,38481,2074,0.051140426581186046,0.17807160642225467,0.07946055706677904,0.04137408234918608,2,24,0,15,1.0,0.38461538461538464,0.5555555555555556,0.38461538461538464,0.9230769230769231
MAG1C_SASdata_selected_50_highest_transmittance,2800,0.05241718341566333,2011.3127,0.13368313109419064,0.33260276716366444,1597.1185,0.47122324425717255,0.02076925105858666,1517.5973,0.05776268731858279,87931675,25919,175171,39295,0.18322251545699553,0.6025546661759745,0.2809997139588101,0.16346693845289847,2,24,1,25,0.9615384615384616,0.5102040816326531,0.6666666666666667,0.5,0.9230769230769231,17112526,2203,136819,37092,0.2132815060576962,0.9439368876447385,0.3479451797791807,0.2106135798403307,2,24,1,10,0.9090909090909091,0.29411764705882354,0.4444444444444445,0.2857142857142857,0.9230769230769231,28687696,6661,38352,2203,0.05432129207249414,0.24853339350180506,0.08915599263441187,0.04665791257200949,2,24,0,15,1.0,0.38461538461538464,0.5555555555555556,0.38461538461538464,0.9230769230769231
MAG1C_SAS_TILINGdata_selected_50_highest_transmittance,2800,0.033643485710274645,1591.2529,0.08681842185292245,0.2274601620060932,1295.7588,0.38279375771673846,0.016041404369335373,1238.5315,0.04484117796411425,87921822,35772,183816,30650,0.142913095782082,0.4614434976363253,0.21823645011534845,0.12248339580719156,2,24,0,26,1.0,0.52,0.6842105263157895,0.52,0.9230769230769231,17111361,3368,145219,28692,0.1649809385260277,0.894946974422957,0.2786023275121255,0.1618465808132943,2,24,0,11,1.0,0.3142857142857143,0.4782608695652174,0.3142857142857143,0.9230769230769231,28685542,8815,38597,1958,0.048280113426211316,0.18175067297874314,0.0762936408977556,0.0396597123759368,2,24,0,15,1.0,0.38461538461538464,0.5555555555555556,0.38461538461538464,0.9230769230769231
MAG1C_SAS_TILINGdata_selected_50_highest_transmittance,2900,0.033643485710274645,1591.2529,0.08681842185292245,0.2274601620060932,1295.7588,0.38279375771673846,0.016041404369335373,1238.5315,0.04484117796411425,87924635,32959,185393,29073,0.13555994889632855,0.46867745679649214,0.21029446867608445,0.11750227341618673,2,24,0,26,1.0,0.52,0.6842105263157895,0.52,0.9230769230769231,17111628,3101,146610,27301,0.1569825945454859,0.8980001315702915,0.2672468222775839,0.15423248141368948,2,24,0,11,1.0,0.3142857142857143,0.4782608695652174,0.3142857142857143,0.9230769230769231,28686304,8053,38783,1772,0.0436937492294415,0.1803562340966921,0.07034537514886859,0.03645490454246215,2,24,0,15,1.0,0.38461538461538464,0.5555555555555556,0.38461538461538464,0.9230769230769231
MAG1C_SASdata_selected_50_highest_transmittance,2900,0.05241718341566333,2011.3127,0.13368313109419064,0.33260276716366444,1597.1185,0.47122324425717255,0.02076925105858666,1517.5973,0.05776268731858279,87934329,23265,177410,37056,0.17278263221209889,0.6143134231859552,0.2697070822127684,0.15587365551821175,2,24,1,25,0.9615384615384616,0.5102040816326531,0.6666666666666667,0.5,0.9230769230769231,17112740,1989,138905,35006,0.20128686512066518,0.9462359778348426,0.33195831318217595,0.19901080159181353,2,24,1,10,0.9090909090909091,0.29411764705882354,0.4444444444444445,0.2857142857142857,0.9230769230769231,28688405,5952,38505,2050,0.05054863765257058,0.2561859535116221,0.08443684741643842,0.04407938589889694,2,24,0,15,1.0,0.38461538461538464,0.5555555555555556,0.38461538461538464,0.9230769230769231
MAG1C_SASdata_selected_50_evenly_spaced,0,0.025045354756364477,1390.7926,0.06555857626834583,0.3180359663902646,1600.6254,0.4563113485055013,0.01985974477141995,1477.2057,0.053640570792959176,84969656,2987938,32526,181940,0.8483395969524307,0.05739653071821692,0.10751862103852328,0.056813568806434164,0,26,0,26,1.0,0.5,0.6666666666666666,0.5,1.0,16740728,374001,21417,152494,0.8768508029969352,0.28963997758763144,0.43544458499784416,0.27831841609601543,0,26,0,11,1.0,0.2972972972972973,0.4583333333333333,0.2972972972972973,1.0,28258798,435559,11109,29446,0.7260756996671187,0.06332405027902925,0.11648864625365929,0.06184653255312803,0,26,0,15,1.0,0.36585365853658536,0.5357142857142857,0.36585365853658536,1.0
MAG1C_SAS_TILINGdata_selected_50_evenly_spaced,0,0.03341852905104688,1608.5431,0.0826793318493003,0.2224379319311397,1294.4633,0.36472728244170244,0.015282351800588562,1207.4557,0.04125466207068266,86032794,1924800,31151,183315,0.8547508696017084,0.08695683110266755,0.15785455921666458,0.08569060603029263,0,26,0,26,1.0,0.5,0.6666666666666666,0.5,1.0,16748590,366139,21096,152815,0.8786965746847526,0.2944673323647183,0.4411104616339403,0.2829645403203407,0,26,0,11,1.0,0.2972972972972973,0.4583333333333333,0.2972972972972973,1.0,28189772,504585,10055,30500,0.7520650967821477,0.05700028967360326,0.1059690084080328,0.05594893054995047,0,26,0,15,1.0,0.36585365853658536,0.5357142857142857,0.36585365853658536,1.0
MAG1C_SASdata_selected_50_evenly_spaced,100,0.025045354756364477,1390.7926,0.06555857626834583,0.3180359663902646,1600.6254,0.4563113485055013,0.01985974477141995,1477.2057,0.053640570792959176,85070491,2887103,34207,180259,0.8405015247172046,0.05876678396615724,0.10985280154840535,0.058118648980564354,0,26,0,26,1.0,0.5,0.6666666666666666,0.5,1.0,16764350,350379,22651,151260,0.8697552196238306,0.3015315794824565,0.44781289319813483,0.28850445364206834,0,26,0,11,1.0,0.2972972972972973,0.4583333333333333,0.2972972972972973,1.0,28288649,405708,11556,28999,0.7150536308716557,0.06670930074739997,0.1220337413889602,0.06498186047241201,0,26,0,15,1.0,0.36585365853658536,0.5357142857142857,0.36585365853658536,1.0
MAG1C_SAS_TILINGdata_selected_50_evenly_spaced,100,0.03341852905104688,1608.5431,0.0826793318493003,0.2224379319311397,1294.4633,0.36472728244170244,0.015282351800588562,1207.4557,0.04125466207068266,86167101,1790493,33103,181363,0.8456491938116065,0.09197578322149284,0.1659069432590442,0.09045721134447138,0,26,0,26,1.0,0.5,0.6666666666666666,0.5,1.0,16781516,333213,22473,151438,0.8707787316500969,0.3124681471821992,0.45990506588597585,0.2986212445082465,0,26,0,11,1.0,0.2972972972972973,0.4583333333333333,0.2972972972972973,1.0,28227056,467301,10630,29925,0.7378868203674023,0.06018390027874648,0.11129065548987412,0.05892418323304244,0,26,0,15,1.0,0.36585365853658536,0.5357142857142857,0.36585365853658536,1.0
MAG1C_SAS_TILINGdata_selected_50_evenly_spaced,200,0.03341852905104688,1608.5431,0.0826793318493003,0.2224379319311397,1294.4633,0.36472728244170244,0.015282351800588562,1207.4557,0.04125466207068266,86352697,1604897,36401,178065,0.8302714649408298,0.09987032813935462,0.17829428645237774,0.09787216734648335,0,26,0,26,1.0,0.5,0.6666666666666666,0.5,1.0,16826909,287820,25012,148899,0.8561793101068937,0.34094921448345505,0.48768976303162315,0.3224799721049702,0,26,0,11,1.0,0.2972972972972973,0.4583333333333333,0.2972972972972973,1.0,28277538,416819,11389,29166,0.7191714954999383,0.06539681827864166,0.11989147860402025,0.06376838211179472,0,26,0,15,1.0,0.36585365853658536,0.5357142857142857,0.36585365853658536,1.0
MAG1C_SASdata_selected_50_evenly_spaced,200,0.025045354756364477,1390.7926,0.06555857626834583,0.3180359663902646,1600.6254,0.4563113485055013,0.01985974477141995,1477.2057,0.053640570792959176,85203814,2753780,36887,177579,0.8280053714807941,0.060579069298574484,0.11289820635286452,0.05982624081696733,0,26,0,26,1.0,0.5,0.6666666666666666,0.5,1.0,16795417,319312,24659,149252,0.8582090839567365,0.3185306596324088,0.4646157438032608,0.30260551515237527,0,26,0,11,1.0,0.2972972972972973,0.4583333333333333,0.2972972972972973,1.0,28325945,368412,12228,28327,0.6984835408704229,0.07139958511767182,0.12955585944467565,0.0692647573031565,0,26,0,15,1.0,0.36585365853658536,0.5357142857142857,0.36585365853658536,1.0
MAG1C_SAS_TILINGdata_selected_50_evenly_spaced,300,0.03341852905104688,1608.5431,0.0826793318493003,0.2224379319311397,1294.4633,0.36472728244170244,0.015282351800588562,1207.4557,0.04125466207068266,86571999,1385595,41599,172867,0.8060345229546875,0.11092153674584301,0.19500735506461625,0.10803775606055019,0,26,0,26,1.0,0.5,0.6666666666666666,0.5,1.0,16877347,237382,29132,144779,0.832489031746123,0.37884294839086147,0.5207203383734481,0.35200939476237136,0,26,0,11,1.0,0.2972972972972973,0.4583333333333333,0.2972972972972973,1.0,28335357,359000,12467,28088,0.692590309456294,0.07256231141239201,0.131361907011222,0.07029820675501496,0,26,0,15,1.0,0.36585365853658536,0.5357142857142857,0.36585365853658536,1.0
MAG1C_SASdata_selected_50_evenly_spaced,300,0.025045354756364477,1390.7926,0.06555857626834583,0.3180359663902646,1600.6254,0.4563113485055013,0.01985974477141995,1477.2057,0.053640570792959176,85366157,2591437,40855,173611,0.8095036043009148,0.06278769844140138,0.11653645527424941,0.06187348600432731,0,26,0,26,1.0,0.5,0.6666666666666666,0.5,1.0,16831731,282998,27742,146169,0.8404816256591015,0.34058769663091526,0.4847432670400843,0.31990834061049356,0,26,0,11,1.0,0.2972972972972973,0.4583333333333333,0.2972972972972973,1.0,28370250,324107,13113,27442,0.6766613241277277,0.07806024195773562,0.1399730683696162,0.07525324821341406,0,26,0,15,1.0,0.36585365853658536,0.5357142857142857,0.36585365853658536,1.0
MAG1C_SASdata_selected_50_evenly_spaced,400,0.025045354756364477,1390.7926,0.06555857626834583,0.3180359663902646,1600.6254,0.4563113485055013,0.01985974477141995,1477.2057,0.053640570792959176,85543524,2414070,46237,168229,0.7844087174657055,0.06514698723889062,0.12030256385502537,0.06400102566599811,0,26,0,26,1.0,0.5,0.6666666666666666,0.5,1.0,16871109,243620,31866,142045,0.8167683470280775,0.36831187688797273,0.5076879637439775,0.3402022843812795,0,26,0,11,1.0,0.2972972972972973,0.4583333333333333,0.2972972972972973,1.0,28416501,277856,14371,26184,0.6456417211194674,0.08612024733587686,0.15196970356505463,0.08223333992858287,0,26,0,15,1.0,0.36585365853658536,0.5357142857142857,0.36585365853658536,1.0
MAG1C_SAS_TILINGdata_selected_50_evenly_spaced,400,0.03341852905104688,1608.5431,0.0826793318493003,0.2224379319311397,1294.4633,0.36472728244170244,0.015282351800588562,1207.4557,0.04125466207068266,86791934,1165660,48740,165726,0.7727378698721475,0.12447629763269255,0.21441379899240032,0.12008034049065085,0,26,0,26,1.0,0.5,0.6666666666666666,0.5,1.0,16925127,189602,34689,139222,0.800535906296899,0.42339366956183244,0.5538583945816384,0.38299042950320894,0,26,0,11,1.0,0.2972972972972973,0.4583333333333333,0.2972972972972973,1.0,28391900,302457,14051,26504,0.6535322401676735,0.08056882122804832,0.143452516264519,0.07726843375741957,0,26,0,15,1.0,0.36585365853658536,0.5357142857142857,0.36585365853658536,1.0
MAG1C_SASdata_selected_50_evenly_spaced,500,0.025045354756364477,1390.7926,0.06555857626834583,0.3180359663902646,1600.6254,0.4563113485055013,0.01985974477141995,1477.2057,0.053640570792959176,85717846,2239748,52908,161558,0.7533035539432824,0.06727922222324019,0.12352605655232948,0.0658288152540895,0,26,0,26,1.0,0.5,0.6666666666666666,0.5,1.0,16908737,205992,36881,137030,0.7879317581981589,0.3994787506340701,0.5301654179555184,0.3606973358989005,0,26,0,11,1.0,0.2972972972972973,0.4583333333333333,0.2972972972972973,1.0,28460800,233557,16027,24528,0.6048082850450006,0.0950384563225294,0.1642646664880793,0.0894816717254261,0,26,0,15,1.0,0.36585365853658536,0.5357142857142857,0.36585365853658536,1.0
MAG1C_SAS_TILINGdata_selected_50_evenly_spaced,500,0.03341852905104688,1608.5431,0.0826793318493003,0.2224379319311397,1294.4633,0.36472728244170244,0.015282351800588562,1207.4557,0.04125466207068266,86987777,969817,57419,157047,0.7322699169099065,0.13936641866276675,0.2341660888819306,0.13260935097438703,0,26,0,26,1.0,0.5,0.6666666666666666,0.5,1.0,16964695,150034,41381,132530,0.7620564541633364,0.46902648603502217,0.5806670682950874,0.4091126580129343,0,26,0,11,1.0,0.2972972972972973,0.4583333333333333,0.2972972972972973,1.0,28442538,251819,16038,24517,0.6045370484527185,0.08872170111748016,0.15473459328286382,0.08385492554057475,0,26,0,15,1.0,0.36585365853658536,0.5357142857142857,0.36585365853658536,1.0
MAG1C_SASdata_selected_50_evenly_spaced,600,0.025045354756364477,1390.7926,0.06555857626834583,0.3180359663902646,1600.6254,0.4563113485055013,0.01985974477141995,1477.2057,0.053640570792959176,85878686,2078908,60628,153838,0.7173071722324285,0.06890080645089051,0.125725110860849,0.06707933376762795,0,26,0,26,1.0,0.5,0.6666666666666666,0.5,1.0,16943907,170822,42719,131192,0.7543628637636492,0.4343904587204567,0.5513137574197616,0.38056118793385024,0,26,0,11,1.0,0.2972972972972973,0.4583333333333333,0.2972972972972973,1.0,28501326,193031,17909,22646,0.5584021698927383,0.10499960589214427,0.17676168472321957,0.0969493034685298,0,26,0,15,1.0,0.36585365853658536,0.5357142857142857,0.36585365853658536,1.0
MAG1C_SAS_TILINGdata_selected_50_evenly_spaced,600,0.03341852905104688,1608.5431,0.0826793318493003,0.2224379319311397,1294.4633,0.36472728244170244,0.015282351800588562,1207.4557,0.04125466207068266,87151712,805882,66467,147999,0.6900814115057865,0.15515457378855435,0.25334767838664374,0.14504757200484542,0,26,0,26,1.0,0.5,0.6666666666666666,0.5,1.0,16996936,117793,48425,125486,0.7215529782474944,0.5158110646623835,0.6015772190129198,0.4301826509063983,0,26,0,11,1.0,0.2972972972972973,0.4583333333333333,0.2972972972972973,1.0,28484100,210257,18042,22513,0.5551226729133276,0.09671779009322508,0.1647342906795939,0.08976045803231106,0,26,0,15,1.0,0.36585365853658536,0.5357142857142857,0.36585365853658536,1.0
MAG1C_SAS_TILINGdata_selected_50_evenly_spaced,700,0.03341852905104688,1608.5431,0.0826793318493003,0.2224379319311397,1294.4633,0.36472728244170244,0.015282351800588562,1207.4557,0.04125466207068266,87286141,671453,76474,137992,0.6434213348502793,0.17047730234914046,0.26953905173398857,0.15576141836894794,0,26,0,26,1.0,0.5,0.6666666666666666,0.5,1.0,17022218,92511,56166,117745,0.6770417052400366,0.5600078000152195,0.6129886221356857,0.4419492384262561,0,26,0,11,1.0,0.2972972972972973,0.4583333333333333,0.2972972972972973,1.0,28517522,176835,20308,20247,0.49924793490321784,0.10273388741742016,0.170402757146404,0.09313675882055292,0,26,0,15,1.0,0.36585365853658536,0.5357142857142857,0.36585365853658536,1.0
MAG1C_SASdata_selected_50_evenly_spaced,700,0.025045354756364477,1390.7926,0.06555857626834583,0.3180359663902646,1600.6254,0.4563113485055013,0.01985974477141995,1477.2057,0.053640570792959176,86020325,1937269,68574,145892,0.6802570104352205,0.07003395320860942,0.12699363299613037,0.06780202952501121,0,26,0,26,1.0,0.5,0.6666666666666666,0.5,1.0,16975037,139692,48740,125171,0.7197417069650568,0.47258771515840264,0.5705488474704518,0.3991384010994793,0,26,0,11,1.0,0.2972972972972973,0.4583333333333333,0.2972972972972973,1.0,28536717,157640,19834,20721,0.5109357662433732,0.11617450003083633,0.18930548703612343,0.1045485506697949,0,26,0,15,1.0,0.36585365853658536,0.5357142857142857,0.36585365853658536,1.0
MAG1C_SASdata_selected_50_evenly_spaced,800,0.025045354756364477,1390.7926,0.06555857626834583,0.3180359663902646,1600.6254,0.4563113485055013,0.01985974477141995,1477.2057,0.053640570792959176,86140417,1817177,76473,137993,0.6434259975940242,0.07057851746906918,0.12720382589521928,0.06792187406941082,0,26,0,26,1.0,0.5,0.6666666666666666,0.5,1.0,17001921,112808,54665,119246,0.6856725566525407,0.513871771225663,0.5874693631224367,0.41589849294954295,0,26,0,11,1.0,0.2972972972972973,0.4583333333333333,0.2972972972972973,1.0,28564716,129641,21808,18747,0.46226112686475157,0.1263377092487263,0.19844079960623046,0.11014947472326024,0,26,0,15,1.0,0.36585365853658536,0.5357142857142857,0.36585365853658536,1.0
MAG1C_SAS_TILINGdata_selected_50_evenly_spaced,800,0.03341852905104688,1608.5431,0.0826793318493003,0.2224379319311397,1294.4633,0.36472728244170244,0.015282351800588562,1207.4557,0.04125466207068266,87392820,564774,86102,128364,0.5985284380741003,0.1851925590575037,0.28286345146120995,0.16472973666649557,0,26,0,26,1.0,0.5,0.6666666666666666,0.5,1.0,17041908,72821,63547,110364,0.6346004565553646,0.602472909899828,0.6181194972780429,0.44730314673410826,0,26,0,11,1.0,0.2972972972972973,0.4583333333333333,0.2972972972972973,1.0,28545338,149019,22555,18000,0.4438416964615954,0.107772169633395,0.1734321254106969,0.09494972939327123,0,26,0,15,1.0,0.36585365853658536,0.5357142857142857,0.36585365853658536,1.0
MAG1C_SASdata_selected_50_evenly_spaced,900,0.025045354756364477,1390.7926,0.06555857626834583,0.3180359663902646,1600.6254,0.4563113485055013,0.01985974477141995,1477.2057,0.053640570792959176,86243707,1713887,84660,129806,0.6052521145542883,0.07040543083908221,0.12613797087591386,0.06731443879829056,0,26,0,26,1.0,0.5,0.6666666666666666,0.5,1.0,17025031,89698,60635,113276,0.6513446532996763,0.5580813306137732,0.6011170516205209,0.42971218736841305,0,26,0,11,1.0,0.2972972972972973,0.4583333333333333,0.2972972972972973,1.0,28588395,105962,24025,16530,0.4075946245838984,0.13494758841393723,0.20276362030580136,0.11281967280247343,0,26,0,15,1.0,0.36585365853658536,0.5357142857142857,0.36585365853658536,1.0
MAG1C_SAS_TILINGdata_selected_50_evenly_spaced,900,0.03341852905104688,1608.5431,0.0826793318493003,0.2224379319311397,1294.4633,0.36472728244170244,0.015282351800588562,1207.4557,0.04125466207068266,87479823,477771,95242,119224,0.5559109602454468,0.19970686521662662,0.2938502281686982,0.17223003104428108,0,26,0,26,1.0,0.5,0.6666666666666666,0.5,1.0,17056314,58415,70624,103287,0.5939072284099338,0.6387490569071502,0.6155125099444896,0.4445778776374577,0,26,0,11,1.0,0.2972972972972973,0.4583333333333333,0.2972972972972973,1.0,28567854,126503,24618,15937,0.3929725064726914,0.11188570626228588,0.1741796223940545,0.09539800548312562,0,26,0,15,1.0,0.36585365853658536,0.5357142857142857,0.36585365853658536,1.0
MAG1C_SASdata_selected_50_evenly_spaced,1000,0.025045354756364477,1390.7926,0.06555857626834583,0.3180359663902646,1600.6254,0.4563113485055013,0.01985974477141995,1477.2057,0.053640570792959176,86331299,1626295,92441,122025,0.5689713054749937,0.06979557518074495,0.12433856772974741,0.0662905178890687,0,26,0,26,1.0,0.5,0.6666666666666666,0.5,1.0,17043671,71058,66522,107389,0.6174940055545652,0.6017977326601176,0.609544837920524,0.4383779172058505,0,26,0,11,1.0,0.2972972972972973,0.4583333333333333,0.2972972972972973,1.0,28607252,87105,25919,14636,0.36089261496732833,0.14385547616005348,0.20571203688086806,0.11464828450571832,0,26,0,15,1.0,0.36585365853658536,0.5357142857142857,0.36585365853658536,1.0
MAG1C_SAS_TILINGdata_selected_50_evenly_spaced,1000,0.03341852905104688,1608.5431,0.0826793318493003,0.2224379319311397,1294.4633,0.36472728244170244,0.015282351800588562,1207.4557,0.04125466207068266,87550389,407205,104685,109781,0.5118806710620798,0.2123481100068474,0.30017280696477694,0.17659018998795184,0,26,0,26,1.0,0.5,0.6666666666666666,0.5,1.0,17067134,47595,78014,95897,0.5514142291171922,0.6683090346500153,0.6042601991789618,0.4329318393181223,0,26,0,11,1.0,0.2972972972972973,0.4583333333333333,0.2972972972972973,1.0,28585711,108646,26671,13884,0.3423498952040439,0.1133110258712152,0.17026703866082105,0.09305567657053238,0,26,0,15,1.0,0.36585365853658536,0.5357142857142857,0.36585365853658536,1.0
MAG1C_SAS_TILINGdata_selected_50_evenly_spaced,1100,0.03341852905104688,1608.5431,0.0826793318493003,0.2224379319311397,1294.4633,0.36472728244170244,0.015282351800588562,1207.4557,0.04125466207068266,87608976,348618,113168,101298,0.4723266158738448,0.22514869442295896,0.30493902604224676,0.17989855865199508,0,26,0,26,1.0,0.5,0.6666666666666666,0.5,1.0,17075344,39385,84787,89124,0.5124690215110027,0.6935234108116941,0.5894054626016797,0.41784187232765735,0,26,0,11,1.0,0.2972972972972973,0.4583333333333333,0.2972972972972973,1.0,28601102,93255,28381,12174,0.3001849340401923,0.11547107532083203,0.16678540113985094,0.09097974740303415,0,26,0,15,1.0,0.36585365853658536,0.5357142857142857,0.36585365853658536,1.0
MAG1C_SASdata_selected_50_evenly_spaced,1100,0.025045354756364477,1390.7926,0.06555857626834583,0.3180359663902646,1600.6254,0.4563113485055013,0.01985974477141995,1477.2057,0.053640570792959176,86403704,1553890,100039,114427,0.5335437785010212,0.06858828388130074,0.12155091691395133,0.06470812438219453,0,26,0,26,1.0,0.5,0.6666666666666666,0.5,1.0,17058390,56339,72333,101578,0.5840803629442646,0.6432366369675209,0.6122328435213423,0.4411639522258415,0,26,0,11,1.0,0.2972972972972973,0.4583333333333333,0.2972972972972973,1.0,28621958,72399,27706,12849,0.31682899765750216,0.15072494369369369,0.20427175822516155,0.11375427165040636,0,26,0,15,1.0,0.36585365853658536,0.5357142857142857,0.36585365853658536,1.0
MAG1C_SAS_TILINGdata_selected_50_evenly_spaced,1200,0.03341852905104688,1608.5431,0.0826793318493003,0.2224379319311397,1294.4633,0.36472728244170244,0.015282351800588562,1207.4557,0.04125466207068266,87657093,300501,121308,93158,0.4343718817901206,0.23664643765289248,0.30637780061664954,0.18090091209728001,0,26,0,26,1.0,0.5,0.6666666666666666,0.5,1.0,17082135,32594,91434,82477,0.4742483224177884,0.7167487898775539,0.5708106387249033,0.3993946877799569,0,26,0,11,1.0,0.2972972972972973,0.4583333333333333,0.2972972972972973,1.0,28613488,80869,29874,10681,0.2633707311059056,0.11666848716548334,0.161704704591045,0.08796448807484517,0,26,0,15,1.0,0.36585365853658536,0.5357142857142857,0.36585365853658536,1.0
MAG1C_SASdata_selected_50_evenly_spaced,1200,0.025045354756364477,1390.7926,0.06555857626834583,0.3180359663902646,1600.6254,0.4563113485055013,0.01985974477141995,1477.2057,0.053640570792959176,86465632,1491962,107073,107393,0.5007460389991887,0.06714769391410913,0.11841631561218005,0.06293438691817059,0,26,0,26,1.0,0.5,0.6666666666666666,0.5,1.0,17070303,44426,77965,95946,0.5516959824277935,0.6835123813866013,0.6105707276562844,0.4394399483367455,0,26,0,11,1.0,0.2972972972972973,0.4583333333333333,0.2972972972972973,1.0,28634398,59959,29108,11447,0.282258661077549,0.1603086575357813,0.20448191781066619,0.11388463298644964,0,26,0,15,1.0,0.36585365853658536,0.5357142857142857,0.36585365853658536,1.0
MAG1C_SASdata_selected_50_evenly_spaced,1300,0.025045354756364477,1390.7926,0.06555857626834583,0.3180359663902646,1600.6254,0.4563113485055013,0.01985974477141995,1477.2057,0.053640570792959176,86519028,1438566,114039,100427,0.4682653660720114,0.06525500765760468,0.11454730335867562,0.06075320985921628,0,26,0,26,1.0,0.5,0.6666666666666666,0.5,1.0,17079861,34868,83531,90380,0.5196911063704999,0.721608329075115,0.6042271835378511,0.4328979447166621,0,26,0,11,1.0,0.2972972972972973,0.4583333333333333,0.2972972972972973,1.0,28644028,50329,30508,10047,0.24773764024164716,0.16640718166158738,0.19908650464178498,0.11054751111306721,0,26,0,15,1.0,0.36585365853658536,0.5357142857142857,0.36585365853658536,1.0
MAG1C_SAS_TILINGdata_selected_50_evenly_spaced,1300,0.03341852905104688,1608.5431,0.0826793318493003,0.2224379319311397,1294.4633,0.36472728244170244,0.015282351800588562,1207.4557,0.04125466207068266,87696953,260641,128787,85679,0.3994992213217946,0.2473983598983599,0.30556754269899744,0.18033621899908864,0,26,0,26,1.0,0.5,0.6666666666666666,0.5,1.0,17087291,27438,97724,76187,0.43808039744467,0.7352183353437877,0.5490242707252393,0.3783828079603077,0,26,0,11,1.0,0.2972972972972973,0.4583333333333333,0.2972972972972973,1.0,28624031,70326,31063,9492,0.23405252126741463,0.11892054423814177,0.1577097854169955,0.08560528855259242,0,26,0,15,1.0,0.36585365853658536,0.5357142857142857,0.36585365853658536,1.0
MAG1C_SASdata_selected_50_evenly_spaced,1400,0.025045354756364477,1390.7926,0.06555857626834583,0.3180359663902646,1600.6254,0.4563113485055013,0.01985974477141995,1477.2057,0.053640570792959176,86564784,1392810,120577,93889,0.43778034746766387,0.06315266237483176,0.1103820029215273,0.058414982865419504,0,26,0,26,1.0,0.5,0.6666666666666666,0.5,1.0,17087336,27393,88877,85034,0.48895124517713084,0.7563485639570566,0.5939414258673318,0.4224158486666932,0,26,0,11,1.0,0.2972972972972973,0.4583333333333333,0.2972972972972973,1.0,28651946,42411,31700,8855,0.21834545678707928,0.1727265634143487,0.1928752681848379,0.10673046790251428,0,26,0,15,1.0,0.36585365853658536,0.5357142857142857,0.36585365853658536,1.0
MAG1C_SAS_TILINGdata_selected_50_evenly_spaced,1400,0.03341852905104688,1608.5431,0.0826793318493003,0.2224379319311397,1294.4633,0.36472728244170244,0.015282351800588562,1207.4557,0.04125466207068266,87731307,226287,135486,78980,0.36826350097451344,0.2587243298489519,0.3039252847134971,0.1791933350425295,0,26,0,26,1.0,0.5,0.6666666666666666,0.5,1.0,17091857,22872,103370,70541,0.40561551598231277,0.7551518525258797,0.5277565800302254,0.3584710061336599,0,26,0,11,1.0,0.2972972972972973,0.4583333333333333,0.2972972972972973,1.0,28632952,61405,32116,8439,0.2080877820244113,0.12082641314930416,0.15288181958169914,0.08276775205963123,0,26,0,15,1.0,0.36585365853658536,0.5357142857142857,0.36585365853658536,1.0
MAG1C_SASdata_selected_50_evenly_spaced,1500,0.025045354756364477,1390.7926,0.06555857626834583,0.3180359663902646,1600.6254,0.4563113485055013,0.01985974477141995,1477.2057,0.053640570792959176,86604827,1352767,126666,87800,0.40938890080478957,0.06094822385907771,0.10610060343207657,0.056022301725397565,0,26,0,26,1.0,0.5,0.6666666666666666,0.5,1.0,17093029,21700,93969,79942,0.45967190114483847,0.7865055784026288,0.5802295747097653,0.4086784485535067,0,26,0,11,1.0,0.2972972972972973,0.4583333333333333,0.2972972972972973,1.0,28658209,36148,32697,7858,0.19376155837751202,0.1785665591055765,0.18585399888837645,0.10244710115640848,0,26,0,15,1.0,0.36585365853658536,0.5357142857142857,0.36585365853658536,1.0
MAG1C_SAS_TILINGdata_selected_50_evenly_spaced,1500,0.03341852905104688,1608.5431,0.0826793318493003,0.2224379319311397,1294.4633,0.36472728244170244,0.015282351800588562,1207.4557,0.04125466207068266,87759870,197724,141495,72971,0.3402450738112335,0.26956907220303294,0.300811483198361,0.17703243649773162,0,26,0,26,1.0,0.5,0.6666666666666666,0.5,1.0,17095451,19278,108546,65365,0.3758531662747037,0.7722434223739707,0.5056197158040486,0.33834742143703833,0,26,0,11,1.0,0.2972972972972973,0.4583333333333333,0.2972972972972973,1.0,28640197,54160,32949,7606,0.1875477746270497,0.12314218178285788,0.14866938360649326,0.080304070105052,0,26,0,15,1.0,0.36585365853658536,0.5357142857142857,0.36585365853658536,1.0
MAG1C_SAS_TILINGdata_selected_50_evenly_spaced,1600,0.03341852905104688,1608.5431,0.0826793318493003,0.2224379319311397,1294.4633,0.36472728244170244,0.015282351800588562,1207.4557,0.04125466207068266,87784306,173288,146953,67513,0.3147958184514095,0.28036843700815195,0.2965863987506232,0.17411296853159478,0,26,0,26,1.0,0.5,0.6666666666666666,0.5,1.0,17098399,16330,113169,60742,0.3492706039295962,0.7881201992941665,0.48403278309686315,0.3192897430101818,0,26,0,11,1.0,0.2972972972972973,0.4583333333333333,0.2972972972972973,1.0,28646957,47400,33784,6771,0.1669584514856368,0.12499307747687877,0.1429596942761227,0.07698254789380933,0,26,0,15,1.0,0.36585365853658536,0.5357142857142857,0.36585365853658536,1.0
MAG1C_SASdata_selected_50_evenly_spaced,1600,0.025045354756364477,1390.7926,0.06555857626834583,0.3180359663902646,1600.6254,0.4563113485055013,0.01985974477141995,1477.2057,0.053640570792959176,86640276,1317318,132199,82267,0.38358993966409594,0.05877956680015862,0.1019385384972346,0.0537066583800327,0,26,0,26,1.0,0.5,0.6666666666666666,0.5,1.0,17097506,17223,98645,75266,0.4327845852188763,0.8137832607120847,0.56506006006006,0.3937865581215273,0,26,0,11,1.0,0.2972972972972973,0.4583333333333333,0.2972972972972973,1.0,28663356,31001,33554,7001,0.17262976205153496,0.1842271459396874,0.1782400040734753,0.09783945441332663,0,26,0,15,1.0,0.36585365853658536,0.5357142857142857,0.36585365853658536,1.0
MAG1C_SAS_TILINGdata_selected_50_evenly_spaced,1700,0.03341852905104688,1608.5431,0.0826793318493003,0.2224379319311397,1294.4633,0.36472728244170244,0.015282351800588562,1207.4557,0.04125466207068266,87804588,153006,151809,62657,0.292153534826033,0.2905319874062774,0.29134050482529655,0.17050822919841513,0,26,0,26,1.0,0.5,0.6666666666666666,0.5,1.0,17100526,14203,117303,56608,0.3254998246229393,0.7994238183333098,0.46263106708836965,0.3009239078431164,0,26,0,11,1.0,0.2972972972972973,0.4583333333333333,0.2972972972972973,1.0,28652298,42059,34506,6049,0.14915546788312167,0.12573792300656855,0.13644925166078295,0.0732200353450989,0,26,0,15,1.0,0.36585365853658536,0.5357142857142857,0.36585365853658536,1.0
MAG1C_SASdata_selected_50_evenly_spaced,1700,0.025045354756364477,1390.7926,0.06555857626834583,0.3180359663902646,1600.6254,0.4563113485055013,0.01985974477141995,1477.2057,0.053640570792959176,86671829,1285765,137360,77106,0.359525519196516,0.05657615430954214,0.09776731288240878,0.05139608500290955,0,26,0,26,1.0,0.5,0.6666666666666666,0.5,1.0,17100782,13947,103151,70760,0.40687478077867417,0.8353500891307684,0.547216357716787,0.37666748288600965,0,26,0,11,1.0,0.2972972972972973,0.4583333333333333,0.2972972972972973,1.0,28667392,26965,34209,6346,0.156478855874738,0.19050764011887966,0.17182465545717923,0.09398696682464455,0,26,0,15,1.0,0.36585365853658536,0.5357142857142857,0.36585365853658536,1.0
MAG1C_SASdata_selected_50_evenly_spaced,1800,0.025045354756364477,1390.7926,0.06555857626834583,0.3180359663902646,1600.6254,0.4563113485055013,0.01985974477141995,1477.2057,0.053640570792959176,86700755,1256839,142377,72089,0.33613253382820585,0.054245978713669964,0.09341619832654526,0.04899663903813281,0,26,0,26,1.0,0.5,0.6666666666666666,0.5,1.0,17103367,11362,107496,66415,0.3818907372161623,0.853915682013963,0.5277565875210578,0.3584710130456138,0,26,0,11,1.0,0.2972972972972973,0.4583333333333333,0.2972972972972973,1.0,28670928,23429,34881,5674,0.13990876587350512,0.19496271862007353,0.16291021849608087,0.08867841960490122,0,26,0,15,1.0,0.36585365853658536,0.5357142857142857,0.36585365853658536,1.0
MAG1C_SAS_TILINGdata_selected_50_evenly_spaced,1800,0.03341852905104688,1608.5431,0.0826793318493003,0.2224379319311397,1294.4633,0.36472728244170244,0.015282351800588562,1207.4557,0.04125466207068266,87821880,135714,156088,58378,0.2722016543414807,0.30077489025822807,0.2857758261984834,0.1667085498886287,0,26,0,26,1.0,0.5,0.6666666666666666,0.5,1.0,17102354,12375,120956,52955,0.3044948278142268,0.8105770702586866,0.4426916791018262,0.28426720204416867,0,26,0,11,1.0,0.2972972972972973,0.4583333333333333,0.2972972972972973,1.0,28657055,37302,35132,5423,0.13371963999506842,0.12692802808660036,0.13023535062439962,0.0696533388134657,0,26,0,15,1.0,0.36585365853658536,0.5357142857142857,0.36585365853658536,1.0
MAG1C_SASdata_selected_50_evenly_spaced,1900,0.025045354756364477,1390.7926,0.06555857626834583,0.3180359663902646,1600.6254,0.4563113485055013,0.01985974477141995,1477.2057,0.053640570792959176,86726084,1231510,146880,67586,0.3151361987447894,0.052025408437867564,0.08930721040829513,0.04674074811753445,0,26,0,26,1.0,0.5,0.6666666666666666,0.5,1.0,17105214,9515,111470,62441,0.35903996871963245,0.867766412807827,0.5079250163706394,0.34041520831288913,0,26,0,11,1.0,0.2972972972972973,0.4583333333333333,0.2972972972972973,1.0,28673554,20803,35410,5145,0.12686475157193935,0.19828117774009557,0.15472986181074538,0.08385214641937482,0,26,0,15,1.0,0.36585365853658536,0.5357142857142857,0.36585365853658536,1.0
MAG1C_SAS_TILINGdata_selected_50_evenly_spaced,1900,0.03341852905104688,1608.5431,0.0826793318493003,0.2224379319311397,1294.4633,0.36472728244170244,0.015282351800588562,1207.4557,0.04125466207068266,87836443,121151,159900,54566,0.2544272751858103,0.31053341452449107,0.27969439980726984,0.16258413608369063,0,26,0,26,1.0,0.5,0.6666666666666666,0.5,1.0,17103956,10773,124203,49708,0.2858243584362116,0.821877945139796,0.42414416874296046,0.26915163197678194,0,26,0,11,1.0,0.2972972972972973,0.4583333333333333,0.2972972972972973,1.0,28660998,33359,35697,4858,0.11978794230057946,0.1271162048303111,0.12334331996140761,0.0657250317937062,0,26,0,15,1.0,0.36585365853658536,0.5357142857142857,0.36585365853658536,1.0
MAG1C_SAS_TILINGdata_selected_50_evenly_spaced,2000,0.03341852905104688,1608.5431,0.0826793318493003,0.2224379319311397,1294.4633,0.36472728244170244,0.015282351800588562,1207.4557,0.04125466207068266,87848860,108734,163344,51122,0.23836878572827394,0.31980032028825944,0.2731445119442619,0.15817450495049504,0,26,0,26,1.0,0.5,0.6666666666666666,0.5,1.0,17105211,9518,127119,46792,0.2690571614216467,0.8309714082756171,0.4064963665347644,0.2550959771900844,0,26,0,11,1.0,0.2972972972972973,0.4583333333333333,0.2972972972972973,1.0,28664445,29912,36225,4330,0.10676858587103932,0.12645289410665264,0.11578004465419736,0.06144720223650787,0,26,0,15,1.0,0.36585365853658536,0.5357142857142857,0.36585365853658536,1.0
MAG1C_SASdata_selected_50_evenly_spaced,2000,0.025045354756364477,1390.7926,0.06555857626834583,0.3180359663902646,1600.6254,0.4563113485055013,0.01985974477141995,1477.2057,0.053640570792959176,86749100,1208494,151102,63364,0.29545009465369804,0.04982002707849461,0.08526270180660475,0.044529712711530896,1,25,0,26,1.0,0.5098039215686274,0.6753246753246753,0.5098039215686274,0.9615384615384616,17106699,8030,115195,58716,0.3376209670463628,0.8796931651334912,0.48796419800795326,0.3227200026382179,1,25,0,11,1.0,0.3055555555555556,0.46808510638297873,0.3055555555555556,0.9615384615384616,28675708,18649,35907,4648,0.11460978917519418,0.1995106666094347,0.14558666917246132,0.07850820890480373,1,25,0,15,1.0,0.375,0.5454545454545454,0.375,0.9615384615384616
MAG1C_SAS_TILINGdata_selected_50_evenly_spaced,2100,0.03341852905104688,1608.5431,0.0826793318493003,0.2224379319311397,1294.4633,0.36472728244170244,0.015282351800588562,1207.4557,0.04125466207068266,87859919,97675,166444,48022,0.22391428011899323,0.3296018449247411,0.2666681474776698,0.15384713959396554,0,26,0,26,1.0,0.5,0.6666666666666666,0.5,1.0,17106521,8208,129792,44119,0.2536872308249622,0.8431402526420395,0.3900228962420106,0.24225369126779742,0,26,0,11,1.0,0.2972972972972973,0.4583333333333333,0.2972972972972973,1.0,28667323,27034,36652,3903,0.09623967451608927,0.12615961470084364,0.10918704190678677,0.057746082942490645,0,26,0,15,1.0,0.36585365853658536,0.5357142857142857,0.36585365853658536,1.0
MAG1C_SASdata_selected_50_evenly_spaced,2100,0.025045354756364477,1390.7926,0.06555857626834583,0.3180359663902646,1600.6254,0.4563113485055013,0.01985974477141995,1477.2057,0.053640570792959176,86770868,1186726,155320,59146,0.27578264153758636,0.0474735767398256,0.08100316502070068,0.04221120303284632,1,25,0,26,1.0,0.5098039215686274,0.6753246753246753,0.5098039215686274,0.9615384615384616,17107758,6971,118904,55007,0.31629396645410585,0.8875246055051793,0.4663803738198899,0.3041043332117071,1,25,0,11,1.0,0.3055555555555556,0.46808510638297873,0.3055555555555556,0.9615384615384616,28677392,16965,36416,4139,0.10205893231414129,0.19612395754359363,0.13425452894143597,0.07195757997218359,1,25,0,15,1.0,0.375,0.5454545454545454,0.375,0.9615384615384616
MAG1C_SASdata_selected_50_evenly_spaced,2200,0.025045354756364477,1390.7926,0.06555857626834583,0.3180359663902646,1600.6254,0.4563113485055013,0.01985974477141995,1477.2057,0.053640570792959176,86791410,1166184,158990,55476,0.25867037199369597,0.045410343303374096,0.07725784506373397,0.04018107413174954,1,25,0,26,1.0,0.5098039215686274,0.6753246753246753,0.5098039215686274,0.9615384615384616,17108632,6097,122111,51800,0.2978534997786224,0.894692298391972,0.4469215902816123,0.28776498822274565,1,25,0,11,1.0,0.3055555555555556,0.46808510638297873,0.3055555555555556,0.9615384615384616,28678770,15587,36879,3676,0.09064233756626804,0.19083216529097233,0.12290614865090776,0.06547682661821809,1,25,0,15,1.0,0.375,0.5454545454545454,0.375,0.9615384615384616
MAG1C_SAS_TILINGdata_selected_50_evenly_spaced,2200,0.03341852905104688,1608.5431,0.0826793318493003,0.2224379319311397,1294.4633,0.36472728244170244,0.015282351800588562,1207.4557,0.04125466207068266,87869687,87907,169258,45208,0.21079331922076228,0.3396161213987905,0.26012929360350534,0.1495107036673248,0,26,0,26,1.0,0.5,0.6666666666666666,0.5,1.0,17107524,7205,132200,41711,0.23984106813255054,0.8527066808406247,0.37438012449119723,0.2302999182844144,0,26,0,11,1.0,0.2972972972972973,0.4583333333333333,0.2972972972972973,1.0,28670057,24300,37058,3497,0.08622857847367772,0.1258049429794582,0.10232326779026218,0.0539202837098142,0,26,0,15,1.0,0.36585365853658536,0.5357142857142857,0.36585365853658536,1.0
MAG1C_SASdata_selected_50_evenly_spaced,2300,0.025045354756364477,1390.7926,0.06555857626834583,0.3180359663902646,1600.6254,0.4563113485055013,0.01985974477141995,1477.2057,0.053640570792959176,86810924,1146670,162617,51849,0.24175860043083752,0.04326089114982741,0.07338931411161477,0.0380924463095532,1,25,0,26,1.0,0.5098039215686274,0.6753246753246753,0.5098039215686274,0.9615384615384616,17109366,5363,125350,48561,0.27922903094111357,0.9005452117795416,0.42628217789189543,0.2708758659928378,1,25,0,11,1.0,0.3055555555555556,0.46808510638297873,0.3055555555555556,0.9615384615384616,28679945,14412,37267,3288,0.08107508322031809,0.1857627118644068,0.11288301433353361,0.059817708807102445,1,25,0,15,1.0,0.375,0.5454545454545454,0.375,0.9615384615384616
MAG1C_SAS_TILINGdata_selected_50_evenly_spaced,2300,0.03341852905104688,1608.5431,0.0826793318493003,0.2224379319311397,1294.4633,0.36472728244170244,0.015282351800588562,1207.4557,0.04125466207068266,87877923,79671,171783,42683,0.19901989126481587,0.348848423427105,0.2534469449557627,0.14511265158752554,0,26,0,26,1.0,0.5,0.6666666666666666,0.5,1.0,17108308,6421,134427,39484,0.2270356676690951,0.8601241694804488,0.3592459147650763,0.21895171128806867,0,26,0,11,1.0,0.2972972972972973,0.4583333333333333,0.2972972972972973,1.0,28672348,22009,37356,3199,0.07888053261003575,0.1269041574103459,0.09728874899259461,0.051131641199411805,0,26,0,15,1.0,0.36585365853658536,0.5357142857142857,0.36585365853658536,1.0
MAG1C_SAS_TILINGdata_selected_50_evenly_spaced,2400,0.03341852905104688,1608.5431,0.0826793318493003,0.2224379319311397,1294.4633,0.36472728244170244,0.015282351800588562,1207.4557,0.04125466207068266,87885343,72251,174258,40208,0.18747960049611592,0.3575347459963187,0.24597690601819985,0.14023584231140812,0,26,0,26,1.0,0.5,0.6666666666666666,0.5,1.0,17109011,5718,136584,37327,0.21463277193507024,0.8671622720408875,0.34409742067515997,0.20780052218739736,0,26,0,11,1.0,0.2972972972972973,0.4583333333333333,0.2972972972972973,1.0,28674268,20089,37674,2881,0.0710393293058809,0.12542446669569002,0.09070444706808342,0.047506760767759386,0,26,0,15,1.0,0.36585365853658536,0.5357142857142857,0.36585365853658536,1.0
MAG1C_SASdata_selected_50_evenly_spaced,2400,0.025045354756364477,1390.7926,0.06555857626834583,0.3180359663902646,1600.6254,0.4563113485055013,0.01985974477141995,1477.2057,0.053640570792959176,86828883,1128711,165892,48574,0.22648811466619417,0.04125933822311505,0.06980271614678199,0.03616351381835752,1,25,0,26,1.0,0.5098039215686274,0.6753246753246753,0.5098039215686274,0.9615384615384616,17109913,4816,128328,45583,0.2621053297376244,0.9044425484632631,0.4064286032722571,0.25504260688088537,1,25,0,11,1.0,0.3055555555555556,0.46808510638297873,0.3055555555555556,0.9615384615384616,28680977,13380,37564,2991,0.07375169522870176,0.1827011178303097,0.1050837929944138,0.05545564104941133,1,25,0,15,1.0,0.375,0.5454545454545454,0.375,0.9615384615384616
MAG1C_SAS_TILINGdata_selected_50_evenly_spaced,2500,0.03341852905104688,1608.5431,0.0826793318493003,0.2224379319311397,1294.4633,0.36472728244170244,0.015282351800588562,1207.4557,0.04125466207068266,87891757,65837,176527,37939,0.17689983493887143,0.3655854918285538,0.2384286172158295,0.13534996057837412,1,25,0,26,1.0,0.5098039215686274,0.6753246753246753,0.5098039215686274,0.9615384615384616,17109614,5115,138540,35371,0.20338563978126742,0.8736600306278713,0.3299579751582345,0.1975746539608772,1,25,0,11,1.0,0.3055555555555556,0.46808510638297873,0.3055555555555556,0.9615384615384616,28676046,18311,37987,2568,0.06332141536185427,0.12299439628334691,0.08360191424943843,0.04362450310875548,1,25,0,15,1.0,0.375,0.5454545454545454,0.375,0.9615384615384616
MAG1C_SASdata_selected_50_evenly_spaced,2500,0.025045354756364477,1390.7926,0.06555857626834583,0.3180359663902646,1600.6254,0.4563113485055013,0.01985974477141995,1477.2057,0.053640570792959176,86846217,1111377,168745,45721,0.21318530676191097,0.03951350706681716,0.06666987468320838,0.03448447516033196,1,25,0,26,1.0,0.5098039215686274,0.6753246753246753,0.5098039215686274,0.9615384615384616,17110440,4289,130924,42987,0.24717815434331353,0.9092774346391403,0.3886937297399937,0.24122895622895624,1,25,0,11,1.0,0.3055555555555556,0.46808510638297873,0.3055555555555556,0.9615384615384616,28681875,12482,37821,2734,0.06741462211811121,0.17967928496319663,0.09804378619712753,0.051548918679412484,1,25,0,15,1.0,0.375,0.5454545454545454,0.375,0.9615384615384616
MAG1C_SAS_TILINGdata_selected_50_evenly_spaced,2600,0.03341852905104688,1608.5431,0.0826793318493003,0.2224379319311397,1294.4633,0.36472728244170244,0.015282351800588562,1207.4557,0.04125466207068266,87897391,60203,178556,35910,0.16743912788040996,0.373622714929302,0.23124551241391084,0.13073918061375692,1,25,0,26,1.0,0.5098039215686274,0.6753246753246753,0.5098039215686274,0.9615384615384616,17110142,4587,140395,33516,0.1927192644513573,0.8796157782851743,0.3161678002396068,0.18776680971215365,1,25,0,11,1.0,0.3055555555555556,0.46808510638297873,0.3055555555555556,0.9615384615384616,28677753,16604,38161,2394,0.059030945629392186,0.1260132645541636,0.08039897234396252,0.04188316800503858,1,25,0,15,1.0,0.375,0.5454545454545454,0.375,0.9615384615384616
MAG1C_SASdata_selected_50_evenly_spaced,2600,0.025045354756364477,1390.7926,0.06555857626834583,0.3180359663902646,1600.6254,0.4563113485055013,0.01985974477141995,1477.2057,0.053640570792959176,86863075,1094519,171464,43002,0.20050730651944831,0.037803258137651966,0.063613037699327,0.03285140777014252,1,25,1,25,0.9615384615384616,0.5,0.6578947368421052,0.49019607843137253,0.9615384615384616,17110909,3820,133431,40480,0.23276273496213581,0.9137697516930022,0.37101704313714706,0.22775992933140532,1,25,1,10,0.9090909090909091,0.2857142857142857,0.43478260869565216,0.2777777777777778,0.9615384615384616,28682595,11762,38033,2522,0.06218715324867464,0.1765611873424811,0.0919783365852769,0.048206128027218687,1,25,0,15,1.0,0.375,0.5454545454545454,0.375,0.9615384615384616
MAG1C_SASdata_selected_50_evenly_spaced,2700,0.025045354756364477,1390.7926,0.06555857626834583,0.3180359663902646,1600.6254,0.4563113485055013,0.01985974477141995,1477.2057,0.053640570792959176,86879124,1078470,173898,40568,0.18915818824429048,0.03625256693695835,0.06084421194087156,0.031376649733629504,2,24,1,25,0.9615384615384616,0.5102040816326531,0.6666666666666667,0.5,0.9230769230769231,17111268,3461,135664,38247,0.2199228340933006,0.9170183178287139,0.3547646543208159,0.21563155402205533,2,24,1,10,0.9090909090909091,0.29411764705882354,0.4444444444444445,0.2857142857142857,0.9230769230769231,28683478,10879,38234,2321,0.05723092097152016,0.17583333333333334,0.08635475769695844,0.04512579227748182,2,24,0,15,1.0,0.38461538461538464,0.5555555555555556,0.38461538461538464,0.9230769230769231
MAG1C_SAS_TILINGdata_selected_50_evenly_spaced,2700,0.03341852905104688,1608.5431,0.0826793318493003,0.2224379319311397,1294.4633,0.36472728244170244,0.015282351800588562,1207.4557,0.04125466207068266,87902693,54901,180241,34225,0.15958240467020413,0.3840069115634046,0.22546707423120502,0.12705713765977272,2,24,0,26,1.0,0.52,0.6842105263157895,0.52,0.9230769230769231,17110642,4087,141907,32004,0.18402516229565696,0.8867584716411294,0.3047970971705031,0.17979977303115766,2,24,0,11,1.0,0.3142857142857143,0.4782608695652174,0.3142857142857143,0.9230769230769231,28679322,15035,38334,2221,0.05476513376895574,0.12870885489105238,0.07683658819255851,0.03995322899802123,2,24,0,15,1.0,0.38461538461538464,0.5555555555555556,0.38461538461538464,0.9230769230769231
MAG1C_SASdata_selected_50_evenly_spaced,2800,0.025045354756364477,1390.7926,0.06555857626834583,0.3180359663902646,1600.6254,0.4563113485055013,0.01985974477141995,1477.2057,0.053640570792959176,86894686,1062908,176141,38325,0.17869965402441412,0.034801899325574155,0.05825800582048023,0.030002959195975492,2,24,1,25,0.9615384615384616,0.5102040816326531,0.6666666666666667,0.5,0.9230769230769231,17111629,3100,137712,36199,0.20814669572367475,0.9211175856892033,0.33956193424323433,0.2045014151662891,2,24,1,10,0.9090909090909091,0.29411764705882354,0.4444444444444445,0.2857142857142857,0.9230769230769231,28684145,10212,38429,2126,0.052422635926519544,0.17231317879721186,0.08038870928100127,0.041877597652018046,2,24,0,15,1.0,0.38461538461538464,0.5555555555555556,0.38461538461538464,0.9230769230769231
MAG1C_SAS_TILINGdata_selected_50_evenly_spaced,2800,0.03341852905104688,1608.5431,0.0826793318493003,0.2224379319311397,1294.4633,0.36472728244170244,0.015282351800588562,1207.4557,0.04125466207068266,87907469,50125,181766,32700,0.152471720459187,0.3948083308179897,0.2199864778953954,0.12358697007834733,2,24,0,26,1.0,0.52,0.6842105263157895,0.52,0.9230769230769231,17111049,3680,143230,30681,0.17641782290941918,0.8929018363842729,0.29462433740493205,0.17276213321621028,2,24,0,11,1.0,0.3142857142857143,0.4782608695652174,0.3142857142857143,0.9230769230769231,28680763,13594,38536,2019,0.04978424361977561,0.12931531416127587,0.0718914684517875,0.03728600712847883,2,24,0,15,1.0,0.38461538461538464,0.5555555555555556,0.38461538461538464,0.9230769230769231
MAG1C_SAS_TILINGdata_selected_50_evenly_spaced,2900,0.03341852905104688,1608.5431,0.0826793318493003,0.2224379319311397,1294.4633,0.36472728244170244,0.015282351800588562,1207.4557,0.04125466207068266,87911671,45923,183362,31104,0.14502998144227988,0.40380645747595,0.2134116428181809,0.11945205058585424,2,24,0,26,1.0,0.52,0.6842105263157895,0.52,0.9230769230769231,17111454,3275,144656,29255,0.16821822656416213,0.8993237011988934,0.283422382181834,0.16510898152224215,2,24,0,11,1.0,0.3142857142857143,0.4782608695652174,0.3142857142857143,0.9230769230769231,28681985,12372,38706,1849,0.045592405375416103,0.13001898600660994,0.06751131882576311,0.03493491034821547,2,24,0,15,1.0,0.38461538461538464,0.5555555555555556,0.38461538461538464,0.9230769230769231
MAG1C_SASdata_selected_50_evenly_spaced,2900,0.025045354756364477,1390.7926,0.06555857626834583,0.3180359663902646,1600.6254,0.4563113485055013,0.01985974477141995,1477.2057,0.053640570792959176,86909658,1047936,178297,36169,0.16864677851034662,0.033363004506021095,0.055705848967826946,0.02865093686480218,2,24,1,25,0.9615384615384616,0.5102040816326531,0.6666666666666667,0.5,0.9230769230769231,17111932,2797,139689,34222,0.1967788121510428,0.9244442043275075,0.32448679656758167,0.1936641238653598,2,24,1,10,0.9090909090909091,0.29411764705882354,0.4444444444444445,0.2857142857142857,0.9230769230769231,28684786,9571,38608,1947,0.04800887683392923,0.16903976384789027,0.07477963627983791,0.038842117862985276,2,24,0,15,1.0,0.38461538461538464,0.5555555555555556,0.38461538461538464,0.9230769230769231
MAG1C_SASdata_selected_50_starcop_filtering,0,0.022105283816754404,1400.8965,0.059826647151768185,0.09470337703500285,1238.4604,0.22281735176040376,0.028158739856534082,1932.3812,0.06992367959996039,84388732,3568862,35233,179233,0.8357175496349072,0.04781975910429165,0.09046321305842357,0.047374428016814824,0,26,0,26,1.0,0.5,0.6666666666666666,0.5,1.0,16310497,804232,25125,148786,0.8555295524722415,0.15612087074955563,0.26405567697698795,0.15211068320276278,0,26,0,11,1.0,0.2972972972972973,0.4583333333333333,0.2972972972972973,1.0,28202152,492205,10108,30447,0.7507582295647885,0.05825482347718941,0.10812010504130809,0.05714956077783617,0,26,0,15,1.0,0.36585365853658536,0.5357142857142857,0.36585365853658536,1.0
MAG1C_SAS_TILINGdata_selected_50_starcop_filtering,0,0.03871430179740872,1952.7544,0.0910829783088666,0.28956625149732107,1454.5073,0.4007867547824627,0.0172286321021858,1393.6736,0.04528809504733255,85978040,1979554,30575,183891,0.8574366099987877,0.08499915643799588,0.15466600726435936,0.08381464161675828,0,26,0,26,1.0,0.5,0.6666666666666666,0.5,1.0,16763976,350753,20806,153105,0.8803640942781078,0.3038653747682879,0.45179109696666564,0.2918153332418462,0,26,0,11,1.0,0.2972972972972973,0.4583333333333333,0.2972972972972973,1.0,28184687,509670,9769,30786,0.759117248181482,0.056963009014609885,0.10597389722397682,0.05595165614066973,0,26,0,15,1.0,0.36585365853658536,0.5357142857142857,0.36585365853658536,1.0
MAG1C_SASdata_selected_50_starcop_filtering,100,0.022105283816754404,1400.8965,0.059826647151768185,0.09470337703500285,1238.4604,0.22281735176040376,0.028158739856534082,1932.3812,0.06992367959996039,84494205,3463389,36961,177505,0.8276603284436694,0.04875313590563197,0.09208219206507304,0.04826318601467432,0,26,0,26,1.0,0.5,0.6666666666666666,0.5,1.0,16330356,784373,26424,147487,0.8480602147075228,0.15827162878543988,0.2667586688383038,0.15390740114621554,0,26,0,11,1.0,0.2972972972972973,0.4583333333333333,0.2972972972972973,1.0,28232537,461820,10537,30018,0.7401800024657872,0.06103229112024691,0.11276632111992457,0.059752177158497136,0,26,0,15,1.0,0.36585365853658536,0.5357142857142857,0.36585365853658536,1.0
MAG1C_SAS_TILINGdata_selected_50_starcop_filtering,100,0.03871430179740872,1952.7544,0.0910829783088666,0.28956625149732107,1454.5073,0.4007867547824627,0.0172286321021858,1393.6736,0.04528809504733255,86112154,1845440,32538,181928,0.8482836440274916,0.08973605186626207,0.16230282884459776,0.08831859317852368,0,26,0,26,1.0,0.5,0.6666666666666666,0.5,1.0,16794221,320508,22341,151570,0.8715377405684517,0.32106982320718186,0.46926495652402755,0.3065618432948572,0,26,0,11,1.0,0.2972972972972973,0.4583333333333333,0.2972972972972973,1.0,28221020,473337,10197,30358,0.7485636789545063,0.06027060026404868,0.11155902618282039,0.05907466938578534,0,26,0,15,1.0,0.36585365853658536,0.5357142857142857,0.36585365853658536,1.0
MAG1C_SAS_TILINGdata_selected_50_starcop_filtering,200,0.03871430179740872,1952.7544,0.0910829783088666,0.28956625149732107,1454.5073,0.4007867547824627,0.0172286321021858,1393.6736,0.04528809504733255,86294262,1663332,35666,178800,0.8336985815933527,0.09706144836526373,0.173879387221032,0.09521790948760196,0,26,0,26,1.0,0.5,0.6666666666666666,0.5,1.0,16834648,280081,24754,149157,0.8576628275382235,0.3474925332799053,0.4945942047487436,0.3285454369239987,0,26,0,11,1.0,0.2972972972972973,0.4583333333333333,0.2972972972972973,1.0,28268324,426033,10912,29643,0.7309333004561707,0.06505280067416322,0.11947258434076065,0.06353142386859499,0,26,0,15,1.0,0.36585365853658536,0.5357142857142857,0.36585365853658536,1.0
MAG1C_SASdata_selected_50_starcop_filtering,200,0.022105283816754404,1400.8965,0.059826647151768185,0.09470337703500285,1238.4604,0.22281735176040376,0.028158739856534082,1932.3812,0.06992367959996039,84629340,3328254,39524,174942,0.8157097162254157,0.049937828200306233,0.09411398884567773,0.04938070183361937,0,26,0,26,1.0,0.5,0.6666666666666666,0.5,1.0,16356369,758360,28378,145533,0.8368245826888466,0.16100688908974845,0.27005466671120165,0.15610589624690674,0,26,0,11,1.0,0.2972972972972973,0.4583333333333333,0.2972972972972973,1.0,28270003,424354,11146,29409,0.7251633584021699,0.06481136628592458,0.11898818169680246,0.06325754072302321,0,26,0,15,1.0,0.36585365853658536,0.5357142857142857,0.36585365853658536,1.0
MAG1C_SAS_TILINGdata_selected_50_starcop_filtering,300,0.03871430179740872,1952.7544,0.0910829783088666,0.28956625149732107,1454.5073,0.4007867547824627,0.0172286321021858,1393.6736,0.04528809504733255,86509791,1447803,40342,174124,0.8118955918420635,0.10735624969557817,0.1896369676861108,0.10475079544887139,0,26,0,26,1.0,0.5,0.6666666666666666,0.5,1.0,16880416,234313,28543,145368,0.8358758215409031,0.3828687766835844,0.5251809997254295,0.3560986125264561,0,26,0,11,1.0,0.2972972972972973,0.4583333333333333,0.2972972972972973,1.0,28322747,371610,11799,28756,0.7090617679694242,0.07182428078308348,0.1304360645104225,0.06976817536666141,0,26,0,15,1.0,0.36585365853658536,0.5357142857142857,0.36585365853658536,1.0
MAG1C_SASdata_selected_50_starcop_filtering,300,0.022105283816754404,1400.8965,0.059826647151768185,0.09470337703500285,1238.4604,0.22281735176040376,0.028158739856534082,1932.3812,0.06992367959996039,84791349,3166245,42937,171529,0.7997957718239721,0.05139023792503627,0.09657511879827939,0.050737551952828856,0,26,0,26,1.0,0.5,0.6666666666666666,0.5,1.0,16386067,728662,31078,142833,0.8212994002679531,0.16389422773509887,0.2732584278261269,0.15825091156061616,0,26,0,11,1.0,0.2972972972972973,0.4583333333333333,0.2972972972972973,1.0,28315339,379018,11859,28696,0.7075822956478856,0.07038267020509474,0.12803026754024927,0.06839334275561106,0,26,0,15,1.0,0.36585365853658536,0.5357142857142857,0.36585365853658536,1.0
MAG1C_SASdata_selected_50_starcop_filtering,400,0.022105283816754404,1400.8965,0.059826647151768185,0.09470337703500285,1238.4604,0.22281735176040376,0.028158739856534082,1932.3812,0.06992367959996039,84964817,2992777,47905,166561,0.7766312608991635,0.05272022176797798,0.09873780456718885,0.05193276593011505,0,26,0,26,1.0,0.5,0.6666666666666666,0.5,1.0,16419391,695338,34967,138944,0.7989373875143033,0.16654320721290883,0.27562976533262973,0.15984372717138587,0,26,0,11,1.0,0.2972972972972973,0.4583333333333333,0.2972972972972973,1.0,28364038,330319,12938,27617,0.6809764517322155,0.07715625139689777,0.1386078982963229,0.07446464297847787,0,26,0,15,1.0,0.36585365853658536,0.5357142857142857,0.36585365853658536,1.0
MAG1C_SAS_TILINGdata_selected_50_starcop_filtering,400,0.03871430179740872,1952.7544,0.0910829783088666,0.28956625149732107,1454.5073,0.4007867547824627,0.0172286321021858,1393.6736,0.04528809504733255,86725316,1232278,47014,167452,0.7807857655758955,0.11963164324548306,0.20747418529100556,0.11574404317557219,0,26,0,26,1.0,0.5,0.6666666666666666,0.5,1.0,16923129,191600,33873,140038,0.8052279614285468,0.42226162261260775,0.5540036673003013,0.38312937230343275,0,26,0,11,1.0,0.2972972972972973,0.4583333333333333,0.2972972972972973,1.0,28378210,316147,13141,27414,0.6759709037110098,0.07979369020348642,0.1427381311895365,0.07685406866235682,0,26,0,15,1.0,0.36585365853658536,0.5357142857142857,0.36585365853658536,1.0
MAG1C_SASdata_selected_50_starcop_filtering,500,0.022105283816754404,1400.8965,0.059826647151768185,0.09470337703500285,1238.4604,0.22281735176040376,0.028158739856534082,1932.3812,0.06992367959996039,85135022,2822572,53881,160585,0.7487667042794662,0.053830556018338964,0.10044023326076902,0.052875532015075215,0,26,0,26,1.0,0.5,0.6666666666666666,0.5,1.0,16452681,662048,39632,134279,0.7721133223315374,0.16862294007361298,0.2767960026302825,0.16062869112001904,0,26,0,11,1.0,0.2972972972972973,0.4583333333333333,0.2972972972972973,1.0,28412973,281384,14249,26306,0.648649981506596,0.0854951412135591,0.15107754598055967,0.08171113161188921,0,26,0,15,1.0,0.36585365853658536,0.5357142857142857,0.36585365853658536,1.0
MAG1C_SAS_TILINGdata_selected_50_starcop_filtering,500,0.03871430179740872,1952.7544,0.0910829783088666,0.28956625149732107,1454.5073,0.4007867547824627,0.0172286321021858,1393.6736,0.04528809504733255,86917731,1039863,55139,159327,0.7429009726483452,0.13286218197283167,0.22541127402989133,0.1270216984539144,0,26,0,26,1.0,0.5,0.6666666666666666,0.5,1.0,16960701,154028,40245,133666,0.7685885309152383,0.46461170549264147,0.5791358412495531,0.4075940952433227,0,26,0,11,1.0,0.2972972972972973,0.4583333333333333,0.2972972972972973,1.0,28428218,266139,14894,25661,0.6327456540500555,0.08794037011651816,0.15441922041190895,0.08366971639484307,0,26,0,15,1.0,0.36585365853658536,0.5357142857142857,0.36585365853658536,1.0
MAG1C_SASdata_selected_50_starcop_filtering,600,0.022105283816754404,1400.8965,0.059826647151768185,0.09470337703500285,1238.4604,0.22281735176040376,0.028158739856534082,1932.3812,0.06992367959996039,85288171,2669423,60588,153878,0.7174936819822256,0.05450286738820976,0.10130994246760862,0.053357809541213275,0,26,0,26,1.0,0.5,0.6666666666666666,0.5,1.0,16484382,630347,44884,129027,0.741913967489118,0.1699123225182848,0.27650074736013114,0.16042986205918996,0,26,0,11,1.0,0.2972972972972973,0.4583333333333333,0.2972972972972973,1.0,28457073,237284,15704,24851,0.6127727777092837,0.09480229652659888,0.16420099772044003,0.08944388656740054,0,26,0,15,1.0,0.36585365853658536,0.5357142857142857,0.36585365853658536,1.0
MAG1C_SAS_TILINGdata_selected_50_starcop_filtering,600,0.03871430179740872,1952.7544,0.0910829783088666,0.28956625149732107,1454.5073,0.4007867547824627,0.0172286321021858,1393.6736,0.04528809504733255,87081705,875889,64007,150459,0.7015517611183124,0.14659647604905937,0.24251660603442576,0.1379908378463895,0,26,0,26,1.0,0.5,0.6666666666666666,0.5,1.0,16991603,123126,47152,126759,0.7288728142555675,0.5072693438981931,0.5982076281984728,0.4267448163023462,0,26,0,11,1.0,0.2972972972972973,0.4583333333333333,0.2972972972972973,1.0,28470916,223441,16855,23700,0.5843915670077672,0.09589667436807328,0.16475724375729936,0.08977408748617403,0,26,0,15,1.0,0.36585365853658536,0.5357142857142857,0.36585365853658536,1.0
MAG1C_SAS_TILINGdata_selected_50_starcop_filtering,700,0.03871430179740872,1952.7544,0.0910829783088666,0.28956625149732107,1454.5073,0.4007867547824627,0.0172286321021858,1393.6736,0.04528809504733255,87217346,740248,73502,140964,0.6572790092602091,0.1599660467628675,0.2573091729504471,0.14765050056875673,0,26,0,26,1.0,0.5,0.6666666666666666,0.5,1.0,17016370,98359,54400,119511,0.6871963245568136,0.5485427089548813,0.6100908415671,0.4389429610313292,0,26,0,11,1.0,0.2972972972972973,0.4583333333333333,0.2972972972972973,1.0,28506829,187528,19102,21453,0.5289853285661448,0.10265526531120053,0.17194312644267762,0.09405786490005831,0,26,0,15,1.0,0.36585365853658536,0.5357142857142857,0.36585365853658536,1.0
MAG1C_SASdata_selected_50_starcop_filtering,700,0.022105283816754404,1400.8965,0.059826647151768185,0.09470337703500285,1238.4604,0.22281735176040376,0.028158739856534082,1932.3812,0.06992367959996039,85424311,2533283,67396,147070,0.6857497225667472,0.05486963843941451,0.10160911614853986,0.05352381167275468,0,26,0,26,1.0,0.5,0.6666666666666666,0.5,1.0,16513500,601229,50060,123851,0.7121516177815089,0.17081011750427538,0.27553334794230416,0.1597788786541786,0,26,0,11,1.0,0.2972972972972973,0.4583333333333333,0.2972972972972973,1.0,28497507,196850,17336,23219,0.5725311305634324,0.10550781800253557,0.17818006016330037,0.09780333185905941,0,26,0,15,1.0,0.36585365853658536,0.5357142857142857,0.36585365853658536,1.0
MAG1C_SASdata_selected_50_starcop_filtering,800,0.022105283816754404,1400.8965,0.059826647151768185,0.09470337703500285,1238.4604,0.22281735176040376,0.028158739856534082,1932.3812,0.06992367959996039,85540713,2416881,74294,140172,0.6535861162142251,0.05481779220063096,0.1011517510794622,0.053270055222667326,1,25,0,26,1.0,0.5098039215686274,0.6753246753246753,0.5098039215686274,0.9615384615384616,16539726,575003,55322,118589,0.6818947622634566,0.1709780389623871,0.27340308909594546,0.1583479545047896,1,25,0,11,1.0,0.3055555555555556,0.46808510638297873,0.3055555555555556,0.9615384615384616,28531822,162535,18972,21583,0.5321908519294785,0.11722373695130296,0.19212811508280925,0.10627308090009356,1,25,0,15,1.0,0.375,0.5454545454545454,0.375,0.9615384615384616
MAG1C_SAS_TILINGdata_selected_50_starcop_filtering,800,0.03871430179740872,1952.7544,0.0910829783088666,0.28956625149732107,1454.5073,0.4007867547824627,0.0172286321021858,1393.6736,0.04528809504733255,87328562,629032,82777,131689,0.6140320610259902,0.17311077254341606,0.2700794821916207,0.1561224804326744,0,26,0,26,1.0,0.5,0.6666666666666666,0.5,1.0,17036365,78364,61639,112272,0.6455715854661292,0.5889338844709289,0.6159534984515028,0.44503815280943415,0,26,0,11,1.0,0.2972972972972973,0.4583333333333333,0.2972972972972973,1.0,28535810,158547,21138,19417,0.4787819011219332,0.10910633611292171,0.17771452367986307,0.09752287772096714,0,26,0,15,1.0,0.36585365853658536,0.5357142857142857,0.36585365853658536,1.0
MAG1C_SASdata_selected_50_starcop_filtering,900,0.022105283816754404,1400.8965,0.059826647151768185,0.09470337703500285,1238.4604,0.22281735176040376,0.028158739856534082,1932.3812,0.06992367959996039,85639894,2317700,81269,133197,0.6210634785933434,0.054346225075961985,0.099946611399648,0.052602001606529745,1,25,0,26,1.0,0.5098039215686274,0.6753246753246753,0.5098039215686274,0.9615384615384616,16562201,552528,60462,113449,0.6523394149881261,0.1703497267923667,0.27015268702493667,0.15617140599554816,1,25,0,11,1.0,0.3055555555555556,0.46808510638297873,0.3055555555555556,0.9615384615384616,28561311,133046,20807,19748,0.4869436567624214,0.12924591279762293,0.20427310200725113,0.11375510509732087,1,25,0,15,1.0,0.375,0.5454545454545454,0.375,0.9615384615384616
MAG1C_SAS_TILINGdata_selected_50_starcop_filtering,900,0.03871430179740872,1952.7544,0.0910829783088666,0.28956625149732107,1454.5073,0.4007867547824627,0.0172286321021858,1393.6736,0.04528809504733255,87418277,539317,91667,122799,0.572580269133569,0.18546448054419468,0.28017686879265147,0.16291028054493137,0,26,0,26,1.0,0.5,0.6666666666666666,0.5,1.0,17051667,63062,68296,105615,0.607293385697282,0.6261375291237098,0.6165715086342779,0.4456836854831563,0,26,0,11,1.0,0.2972972972972973,0.4583333333333333,0.2972972972972973,1.0,28559215,135142,23371,17184,0.4237208728886697,0.1128106823523233,0.17818240262130536,0.09780474339345578,0,26,0,15,1.0,0.36585365853658536,0.5357142857142857,0.36585365853658536,1.0
MAG1C_SASdata_selected_50_starcop_filtering,1000,0.022105283816754404,1400.8965,0.059826647151768185,0.09470337703500285,1238.4604,0.22281735176040376,0.028158739856534082,1932.3812,0.06992367959996039,85722620,2234974,88574,125892,0.5870021355366352,0.053324500416372635,0.0977675888002013,0.05139623750734862,1,25,0,26,1.0,0.5098039215686274,0.6753246753246753,0.5098039215686274,0.9615384615384616,16580987,533742,66040,107871,0.6202655381200729,0.16812471069008889,0.2645440232292367,0.152434879806911,1,25,0,11,1.0,0.3055555555555556,0.46808510638297873,0.3055555555555556,0.9615384615384616,28585580,108777,22534,18021,0.4443595117741339,0.1421236928027256,0.21536512640944588,0.12067741676264966,1,25,0,15,1.0,0.375,0.5454545454545454,0.375,0.9615384615384616
MAG1C_SAS_TILINGdata_selected_50_starcop_filtering,1000,0.03871430179740872,1952.7544,0.0910829783088666,0.28956625149732107,1454.5073,0.4007867547824627,0.0172286321021858,1393.6736,0.04528809504733255,87492804,464790,100494,113972,0.5314222300970783,0.19692377868623026,0.2873625237636594,0.16778946376623835,0,26,0,26,1.0,0.5,0.6666666666666666,0.5,1.0,17063714,51015,75369,98542,0.5666231578221044,0.6588925961339155,0.6092843805260489,0.4381085334732312,0,26,0,11,1.0,0.2972972972972973,0.4583333333333333,0.2972972972972973,1.0,28578528,115829,25125,15430,0.3804709653556898,0.11755384392689264,0.1796128371378351,0.09866738285246572,0,26,0,15,1.0,0.36585365853658536,0.5357142857142857,0.36585365853658536,1.0
MAG1C_SAS_TILINGdata_selected_50_starcop_filtering,1100,0.03871430179740872,1952.7544,0.0910829783088666,0.28956625149732107,1454.5073,0.4007867547824627,0.0172286321021858,1393.6736,0.04528809504733255,87554637,402957,108995,105471,0.4917842455214346,0.20744530198966224,0.2918021175995374,0.17082454006410516,0,26,0,26,1.0,0.5,0.6666666666666666,0.5,1.0,17072862,41867,82102,91809,0.5279079529184468,0.6868024177862893,0.5969628105219013,0.4254789644912827,0,26,0,11,1.0,0.2972972972972973,0.4583333333333333,0.2972972972972973,1.0,28595091,99266,26893,13662,0.33687584761435085,0.12097973930291868,0.17802623091808215,0.09771064432381402,0,26,0,15,1.0,0.36585365853658536,0.5357142857142857,0.36585365853658536,1.0
MAG1C_SASdata_selected_50_starcop_filtering,1100,0.022105283816754404,1400.8965,0.059826647151768185,0.09470337703500285,1238.4604,0.22281735176040376,0.028158739856534082,1932.3812,0.06992367959996039,85791991,2165603,95643,118823,0.5540412000037302,0.05201437910442273,0.09510054856312317,0.04992418287032855,1,25,0,26,1.0,0.5098039215686274,0.6753246753246753,0.5098039215686274,0.9615384615384616,16596805,517924,71514,102397,0.5887896682786022,0.1650709874403736,0.257851610108885,0.14800783423793246,1,25,0,11,1.0,0.3055555555555556,0.46808510638297873,0.3055555555555556,0.9615384615384616,28605134,89223,24129,16426,0.4050302058932314,0.15547709869473444,0.22469973461738393,0.12656998875001926,1,25,0,15,1.0,0.375,0.5454545454545454,0.375,0.9615384615384616
MAG1C_SAS_TILINGdata_selected_50_starcop_filtering,1200,0.03871430179740872,1952.7544,0.0910829783088666,0.28956625149732107,1454.5073,0.4007867547824627,0.0172286321021858,1393.6736,0.04528809504733255,87605107,352487,116848,97618,0.4551677188925051,0.21687828395596584,0.2937774895383639,0.1721800572534231,0,26,0,26,1.0,0.5,0.6666666666666666,0.5,1.0,17080000,34729,88387,85524,0.4917687782831448,0.7112005521691767,0.581471560082131,0.40991180981595093,0,26,0,11,1.0,0.2972972972972973,0.4583333333333333,0.2972972972972973,1.0,28608139,86218,28461,12094,0.29821230427814077,0.12301651883798519,0.17418105093362712,0.0953988625338203,0,26,0,15,1.0,0.36585365853658536,0.5357142857142857,0.36585365853658536,1.0
MAG1C_SASdata_selected_50_starcop_filtering,1200,0.022105283816754404,1400.8965,0.059826647151768185,0.09470337703500285,1238.4604,0.22281735176040376,0.028158739856534082,1932.3812,0.06992367959996039,85850994,2106600,102430,112036,0.5223951582068953,0.05049769317724945,0.09209313871757124,0.04826920044496796,1,25,0,26,1.0,0.5098039215686274,0.6753246753246753,0.5098039215686274,0.9615384615384616,16610676,504053,76773,97138,0.5585500629632398,0.16157593842888532,0.25064572146633607,0.1432789941648819,1,25,0,11,1.0,0.3055555555555556,0.46808510638297873,0.3055555555555556,0.9615384615384616,28620519,73838,25657,14898,0.3673529774380471,0.167891272989542,0.23045687634870177,0.13023524166688522,1,25,0,15,1.0,0.375,0.5454545454545454,0.375,0.9615384615384616
MAG1C_SASdata_selected_50_starcop_filtering,1300,0.022105283816754404,1400.8965,0.059826647151768185,0.09470337703500285,1238.4604,0.22281735176040376,0.028158739856534082,1932.3812,0.06992367959996039,85901188,2056406,109050,105416,0.49152779461546353,0.048762571571572495,0.08872325240038244,0.046420934337118074,1,25,0,26,1.0,0.5098039215686274,0.6753246753246753,0.5098039215686274,0.9615384615384616,16622555,492174,81879,92032,0.5291902179850613,0.1575334727818612,0.24279102038339725,0.1381685520616738,1,25,0,11,1.0,0.3055555555555556,0.46808510638297873,0.3055555555555556,0.9615384615384616,28633049,61308,27171,13384,0.3300209591912218,0.1791892036630429,0.23226634966636878,0.1313921639849602,1,25,0,15,1.0,0.375,0.5454545454545454,0.375,0.9615384615384616
MAG1C_SAS_TILINGdata_selected_50_starcop_filtering,1300,0.03871430179740872,1952.7544,0.0910829783088666,0.28956625149732107,1454.5073,0.4007867547824627,0.0172286321021858,1393.6736,0.04528809504733255,87647641,309953,124104,90362,0.42133485027929835,0.22572723979865855,0.2939648427651472,0.17230878362530724,0,26,0,26,1.0,0.5,0.6666666666666666,0.5,1.0,17085820,28909,94284,79627,0.4578606298624009,0.7336459792142699,0.5638367552142526,0.3925993491766098,0,26,0,11,1.0,0.2972972972972973,0.4583333333333333,0.2972972972972973,1.0,28619282,75075,29820,10735,0.26470225619529036,0.12510196946742805,0.16990464131682032,0.09283922857389951,0,26,0,15,1.0,0.36585365853658536,0.5357142857142857,0.36585365853658536,1.0
MAG1C_SASdata_selected_50_starcop_filtering,1400,0.022105283816754404,1400.8965,0.059826647151768185,0.09470337703500285,1238.4604,0.22281735176040376,0.028158739856534082,1932.3812,0.06992367959996039,85944436,2013158,115203,99263,0.46283793235291376,0.046990159632005174,0.08531828146360353,0.04456003347063957,1,25,0,26,1.0,0.5098039215686274,0.6753246753246753,0.5098039215686274,0.9615384615384616,16633222,481507,86556,87355,0.5022971519915359,0.15356096909267977,0.23521318087760323,0.13328135632527638,1,25,0,11,1.0,0.3055555555555556,0.46808510638297873,0.3055555555555556,0.9615384615384616,28642987,51370,28647,11908,0.293625940081371,0.1881854673030121,0.2293683125788526,0.12954038618438946,1,25,0,15,1.0,0.375,0.5454545454545454,0.375,0.9615384615384616
MAG1C_SAS_TILINGdata_selected_50_starcop_filtering,1400,0.03871430179740872,1952.7544,0.0910829783088666,0.28956625149732107,1454.5073,0.4007867547824627,0.0172286321021858,1393.6736,0.04528809504733255,87682803,274791,130705,83761,0.39055607881902027,0.2336090720453379,0.292350327563881,0.1712004120533789,0,26,0,26,1.0,0.5,0.6666666666666666,0.5,1.0,17090029,24700,99793,74118,0.426183507656215,0.75004553826226,0.5435285576524682,0.3731817472345439,0,26,0,11,1.0,0.2972972972972973,0.4583333333333333,0.2972972972972973,1.0,28628585,65772,30912,9643,0.2377758599432869,0.12786580918915336,0.16630162973182722,0.09069192208940344,0,26,0,15,1.0,0.36585365853658536,0.5357142857142857,0.36585365853658536,1.0
MAG1C_SASdata_selected_50_starcop_filtering,1500,0.022105283816754404,1400.8965,0.059826647151768185,0.09470337703500285,1238.4604,0.22281735176040376,0.028158739856534082,1932.3812,0.06992367959996039,85982170,1975424,121175,93291,0.43499202670819614,0.04509611038736607,0.08172019651530037,0.04260076990168456,2,24,0,26,1.0,0.52,0.6842105263157895,0.52,0.9230769230769231,16642868,471861,91260,82651,0.47524883417380154,0.14905177886141327,0.22693132973560692,0.12798789665702445,2,24,0,11,1.0,0.3142857142857143,0.4782608695652174,0.3142857142857143,0.9230769230769231,28651183,43174,29915,10640,0.26235975835285413,0.1977180659307987,0.22549777999131068,0.1270766401127447,2,24,0,15,1.0,0.38461538461538464,0.5555555555555556,0.38461538461538464,0.9230769230769231
MAG1C_SAS_TILINGdata_selected_50_starcop_filtering,1500,0.03871430179740872,1952.7544,0.0910829783088666,0.28956625149732107,1454.5073,0.4007867547824627,0.0172286321021858,1393.6736,0.04528809504733255,87713585,244009,136769,77697,0.3622812007497692,0.2415155452493892,0.28982117678655356,0.1694683461475544,0,26,0,26,1.0,0.5,0.6666666666666666,0.5,1.0,17093488,21241,104867,69044,0.3970076648400619,0.7647338982112201,0.5226725612802617,0.3537960154136263,0,26,0,11,1.0,0.2972972972972973,0.4583333333333333,0.2972972972972973,1.0,28636596,57761,31902,8653,0.21336456663789916,0.13028879453127354,0.16178519010180523,0.08801212417104032,0,26,0,15,1.0,0.36585365853658536,0.5357142857142857,0.36585365853658536,1.0
MAG1C_SAS_TILINGdata_selected_50_starcop_filtering,1600,0.03871430179740872,1952.7544,0.0910829783088666,0.28956625149732107,1454.5073,0.4007867547824627,0.0172286321021858,1393.6736,0.04528809504733255,87739731,217863,142288,72178,0.33654751802150457,0.24885447229874397,0.28613279895026233,0.16695155772571352,0,26,0,26,1.0,0.5,0.6666666666666666,0.5,1.0,17096071,18658,109559,64352,0.370028347833087,0.775231899771112,0.5009477621525683,0.3341763212147334,0,26,0,11,1.0,0.2972972972972973,0.4583333333333333,0.2972972972972973,1.0,28643585,50772,32729,7826,0.1929725064726914,0.13355404621318134,0.15785704920678145,0.08569207353794606,0,26,0,15,1.0,0.36585365853658536,0.5357142857142857,0.36585365853658536,1.0
MAG1C_SASdata_selected_50_starcop_filtering,1600,0.022105283816754404,1400.8965,0.059826647151768185,0.09470337703500285,1238.4604,0.22281735176040376,0.028158739856534082,1932.3812,0.06992367959996039,86016487,1941107,126682,87784,0.4093142969048707,0.043266986743003936,0.07826128431631701,0.04072420651028752,2,24,0,26,1.0,0.52,0.6842105263157895,0.52,0.9230769230769231,16651710,463019,95660,78251,0.4499485368953085,0.1445692537920077,0.21882852033261507,0.12285651484464541,2,24,0,11,1.0,0.3142857142857143,0.4782608695652174,0.3142857142857143,0.9230769230769231,28658360,35997,31022,9533,0.23506349402046603,0.20937843180320667,0.22147877098216878,0.12452973142439126,2,24,0,15,1.0,0.38461538461538464,0.5555555555555556,0.38461538461538464,0.9230769230769231
MAG1C_SAS_TILINGdata_selected_50_starcop_filtering,1700,0.03871430179740872,1952.7544,0.0910829783088666,0.28956625149732107,1454.5073,0.4007867547824627,0.0172286321021858,1393.6736,0.04528809504733255,87761971,195623,147321,67145,0.31307992875327556,0.255529592644462,0.28139235678933183,0.16373275069558071,0,26,0,26,1.0,0.5,0.6666666666666666,0.5,1.0,17098285,16444,113721,60190,0.34609656663465793,0.7854216144270167,0.48047256979784064,0.3161986814110478,0,26,0,11,1.0,0.2972972972972973,0.4583333333333333,0.2972972972972973,1.0,28649438,44919,33600,6955,0.17149549993835533,0.13407487373250568,0.1504938926094624,0.08136977326438449,0,26,0,15,1.0,0.36585365853658536,0.5357142857142857,0.36585365853658536,1.0
MAG1C_SASdata_selected_50_starcop_filtering,1700,0.022105283816754404,1400.8965,0.059826647151768185,0.09470337703500285,1238.4604,0.22281735176040376,0.028158739856534082,1932.3812,0.06992367959996039,86045644,1911950,131785,82681,0.3855203155744967,0.04145177729615152,0.07485501994706435,0.038882796216732754,2,24,0,26,1.0,0.52,0.6842105263157895,0.52,0.9230769230769231,16659867,454862,99801,74110,0.42613750711570864,0.1401019335617008,0.21087435604503169,0.11786447573289566,2,24,0,11,1.0,0.3142857142857143,0.4782608695652174,0.3142857142857143,0.9230769230769231,28664006,30351,31984,8571,0.21134262113179633,0.22020965006936952,0.21568504095524493,0.1208783459791837,2,24,0,15,1.0,0.38461538461538464,0.5555555555555556,0.38461538461538464,0.9230769230769231
MAG1C_SASdata_selected_50_starcop_filtering,1800,0.022105283816754404,1400.8965,0.059826647151768185,0.09470337703500285,1238.4604,0.22281735176040376,0.028158739856534082,1932.3812,0.06992367959996039,86072027,1885567,136551,77915,0.36329767888616377,0.03968205463559126,0.07154899933331742,0.037101797924127856,2,24,0,26,1.0,0.52,0.6842105263157895,0.52,0.9230769230769231,16667197,447532,103678,70233,0.4038444951728183,0.13564648054619374,0.20308063312880598,0.11301599664007801,2,24,0,11,1.0,0.3142857142857143,0.4782608695652174,0.3142857142857143,0.9230769230769231,28668790,25567,32873,7682,0.18942177290099865,0.23104454269301333,0.2081729987534551,0.11617918393273041,2,24,0,15,1.0,0.38461538461538464,0.5555555555555556,0.38461538461538464,0.9230769230769231
MAG1C_SAS_TILINGdata_selected_50_starcop_filtering,1800,0.03871430179740872,1952.7544,0.0910829783088666,0.28956625149732107,1454.5073,0.4007867547824627,0.0172286321021858,1393.6736,0.04528809504733255,87781788,175806,151938,62528,0.2915520408829372,0.262354510896473,0.2761837455830389,0.16021646441456217,0,26,0,26,1.0,0.5,0.6666666666666666,0.5,1.0,17100105,14624,117570,56341,0.32396455658353984,0.7939265835270908,0.46015942762867734,0.29883575993847294,0,26,0,11,1.0,0.2972972972972973,0.4583333333333333,0.2972972972972973,1.0,28654695,39662,34368,6187,0.1525582542226606,0.1349429649501625,0.14321096245544188,0.0771282895146914,0,26,0,15,1.0,0.36585365853658536,0.5357142857142857,0.36585365853658536,1.0
MAG1C_SASdata_selected_50_starcop_filtering,1900,0.022105283816754404,1400.8965,0.059826647151768185,0.09470337703500285,1238.4604,0.22281735176040376,0.028158739856534082,1932.3812,0.06992367959996039,86095991,1861603,141081,73385,0.3421754497216342,0.03792529979514085,0.06828245684718073,0.03534805442400999,2,24,0,26,1.0,0.52,0.6842105263157895,0.52,0.9230769230769231,16674310,440419,107394,66517,0.38247724410761824,0.13121380213675887,0.1953948537630334,0.10827568245080006,2,24,0,11,1.0,0.3142857142857143,0.4782608695652174,0.3142857142857143,0.9230769230769231,28672759,21598,33687,6868,0.16935026507212428,0.24127028736035971,0.19901189493052843,0.11050150435216322,2,24,0,15,1.0,0.38461538461538464,0.5555555555555556,0.38461538461538464,0.9230769230769231
MAG1C_SAS_TILINGdata_selected_50_starcop_filtering,1900,0.03871430179740872,1952.7544,0.0910829783088666,0.28956625149732107,1454.5073,0.4007867547824627,0.0172286321021858,1393.6736,0.04528809504733255,87798367,159227,156021,58445,0.27251405817239094,0.26850031239663347,0.27049229644234013,0.15639843400866488,0,26,0,26,1.0,0.5,0.6666666666666666,0.5,1.0,17101545,13184,121047,52864,0.30397157166596706,0.8003875968992248,0.4406086039698448,0.2825516448862877,0,26,0,11,1.0,0.2972972972972973,0.4583333333333333,0.2972972972972973,1.0,28659173,35184,34974,5581,0.1376155837751202,0.13690666012510733,0.1372602065912445,0.07368726811814257,0,26,0,15,1.0,0.36585365853658536,0.5357142857142857,0.36585365853658536,1.0
MAG1C_SAS_TILINGdata_selected_50_starcop_filtering,2000,0.03871430179740872,1952.7544,0.0910829783088666,0.28956625149732107,1454.5073,0.4007867547824627,0.0172286321021858,1393.6736,0.04528809504733255,87813018,144576,159686,54780,0.2554251023472252,0.2747848070787937,0.2647515115194456,0.15257267951938772,0,26,0,26,1.0,0.5,0.6666666666666666,0.5,1.0,17103020,11709,124157,49754,0.28608886154412316,0.8094951434196183,0.42276547112255386,0.26804223682792805,0,26,0,11,1.0,0.2972972972972973,0.4583333333333333,0.2972972972972973,1.0,28663009,31348,35529,5026,0.12393046480088768,0.13817561994831473,0.13066593872271837,0.06989972601977665,0,26,0,15,1.0,0.36585365853658536,0.5357142857142857,0.36585365853658536,1.0
MAG1C_SASdata_selected_50_starcop_filtering,2000,0.022105283816754404,1400.8965,0.059826647151768185,0.09470337703500285,1238.4604,0.22281735176040376,0.028158739856534082,1932.3812,0.06992367959996039,86117631,1839963,145258,69208,0.32269916909906465,0.03625028873788676,0.06517874759198489,0.03368721917379476,2,24,0,26,1.0,0.52,0.6842105263157895,0.52,0.9230769230769231,16681015,433714,110943,62968,0.36207025432548834,0.12677729412380556,0.18779796389166006,0.10362970582184736,2,24,0,11,1.0,0.3142857142857143,0.4782608695652174,0.3142857142857143,0.9230769230769231,28675951,18406,34315,6240,0.15386512144001974,0.2531851010305932,0.19140810723761906,0.10583266905242449,2,24,0,15,1.0,0.38461538461538464,0.5555555555555556,0.38461538461538464,0.9230769230769231
MAG1C_SAS_TILINGdata_selected_50_starcop_filtering,2100,0.03871430179740872,1952.7544,0.0910829783088666,0.28956625149732107,1454.5073,0.4007867547824627,0.0172286321021858,1393.6736,0.04528809504733255,87825652,131942,162937,51529,0.24026652243246016,0.2808563751219539,0.25898069292375425,0.14875233828318052,0,26,0,26,1.0,0.5,0.6666666666666666,0.5,1.0,17104116,10613,126908,47003,0.2702704256775017,0.8157976950846987,0.40602607903181925,0.25472567254124123,0,26,0,11,1.0,0.2972972972972973,0.4583333333333333,0.2972972972972973,1.0,28666180,28177,36029,4526,0.11160152878806559,0.1383970889520839,0.12356329684130062,0.06584996799161963,0,26,0,15,1.0,0.36585365853658536,0.5357142857142857,0.36585365853658536,1.0
MAG1C_SASdata_selected_50_starcop_filtering,2100,0.022105283816754404,1400.8965,0.059826647151768185,0.09470337703500285,1238.4604,0.22281735176040376,0.028158739856534082,1932.3812,0.06992367959996039,86136996,1820598,149273,65193,0.30397825296317366,0.034570639058092864,0.06208097389986082,0.03203486475118227,2,24,0,26,1.0,0.52,0.6842105263157895,0.52,0.9230769230769231,16686949,427780,114346,59565,0.3425027744075993,0.12222347618217075,0.18015715547382558,0.0989959962838068,2,24,0,11,1.0,0.3142857142857143,0.4782608695652174,0.3142857142857143,0.9230769230769231,28678788,15569,34927,5628,0.1387745037603255,0.2655092701797424,0.18227749708511468,0.1002779559546718,2,24,0,15,1.0,0.38461538461538464,0.5555555555555556,0.38461538461538464,0.9230769230769231
MAG1C_SASdata_selected_50_starcop_filtering,2200,0.022105283816754404,1400.8965,0.059826647151768185,0.09470337703500285,1238.4604,0.22281735176040376,0.028158739856534082,1932.3812,0.06992367959996039,86154826,1802768,153161,61305,0.28584950528288866,0.03288766051544119,0.05898854916843033,0.030390623993051872,2,24,0,26,1.0,0.52,0.6842105263157895,0.52,0.9230769230769231,16692730,421999,117646,56265,0.3235275514487295,0.11764422996504023,0.1725457124238126,0.09441862026144887,2,24,0,11,1.0,0.3142857142857143,0.4782608695652174,0.3142857142857143,0.9230769230769231,28680891,13466,35515,5040,0.1242756750092467,0.27234410461471953,0.17067100116828363,0.09329705114677625,2,24,0,15,1.0,0.38461538461538464,0.5555555555555556,0.38461538461538464,0.9230769230769231
MAG1C_SAS_TILINGdata_selected_50_starcop_filtering,2200,0.03871430179740872,1952.7544,0.0910829783088666,0.28956625149732107,1454.5073,0.4007867547824627,0.0172286321021858,1393.6736,0.04528809504733255,87836484,121110,166028,48438,0.2258539815168838,0.28568900842239364,0.25227205258141633,0.14434286122964693,0,26,0,26,1.0,0.5,0.6666666666666666,0.5,1.0,17105031,9698,129532,44379,0.2551822483914186,0.8206631285019509,0.38930996368229903,0.24170383804715456,0,26,0,11,1.0,0.2972972972972973,0.4583333333333333,0.2972972972972973,1.0,28668789,25568,36496,4059,0.10008630255208975,0.13700340905255343,0.11567068479097205,0.06138559956444807,0,26,0,15,1.0,0.36585365853658536,0.5357142857142857,0.36585365853658536,1.0
MAG1C_SASdata_selected_50_starcop_filtering,2300,0.022105283816754404,1400.8965,0.059826647151768185,0.09470337703500285,1238.4604,0.22281735176040376,0.028158739856534082,1932.3812,0.06992367959996039,86171928,1785666,156865,57601,0.26857870245167065,0.031249406624216675,0.05598491155072111,0.0287985992924467,2,24,0,26,1.0,0.52,0.6842105263157895,0.52,0.9230769230769231,16698571,416158,120850,53061,0.305104334975936,0.1130836560326841,0.16500862967051763,0.08992338184178461,2,24,0,11,1.0,0.3142857142857143,0.4782608695652174,0.3142857142857143,0.9230769230769231,28682863,11494,36015,4540,0.11194673899642461,0.2831483098415866,0.16045521214370284,0.08722549904897309,2,24,0,15,1.0,0.38461538461538464,0.5555555555555556,0.38461538461538464,0.9230769230769231
MAG1C_SAS_TILINGdata_selected_50_starcop_filtering,2300,0.03871430179740872,1952.7544,0.0910829783088666,0.28956625149732107,1454.5073,0.4007867547824627,0.0172286321021858,1393.6736,0.04528809504733255,87846460,111134,168913,45553,0.21240196581276286,0.29072609725120785,0.24546750262021322,0.13990479115479115,0,26,0,26,1.0,0.5,0.6666666666666666,0.5,1.0,17105803,8926,132060,41851,0.2406460775914117,0.8242117494141048,0.3725254575233213,0.22889787078107823,0,26,0,11,1.0,0.2972972972972973,0.4583333333333333,0.2972972972972973,1.0,28671204,23153,36853,3702,0.09128344223893478,0.13785142431576988,0.1098353360035603,0.0581088717272556,0,26,0,15,1.0,0.36585365853658536,0.5357142857142857,0.36585365853658536,1.0
MAG1C_SAS_TILINGdata_selected_50_starcop_filtering,2400,0.03871430179740872,1952.7544,0.0910829783088666,0.28956625149732107,1454.5073,0.4007867547824627,0.0172286321021858,1393.6736,0.04528809504733255,87855102,102492,171379,43087,0.2009036397377673,0.295969885766491,0.23934230443416793,0.1359391465115252,0,26,0,26,1.0,0.5,0.6666666666666666,0.5,1.0,17106518,8211,134170,39741,0.22851343503286164,0.8287662662662663,0.35824810806668983,0.21821086963683684,0,26,0,11,1.0,0.2972972972972973,0.4583333333333333,0.2972972972972973,1.0,28673242,21115,37209,3346,0.08250523979780545,0.13678917460447243,0.10292850990525411,0.05425652667423383,0,26,0,15,1.0,0.36585365853658536,0.5357142857142857,0.36585365853658536,1.0
MAG1C_SASdata_selected_50_starcop_filtering,2400,0.022105283816754404,1400.8965,0.059826647151768185,0.09470337703500285,1238.4604,0.22281735176040376,0.028158739856534082,1932.3812,0.06992367959996039,86187287,1770307,160345,54121,0.2523523542193168,0.02966464009541621,0.05308858626294452,0.027268105722921463,2,24,0,26,1.0,0.52,0.6842105263157895,0.52,0.9230769230769231,16704291,410438,123943,49968,0.28731937600266805,0.10853029717249559,0.1575489857594862,0.0855105425011423,2,24,0,11,1.0,0.3142857142857143,0.4782608695652174,0.3142857142857143,0.9230769230769231,28684288,10069,36402,4153,0.10240414252250031,0.2920123751933624,0.15163298464684083,0.08203618836915297,2,24,0,15,1.0,0.38461538461538464,0.5555555555555556,0.38461538461538464,0.9230769230769231
MAG1C_SAS_TILINGdata_selected_50_starcop_filtering,2500,0.03871430179740872,1952.7544,0.0910829783088666,0.28956625149732107,1454.5073,0.4007867547824627,0.0172286321021858,1393.6736,0.04528809504733255,87863059,94535,173929,40537,0.18901364318819766,0.3001140132669983,0.23194616894300477,0.13118727771107536,0,26,0,26,1.0,0.5,0.6666666666666666,0.5,1.0,17107131,7598,136425,37486,0.21554703267763395,0.8314701446189335,0.34234571565560856,0.20652419439256456,0,26,0,11,1.0,0.2972972972972973,0.4583333333333333,0.2972972972972973,1.0,28675057,19300,37504,3051,0.07523116755024041,0.13650395955438235,0.09700187581470765,0.05097318519756077,0,26,0,15,1.0,0.36585365853658536,0.5357142857142857,0.36585365853658536,1.0
MAG1C_SASdata_selected_50_starcop_filtering,2500,0.022105283816754404,1400.8965,0.059826647151768185,0.09470337703500285,1238.4604,0.22281735176040376,0.028158739856534082,1932.3812,0.06992367959996039,86201578,1756016,163557,50909,0.23737562131060402,0.028174384659020158,0.05037026483248416,0.02583581073057252,2,24,1,25,0.9615384615384616,0.5102040816326531,0.6666666666666667,0.5,0.9230769230769231,16709528,405201,126795,47116,0.2709201833121539,0.10416588366123758,0.150475545647911,0.08135904626393513,2,24,1,10,0.9090909090909091,0.29411764705882354,0.4444444444444445,0.2857142857142857,0.9230769230769231,28685506,8851,36762,3793,0.0935273085932684,0.2999841822208162,0.14259666535085244,0.07677205197749261,2,24,0,15,1.0,0.38461538461538464,0.5555555555555556,0.38461538461538464,0.9230769230769231
MAG1C_SAS_TILINGdata_selected_50_starcop_filtering,2600,0.03871430179740872,1952.7544,0.0910829783088666,0.28956625149732107,1454.5073,0.4007867547824627,0.0172286321021858,1393.6736,0.04528809504733255,87870006,87588,176193,38273,0.1784571913496778,0.3040894319924361,0.22491897498582245,0.12670913147980162,0,26,0,26,1.0,0.5,0.6666666666666666,0.5,1.0,17107648,7081,138402,35509,0.20417914910500198,0.8337403146278469,0.32802619849330955,0.19619099186704383,0,26,0,11,1.0,0.2972972972972973,0.4583333333333333,0.2972972972972973,1.0,28676676,17681,37791,2764,0.06815435827888053,0.13519197847884568,0.09062295081967212,0.047462050965038804,0,26,0,15,1.0,0.36585365853658536,0.5357142857142857,0.36585365853658536,1.0
MAG1C_SASdata_selected_50_starcop_filtering,2600,0.022105283816754404,1400.8965,0.059826647151768185,0.09470337703500285,1238.4604,0.22281735176040376,0.028158739856534082,1932.3812,0.06992367959996039,86215050,1742544,166291,48175,0.2246276799119674,0.026902601692392832,0.048050429262137914,0.024616634559864282,2,24,1,25,0.9615384615384616,0.5102040816326531,0.6666666666666667,0.5,0.9230769230769231,16714817,399912,129182,44729,0.25719477203857144,0.10059576152446581,0.14462486581564687,0.0779491236844811,2,24,1,10,0.9090909090909091,0.29411764705882354,0.4444444444444445,0.2857142857142857,0.9230769230769231,28686655,7702,37109,3446,0.08497102700036986,0.30911374237531397,0.13329980852174922,0.07140932921648672,2,24,0,15,1.0,0.38461538461538464,0.5555555555555556,0.38461538461538464,0.9230769230769231
MAG1C_SASdata_selected_50_starcop_filtering,2700,0.022105283816754404,1400.8965,0.059826647151768185,0.09470337703500285,1238.4604,0.22281735176040376,0.028158739856534082,1932.3812,0.06992367959996039,86228212,1729382,168867,45599,0.2126164520250296,0.02568985245475867,0.04584087940015492,0.023458109893366146,2,24,1,25,0.9615384615384616,0.5102040816326531,0.6666666666666667,0.5,0.9230769230769231,16720162,394567,131498,42413,0.24387761556198284,0.09705936198453019,0.138856195295069,0.07460798834783404,2,24,1,10,0.9090909090909091,0.29411764705882354,0.4444444444444445,0.2857142857142857,0.9230769230769231,28687542,6815,37369,3186,0.07855998027370238,0.31856814318568144,0.1260384524092096,0.06725775807473085,2,24,0,15,1.0,0.38461538461538464,0.5555555555555556,0.38461538461538464,0.9230769230769231
MAG1C_SAS_TILINGdata_selected_50_starcop_filtering,2700,0.03871430179740872,1952.7544,0.0910829783088666,0.28956625149732107,1454.5073,0.4007867547824627,0.0172286321021858,1393.6736,0.04528809504733255,87876251,81343,178401,36065,0.16816185316087398,0.3071766830198964,0.21734152117972486,0.12191988749497142,0,26,0,26,1.0,0.5,0.6666666666666666,0.5,1.0,17108022,6707,140372,33539,0.19285151600531306,0.8333498981265219,0.31321880676326247,0.18569024128270714,0,26,0,11,1.0,0.2972972972972973,0.4583333333333333,0.2972972972972973,1.0,28678100,16257,38029,2526,0.06228578473677722,0.13448330937549913,0.0851393710607031,0.04446243751320143,0,26,0,15,1.0,0.36585365853658536,0.5357142857142857,0.36585365853658536,1.0
MAG1C_SASdata_selected_50_starcop_filtering,2800,0.022105283816754404,1400.8965,0.059826647151768185,0.09470337703500285,1238.4604,0.22281735176040376,0.028158739856534082,1932.3812,0.06992367959996039,86240415,1717179,171373,43093,0.20093161620023686,0.024480875682849013,0.04364427078427619,0.02230896463894763,2,24,1,25,0.9615384615384616,0.5102040816326531,0.6666666666666667,0.5,0.9230769230769231,16724972,389757,133714,40197,0.23113546584172365,0.09349139675407137,0.13313240542174162,0.07131325532050782,2,24,1,10,0.9090909090909091,0.29411764705882354,0.4444444444444445,0.2857142857142857,0.9230769230769231,28688375,5982,37659,2896,0.07140919738626557,0.3261995945032665,0.11716869297837477,0.06223005350581258,2,24,0,15,1.0,0.38461538461538464,0.5555555555555556,0.38461538461538464,0.9230769230769231
MAG1C_SAS_TILINGdata_selected_50_starcop_filtering,2800,0.03871430179740872,1952.7544,0.0910829783088666,0.28956625149732107,1454.5073,0.4007867547824627,0.0172286321021858,1393.6736,0.04528809504733255,87881829,75765,180408,34058,0.15880372646480095,0.3101171885670579,0.21004721097539542,0.11734790563378826,1,25,0,26,1.0,0.5098039215686274,0.6753246753246753,0.5098039215686274,0.9615384615384616,17108520,6209,142197,31714,0.18235764270230176,0.8362735015689687,0.29942313320807806,0.17607150788363313,1,25,0,11,1.0,0.3055555555555556,0.46808510638297873,0.3055555555555556,0.9615384615384616,28679255,15102,38211,2344,0.057798052028109975,0.13435744583285567,0.08082619265185083,0.042115097831359936,1,25,0,15,1.0,0.375,0.5454545454545454,0.375,0.9615384615384616
MAG1C_SAS_TILINGdata_selected_50_starcop_filtering,2900,0.03871430179740872,1952.7544,0.0910829783088666,0.28956625149732107,1454.5073,0.4007867547824627,0.0172286321021858,1393.6736,0.04528809504733255,87886837,70757,182135,32331,0.15075116801730812,0.3136252522117026,0.20362521020046986,0.11335341119054214,1,25,1,25,0.9615384615384616,0.5,0.6578947368421052,0.49019607843137253,0.9615384615384616,17108913,5816,143752,30159,0.17341628764137978,0.8383321751216122,0.2873845802006803,0.1678045034969704,1,25,1,10,0.9090909090909091,0.2857142857142857,0.43478260869565216,0.2777777777777778,0.9615384615384616,28680398,13959,38383,2172,0.05355689803969917,0.13464757299609448,0.07663267826271036,0.03984297611622702,1,25,0,15,1.0,0.375,0.5454545454545454,0.375,0.9615384615384616
MAG1C_SASdata_selected_50_starcop_filtering,2900,0.022105283816754404,1400.8965,0.059826647151768185,0.09470337703500285,1238.4604,0.22281735176040376,0.028158739856534082,1932.3812,0.06992367959996039,86252323,1705271,173756,40710,0.18982029785607044,0.02331640493224153,0.04153134463721794,0.02120602978428816,2,24,1,25,0.9615384615384616,0.5102040816326531,0.6666666666666667,0.5,0.9230769230769231,16729844,384885,135896,38015,0.2185888184186164,0.08989122724048239,0.12739376452511766,0.06803019348742653,2,24,1,10,0.9090909090909091,0.29411764705882354,0.4444444444444445,0.2857142857142857,0.9230769230769231,28689099,5258,37860,2695,0.06645296510911108,0.338865836791148,0.11111569225694731,0.05882609739593565,2,24,0,15,1.0,0.38461538461538464,0.5555555555555556,0.38461538461538464,0.9230769230769231
