timestamp,power_watts,phase
1774368455.3787887,7.71,idle_before
1774368455.5468965,7.69,idle_before
1774368455.711959,7.75,idle_before
1774368455.8766766,7.71,idle_before
1774368456.0413885,7.68,idle_before
1774368456.2061598,7.68,idle_before
1774368456.3709905,7.69,idle_before
1774368456.535725,7.69,idle_before
1774368456.7007322,7.71,idle_before
1774368456.865859,7.74,idle_before
1774368457.0308027,7.71,idle_before
1774368457.1958132,7.66,idle_before
1774368457.3607798,7.69,idle_before
1774368457.5256488,7.69,idle_before
1774368457.690567,7.71,idle_before
1774368457.855575,7.69,idle_before
1774368458.0203195,7.72,idle_before
1774368458.1851828,7.74,idle_before
1774368458.350116,7.77,idle_before
1774368458.5158243,7.72,running
1774368458.680698,7.71,running
1774368458.8454545,7.75,running
1774368459.010186,7.91,running
1774368459.176023,7.93,running
1774368459.342921,8.23,running
1774368459.5133348,7.99,running
1774368459.6795456,7.93,running
1774368459.8458066,8.02,running
1774368460.012151,7.91,running
1774368460.1785252,7.94,running
1774368460.3448594,8.17,running
1774368460.5112796,7.99,running
1774368460.6775641,7.90,running
1774368460.8436732,7.87,running
1774368461.0098543,8.07,running
1774368461.176388,7.99,running
1774368461.3427548,8.05,running
1774368461.5091114,7.88,running
1774368461.6755857,8.03,running
1774368461.8418553,8.00,running
1774368462.0083823,7.94,running
1774368462.1761537,8.03,running
1774368462.3427017,7.93,running
1774368462.510213,8.14,running
1774368462.6770606,8.21,running
1774368462.8447804,8.08,running
1774368463.0121727,8.23,running
1774368463.1799023,8.17,running
1774368463.3471925,8.26,running
1774368463.514375,8.13,running
1774368463.6824913,8.13,running
1774368463.8494751,8.13,running
1774368464.0169363,8.08,running
1774368464.1843815,8.28,running
1774368464.3515198,8.14,running
1774368464.5192375,8.19,running
1774368464.6886733,8.16,running
1774368464.858496,8.13,running
1774368465.0276873,8.07,running
1774368465.196636,8.13,running
1774368465.3655462,8.14,running
1774368465.534689,8.19,running
1774368465.7021663,8.28,running
1774368465.8694756,8.20,running
1774368466.0368607,8.03,running
1774368466.2045748,8.19,running
1774368466.3720467,8.26,running
1774368466.5419621,8.28,running
1774368466.7120874,8.19,running
1774368466.8793774,8.29,running
1774368467.0494452,8.05,running
1774368467.2191129,8.13,running
1774368467.3878918,8.16,running
1774368467.5563498,8.10,running
1774368467.7248344,8.17,running
1774368467.8940265,8.17,running
1774368468.062651,8.07,running
1774368468.2327833,8.19,running
1774368468.4014957,8.16,running
1774368468.5699651,8.14,running
1774368468.7383518,8.13,running
1774368468.906852,8.34,running
1774368469.0757322,7.88,running
1774368469.2440908,7.82,running
1774368469.4113328,8.47,running
1774368469.5983293,8.51,running
1774368469.7906792,8.43,running
1774368469.9825277,8.45,running
1774368470.1745005,8.38,running
1774368470.3621035,8.44,running
1774368470.5544434,8.35,running
1774368470.7466748,8.47,running
1774368470.9292057,8.40,running
1774368471.1222224,8.53,running
1774368471.3147528,8.28,running
1774368471.506625,7.96,running
1774368471.6926215,8.13,running
1774368471.8610728,7.93,running
1774368472.0297363,7.93,running
1774368472.1971092,7.94,running
1774368472.3645525,7.97,running
1774368472.5320544,7.96,running
1774368472.6996107,7.97,running
1774368472.8679721,8.13,running
1774368473.036391,7.97,running
1774368473.2039258,7.94,running
1774368473.3714073,7.94,running
1774368473.538743,7.91,running
1774368473.706306,7.93,running
1774368473.8736932,7.97,running
1774368474.0417988,8.19,running
1774368474.2099576,8.00,running
1774368474.378073,8.00,running
1774368474.546129,7.94,running
1774368474.714858,8.71,running
1774368474.912522,8.43,running
1774368475.0822928,8.32,running
1774368475.2539306,8.29,running
1774368475.4239545,8.23,running
1774368475.5938222,8.13,running
1774368475.7669895,8.68,running
1774368475.9654708,8.65,running
1774368476.182867,8.67,running
1774368476.3971055,8.53,running
1774368476.612313,8.14,running
1774368476.7831306,8.14,running
1774368476.953211,8.10,running
1774368477.1226244,8.34,running
1774368477.2930865,8.65,running
1774368477.48702,8.26,running
1774368477.6787648,8.56,running
1774368477.8674858,8.38,running
1774368478.0583348,8.47,running
1774368478.2435758,8.51,running
1774368478.4305255,8.50,running
1774368478.6261306,8.24,running
1774368478.8163855,8.14,running
1774368479.006344,8.57,running
1774368479.198834,8.49,running
1774368479.3909593,8.61,running
1774368479.578595,8.35,running
1774368479.76209,8.50,running
1774368479.9427462,8.62,running
1774368480.1311445,8.52,running
1774368480.3233302,8.48,running
1774368480.5105722,8.80,running
1774368480.7076552,8.61,running
1774368480.9032829,8.26,running
1774368481.0952399,8.03,running
1774368481.286394,8.03,running
1774368481.4547496,8.17,running
1774368481.6232398,8.14,running
1774368481.791002,8.13,running
1774368481.9610345,8.19,running
1774368482.1299536,8.25,running
1774368482.2989094,8.13,running
1774368482.467622,8.26,running
1774368482.6364272,8.13,running
1774368482.8060527,8.19,running
1774368482.9752672,8.19,running
1774368483.144068,8.19,running
1774368483.3118181,8.16,running
1774368483.4803574,8.11,running
1774368483.6492074,8.29,running
1774368483.8183494,8.13,running
1774368483.9870744,8.14,running
1774368484.15595,8.13,running
1774368484.323515,8.11,running
1774368484.4909174,8.08,running
1774368484.658442,8.11,running
1774368484.8256984,8.40,running
1774368484.9936604,8.17,running
1774368485.1623752,8.16,running
1774368485.331143,8.25,running
1774368485.5026648,8.10,running
1774368485.6753483,8.11,running
1774368485.8485472,8.16,running
1774368486.0178885,8.14,running
1774368486.1906133,7.99,running
1774368486.3628488,8.03,running
1774368486.5345705,8.02,running
1774368486.7137346,8.11,running
1774368486.885486,8.08,running
1774368487.0587142,8.16,running
1774368487.2309268,8.23,running
1774368487.401009,8.11,running
1774368487.57253,8.31,running
1774368487.7427485,8.17,running
1774368487.9119184,8.20,running
1774368488.0807183,8.19,running
1774368488.249688,8.20,running
1774368488.41847,7.91,running
1774368488.5871994,7.90,running
1774368488.7542417,8.29,running
1774368488.9470382,8.50,running
1774368489.1388078,8.44,running
1774368489.3302188,8.45,running
1774368489.5134037,8.47,running
1774368489.697592,8.42,running
1774368489.8904455,8.53,running
1774368490.078027,8.47,running
1774368490.2703645,8.33,running
1774368490.4622724,8.34,running
1774368490.6542182,7.96,running
1774368490.8460124,7.97,running
1774368491.013031,7.97,running
1774368491.180677,8.02,running
1774368491.3474145,8.00,running
1774368491.5143964,8.08,running
1774368491.6817267,7.97,running
1774368491.8491259,7.97,running
1774368492.0167992,8.00,running
1774368492.183874,8.00,running
1774368492.3507721,8.19,running
1774368492.5175803,7.96,running
1774368492.6845114,7.90,running
1774368492.8518076,7.91,running
1774368493.0189507,7.97,running
1774368493.186225,7.96,running
1774368493.354023,7.97,running
1774368493.5223553,8.17,running
1774368493.6908278,8.05,running
1774368493.8592007,8.67,running
1774368494.0563614,8.26,running
1774368494.2245274,8.31,running
1774368494.393856,8.46,running
1774368494.5633848,8.35,running
1774368494.7342157,8.19,running
1774368494.905843,8.68,running
1774368495.1242864,8.67,running
1774368495.344343,8.71,running
1774368495.573863,8.00,running
1774368495.7739096,8.16,running
1774368495.9447536,8.37,running
1774368496.1136777,8.19,running
1774368496.2829645,8.55,running
1774368496.453658,8.65,running
1774368496.647739,8.57,running
1774368496.8409915,8.61,running
1774368497.030643,8.53,running
1774368497.2194765,8.64,running
1774368497.410265,8.55,running
1774368497.590886,8.50,running
1774368497.7813342,8.36,running
1774368497.9704785,8.50,running
1774368498.1581132,8.42,running
1774368498.351884,8.53,running
1774368498.5439334,8.50,running
1774368498.7307708,8.53,running
1774368498.9022691,8.38,running
1774368499.090725,8.10,running
1774368499.273406,8.44,running
1774368499.4706724,8.15,running
1774368499.6673791,8.47,running
1774368499.8622763,8.47,running
1774368500.0555654,8.35,running
1774368500.22635,7.93,running
1774368500.3965878,8.13,running
1774368500.565672,8.28,running
1774368500.7352653,8.14,running
1774368500.9069753,8.17,running
1774368501.075297,8.14,running
1774368501.2427187,8.08,running
1774368501.4101927,8.16,running
1774368501.577534,8.16,running
1774368501.7448041,8.31,running
1774368501.9121034,8.13,running
1774368502.079331,8.20,running
1774368502.2464955,8.14,running
1774368502.413589,8.14,running
1774368502.5808294,8.19,running
1774368502.7481236,8.22,running
1774368502.915272,8.34,running
1774368503.0820725,8.17,running
1774368503.249549,8.08,running
1774368503.4171176,8.19,running
1774368503.584665,8.19,running
1774368503.752156,8.14,running
1774368503.921208,8.11,running
1774368504.0882514,8.34,running
1774368504.256452,8.25,running
1774368504.4263055,8.29,running
1774368504.59587,8.14,running
1774368504.7638187,8.14,running
1774368504.9335983,8.26,running
1774368505.1082232,8.03,running
1774368505.2787032,8.10,running
1774368505.4491937,8.05,running
1774368505.6192963,8.10,running
1774368505.791504,7.93,running
1774368505.9621034,8.17,running
1774368506.1307387,8.14,running
1774368506.3014944,8.23,running
1774368506.4702778,8.25,running
1774368506.6389005,8.22,running
1774368506.8077369,8.22,running
1774368506.9765532,8.23,running
1774368507.145428,8.23,running
1774368507.3151145,8.03,running
1774368507.4820447,8.41,running
1774368507.6744843,8.44,running
1774368507.8662438,8.41,running
1774368508.0507703,8.50,running
1774368508.2333083,8.44,running
1774368508.4265842,8.47,running
1774368508.6182237,8.54,running
1774368508.8021688,8.53,running
1774368508.9941547,8.49,running
1774368509.182658,8.40,running
1774368509.3709655,8.23,running
1774368509.5664365,7.97,running
1774368509.7349527,7.96,running
1774368509.9038792,7.97,running
1774368510.0713892,8.13,running
1774368510.2390537,7.99,running
1774368510.4068904,7.99,running
1774368510.5746818,7.97,running
1774368510.742282,7.94,running
1774368510.9100318,7.94,running
1774368511.0775862,7.99,running
1774368511.24638,8.25,running
1774368511.4151,8.05,running
1774368511.5844133,8.03,running
1774368511.7531073,8.07,running
1774368511.9217956,8.03,running
1774368512.0904217,8.13,running
1774368512.2592816,8.00,running
1774368512.428199,8.20,running
1774368512.5968406,8.00,running
1774368512.7658312,8.71,running
1774368512.959815,8.07,running
1774368513.1439223,8.34,running
1774368513.315242,8.43,running
1774368513.4852667,8.41,running
1774368513.657167,8.20,running
1774368513.8303502,8.22,running
1774368514.0033607,8.68,running
1774368514.1859188,8.70,running
1774368514.3964286,8.68,running
1774368514.6139889,8.71,running
1774368514.833676,8.10,running
1774368515.016574,8.22,running
1774368515.1869848,8.17,running
1774368515.3575037,8.20,running
1774368515.5277627,8.50,running
1774368515.718248,8.43,running
1774368515.9053347,8.53,running
1774368516.0982654,8.93,running
1774368516.2957473,8.57,running
1774368516.4905162,8.20,running
1774368516.686802,8.62,running
1774368516.8752081,8.23,running
1774368517.0700717,8.70,running
1774368517.2602437,8.85,running
1774368517.4470556,8.64,running
1774368517.6441984,8.62,running
1774368517.834706,8.59,running
1774368518.031586,8.47,running
1774368518.2136083,8.50,running
1774368518.383866,8.62,running
1774368518.579306,8.42,running
1774368518.7764764,8.62,running
1774368518.9705937,8.44,running
1774368519.162959,8.00,running
1774368519.3504193,8.14,running
1774368519.5192428,8.11,running
1774368519.6869788,8.29,running
1774368519.855285,8.14,running
1774368520.0239596,8.16,running
1774368520.1934252,8.14,running
1774368520.3632476,8.14,running
1774368520.532147,8.19,running
1774368520.6999123,8.16,running
1774368520.8675046,8.34,running
1774368521.0348222,8.11,running
1774368521.202264,8.35,running
1774368521.371627,8.13,running
1774368521.5406039,8.17,running
1774368521.7095687,8.22,running
1774368521.8783545,8.07,running
1774368522.0460362,8.19,running
1774368522.2138443,8.13,running
1774368522.3830774,8.34,running
1774368522.5521317,8.19,running
1774368522.7207847,8.10,running
1774368522.8895943,8.14,running
1774368523.0584025,8.11,running
1774368523.2261252,8.22,running
1774368523.3945303,8.19,running
1774368523.5641932,8.29,running
1774368523.7337787,8.13,running
1774368523.90158,8.03,running
1774368524.0719526,8.08,running
1774368524.2438538,8.03,running
1774368524.4154205,8.03,running
1774368524.6067195,8.00,running
1774368524.7783377,8.00,running
1774368524.9483109,8.08,running
1774368525.1186366,8.32,running
1774368525.2869594,8.13,running
1774368525.4557135,8.07,running
1774368525.6258383,8.22,running
1774368525.7942564,8.17,running
1774368525.9626935,8.07,running
1774368526.1307867,8.41,running
1774368526.2984045,8.42,running
1774368526.4904597,8.42,running
1774368526.6778848,8.50,running
1774368526.8663146,8.38,running
1774368527.0495844,8.42,running
1774368527.2343578,8.50,running
1774368527.417647,8.00,running
1774368527.586458,8.19,running
1774368527.7551913,8.10,running
1774368527.923069,8.00,running
1774368528.0906022,8.07,running
1774368528.2584693,8.03,running
1774368528.4261088,7.97,running
1774368528.5940988,8.33,running
1774368528.790758,8.43,running
1774368528.962316,8.29,running
1774368529.134467,8.64,running
1774368529.3475368,8.68,running
1774368529.560931,8.23,running
1774368529.731377,8.16,running
1774368529.9016047,8.54,running
1774368530.0906641,8.47,running
1774368530.2835321,8.57,running
1774368530.4710798,8.48,running
1774368530.666676,8.54,running
1774368530.8602412,8.29,running
1774368531.051999,8.78,running
1774368531.2467487,8.39,running
1774368531.4343748,8.72,running
1774368531.6066916,8.42,running
1774368531.7986078,8.21,running
1774368531.9904475,8.48,running
1774368532.182654,8.45,running
1774368532.370966,8.57,running
1774368532.5671237,8.44,running
1774368532.756145,8.56,running
1774368532.9487991,8.48,running
1774368533.1386425,8.36,running
1774368533.327735,8.53,running
1774368533.5184562,8.52,running
1774368533.7173831,7.87,running
1774368533.8895626,7.99,running
1774368534.0575824,8.17,running
1774368534.2262652,8.10,running
1774368534.3949955,8.32,running
1774368534.5625165,8.13,running
1774368534.7308676,8.10,running
1774368534.902674,8.14,running
1774368535.071497,8.08,running
1774368535.240448,8.17,running
1774368535.4093661,8.11,running
1774368535.576731,8.28,running
1774368535.7455163,8.11,running
1774368535.9142454,8.05,running
1774368536.0830789,8.17,running
1774368536.2517538,8.14,running
1774368536.4194763,8.13,running
1774368536.5874097,8.19,running
1774368536.7562432,8.19,running
1774368536.9250536,8.10,running
1774368537.0944068,8.23,running
1774368537.261836,8.16,running
1774368537.4295812,8.08,running
1774368537.5973547,8.16,running
1774368537.766353,8.19,running
1774368537.936146,8.35,running
1774368538.105976,8.22,running
1774368538.2778132,8.19,running
1774368538.4459906,8.10,running
1774368538.6165314,8.05,running
1774368538.7847757,8.02,running
1774368538.9758165,8.10,running
1774368539.1611946,8.24,running
1774368539.331901,8.02,running
1774368539.4998293,8.14,running
1774368539.668231,8.02,running
1774368539.838229,8.28,running
1774368540.0064952,8.16,running
1774368540.1750474,8.14,running
1774368540.343358,8.16,running
1774368540.511809,8.16,running
1774368540.6804469,8.28,running
1774368540.8486414,7.82,running
1774368541.0154195,8.39,running
1774368541.2066846,8.45,running
1774368541.3988144,8.36,running
1774368541.5859778,8.41,running
1774368541.7742727,8.54,running
1774368541.9572847,8.48,running
1774368542.1508868,8.38,running
1774368542.3390498,8.42,running
1774368542.521408,8.32,running
1774368542.7146902,8.39,running
1774368542.9069064,8.36,running
1774368543.0984132,7.97,running
1774368543.2669764,7.96,running
1774368543.4356322,8.03,running
1774368543.6034117,7.93,running
1774368543.7726393,7.94,running
1774368543.9414847,7.96,running
1774368544.1101587,7.96,running
1774368544.2788482,8.13,running
1774368544.4478486,7.94,running
1774368544.6165578,7.91,running
1774368544.7852132,8.00,running
1774368544.9539251,7.96,running
1774368545.1223826,8.00,running
1774368545.2913861,7.96,running
1774368545.4601085,8.17,running
1774368545.6286428,7.99,running
1774368545.7976298,7.94,running
1774368545.9664617,7.94,running
1774368546.1353407,7.96,running
1774368546.3043425,7.97,running
1774368546.4732697,7.96,running
1774368546.6419525,8.66,running
1774368546.826346,8.70,running
1774368547.0227869,7.90,running
1774368547.191467,8.38,running
1774368547.3627634,8.14,running
1774368547.5350244,8.20,running
1774368547.7056851,8.14,running
1774368547.8780358,8.22,running
1774368548.0515044,8.31,running
1774368548.2230775,8.65,running
1774368548.4155338,8.61,running
1774368548.6300206,8.62,running
1774368548.8519008,8.71,running
1774368549.0754719,7.87,running
1774368549.2446423,8.25,running
1774368549.4157622,8.16,running
1774368549.5843012,8.07,running
1774368549.7531564,8.53,running
1774368549.9479904,8.41,running
1774368550.1390953,8.61,running
1774368550.327712,8.48,running
1774368550.520131,8.62,running
1774368550.71759,8.47,running
1774368550.9133005,8.48,running
1774368551.110531,8.44,running
1774368551.298211,8.51,running
1774368551.4863677,8.53,running
1774368551.67803,8.31,running
1774368551.8624158,8.57,running
1774368552.058263,8.50,running
1774368552.2510505,8.50,running
1774368552.4428244,8.21,running
1774368552.6396103,8.56,running
1774368552.8275495,8.50,running
1774368553.018394,8.54,running
1774368553.2272227,8.46,running
1774368553.4189932,8.34,running
1774368553.6148684,7.93,running
1774368553.7858582,8.11,running
1774368553.9546778,8.14,running
1774368554.1239324,8.19,running
1774368554.2927775,8.16,running
1774368554.4605079,8.35,running
1774368554.6269393,8.08,running
1774368554.7950952,8.20,running
1774368554.9627411,8.20,running
1774368555.1308043,8.16,running
1774368555.3001664,8.14,running
1774368555.4691265,8.13,running
1774368555.6381593,8.25,running
1774368555.8069854,8.16,running
1774368555.976984,8.17,running
1774368556.1445222,8.16,running
1774368556.3140323,8.20,running
1774368556.482569,8.11,running
1774368556.6514094,8.16,running
1774368556.819031,8.37,running
1774368556.986718,8.19,running
1774368557.1543772,8.16,running
1774368557.3222237,8.14,running
1774368557.4897242,8.07,running
1774368557.6579604,8.29,running
1774368557.829121,8.17,running
1774368558.0026407,8.32,running
1774368558.174897,8.22,running
1774368558.3435307,8.19,running
1774368558.5136,8.10,running
1774368558.6854563,8.10,running
1774368558.8549743,8.07,running
1774368559.0251708,8.07,running
1774368559.1952744,8.23,running
1774368559.365569,8.05,running
1774368559.5359414,8.16,running
1774368559.704574,8.17,running
1774368559.8730857,8.02,running
1774368560.0437393,8.28,running
1774368560.2124386,8.16,running
1774368560.3812587,8.16,running
1774368560.5497377,8.17,running
1774368560.7186053,8.19,running
1774368560.8872674,8.02,running
1774368561.0554976,7.96,running
1774368561.222545,8.45,running
1774368561.414052,8.39,running
1774368561.6026359,8.20,running
1774368561.7946293,8.43,running
1774368561.9783995,8.44,running
1774368562.161109,8.40,running
1774368562.3508015,8.42,running
1774368562.5332546,8.39,running
1774368562.7222977,8.39,running
1774368562.90538,8.46,running
1774368563.094656,8.25,running
1774368563.2864263,8.11,running
1774368563.4549205,7.96,running
1774368563.623652,7.96,running
1774368563.7910972,7.93,running
1774368563.958371,7.94,running
1774368564.1257994,7.94,running
1774368564.293217,7.94,running
1774368564.460519,8.08,running
1774368564.627927,8.22,running
1774368564.7956629,7.97,running
1774368564.9630473,8.02,running
1774368565.130495,8.00,running
1774368565.2989473,7.94,running
1774368565.4670882,7.96,running
1774368565.6349862,8.14,running
1774368565.8038874,7.96,running
1774368565.9729114,7.99,running
1774368566.141605,7.96,running
1774368566.3102093,8.67,running
1774368566.4797845,8.21,running
1774368566.6747582,8.27,running
1774368566.8463285,8.28,running
1774368567.016545,8.29,running
1774368567.1867402,8.20,running
1774368567.359577,8.32,running
1774368567.5324697,8.72,running
1774368567.7288103,8.71,running
1774368567.9424996,8.65,running
1774368568.1655705,8.71,running
1774368568.382911,8.16,running
1774368568.552504,8.34,running
1774368568.7229123,8.17,running
1774368568.8922167,8.26,running
1774368569.0619109,8.61,running
1774368569.2465637,8.49,running
1774368569.4437962,8.64,running
1774368569.638672,8.97,running
1774368569.8319414,8.64,running
1774368570.0278022,8.06,running
1774368570.2184823,8.59,running
1774368570.4107153,8.47,running
1774368570.6025224,8.61,running
1774368570.794882,8.94,running
1774368570.98748,8.45,running
1774368571.1847825,8.65,running
1774368571.3789752,8.64,running
1774368571.5752158,8.63,running
1774368571.7684293,8.54,running
1774368571.970954,8.47,running
1774368572.1542947,8.45,running
1774368572.3256037,8.54,running
1774368572.5185878,8.85,running
1774368572.7109325,7.85,running
1774368572.8849666,8.14,running
1774368573.053052,8.11,running
1774368573.221824,8.11,running
1774368573.3894782,8.16,running
1774368573.5574095,8.31,running
1774368573.724603,8.19,running
1774368573.891879,8.14,running
1774368574.0588892,8.10,running
1774368574.2279665,8.08,running
1774368574.3953748,8.16,running
1774368574.5626526,8.14,running
1774368574.7302558,8.34,running
1774368574.8975534,8.13,running
1774368575.0646358,8.20,running
1774368575.2319334,8.05,running
1774368575.399503,8.16,running
1774368575.5666358,8.28,running
1774368575.7340617,8.14,running
1774368575.9014096,8.19,running
1774368576.0683856,8.13,running
1774368576.2357836,8.13,running
1774368576.40326,8.11,running
1774368576.5706918,8.16,running
1774368576.7380452,8.41,running
1774368576.9096215,8.25,running
1774368577.0789075,8.11,running
1774368577.2481263,8.16,running
1774368577.4155464,8.08,running
1774368577.5837128,8.03,running
1774368577.7526186,8.03,running
1774368577.9225383,8.23,running
1774368578.0932744,8.10,running
1774368578.2640562,7.91,running
1774368578.435751,8.13,running
1774368578.6067522,8.02,running
1774368578.776347,8.19,running
1774368578.9459467,8.19,running
1774368579.1147447,8.32,running
1774368579.2837126,8.20,running
1774368579.452567,8.19,running
1774368579.6212204,8.17,running
1774368579.7903452,7.90,running
1774368579.9595401,8.53,running
1774368580.1503074,8.53,running
1774368580.3426876,8.42,running
1774368580.5343451,8.45,running
1774368580.7172322,8.51,running
1774368580.906371,8.41,running
1774368581.0818565,8.45,running
1774368581.2706537,8.47,running
1774368581.4623494,8.49,running
1774368581.6453922,8.42,running
1774368581.8343456,8.50,running
1774368582.0174067,8.00,running
1774368582.1861393,8.02,running
1774368582.3546634,7.99,running
1774368582.5230765,7.97,running
1774368582.69036,8.11,running
1774368582.8576791,7.96,running
1774368583.0249686,7.93,running
1774368583.1923392,7.96,running
1774368583.3596232,7.93,running
1774368583.5269957,8.00,running
1774368583.6948702,7.97,running
1774368583.862818,8.10,running
1774368584.0311353,7.97,running
1774368584.1998298,8.07,running
1774368584.3679843,8.00,running
1774368584.5362475,7.99,running
1774368584.704625,7.97,running
1774368584.8728118,8.03,running
1774368585.042838,8.10,running
1774368585.2115388,8.64,running
1774368585.4077508,7.97,running
1774368585.5983453,8.27,running
1774368585.7682147,8.29,running
1774368585.9380567,8.25,running
1774368586.1106422,8.23,running
1774368586.2824647,8.19,running
1774368586.4541984,8.68,running
1774368586.6597471,8.68,running
1774368586.871227,8.65,running
1774368587.0917594,8.76,running
1774368587.3122847,8.19,running
1774368587.4810836,8.14,running
1774368587.6497386,8.23,running
1774368587.818729,8.22,running
1774368587.9894676,8.36,running
1774368588.1786256,8.46,running
1774368588.370977,8.39,running
1774368588.5668833,8.03,running
1774368588.7588067,8.57,running
1774368588.9509904,8.45,running
1774368589.1433365,8.57,running
1774368589.3242,8.54,running
1774368589.5131738,8.75,running
1774368589.7107742,8.47,running
1774368589.9029405,8.47,running
1774368590.094696,8.50,running
1774368590.286598,8.61,running
1774368590.4754894,8.29,running
1774368590.670997,8.23,running
1774368590.863561,8.63,running
1774368591.052744,8.91,running
1774368591.2396133,8.51,running
1774368591.433263,8.48,running
1774368591.6239376,8.61,running
1774368591.8189504,8.23,running
1774368591.988184,8.16,running
1774368592.1570063,8.22,running
1774368592.3241417,8.13,running
1774368592.4936686,8.16,running
1774368592.6622121,8.14,running
1774368592.8310463,8.20,running
1774368593.0003228,8.20,running
1774368593.168839,8.13,running
1774368593.3374074,8.22,running
1774368593.504616,8.19,running
1774368593.6724584,8.14,running
1774368593.8400671,8.11,running
1774368594.0076356,8.11,running
1774368594.1748374,8.22,running
1774368594.3422308,8.11,running
1774368594.5105624,8.20,running
1774368594.6799774,8.16,running
1774368594.8494148,8.14,running
1774368595.016639,8.17,running
1774368595.1836872,8.08,running
1774368595.3510373,8.32,running
1774368595.518333,8.22,running
1774368595.6856606,8.19,running
1774368595.8531137,8.31,running
1774368596.0227826,8.25,running
1774368596.1923208,8.13,running
1774368596.3602428,8.13,running
1774368596.5282419,8.25,running
1774368596.6980321,8.05,running
1774368596.8683887,8.07,running
1774368597.0378716,8.08,running
1774368597.206924,8.08,running
1774368597.3766727,8.23,running
1774368597.5465252,8.16,running
1774368597.7144473,8.17,running
1774368597.8826969,8.07,running
1774368598.052447,8.19,running
1774368598.2207725,8.19,running
1774368598.3889997,8.14,running
1774368598.557387,8.31,running
1774368598.726015,8.22,running
1774368598.8946717,7.93,running
1774368599.0630124,8.54,running
1774368599.245118,8.47,running
1774368599.4383557,8.33,running
1774368599.631617,8.38,running
1774368599.8221996,8.40,running
1774368600.0103881,8.38,running
1774368600.1941917,8.47,running
1774368600.377114,8.38,running
1774368600.57067,8.32,running
1774368600.7623043,8.41,running
1774368600.9546201,8.40,running
1774368601.146354,7.93,running
1774368601.3384595,7.93,running
1774368601.5058675,7.94,running
1774368601.6729076,7.91,running
1774368601.8399012,7.93,running
1774368602.0071712,7.90,running
1774368602.1741536,8.13,running
1774368602.3412867,7.96,running
1774368602.508874,7.96,running
1774368602.6762621,7.96,running
1774368602.843556,7.91,running
1774368603.0114102,7.94,running
1774368603.1783414,7.93,running
1774368603.3460562,8.13,running
1774368603.513827,7.96,running
1774368603.6825378,7.94,running
1774368603.8509572,7.97,running
1774368604.019233,7.97,running
1774368604.187721,8.19,running
1774368604.3560855,8.68,running
1774368604.5517986,8.05,running
1774368604.7422495,8.27,running
1774368604.9119713,8.29,running
1774368605.0816977,8.14,running
1774368605.2512817,8.19,running
1774368605.4230173,8.11,running
1774368605.5959258,8.64,running
1774368605.829266,8.65,running
1774368606.04492,8.67,running
1774368606.255141,7.97,running
1774368606.4535449,8.29,running
1774368606.623948,8.20,running
1774368606.7938926,8.23,running
1774368606.9630475,8.57,running
1774368607.1346235,8.56,running
1774368607.3248646,8.61,running
1774368607.523383,8.50,running
1774368607.7145863,8.50,running
1774368607.9075496,8.56,running
1774368608.0987985,8.07,running
1774368608.290616,8.57,running
1774368608.4840472,8.44,running
1774368608.6745064,8.73,running
1774368608.8529537,8.41,running
1774368609.0439425,8.65,running
1774368609.2359567,8.48,running
1774368609.4311523,8.49,running
1774368609.6207938,8.61,running
1774368609.806592,8.44,running
1774368609.9979115,8.56,running
1774368610.186949,8.54,running
1774368610.383699,8.56,running
1774368610.5746038,8.46,running
1774368610.7712138,7.88,running
1774368610.9625738,8.34,running
1774368611.1317816,8.16,running
1774368611.2996173,8.11,running
1774368611.4669595,8.08,running
1774368611.6345396,8.11,running
1774368611.8028378,8.08,running
1774368611.9792771,8.10,running
1774368612.1485436,8.34,running
1774368612.3176448,8.07,running
1774368612.4865198,8.25,running
1774368612.6552265,8.13,running
1774368612.8240187,8.14,running
1774368612.9918582,8.19,running
1774368613.1604328,8.14,running
1774368613.3291993,8.28,running
1774368613.4980166,8.17,running
1774368613.6664975,8.11,running
1774368613.8354542,8.17,running
1774368614.0041044,8.20,running
1774368614.1730046,8.08,running
1774368614.3404613,8.17,running
1774368614.5082662,8.25,running
1774368614.6757705,8.11,running
1774368614.8437757,8.25,running
1774368615.0134206,8.24,running
1774368615.1832595,8.11,running
1774368615.35381,8.20,running
1774368615.5226383,8.25,running
1774368615.6906602,8.26,running
1774368615.861251,8.10,running
1774368616.0311272,8.10,running
1774368616.2018962,8.13,running
1774368616.374143,8.07,running
1774368616.5447547,8.20,running
1774368616.7132723,8.22,running
1774368616.8818054,8.16,running
1774368617.051826,8.19,running
1774368617.2211175,8.20,running
1774368617.3897545,8.20,running
1774368617.5583365,8.19,running
1774368617.7269933,8.38,running
1774368617.8959184,7.93,running
1774368618.064202,7.93,running
1774368618.231182,8.45,running
1774368618.4387155,8.41,running
1774368618.6210237,8.50,running
1774368618.8151004,8.56,running
1774368619.0028791,8.38,running
1774368619.194006,8.47,running
1774368619.3828654,8.34,running
1774368619.5744464,8.38,running
1774368619.757812,8.54,running
1774368619.950637,8.48,running
1774368620.1426623,8.14,running
1774368620.3259108,7.96,running
1774368620.4948032,7.96,running
1774368620.6631613,7.96,running
1774368620.8319085,7.94,running
1774368620.999163,7.96,running
1774368621.1664977,8.00,running
1774368621.3336258,8.13,running
1774368621.500804,8.00,running
1774368621.6682222,7.97,running
1774368621.8356493,7.99,running
1774368622.0041528,8.00,running
1774368622.1725001,8.13,running
1774368622.340605,7.94,running
1774368622.5086021,8.11,running
1774368622.676743,7.93,running
1774368622.8455882,7.94,running
1774368623.0142822,7.96,running
1774368623.1831732,8.02,running
1774368623.3521945,8.67,running
1774368623.547749,8.07,running
1774368623.7385266,8.46,running
1774368623.909862,8.25,running
1774368624.0802276,8.14,running
1774368624.2510748,8.16,running
1774368624.42414,8.14,running
1774368624.597505,8.64,running
1774368624.794829,8.67,running
1774368625.0117493,8.67,running
1774368625.2283363,8.71,running
1774368625.435303,8.25,running
1774368625.620376,8.20,running
1774368625.7905328,8.20,running
1774368625.959543,8.25,running
1774368626.1299517,8.54,running
1774368626.3187385,8.46,running
1774368626.5162039,8.59,running
1774368626.702709,8.06,running
1774368626.8942277,8.57,running
1774368627.0868628,8.45,running
1774368627.2744882,8.65,running
1774368627.4676344,8.51,running
1774368627.660063,8.62,running
1774368627.8554897,8.65,running
1774368628.0428786,8.35,running
1774368628.2355566,8.45,running
1774368628.4267812,8.50,running
1774368628.5975735,8.57,running
1774368628.7906113,8.01,running
1774368628.9843223,8.54,running
1774368629.1788332,8.50,running
1774368629.362847,8.39,running
1774368629.5581484,8.59,running
1774368629.741889,8.58,running
1774368629.939334,7.90,running
1774368630.1088274,8.17,running
1774368630.277512,8.08,running
1774368630.446504,8.11,running
1774368630.6143003,8.11,running
1774368630.783078,8.16,running
1774368630.9522517,8.29,running
1774368631.1206386,8.08,running
1774368631.2894847,8.10,running
1774368631.4572828,8.13,running
1774368631.624742,8.17,running
1774368631.79238,8.26,running
1774368631.95989,8.14,running
1774368632.1271358,8.10,running
1774368632.2947628,8.13,running
1774368632.4683714,8.10,running
1774368632.6441278,8.08,running
1774368632.8132997,8.13,running
1774368632.9819815,8.07,running
1774368633.1508536,8.11,running
1774368633.3187628,8.35,running
1774368633.4862528,8.16,running
1774368633.6538832,8.14,running
1774368633.820771,8.10,running
1774368633.9880447,8.20,running
1774368634.1582923,8.22,running
1774368634.328591,8.14,running
1774368634.4967742,8.32,running
1774368634.6638932,8.02,running
1774368634.831874,8.00,running
1774368635.0024407,8.10,running
1774368635.1729214,8.03,running
1774368635.3426447,8.20,running
1774368635.5126777,8.03,running
1774368635.6826284,8.11,running
1774368635.85164,8.07,running
1774368636.0204191,8.10,running
1774368636.1901374,8.19,running
1774368636.358492,8.16,running
1774368636.5269518,8.23,running
1774368636.6954157,8.19,running
1774368636.8640563,8.16,running
1774368637.0325959,7.87,running
1774368637.2003803,8.41,running
1774368637.3876696,8.35,running
1774368637.5791461,8.42,running
1774368637.7708626,8.29,running
1774368637.958375,8.44,running
1774368638.1411254,8.47,running
1774368638.334371,8.37,running
1774368638.5171347,8.44,running
1774368638.7109296,8.50,running
1774368638.9023197,8.44,running
1774368639.0876982,8.45,running
1774368639.2740176,7.97,running
1774368639.4580238,7.94,running
1774368639.626652,7.94,running
1774368639.7950313,8.10,running
1774368639.9636383,7.93,running
1774368640.131105,7.94,running
1774368640.2987006,7.91,running
1774368640.4660695,7.96,running
1774368640.6336195,8.02,running
1774368640.801031,7.96,running
1774368640.968441,7.97,running
1774368641.1357973,7.94,running
1774368641.3227327,7.99,running
1774368641.4929137,7.97,running
1774368641.663591,7.94,running
1774368641.8330667,8.00,running
1774368642.0011637,7.99,running
1774368642.1701028,8.17,running
1774368642.3391204,7.99,running
1774368642.5081837,8.64,running
1774368642.7075236,8.02,running
1774368642.8915086,8.23,running
1774368643.0628011,8.32,running
1774368643.2343862,8.08,running
1774368643.4055874,8.22,running
1774368643.5775194,8.14,running
1774368643.7507317,8.64,running
1774368643.9694002,8.71,running
1774368644.1816206,8.67,running
1774368644.4040217,8.11,running
1774368644.6081522,8.12,running
1774368644.7812548,8.16,running
1774368644.9510798,8.11,running
1774368645.1215665,8.58,running
1774368645.3088355,8.48,running
1774368645.4984655,8.50,running
1774368645.6956859,8.32,running
1774368645.888173,8.48,running
1774368646.0623746,8.29,running
1774368646.2552373,8.43,running
1774368646.447566,8.53,running
1774368646.6389534,8.30,running
1774368646.8313973,8.54,running
1774368647.023517,8.54,running
1774368647.2195284,8.59,running
1774368647.4112482,8.51,running
1774368647.6078863,8.54,running
1774368647.7987287,8.51,running
1774368647.9872289,8.73,running
1774368648.187323,8.42,running
1774368648.3696256,8.46,running
1774368648.5403569,8.53,running
1774368648.7300365,8.94,running
1774368648.9238055,8.05,running
1774368649.0964313,8.11,running
1774368649.2651513,8.26,running
1774368649.4340281,8.14,running
1774368649.6026392,8.16,running
1774368649.7703524,8.13,running
1774368649.937932,8.10,running
1774368650.105068,8.10,running
1774368650.2724953,8.03,running
1774368650.4406004,8.20,running
1774368650.6098166,8.14,running
1774368650.7788515,8.16,running
1774368650.9459815,8.14,running
1774368651.1131706,8.07,running
1774368651.2807634,8.32,running
1774368651.448289,8.10,running
1774368651.6158528,8.10,running
1774368651.7832956,8.13,running
1774368651.9501595,8.11,running
1774368652.1176057,8.08,running
1774368652.2851734,8.11,running
1774368652.4526937,8.35,running
1774368652.619953,8.11,running
1774368652.7872899,8.23,running
1774368652.9540915,8.27,running
1774368653.1224341,8.35,running
1774368653.2921731,8.22,running
1774368653.4609368,8.14,running
1774368653.6284919,8.29,running
1774368653.7965038,8.03,running
1774368653.9659905,8.05,running
1774368654.1356685,8.03,running
1774368654.3059428,8.03,running
1774368654.4755921,8.08,running
1774368654.6445312,8.17,running
1774368654.8132794,8.00,running
1774368654.982707,8.16,running
1774368655.1521835,8.13,running
1774368655.3206494,8.31,running
1774368655.4887316,8.20,running
1774368655.656918,8.14,running
1774368655.8249073,8.02,running
1774368655.9925592,7.90,running
1774368656.1592784,8.41,running
1774368656.3504305,8.38,running
1774368656.532973,8.32,running
1774368656.7134407,8.44,running
1774368656.9022171,8.38,running
1774368657.08521,8.43,running
1774368657.2695825,8.44,running
1774368657.4621747,8.52,running
1774368657.6447878,8.41,running
1774368657.8349106,8.30,running
1774368658.0179305,8.40,running
1774368658.2105298,7.96,running
1774368658.390096,7.96,running
1774368658.5588715,7.99,running
1774368658.72756,7.93,running
1774368658.8961818,7.94,running
1774368659.0637262,8.07,running
1774368659.2312012,8.00,running
1774368659.3987565,7.94,running
1774368659.5659018,7.91,running
1774368659.733109,7.96,running
1774368659.9004662,7.91,running
1774368660.0675304,7.91,running
1774368660.2347293,8.16,running
1774368660.4018378,7.94,running
1774368660.5688193,7.96,running
1774368660.7361958,7.97,running
1774368660.9035242,7.96,running
1774368661.070918,8.60,running
1774368661.2390184,8.61,running
1774368661.4352717,8.26,running
1774368661.6066983,8.22,running
1774368661.778356,8.25,running
1774368661.9493876,8.50,running
1774368662.1330824,8.67,running
1774368662.347298,8.62,running
1774368662.559403,8.67,running
1774368662.7703319,8.33,running
1774368662.96125,8.22,running
1774368663.1321018,8.14,running
1774368663.3024087,8.17,running
1774368663.471605,8.57,running
1774368663.6644838,8.46,running
1774368663.8562374,8.58,running
1774368664.0515838,8.59,running
1774368664.2429044,8.46,running
1774368664.4391985,8.51,running
1774368664.6309352,8.44,running
1774368664.8007755,8.53,running
1774368664.9911187,8.54,running
1774368665.1877253,8.45,running
1774368665.374868,8.42,running
1774368665.5571973,8.59,running
1774368665.7510707,8.39,running
1774368665.9470518,8.48,running
1774368666.1388662,8.41,running
1774368666.3359776,8.50,running
1774368666.531185,8.56,running
1774368666.7242947,8.59,running
1774368666.9209106,8.44,running
1774368667.106405,8.47,running
1774368667.2899191,8.17,running
1774368667.4582868,8.08,running
1774368667.6270387,8.10,running
1774368667.7959259,8.13,running
1774368667.9637847,8.08,running
1774368668.1310318,8.07,running
1774368668.2985213,8.07,running
1774368668.4664567,8.32,running
1774368668.6409612,8.08,running
1774368668.8098469,8.13,running
1774368668.9782512,8.14,running
1774368669.145756,8.13,running
1774368669.3143127,8.17,running
1774368669.4841552,8.11,running
1774368669.6529393,8.32,running
1774368669.820812,8.14,running
1774368669.9885504,8.11,running
1774368670.1563845,8.17,running
1774368670.324672,8.14,running
1774368670.4942067,8.08,running
1774368670.6640472,8.13,running
1774368670.8332,8.25,running
1774368671.00232,8.22,running
1774368671.1710768,8.14,running
1774368671.3390203,8.23,running
1774368671.5090094,8.19,running
1774368671.6786335,8.13,running
1774368671.8458383,8.11,running
1774368672.0151818,8.34,running
1774368672.1872125,8.05,running
1774368672.3591812,8.20,running
1774368672.5310216,8.05,running
1774368672.7029598,8.05,running
1774368672.8766758,8.02,running
1774368673.048372,8.19,running
1774368673.2187052,8.22,running
1774368673.3880239,8.11,running
1774368673.5575972,8.17,running
1774368673.7263126,8.16,running
1774368673.8949502,8.20,running
1774368674.0639305,8.20,running
1774368674.2327898,8.13,running
1774368674.4017546,7.96,running
1774368674.5686882,8.56,running
1774368674.7590485,8.53,running
1774368674.9502966,8.39,running
1774368675.1425755,8.43,running
1774368675.3350713,8.41,running
1774368675.5224226,8.48,running
1774368675.7103975,8.53,running
1774368675.898408,8.38,running
1774368676.082961,8.41,running
1774368676.2648964,8.41,running
1774368676.4544268,8.46,running
1774368676.646397,7.96,running
1774368676.8152938,7.93,running
1774368676.9838557,7.96,running
1774368677.1520977,7.93,running
1774368677.3223097,8.00,running
1774368677.4913092,7.97,running
1774368677.660393,8.00,running
1774368677.8289757,8.00,running
1774368677.9975882,7.97,running
1774368678.1664882,8.02,running
1774368678.3352325,7.94,running
1774368678.5038862,8.16,running
1774368678.6725402,7.96,running
1774368678.8416018,7.93,running
1774368679.0103447,7.96,running
1774368679.179279,7.97,running
1774368679.3485615,8.07,running
1774368679.5174434,7.96,running
1774368679.6861575,8.00,running
1774368679.855018,7.96,running
1774368680.0238333,7.94,running
1774368680.1926587,8.65,running
1774368680.3906448,7.90,running
1774368680.562656,8.35,running
1774368680.7344844,8.14,running
1774368680.9077966,8.08,running
1774368681.0808432,8.13,running
1774368681.2541492,8.10,running
1774368681.4263322,8.29,running
1774368681.5990262,8.13,running
1774368681.772351,8.64,running
1774368681.9828622,8.62,running
1774368682.204038,8.70,running
1774368682.4180012,8.24,running
1774368682.61074,8.25,running
1774368682.7858825,8.23,running
1774368682.9559088,8.26,running
1774368683.1263092,8.23,running
1774368683.2970967,8.57,running
1774368683.4906938,8.41,running
1774368683.6877398,8.56,running
1774368683.8830771,8.34,running
1774368684.0794039,8.57,running
1774368684.2801213,8.46,running
1774368684.4702375,8.53,running
1774368684.661497,8.51,running
1774368684.8460546,8.76,running
1774368685.0388808,8.45,running
1774368685.231195,8.57,running
1774368685.4238524,8.50,running
1774368685.614517,8.44,running
1774368685.801693,8.59,running
1774368685.9947817,8.44,running
1774368686.174298,8.50,running
1774368686.3665466,8.25,running
1774368686.5595732,8.54,running
1774368686.7507007,8.07,running
1774368686.9434865,7.93,running
1774368687.1347852,8.11,running
1774368687.3036938,8.31,running
1774368687.47071,8.08,running
1774368687.6399457,8.32,running
1774368687.8072534,8.14,running
1774368687.9761302,8.14,running
1774368688.1434896,8.17,running
1774368688.3108082,8.14,running
1774368688.4777844,8.17,running
1774368688.6449547,8.13,running
1774368688.8122928,8.23,running
1774368688.982278,8.17,running
1774368689.1495638,8.16,running
1774368689.3169668,8.17,running
1774368689.48441,8.11,running
1774368689.651907,8.31,running
1774368689.8195167,8.11,running
1774368689.9867015,8.13,running
1774368690.1543179,8.14,running
1774368690.3215272,8.10,running
1774368690.488907,8.14,running
1774368690.6559758,8.11,running
1774368690.8243964,8.34,running
1774368690.9917436,8.25,running
1774368691.160109,8.26,running
1774368691.3293333,8.19,running
1774368691.4966888,8.19,running
1774368691.664323,8.22,running
1774368691.8324242,8.08,running
1774368692.0024965,8.03,running
1774368692.1721416,8.00,running
1774368692.3422549,8.02,running
1774368692.5138586,8.17,running
1774368692.6835287,8.19,running
1774368692.8520877,8.22,running
1774368693.0222867,8.14,running
1774368693.191014,8.14,running
1774368693.3595798,8.19,running
1774368693.5281134,8.14,running
1774368693.696651,8.23,running
1774368693.8650467,7.87,running
1774368694.0320613,8.50,running
1774368694.2178583,8.43,running
1774368694.4013803,8.46,running
1774368694.5940733,8.43,running
1774368694.777217,8.51,running
1774368694.962101,8.36,running
1774368695.1504755,8.41,running
1774368695.3331742,8.49,running
1774368695.5226684,8.39,running
1774368695.7148495,8.46,running
1774368695.906462,8.32,running
1774368696.0890696,7.88,running
1774368696.2578988,7.93,running
1774368696.4269145,7.88,running
1774368696.5953436,8.13,running
1774368696.7625935,7.93,running
1774368696.9300516,7.91,running
1774368697.0974998,7.93,running
1774368697.2649262,7.94,running
1774368697.4325106,7.96,running
1774368697.599939,7.97,running
1774368697.7682219,8.40,running
1774368697.9369183,7.96,running
1774368698.1059046,7.93,running
1774368698.2747633,7.90,running
1774368698.4432733,7.91,running
1774368698.6122322,8.08,running
1774368698.7809184,7.91,running
1774368698.94962,7.91,running
1774368699.118362,7.94,running
1774368699.28701,8.61,running
1774368699.4875154,7.85,running
1774368699.6824446,8.31,running
1774368699.8537173,8.40,running
1774368700.0236855,8.14,running
1774368700.1962516,8.14,running
1774368700.3690085,8.11,running
1774368700.5422535,8.65,running
1774368700.7396328,8.62,running
1774368700.964152,8.59,running
1774368701.1798072,8.32,running
1774368701.3948839,8.13,running
1774368701.5639036,8.31,running
1774368701.73432,8.10,running
1774368701.903893,8.19,running
1774368702.0745203,8.57,running
1774368702.2664146,8.41,running
1774368702.4625616,8.54,running
1774368702.65479,8.04,running
1774368702.8484588,8.57,running
1774368703.0423706,8.39,running
1774368703.239572,8.57,running
1774368703.4385095,8.45,running
1774368703.6348085,8.62,running
1774368703.8319967,8.47,running
1774368704.0282586,8.61,running
1774368704.2235074,8.56,running
1774368704.414454,8.39,running
1774368704.6123846,8.57,running
1774368704.8029878,8.50,running
1774368704.9746354,8.51,running
1774368705.1666,8.50,running
1774368705.3531888,8.33,running
1774368705.5469387,8.06,running
1774368705.7393658,7.90,running
1774368705.9303167,8.16,running
1774368706.099249,8.32,running
1774368706.2677348,8.16,running
1774368706.4352143,8.13,running
1774368706.6029072,8.14,running
1774368706.770529,8.19,running
1774368706.9380853,8.23,running
1774368707.1057312,8.20,running
1774368707.272741,8.34,running
1774368707.4415314,8.10,running
1774368707.609536,8.14,running
1774368707.778409,8.16,running
1774368707.9459825,8.17,running
1774368708.1152184,8.17,running
1774368708.283771,8.03,running
1774368708.4522827,8.32,running
1774368708.6198344,8.13,running
1774368708.787796,8.17,running
1774368708.955696,8.13,running
1774368709.1228843,8.08,running
1774368709.2902691,8.25,running
1774368709.457949,8.13,running
1774368709.625493,8.16,running
1774368709.7931004,8.29,running
1774368709.9622407,8.26,running
1774368710.132863,8.10,running
1774368710.3021824,8.20,running
1774368710.4697657,8.10,running
1774368710.6574612,8.05,running
1774368710.8275664,8.25,running
1774368710.9978127,8.07,running
1774368711.1686614,8.07,running
1774368711.3393803,7.93,running
1774368711.5087607,8.16,running
1774368711.6775146,8.20,running
1774368711.8467662,8.16,running
1774368712.0164988,8.22,running
1774368712.1853683,8.19,running
1774368712.3539941,8.19,running
1774368712.5227563,8.14,running
1774368712.6912425,8.16,running
1774368712.8601294,8.05,running
1774368713.0281892,8.38,running
1774368713.2227476,8.42,running
1774368713.4141202,8.43,running
1774368713.6019597,8.53,running
1774368713.7851093,8.39,running
1774368713.9746912,8.39,running
1774368714.1583996,8.43,running
1774368714.3508222,8.45,running
1774368714.537329,8.39,running
1774368714.726408,8.43,running
1774368714.9100199,8.46,running
1774368715.1025248,7.87,running
1774368715.2848449,8.00,running
1774368715.4532275,7.91,running
1774368715.6219265,7.96,running
1774368715.7890668,7.99,running
1774368715.9580798,7.99,running
1774368716.1269042,7.96,running
1774368716.2958064,7.90,running
1774368716.4646938,8.13,running
1774368716.6343815,7.90,running
1774368716.8035364,7.90,running
1774368716.972126,7.97,running
1774368717.1408536,7.90,running
1774368717.309618,7.93,running
1774368717.478321,7.94,running
1774368717.6468995,8.05,running
1774368717.8157387,7.94,running
1774368717.9844592,7.96,running
1774368718.1532373,7.94,running
1774368718.3218994,7.96,running
1774368718.4912546,8.11,running
1774368718.6599991,7.94,running
1774368718.8297858,8.67,running
1774368719.0307052,7.84,running
1774368719.199517,8.25,running
1774368719.370859,8.25,running
1774368719.543602,8.16,running
1774368719.7169173,8.07,running
1774368719.8895621,8.17,running
1774368720.0621097,8.11,running
1774368720.2337627,8.75,running
1774368720.4081466,8.64,running
1774368720.6297946,8.67,running
1774368720.8409605,8.68,running
1774368721.040759,7.94,running
1774368721.2102642,8.20,running
1774368721.3801749,8.10,running
1774368721.5492163,8.23,running
1774368721.7174168,8.31,running
1774368721.9013836,8.45,running
1774368722.0907457,8.38,running
1774368722.2795923,8.53,running
1774368722.4663167,8.53,running
1774368722.6651866,8.57,running
1774368722.8547523,8.99,running
1774368723.0405495,8.61,running
1774368723.2350817,8.63,running
1774368723.4276817,8.60,running
1774368723.6184673,8.42,running
1774368723.814824,8.59,running
1774368724.0038798,8.41,running
1774368724.1951525,8.56,running
1774368724.3870058,8.86,running
1774368724.5750608,8.64,running
1774368724.77038,8.50,running
1774368724.9542134,8.54,running
1774368725.1430204,8.60,running
1774368725.3387425,8.52,running
1774368725.5127063,7.90,running
1774368725.6798782,8.19,running
1774368725.8470008,8.17,running
1774368726.0144458,8.31,running
1774368726.1851027,8.13,running
1774368726.352149,8.14,running
1774368726.5202045,8.05,running
1774368726.6874108,8.16,running
1774368726.8565493,8.13,running
1774368727.0239813,8.03,running
1774368727.1912482,8.34,running
1774368727.358535,8.19,running
1774368727.525985,8.19,running
1774368727.6933708,8.16,running
1774368727.8607028,8.19,running
1774368728.0280912,8.20,running
1774368728.1974256,8.14,running
1774368728.364454,8.29,running
1774368728.5330663,8.17,running
1774368728.700743,8.11,running
1774368728.868905,8.16,running
1774368729.0367124,8.13,running
1774368729.2046187,8.32,running
1774368729.3720934,8.14,running
1774368729.540977,8.34,running
1774368729.7099216,8.03,running
1774368729.8790247,8.16,running
1774368730.0463567,8.14,running
1774368730.213927,8.07,running
1774368730.3815212,8.25,running
1774368730.5507126,8.16,running
1774368730.7195044,8.10,running
1774368730.8884997,8.14,running
1774368731.0574238,8.16,running
1774368731.2264075,8.03,running
1774368731.3937678,8.17,running
1774368731.5613515,8.25,running
1774368731.728699,8.19,running
1774368731.8963704,8.22,running
1774368732.064107,8.25,running
1774368732.2339199,8.16,running
1774368732.404418,8.25,running
1774368732.5758536,8.14,running
1774368732.7487967,8.25,running
1774368732.9206016,8.11,running
1774368733.0943818,8.20,running
1774368733.2667263,8.16,running
1774368733.435974,8.16,running
1774368733.6063323,8.25,running
1774368733.7783713,8.14,running
1774368733.9514043,8.26,running
1774368734.1262932,8.02,running
1774368734.2965174,8.07,running
1774368734.4662306,8.08,running
1774368734.637643,8.10,running
1774368734.818614,8.11,running
1774368734.9894915,8.07,running
1774368735.1604815,8.17,running
1774368735.3308592,7.90,running
1774368735.5086553,7.87,running
1774368735.6768148,8.19,running
1774368735.8454437,8.19,running
1774368736.0140274,8.29,running
1774368736.184149,8.07,running
1774368736.3542984,8.23,running
1774368736.5229948,8.16,running
1774368736.6921577,8.14,running
1774368736.8611305,8.16,running
1774368737.0299833,8.19,running
1774368737.1985385,8.31,running
1774368737.3671997,8.10,running
1774368737.5362647,8.08,running
1774368737.7066898,8.07,running
1774368737.8769925,8.41,running
1774368738.0472257,8.19,running
1774368738.217695,7.85,running
1774368738.3852398,7.94,running
1774368738.5520837,8.39,running
1774368738.7442296,8.36,running
1774368738.9290872,8.60,running
1774368739.1227624,8.24,running
1774368739.3144438,8.47,running
1774368739.4970667,8.32,running
1774368739.691273,8.44,running
1774368739.8824036,8.41,running
1774368740.0744264,8.32,running
1774368740.267235,8.36,running
1774368740.4502435,8.44,running
1774368740.6422558,8.46,running
1774368740.8255684,8.59,running
1774368741.018264,8.47,running
1774368741.2107074,8.41,running
1774368741.401433,8.43,running
1774368741.586351,8.18,running
1774368741.7783377,8.49,running
1774368741.9609256,7.94,running
1774368742.1299815,7.97,running
1774368742.298721,7.97,running
1774368742.4663644,8.08,running
1774368742.633842,7.93,running
1774368742.8014684,7.96,running
1774368742.9691372,7.97,running
1774368743.1369035,7.97,running
1774368743.3048942,8.00,running
1774368743.4736762,7.97,running
1774368743.6423035,8.17,running
1774368743.8110135,7.96,running
1774368743.980194,8.03,running
1774368744.1492765,7.96,running
1774368744.3182745,7.97,running
1774368744.4875474,8.16,running
1774368744.656544,7.97,running
1774368744.8253024,7.96,running
1774368744.9939525,7.96,running
1774368745.1631186,7.94,running
1774368745.332282,7.96,running
1774368745.5011616,7.99,running
1774368745.6699176,8.05,running
1774368745.8386087,7.99,running
1774368746.007992,8.02,running
1774368746.1771057,8.00,running
1774368746.346095,7.93,running
1774368746.5150156,8.20,running
1774368746.6841996,8.00,running
1774368746.853097,7.99,running
1774368747.0221882,8.63,running
1774368747.20358,8.62,running
1774368747.395569,8.29,running
1774368747.5903566,7.88,running
1774368747.7590907,8.44,running
1774368747.9304993,8.29,running
1774368748.1008081,8.17,running
1774368748.2740953,8.14,running
1774368748.4470892,8.14,running
1774368748.6211815,8.31,running
1774368748.7944067,8.11,running
1774368748.9671874,8.11,running
1774368749.1399379,8.14,running
1774368749.31308,8.11,running
1774368749.5037098,8.68,running
1774368749.7247086,8.64,running
1774368749.9469166,8.65,running
1774368750.1457808,8.64,running
1774368750.3642519,8.61,running
1774368750.5781207,8.65,running
1774368750.7897282,7.93,running
1774368750.9592059,8.10,running
1774368751.1282597,8.02,running
1774368751.2977474,8.11,running
1774368751.4670737,8.11,running
1774368751.6368537,8.08,running
1774368751.805746,8.40,running
1774368751.9836035,8.51,running
1774368752.1872492,8.25,running
1774368752.378538,8.51,running
1774368752.5726438,8.41,running
1774368752.7668529,8.56,running
1774368752.9551234,8.40,running
1774368753.1485066,8.67,running
1774368753.3429778,8.35,running
1774368753.5278966,8.42,running
1774368753.7320087,8.45,running
1774368753.9265957,8.47,running
1774368754.1137109,8.47,running
1774368754.3064682,8.44,running
1774368754.4906557,8.50,running
1774368754.6865191,8.05,running
1774368754.869595,8.47,running
1774368755.0589137,8.42,running
1774368755.2510855,8.53,running
1774368755.4242623,8.51,running
1774368755.615168,8.50,running
1774368755.8108246,8.42,running
1774368756.0024028,8.45,running
1774368756.186036,8.52,running
1774368756.3786457,8.91,running
1774368756.5717425,8.48,running
1774368756.766533,8.07,running
1774368756.958736,8.53,running
1774368757.1545703,8.35,running
1774368757.3510745,8.27,running
1774368757.546586,8.42,running
1774368757.7355998,8.50,running
1774368757.9382775,8.79,running
1774368758.1315644,8.38,running
1774368758.326081,7.94,running
1774368758.4930966,8.11,running
1774368758.6608176,8.16,running
1774368758.8280292,8.19,running
1774368758.9950564,8.13,running
1774368759.1623416,8.16,running
1774368759.329412,8.31,running
1774368759.496748,8.16,running
1774368759.6645644,8.17,running
1774368759.83184,8.14,running
1774368759.9988663,8.10,running
1774368760.1661122,8.25,running
1774368760.333504,8.16,running
1774368760.5009198,8.17,running
1774368760.6683137,8.14,running
1774368760.8356252,8.17,running
1774368761.0029533,8.26,running
1774368761.1703186,8.13,running
1774368761.3376257,8.17,running
1774368761.5050356,8.17,running
1774368761.6733832,8.13,running
1774368761.8404276,8.13,running
1774368762.0075235,8.05,running
1774368762.176717,8.40,running
1774368762.3454137,8.26,running
1774368762.5138361,8.26,running
1774368762.6835341,8.21,running
1774368762.8524547,8.08,running
1774368763.0199203,8.05,running
1774368763.1893501,8.10,running
1774368763.3596377,8.26,running
1774368763.5295677,8.02,running
1774368763.700441,8.05,running
1774368763.8705907,8.05,running
1774368764.0404782,8.00,running
1774368764.208441,8.29,running
1774368764.3768597,8.07,running
1774368764.5466201,8.14,running
1774368764.7152233,8.19,running
1774368764.883767,8.14,running
1774368765.0523422,8.26,running
1774368765.2206335,8.13,running
1774368765.388947,8.00,running
1774368765.5563843,8.44,running
1774368765.7343035,8.36,running
1774368765.9180467,8.44,running
1774368766.1012263,8.41,running
1774368766.2900453,8.47,running
1774368766.4823182,8.44,running
1774368766.674184,8.44,running
1774368766.8662395,8.44,running
1774368767.050273,8.42,running
1774368767.234156,8.49,running
1774368767.4172924,8.54,running
1774368767.6106923,7.96,running
1774368767.7796679,8.20,running
1774368767.9481175,7.97,running
1774368768.1158867,7.97,running
1774368768.283195,7.94,running
1774368768.4509661,7.96,running
1774368768.618335,7.96,running
1774368768.7860491,7.94,running
1774368768.9533617,8.13,running
1774368769.1207297,7.97,running
1774368769.288789,7.93,running
1774368769.4562488,7.97,running
1774368769.6245177,7.91,running
1774368769.793035,8.02,running
1774368769.9613733,7.99,running
1774368770.1295097,8.67,running
1774368770.2988973,8.32,running
1774368770.4902475,8.29,running
1774368770.6619806,8.40,running
1774368770.832337,8.23,running
1774368771.0024161,8.17,running
1774368771.1736765,8.76,running
1774368771.3576314,8.68,running
1774368771.5727623,8.65,running
1774368771.7867749,8.62,running
1774368771.9900796,8.14,running
1774368772.159219,8.22,running
1774368772.3283095,8.11,running
1774368772.4978938,8.61,running
1774368772.6952972,8.11,running
1774368772.8794901,8.45,running
1774368773.0698888,8.41,running
1774368773.2635608,8.57,running
1774368773.4589598,8.49,running
1774368773.6470745,8.56,running
1774368773.8440225,8.48,running
1774368774.0359643,8.74,running
1774368774.2394245,8.53,running
1774368774.4219377,8.42,running
1774368774.6030626,8.60,running
1774368774.7989419,8.99,running
1774368774.9823875,8.57,running
1774368775.170575,8.04,running
1774368775.3666658,8.32,running
1774368775.5553496,8.44,running
1774368775.7429707,8.54,running
1774368775.9435136,8.63,running
1774368776.1348476,8.41,running
1774368776.3305273,8.03,running
1774368776.4998782,8.16,running
1774368776.6687827,8.14,running
1774368776.8367348,8.16,running
1774368777.0046551,8.08,running
1774368777.171913,8.14,running
1774368777.3401175,8.14,running
1774368777.509447,8.13,running
1774368777.678117,8.29,running
1774368777.8471487,8.22,running
1774368778.0162642,8.19,running
1774368778.1840765,8.13,running
1774368778.352362,8.11,running
1774368778.521825,8.34,running
1774368778.690847,8.08,running
1774368778.8584957,8.32,running
1774368779.0260992,8.14,running
1774368779.1939895,8.16,running
1774368779.3616812,8.19,running
1774368779.5299983,8.16,running
1774368779.6990604,8.26,running
1774368779.8680859,8.14,running
1774368780.0365007,8.19,running
1774368780.2054496,8.13,running
1774368780.3737218,8.14,running
1774368780.5426693,8.16,running
1774368780.714317,8.13,running
1774368780.8822587,8.20,running
1774368781.0500588,8.13,running
1774368781.2173731,8.10,running
1774368781.3849247,8.17,running
1774368781.5525527,8.13,running
1774368781.7198899,8.11,running
1774368781.8868926,8.17,running
1774368782.0542676,8.38,running
1774368782.221668,8.19,running
1774368782.3890626,8.22,running
1774368782.5564387,8.14,running
1774368782.7238045,8.19,running
1774368782.8933825,8.25,running
1774368783.0644562,8.23,running
1774368783.2343087,8.26,running
1774368783.4047935,8.14,running
1774368783.5773299,8.17,running
1774368783.74476,8.20,running
1774368783.9129474,8.05,running
1774368784.0815985,8.23,running
1774368784.2519588,8.02,running
1774368784.4220433,8.02,running
1774368784.5921676,8.00,running
1774368784.762476,8.05,running
1774368784.932988,8.03,running
1774368785.103003,8.02,running
1774368785.2728784,8.05,running
1774368785.4422488,8.03,running
1774368785.6124554,8.02,running
1774368785.7821882,8.03,running
1774368785.9522457,7.93,running
1774368786.1200154,8.20,running
1774368786.2882612,8.19,running
1774368786.4564545,8.07,running
1774368786.6281435,8.00,running
1774368786.7977734,8.22,running
1774368786.9667175,8.37,running
1774368787.1352994,8.16,running
1774368787.3043208,8.14,running
1774368787.4730544,8.11,running
1774368787.6417763,8.14,running
1774368787.8106976,8.14,running
1774368787.9794104,8.17,running
1774368788.1481621,8.28,running
1774368788.3182518,8.10,running
1774368788.4885323,7.88,running
1774368788.6560292,8.00,running
1774368788.8228204,8.50,running
1774368789.0057118,8.32,running
1774368789.1943336,8.71,running
1774368789.3777938,8.18,running
1774368789.5611284,8.41,running
1774368789.7541792,8.48,running
1774368789.937514,8.49,running
1774368790.1262863,8.45,running
1774368790.3145654,8.52,running
1774368790.497474,8.41,running
1774368790.6903532,8.41,running
1774368790.8821437,8.48,running
1774368791.0651853,8.44,running
1774368791.2544518,8.50,running
1774368791.4371786,8.48,running
1774368791.6267297,8.50,running
1774368791.811799,8.15,running
1774368791.998393,8.41,running
1774368792.189886,8.08,running
1774368792.3822658,7.91,running
1774368792.5509927,8.00,running
1774368792.7198365,8.00,running
1774368792.8877609,7.93,running
1774368793.0553937,7.94,running
1774368793.2229223,7.91,running
1774368793.3906531,8.05,running
1774368793.5590434,7.97,running
1774368793.7281263,7.97,running
1774368793.8970008,7.93,running
1774368794.0658555,7.99,running
1774368794.2349467,7.97,running
1774368794.403961,7.94,running
1774368794.5727825,8.13,running
1774368794.7414277,7.94,running
1774368794.9103062,7.91,running
1774368795.0793116,7.91,running
1774368795.2480476,7.96,running
1774368795.4168317,8.14,running
1774368795.5854905,7.93,running
1774368795.7543607,8.10,running
1774368795.923229,7.96,running
1774368796.0922394,7.94,running
1774368796.2610564,7.97,running
1774368796.4296165,7.97,running
1774368796.5983186,8.17,running
1774368796.7670894,7.93,running
1774368796.9361436,7.96,running
1774368797.105266,7.96,running
1774368797.274365,7.94,running
1774368797.443178,8.69,running
1774368797.613776,8.71,running
1774368797.8113332,8.31,running
1774368798.003761,7.97,running
1774368798.1904914,8.26,running
1774368798.3620226,8.41,running
1774368798.5323987,8.17,running
1774368798.7051034,8.14,running
1774368798.8767543,8.10,running
1774368799.0490398,8.17,running
1774368799.2224655,8.07,running
1774368799.3955493,8.19,running
1774368799.5686193,8.19,running
1774368799.741554,8.13,running
1774368799.9141307,8.11,running
1774368800.0864928,8.64,running
1774368800.3096094,8.70,running
1774368800.5259945,8.68,running
1774368800.7498453,8.65,running
1774368800.9626474,8.67,running
1774368801.1892796,8.51,running
1774368801.383506,7.93,running
1774368801.568177,8.25,running
1774368801.7392266,8.37,running
1774368801.9094286,8.23,running
1774368802.0780334,8.16,running
1774368802.2465737,8.23,running
1774368802.4158175,7.93,running
1774368802.5888803,8.61,running
1774368802.7824361,8.97,running
1774368802.9616928,8.62,running
1774368803.1544266,8.48,running
1774368803.3389823,8.61,running
1774368803.540012,8.54,running
1774368803.7264473,8.64,running
1774368803.9233487,8.36,running
1774368804.1111495,8.56,running
1774368804.3030517,8.48,running
1774368804.4907434,8.49,running
1774368804.6687837,8.53,running
1774368804.8582199,8.11,running
1774368805.0503168,8.59,running
1774368805.2463384,8.45,running
1774368805.4301891,8.68,running
1774368805.6246371,8.57,running
1774368805.810207,8.50,running
1774368805.9804094,8.53,running
1774368806.1706285,8.07,running
1774368806.3635883,8.62,running
1774368806.555272,8.20,running
1774368806.7517104,8.63,running
1774368806.950944,8.42,running
1774368807.143001,8.47,running
1774368807.335742,8.41,running
1774368807.5315995,8.29,running
1774368807.7271998,8.80,running
1774368807.92006,8.26,running
1774368808.1148424,8.58,running
1774368808.3071866,8.46,running
1774368808.511428,8.53,running
1774368808.7026796,8.57,running
1774368808.894827,7.97,running
1774368809.0638597,8.00,running
1774368809.2333176,8.26,running
1774368809.4002743,8.07,running
1774368809.567541,8.19,running
1774368809.7347844,8.17,running
1774368809.9019039,8.16,running
1774368810.0692463,8.14,running
1774368810.2363548,8.16,running
1774368810.4038382,8.23,running
1774368810.5711563,8.10,running
1774368810.7385566,8.14,running
1774368810.9060113,8.13,running
1774368811.0733461,8.14,running
1774368811.2425144,8.19,running
1774368811.409917,8.16,running
1774368811.5773232,8.25,running
1774368811.7451842,8.11,running
1774368811.9128952,8.19,running
1774368812.0805674,8.16,running
1774368812.2489054,8.16,running
1774368812.4180193,8.19,running
1774368812.5865927,8.11,running
1774368812.755356,8.31,running
1774368812.9231322,8.17,running
1774368813.0909874,8.31,running
1774368813.2599075,8.25,running
1774368813.4296658,8.10,running
1774368813.598717,8.20,running
1774368813.767039,8.10,running
1774368813.9389017,8.14,running
1774368814.1089532,8.05,running
1774368814.2817495,8.02,running
1774368814.4518921,8.03,running
1774368814.622199,8.10,running
1774368814.7922173,8.10,running
1774368814.960026,8.14,running
1774368815.1289456,8.02,running
1774368815.297795,8.19,running
1774368815.4667766,8.13,running
1774368815.635159,8.25,running
1774368815.8035946,8.14,running
1774368815.9721627,8.16,running
1774368816.1407306,8.20,running
1774368816.3090694,7.85,running
1774368816.475835,8.43,running
1774368816.6435065,8.36,running
1774368816.825359,8.47,running
1774368817.0184562,8.43,running
1774368817.2026823,8.40,running
1774368817.3945935,8.34,running
1774368817.586921,8.40,running
1774368817.778619,8.50,running
1774368817.9706037,8.46,running
1774368818.1546624,8.47,running
1774368818.342519,8.51,running
1774368818.5343988,8.02,running
1774368818.726132,8.03,running
1774368818.8944433,8.16,running
1774368819.0626767,7.93,running
1774368819.2299874,7.99,running
1774368819.3970985,7.94,running
1774368819.5642965,7.91,running
1774368819.7317848,7.94,running
1774368819.8991797,7.93,running
1774368820.0664916,8.13,running
1774368820.2340286,7.99,running
1774368820.4017477,7.99,running
1774368820.573505,8.02,running
1774368820.742043,7.97,running
1774368820.9110663,7.96,running
1774368821.079426,7.96,running
1774368821.2475626,8.17,running
1774368821.4157813,7.96,running
1774368821.5843341,7.99,running
1774368821.7525866,8.67,running
1774368821.9473367,8.28,running
1774368822.117134,8.25,running
1774368822.288641,8.27,running
1774368822.4585857,8.16,running
1774368822.6294947,8.17,running
1774368822.8036652,8.61,running
1774368823.0207202,8.68,running
1774368823.2353425,8.65,running
1774368823.447359,8.49,running
1774368823.649785,8.13,running
1774368823.8199403,8.08,running
1774368823.9902751,8.19,running
1774368824.1603181,8.64,running
1774368824.3330066,8.35,running
1774368824.5246115,8.61,running
1774368824.7152627,8.36,running
1774368824.9064403,8.50,running
1774368825.0776622,8.38,running
1774368825.2666035,8.12,running
1774368825.46335,8.57,running
1774368825.652304,8.43,running
1774368825.8477747,8.48,running
1774368826.036622,8.81,running
1774368826.227512,8.57,running
1774368826.4236462,8.56,running
1774368826.6153631,8.51,running
1774368826.811768,8.53,running
1774368827.0030253,8.54,running
1774368827.17748,8.57,running
1774368827.3632627,8.55,running
1774368827.560097,8.54,running
1774368827.75036,8.33,running
1774368827.9401178,8.11,running
1774368828.1197002,8.13,running
1774368828.2884793,8.32,running
1774368828.4573169,8.14,running
1774368828.6252027,8.05,running
1774368828.7939768,8.19,running
1774368828.9616237,8.16,running
1774368829.1308892,8.26,running
1774368829.2998857,8.17,running
1774368829.468693,8.37,running
1774368829.6370597,8.03,running
1774368829.8054917,8.19,running
1774368829.9729655,8.20,running
1774368830.1399395,8.16,running
1774368830.3073013,8.19,running
1774368830.4747176,8.14,running
1774368830.643665,8.19,running
1774368830.8128057,8.16,running
1774368830.9810402,8.17,running
1774368831.1484587,8.14,running
1774368831.31782,8.17,running
1774368831.4849694,8.32,running
1774368831.6523068,8.08,running
1774368831.8195052,8.22,running
1774368831.9867427,8.14,running
1774368832.154704,8.17,running
1774368832.3222709,8.16,running
1774368832.4912467,8.14,running
1774368832.6584911,8.22,running
1774368832.826642,8.17,running
1774368832.9939933,8.23,running
1774368833.1612244,8.22,running
1774368833.3286972,8.19,running
1774368833.4960191,8.19,running
1774368833.663427,8.10,running
1774368833.8307528,8.25,running
1774368833.9980319,8.17,running
1774368834.1652405,8.13,running
1774368834.3326368,8.19,running
1774368834.5003302,8.14,running
1774368834.6680107,8.22,running
1774368834.835487,8.22,running
1774368835.0032494,8.16,running
1774368835.1708024,8.10,running
1774368835.3388638,8.25,running
1774368835.5083892,8.34,running
1774368835.6778748,8.14,running
1774368835.849341,8.14,running
1774368836.0214586,8.14,running
1774368836.193378,8.16,running
1774368836.3649156,8.16,running
1774368836.533835,8.20,running
1774368836.7038932,8.35,running
1774368836.874672,8.00,running
1774368837.0455525,8.03,running
1774368837.219975,8.16,running
1774368837.3916984,8.19,running
1774368837.5639923,8.19,running
1774368837.735169,8.02,running
1774368837.9076862,8.25,running
1774368838.0793834,8.03,running
1774368838.249586,8.05,running
1774368838.4203305,8.14,running
1774368838.588966,8.11,running
1774368838.7629335,8.02,running
1774368838.93243,8.03,running
1774368839.101952,8.02,running
1774368839.2719395,7.91,running
1774368839.4402826,8.17,running
1774368839.609158,8.16,running
1774368839.7772546,8.17,running
1774368839.946112,8.22,running
1774368840.1160324,8.02,running
1774368840.2862132,8.13,running
1774368840.454651,8.14,running
1774368840.623036,8.17,running
1774368840.7915156,8.34,running
1774368840.959838,8.25,running
1774368841.1284409,8.19,running
1774368841.296847,8.17,running
1774368841.464953,8.26,running
1774368841.6334102,8.19,running
1774368841.8016582,8.26,running
1774368841.9699135,8.29,running
1774368842.1383116,7.88,running
1774368842.3051414,7.87,running
1774368842.483538,8.48,running
1774368842.6742194,8.32,running
1774368842.865624,8.46,running
1774368843.0544302,8.20,running
1774368843.2460773,8.57,running
1774368843.4342513,8.45,running
1774368843.6220593,8.58,running
1774368843.8150144,8.51,running
1774368844.006214,8.55,running
1774368844.199093,8.54,running
1774368844.3818264,8.43,running
1774368844.5741844,8.54,running
1774368844.762636,8.48,running
1774368844.9458435,8.47,running
1774368845.1350315,8.41,running
1774368845.3299663,8.44,running
1774368845.519002,8.41,running
1774368845.7059045,8.47,running
1774368845.8950276,8.44,running
1774368846.0859337,8.38,running
1774368846.274916,8.41,running
1774368846.4659579,7.99,running
1774368846.6345153,8.14,running
1774368846.8032022,7.94,running
1774368846.9712603,7.96,running
1774368847.1391075,8.00,running
1774368847.3069923,7.94,running
1774368847.4748185,7.96,running
1774368847.6426642,7.97,running
1774368847.8108249,8.17,running
1774368847.9795766,7.99,running
1774368848.1485949,8.00,running
1774368848.3174713,7.97,running
1774368848.4859834,8.00,running
1774368848.654806,8.00,running
1774368848.8233926,7.97,running
1774368848.9921842,8.19,running
1774368849.16184,8.03,running
1774368849.3315353,7.96,running
1774368849.501069,7.96,running
1774368849.6702332,7.97,running
1774368849.8393834,8.19,running
1774368850.0085955,7.97,running
1774368850.1778178,8.00,running
1774368850.346983,7.93,running
1774368850.5161061,7.97,running
1774368850.6856,7.94,running
1774368850.8545537,7.94,running
1774368851.0236545,8.14,running
1774368851.1927788,8.67,running
1774368851.3915854,8.65,running
1774368851.5858076,7.96,running
1774368851.7700248,8.17,running
1774368851.939146,8.41,running
1774368852.1092885,8.28,running
1774368852.2792642,8.20,running
1774368852.449788,8.14,running
1774368852.6225836,8.13,running
1774368852.7955518,8.29,running
1774368852.9670734,8.19,running
1774368853.1398737,8.29,running
1774368853.3129735,8.14,running
1774368853.4858315,8.19,running
1774368853.6592133,8.23,running
1774368853.835694,8.65,running
1774368854.0568283,8.67,running
1774368854.2692297,8.64,running
1774368854.4862745,8.67,running
1774368854.701026,8.64,running
1774368854.9099598,8.64,running
1774368855.117931,8.57,running
1774368855.3209908,8.07,running
1774368855.4917583,8.10,running
1774368855.6610985,8.25,running
1774368855.8306143,8.16,running
1774368855.9994018,8.05,running
1774368856.169128,8.14,running
1774368856.3386073,8.16,running
1774368856.5087657,8.35,running
1774368856.6790736,8.22,running
1774368856.8525803,8.48,running
1774368857.042408,8.48,running
1774368857.2219446,8.57,running
1774368857.414782,8.50,running
1774368857.591106,8.51,running
1774368857.7870102,8.10,running
1774368857.9693902,8.55,running
1774368858.16368,8.42,running
1774368858.3551147,8.48,running
1774368858.5435746,8.85,running
1774368858.735257,8.50,running
1774368858.9326916,8.41,running
1774368859.1244683,8.61,running
1774368859.3189538,8.34,running
1774368859.5117683,8.51,running
1774368859.707473,8.44,running
1774368859.898816,8.48,running
1774368860.078137,8.38,running
1774368860.2702157,8.72,running
1774368860.4642045,8.56,running
1774368860.6586604,8.15,running
1774368860.8558257,8.39,running
1774368861.0509114,8.42,running
1774368861.2348,8.54,running
1774368861.4272683,8.79,running
1774368861.6190124,8.51,running
1774368861.80947,8.59,running
1774368862.0023792,8.57,running
1774368862.1991189,8.35,running
1774368862.3904846,8.44,running
1774368862.5700037,8.59,running
1774368862.7588286,8.84,running
1774368862.9512963,7.96,running
1774368863.127087,8.13,running
1774368863.2952147,8.05,running
1774368863.4629126,8.19,running
1774368863.632125,8.22,running
1774368863.8014503,8.13,running
1774368863.96942,8.11,running
1774368864.1385844,8.03,running
1774368864.3074534,8.13,running
1774368864.476297,8.13,running
1774368864.6453667,8.37,running
1774368864.8128881,8.19,running
1774368864.9817073,8.14,running
1774368865.1506076,8.11,running
1774368865.3181367,8.19,running
1774368865.4874973,8.14,running
1774368865.6565595,8.16,running
1774368865.8251925,8.35,running
1774368865.9937341,8.07,running
1774368866.1617503,8.16,running
1774368866.329952,8.10,running
1774368866.4991603,8.13,running
1774368866.668135,8.11,running
1774368866.8354127,8.17,running
1774368867.0031917,8.26,running
1774368867.1715326,8.23,running
1774368867.3431363,8.14,running
1774368867.5165215,8.11,running
1774368867.6894352,8.11,running
1774368867.8577409,8.07,running
1774368868.0283108,8.00,running
1774368868.199589,8.22,running
1774368868.3698182,8.03,running
1774368868.5426445,8.05,running
1774368868.7146523,7.99,running
1774368868.885244,7.82,running
1774368869.055295,7.94,running
1774368869.2226899,8.10,running
1774368869.3911748,8.20,running
1774368869.5613198,8.14,running
1774368869.7308114,8.17,running
1774368869.8997698,8.16,running
1774368870.0686967,8.11,running
1774368870.2383566,8.10,running
1774368870.4081566,8.11,running
1774368870.5778184,8.29,running
1774368870.750724,7.85,running
1774368870.9179907,8.48,running
1774368871.1102715,8.40,running
1774368871.3026977,8.54,running
1774368871.490296,8.38,running
1774368871.678483,8.38,running
1774368871.870382,8.36,running
1774368872.0578134,8.44,running
1774368872.242474,8.46,running
1774368872.4345744,8.35,running
1774368872.6269433,8.33,running
1774368872.8188844,8.29,running
1774368873.010685,7.93,running
1774368873.1792462,7.91,running
1774368873.34804,8.05,running
1774368873.5156326,7.91,running
1774368873.6834197,7.90,running
1774368873.8511329,7.91,running
1774368874.018668,7.91,running
1774368874.1862814,7.96,running
1774368874.3539698,7.96,running
1774368874.5218709,8.13,running
1774368874.6895611,7.99,running
1774368874.8571591,8.05,running
1774368875.025237,7.97,running
1774368875.1926963,7.91,running
1774368875.360145,7.94,running
1774368875.5274956,7.97,running
1774368875.6950266,8.17,running
1774368875.8623285,8.72,running
1774368876.042323,8.36,running
1774368876.2352798,8.29,running
1774368876.4097552,8.31,running
1774368876.5817611,8.34,running
1774368876.7525656,8.26,running
1774368876.9232535,8.64,running
1774368877.1414726,8.62,running
1774368877.3649633,8.70,running
1774368877.5914924,8.19,running
1774368877.7720358,8.19,running
1774368877.9421575,8.26,running
1774368878.1128123,8.17,running
1774368878.2833273,8.50,running
1774368878.4742956,8.47,running
1774368878.6669552,8.57,running
1774368878.8546274,8.33,running
1774368879.043381,8.54,running
1774368879.232192,8.27,running
1774368879.430941,8.51,running
1774368879.6265624,8.44,running
1774368879.8191934,8.53,running
1774368880.0073924,8.79,running
1774368880.1983657,8.57,running
1774368880.394933,8.40,running
1774368880.5865588,8.38,running
1774368880.7795649,8.51,running
1774368880.9745944,8.32,running
1774368881.1745334,8.62,running
1774368881.3666327,8.47,running
1774368881.5412707,8.57,running
1774368881.7344701,8.92,running
1774368881.9271393,7.96,running
1774368882.117527,8.14,running
1774368882.286044,8.08,running
1774368882.4535787,8.14,running
1774368882.6225178,8.11,running
1774368882.7911522,8.17,running
1774368882.9599802,8.31,running
1774368883.1275144,8.16,running
1774368883.29566,8.14,running
1774368883.4633741,8.17,running
1774368883.6310332,8.13,running
1774368883.7993722,8.14,running
1774368883.9688945,8.14,running
1774368884.13812,8.34,running
1774368884.3068147,8.16,running
1774368884.475348,8.07,running
1774368884.6441429,8.16,running
1774368884.8119216,8.14,running
1774368884.9806924,8.17,running
1774368885.150083,8.16,running
1774368885.3191292,8.23,running
1774368885.4867442,8.14,running
1774368885.6551344,8.22,running
1774368885.8242393,8.11,running
1774368885.993651,8.08,running
1774368886.1610925,8.16,running
1774368886.3291354,8.16,running
1774368886.4965296,8.37,running
1774368886.6637962,8.08,running
1774368886.831058,8.10,running
1774368886.998636,8.16,running
1774368887.1666446,8.26,running
1774368887.333983,8.14,running
1774368887.5014777,8.16,running
1774368887.669019,8.32,running
1774368887.8368845,8.17,running
1774368888.004956,8.22,running
1774368888.1745164,8.28,running
1774368888.3440852,8.23,running
1774368888.5136826,8.08,running
1774368888.6810937,8.11,running
1774368888.8487368,8.11,running
1774368889.0167334,8.02,running
1774368889.1870642,8.03,running
1774368889.3577425,8.00,running
1774368889.5279233,8.02,running
1774368889.6976378,8.20,running
1774368889.867211,7.99,running
1774368890.038177,8.03,running
1774368890.208662,8.00,running
1774368890.379592,7.87,running
1774368890.5499008,8.23,running
1774368890.7184074,8.13,running
1774368890.8868046,8.02,running
1774368891.057678,8.11,running
1774368891.2269824,8.14,running
1774368891.395679,8.13,running
1774368891.5641346,8.13,running
1774368891.7326765,8.32,running
1774368891.9010563,8.17,running
1774368892.069642,8.14,running
1774368892.2381551,8.17,running
1774368892.4065022,7.87,running
1774368892.5739946,7.87,running
1774368892.7410176,8.58,running
1774368892.9079301,8.39,running
1774368893.1004663,8.35,running
1774368893.2944126,8.15,running
1774368893.4861844,8.43,running
1774368893.670651,8.22,running
1774368893.8532026,8.46,running
1774368894.0480742,8.38,running
1774368894.2340808,8.36,running
1774368894.4262075,8.41,running
1774368894.618235,8.34,running
1774368894.8065627,8.47,running
1774368894.9900944,8.43,running
1774368895.1822224,8.38,running
1774368895.374025,8.50,running
1774368895.5661554,8.55,running
1774368895.7419899,8.36,running
1774368895.9338565,7.97,running
1774368896.1177316,7.93,running
1774368896.2851803,7.94,running
1774368896.4525962,7.99,running
1774368896.6203117,7.91,running
1774368896.7878165,7.97,running
1774368896.9566057,8.14,running
1774368897.1255674,7.97,running
1774368897.293687,7.93,running
1774368897.4612913,7.97,running
1774368897.6288052,7.96,running
1774368897.7978013,7.93,running
1774368897.9656289,7.90,running
1774368898.1329072,8.13,running
1774368898.3023083,7.97,running
1774368898.4721766,8.00,running
1774368898.6415493,7.97,running
1774368898.8108332,7.96,running
1774368898.9803107,7.97,running
1774368899.149671,7.93,running
1774368899.3188167,8.03,running
1774368899.4883804,8.61,running
1774368899.6845584,8.32,running
1774368899.8805249,8.34,running
1774368900.048424,8.21,running
1774368900.2200317,8.28,running
1774368900.3905017,8.26,running
1774368900.5605376,8.22,running
1774368900.7309177,8.25,running
1774368900.9038002,8.11,running
1774368901.077502,8.16,running
1774368901.2508633,8.67,running
1774368901.4508033,8.62,running
1774368901.6699228,8.68,running
1774368901.892952,8.64,running
1774368902.1098366,8.62,running
1774368902.319679,8.57,running
1774368902.526333,8.16,running
1774368902.69585,8.13,running
1774368902.867025,8.13,running
1774368903.0361428,8.17,running
1774368903.2059107,7.93,running
1774368903.3749683,8.00,running
1774368903.546144,8.57,running
1774368903.7504988,8.26,running
1774368903.943892,8.41,running
1774368904.1515458,8.93,running
1774368904.3481755,8.24,running
1774368904.543324,8.35,running
1774368904.7395697,8.42,running
1774368904.9344637,8.43,running
1774368905.1268375,8.62,running
1774368905.3133636,8.43,running
1774368905.5035963,8.53,running
1774368905.6995916,8.54,running
1774368905.8902473,8.64,running
1774368906.0835655,8.33,running
1774368906.2747004,8.52,running
1774368906.454807,8.32,running
1774368906.64286,8.07,running
1774368906.8350313,8.56,running
1774368907.023347,8.44,running
1774368907.215577,8.57,running
1774368907.407076,8.64,running
1774368907.5993075,8.60,running
1774368907.7914996,8.41,running
1774368907.9820552,8.15,running
1774368908.1636252,8.48,running
1774368908.3587682,8.49,running
1774368908.5413158,7.97,running
1774368908.7095082,8.34,running
1774368908.8787098,8.16,running
1774368909.046346,8.17,running
1774368909.2138717,8.16,running
1774368909.3808947,8.16,running
1774368909.5485077,8.14,running
1774368909.7167983,8.11,running
1774368909.8858743,8.32,running
1774368910.0553238,8.14,running
1774368910.2241447,8.13,running
1774368910.3927543,8.14,running
1774368910.561555,8.17,running
1774368910.7300065,8.19,running
1774368910.8991416,8.20,running
1774368911.0681028,8.34,running
1774368911.2363029,8.11,running
1774368911.405237,8.08,running
1774368911.5743926,8.20,running
1774368911.7467084,8.17,running
1774368911.9163532,8.19,running
1774368912.0847812,8.22,running
1774368912.2535832,8.14,running
1774368912.4225729,8.19,running
1774368912.5915208,8.37,running
1774368912.7602074,8.26,running
1774368912.9305415,8.26,running
1774368913.0994658,8.14,running
1774368913.2672896,8.14,running
1774368913.436052,8.26,running
1774368913.6065729,8.03,running
1774368913.7773452,8.14,running
1774368913.947928,8.00,running
1774368914.118019,8.03,running
1774368914.2888606,8.19,running
1774368914.4574149,8.11,running
1774368914.6259367,8.20,running
1774368914.7960868,8.19,running
1774368914.9650798,8.20,running
1774368915.1340473,8.17,running
1774368915.3028994,8.14,running
1774368915.4720225,8.16,running
1774368915.640734,7.84,running
1774368915.8088248,8.10,running
1774368915.9756808,8.40,running
1774368916.1820393,8.38,running
1774368916.370695,8.44,running
1774368916.5624478,8.44,running
1774368916.7541666,8.38,running
1774368916.9380193,8.42,running
1774368917.1307657,8.43,running
1774368917.318499,8.45,running
1774368917.5108495,8.44,running
1774368917.6984599,8.37,running
1774368917.8863773,7.96,running
1774368918.059951,7.91,running
1774368918.229105,7.93,running
1774368918.3973749,7.94,running
1774368918.5655606,8.00,running
1774368918.7337306,7.93,running
1774368918.901754,8.11,running
1774368919.0698113,7.93,running
1774368919.238319,7.96,running
1774368919.4066005,7.96,running
1774368919.574804,7.96,running
1774368919.7440138,8.03,running
1774368919.9128442,7.97,running
1774368920.0816214,7.96,running
1774368920.2502835,7.91,running
1774368920.4190269,7.97,running
1774368920.5879338,7.97,running
1774368920.756488,7.97,running
1774368920.925494,8.14,running
1774368921.094048,7.96,running
1774368921.2627902,8.69,running
1774368921.4477842,8.36,running
1774368921.6427877,7.91,running
1774368921.8120565,8.17,running
1774368921.9835293,8.11,running
1774368922.1561782,8.32,running
1774368922.3274746,8.19,running
1774368922.5006795,8.14,running
1774368922.6738572,8.13,running
1774368922.8557994,8.65,running
1774368923.076375,8.65,running
1774368923.298445,8.65,running
1774368923.5143008,8.54,running
1774368923.7121446,7.87,running
1774368923.881342,8.17,running
1774368924.0521712,8.25,running
1774368924.2215347,8.23,running
1774368924.3896818,8.32,running
1774368924.5758274,8.42,running
1774368924.7674077,8.50,running
1774368924.9635334,8.42,running
1774368925.1593173,8.59,running
1774368925.3512294,8.64,running
1774368925.54322,8.54,running
1774368925.7306101,8.50,running
1774368925.9147265,8.50,running
1774368926.08612,8.57,running
1774368926.2786875,8.44,running
1774368926.4683511,8.51,running
1774368926.6579535,8.11,running
1774368926.8512216,8.54,running
1774368927.043007,8.42,running
1774368927.2351086,8.54,running
1774368927.4235513,8.85,running
1774368927.6108687,8.53,running
1774368927.8076997,8.48,running
1774368928.0004547,8.36,running
1774368928.1945682,7.97,running
1774368928.3638852,8.16,running
1774368928.532483,8.07,running
1774368928.7004,8.29,running
1774368928.868138,8.14,running
1774368929.0359447,8.19,running
1774368929.205805,8.11,running
1774368929.374443,8.16,running
1774368929.5430615,8.16,running
1774368929.7125773,8.19,running
1774368929.8815284,8.19,running
1774368930.049644,8.20,running
1774368930.2180977,8.32,running
1774368930.386683,8.08,running
1774368930.5556502,8.16,running
1774368930.723947,8.17,running
1774368930.8934243,8.17,running
1774368931.062246,8.17,running
1774368931.2326427,8.08,running
1774368931.400217,8.26,running
1774368931.569523,8.16,running
1774368931.737658,8.23,running
1774368931.906411,8.16,running
1774368932.0736134,8.14,running
1774368932.241582,8.29,running
1774368932.4097362,8.17,running
1774368932.5776453,8.32,running
1774368932.7447844,8.14,running
1774368932.912743,8.16,running
1774368933.0810747,8.03,running
1774368933.2512724,8.07,running
1774368933.4215503,8.05,running
1774368933.5913663,8.14,running
1774368933.7592444,8.32,running
1774368933.9275687,8.08,running
1774368934.0977497,8.14,running
1774368934.266071,8.14,running
1774368934.434204,8.16,running
1774368934.6023693,8.22,running
1774368934.7705226,8.17,running
1774368934.9386435,8.03,running
1774368935.1053584,8.54,running
1774368935.294487,8.47,running
1774368935.4770446,8.54,running
1774368935.6663377,8.47,running
1774368935.8547692,8.39,running
1774368936.0462568,8.27,running
1774368936.228734,8.48,running
1774368936.4220223,8.33,running
1774368936.6049323,8.37,running
1774368936.7900338,8.47,running
1774368936.9824505,8.29,running
1774368937.174081,8.25,running
1774368937.3620129,8.10,running
1774368937.5292592,8.00,running
1774368937.696731,7.97,running
1774368937.863845,7.97,running
1774368938.0312595,7.94,running
1774368938.1985524,8.02,running
1774368938.3658593,7.97,running
1774368938.5329878,8.00,running
1774368938.6999776,7.93,running
1774368938.86698,7.99,running
1774368939.033966,7.96,running
1774368939.2008693,7.96,running
1774368939.368012,8.08,running
1774368939.5365565,7.93,running
1774368939.7059264,7.91,running
1774368939.8752837,7.93,running
1774368940.0433905,7.97,running
1774368940.2121685,7.96,running
1774368940.384586,8.67,running
1774368940.5796745,8.40,running
1774368940.7522702,8.29,running
1774368940.9239798,8.29,running
1774368941.094117,8.22,running
1774368941.2634013,8.14,running
1774368941.4366407,8.89,running
1774368941.6635952,8.57,running
1774368941.8574557,8.67,running
1774368942.0708969,8.65,running
1774368942.2865326,8.10,running
1774368942.473567,8.22,running
1774368942.643258,8.29,running
1774368942.813527,8.60,running
1774368942.986285,8.56,running
1774368943.1793249,8.44,running
1774368943.3714056,8.50,running
1774368943.55878,8.53,running
1774368943.7383037,8.30,running
1774368943.930202,8.81,running
1774368944.1237974,8.29,running
1774368944.3137112,8.47,running
1774368944.5024555,8.67,running
1774368944.69652,8.57,running
1774368944.8877409,8.56,running
1774368945.08154,8.94,running
1774368945.2671168,8.54,running
1774368945.4600499,8.61,running
1774368945.6519303,8.57,running
1774368945.8474007,8.51,running
1774368946.0382059,8.59,running
1774368946.227669,8.32,running
1774368946.4183826,8.52,running
1774368946.5992968,7.94,running
1774368946.7677238,8.14,running
1774368946.9373627,8.14,running
1774368947.106215,8.25,running
1774368947.2768831,8.20,running
1774368947.4446156,8.28,running
1774368947.6119378,8.17,running
1774368947.779205,8.07,running
1774368947.9468405,8.16,running
1774368948.1144447,8.16,running
1774368948.282135,8.25,running
1774368948.4503093,8.16,running
1774368948.6193047,8.22,running
1774368948.7882724,8.11,running
1774368948.9572752,8.14,running
1774368949.126557,8.16,running
1774368949.295586,8.17,running
1774368949.4641724,8.16,running
1774368949.6317072,8.16,running
1774368949.800747,8.35,running
1774368949.9699707,8.11,running
1774368950.1386929,8.19,running
1774368950.308307,8.17,running
1774368950.475549,8.10,running
1774368950.6434767,8.23,running
1774368950.8133893,8.29,running
1774368950.983351,8.37,running
1774368951.152639,8.11,running
1774368951.319596,8.07,running
1774368951.4874873,8.08,running
1774368951.6555297,8.10,running
1774368951.8258443,8.08,running
1774368951.9957724,8.08,running
1774368952.1653166,8.32,running
1774368952.3334212,8.16,running
1774368952.5019534,8.03,running
1774368952.6723173,8.17,running
1774368952.8408124,8.17,running
1774368953.009196,8.28,running
1774368953.177338,8.19,running
1774368953.3458383,8.20,running
1774368953.5142493,7.85,running
1774368953.682414,8.00,running
1774368953.850337,8.44,running
1774368954.0424922,8.41,running
1774368954.2251277,8.35,running
1774368954.4140863,8.44,running
1774368954.5971212,8.47,running
1774368954.7862551,8.45,running
1774368954.9785056,8.46,running
1774368955.170389,8.41,running
1774368955.3622286,8.54,running
1774368955.5451453,8.47,running
1774368955.7385077,8.13,running
1774368955.9299512,7.94,running
1774368956.0973673,7.96,running
1774368956.2649114,8.02,running
1774368956.4325101,7.97,running
1774368956.600484,7.96,running
1774368956.7692275,8.02,running
1774368956.937711,8.16,running
1774368957.1063936,7.93,running
1774368957.2754784,7.96,running
1774368957.4444025,7.96,running
1774368957.6130106,7.94,running
1774368957.781646,7.94,running
1774368957.9504302,7.93,running
1774368958.1189184,8.16,running
1774368958.2877648,7.93,running
1774368958.4569118,7.93,running
1774368958.625647,7.91,running
1774368958.7939787,8.00,running
1774368958.96271,8.10,running
1774368959.131183,7.97,running
1774368959.3003602,8.67,running
1774368959.4991052,7.93,running
1774368959.6878648,8.28,running
1774368959.8599248,8.14,running
1774368960.0324037,8.13,running
1774368960.2045379,8.28,running
1774368960.3832061,8.17,running
1774368960.5578337,8.22,running
1774368960.7307513,8.58,running
1774368960.9152873,8.62,running
1774368961.1380346,8.62,running
1774368961.3704221,8.65,running
1774368961.5915213,7.91,running
1774368961.7604663,8.28,running
1774368961.9314735,8.40,running
1774368962.1008654,8.16,running
1774368962.2721195,8.50,running
1774368962.4398448,8.71,running
1774368962.630543,8.47,running
1774368962.8277266,8.48,running
1774368963.019562,8.39,running
1774368963.2052903,8.53,running
1774368963.3943012,8.43,running
1774368963.584398,8.61,running
1774368963.7799778,8.12,running
1774368963.9702408,8.57,running
1774368964.163867,8.40,running
1774368964.3591347,8.54,running
1774368964.5486624,8.64,running
1774368964.7353175,8.72,running
1774368964.9283116,8.54,running
1774368965.1197066,8.51,running
1774368965.3123457,8.48,running
1774368965.5024023,8.44,running
1774368965.6867492,8.56,running
1774368965.8783484,9.02,running
1774368966.0711546,8.02,running
1774368966.2397046,8.13,running
1774368966.4081028,8.14,running
1774368966.5756192,8.19,running
1774368966.7439156,8.17,running
1774368966.9132633,8.20,running
1774368967.082109,8.19,running
1774368967.251255,8.11,running
1774368967.4187694,8.11,running
1774368967.5862653,8.16,running
1774368967.7551978,8.16,running
1774368967.922776,8.23,running
1774368968.090404,8.40,running
1774368968.25735,8.22,running
1774368968.4255862,8.02,running
1774368968.5939834,8.16,running
1774368968.7692575,8.16,running
1774368968.938136,8.14,running
1774368969.1056023,8.25,running
1774368969.2727573,8.10,running
1774368969.4407637,8.19,running
1774368969.6099195,8.38,running
1774368969.7790067,8.14,running
1774368969.947881,8.17,running
1774368970.1162155,8.26,running
1774368970.2857149,8.25,running
1774368970.4550717,8.14,running
1774368970.622619,8.05,running
1774368970.7916524,8.29,running
1774368970.9602582,8.03,running
1774368971.1294818,8.07,running
1774368971.3002675,8.05,running
1774368971.472036,7.91,running
1774368971.6423957,8.17,running
1774368971.811084,8.11,running
1774368971.9817178,8.19,running
1774368972.150117,8.16,running
1774368972.3185866,8.26,running
1774368972.4869847,8.14,running
1774368972.6557674,8.16,running
1774368972.8242567,7.91,running
1774368972.9911826,8.41,running
1774368973.1768873,8.35,running
1774368973.3706057,8.44,running
1774368973.5539649,8.38,running
1774368973.738691,8.45,running
1774368973.9211917,8.42,running
1774368974.110725,8.32,running
1774368974.2931762,8.35,running
1774368974.4867153,8.48,running
1774368974.6693747,8.50,running
1774368974.8543673,8.40,running
1774368975.0462158,8.08,running
1774368975.2380881,7.88,running
1774368975.4067721,7.91,running
1774368975.5756907,7.93,running
1774368975.7429903,7.93,running
1774368975.9105732,7.93,running
1774368976.0780022,7.91,running
1774368976.2455664,8.00,running
1774368976.4132426,7.94,running
1774368976.5805106,8.08,running
1774368976.7476773,7.97,running
1774368976.915053,7.91,running
1774368977.0823064,7.93,running
1774368977.2494962,7.94,running
1774368977.4177768,7.96,running
1774368977.5941083,7.93,running
1774368977.7641132,8.17,running
1774368977.9340813,7.96,running
1774368978.1029127,8.61,running
1774368978.2718172,8.64,running
1774368978.4702098,8.26,running
1774368978.6415927,8.40,running
1774368978.811747,8.25,running
1774368978.9819384,8.16,running
1774368979.154441,8.13,running
1774368979.327282,8.62,running
1774368979.5532186,8.64,running
1774368979.76382,8.65,running
1774368979.97265,7.99,running
1774368980.1674016,8.08,running
1774368980.3421814,8.22,running
1774368980.5108352,8.20,running
1774368980.6799796,8.61,running
1774368980.8508267,8.33,running
1774368981.0423026,8.62,running
1774368981.2356615,8.50,running
1774368981.4272404,8.53,running
1774368981.6201053,8.57,running
1774368981.8065596,8.50,running
1774368981.9860854,8.56,running
1774368982.1784356,8.37,running
1774368982.3633068,8.50,running
1774368982.5585763,8.97,running
1774368982.7541978,8.51,running
1774368982.9467385,8.44,running
1774368983.138844,8.53,running
1774368983.3235726,8.47,running
1774368983.5276463,8.50,running
1774368983.719587,8.26,running
1774368983.9110641,8.72,running
1774368984.1075628,8.54,running
1774368984.2997563,8.27,running
1774368984.4918656,8.05,running
1774368984.6593795,8.14,running
1774368984.8268316,8.17,running
1774368984.9942682,8.11,running
1774368985.161655,8.14,running
1774368985.3289635,8.35,running
1774368985.4965436,8.14,running
1774368985.6639872,8.13,running
1774368985.831626,8.14,running
1774368985.9989414,8.13,running
1774368986.1659071,8.29,running
1774368986.333271,8.08,running
1774368986.5006864,8.08,running
1774368986.6687834,8.14,running
1774368986.8384387,8.10,running
1774368987.007017,8.14,running
1774368987.1747725,8.14,running
1774368987.3422804,8.14,running
1774368987.5098255,8.11,running
1774368987.6774118,8.32,running
1774368987.846316,8.13,running
1774368988.0153167,8.16,running
1774368988.1829374,8.17,running
1774368988.351903,8.10,running
1774368988.520851,8.14,running
1774368988.6900952,8.13,running
1774368988.858631,8.35,running
1774368989.0273812,8.14,running
1774368989.1966357,8.16,running
1774368989.3650217,8.10,running
1774368989.5340757,8.14,running
1774368989.702955,8.16,running
1774368989.871405,8.14,running
1774368990.0401711,8.17,running
1774368990.2089202,8.13,running
1774368990.3764253,8.32,running
1774368990.5446708,8.05,running
1774368990.7142777,8.17,running
1774368990.883132,8.12,running
1774368991.0515664,8.14,running
1774368991.222166,8.19,running
1774368991.3926878,8.14,running
1774368991.5622733,8.22,running
1774368991.7346551,8.25,running
1774368991.908559,8.25,running
1774368992.0977538,8.19,running
1774368992.2712452,8.07,running
1774368992.4450393,8.16,running
1774368992.6142688,8.25,running
1774368992.7836404,8.14,running
1774368992.9520652,8.08,running
1774368993.1235263,8.35,running
1774368993.2944698,8.05,running
1774368993.4852202,8.10,running
1774368993.6574266,8.05,running
1774368993.830021,8.03,running
1774368994.0026226,8.03,running
1774368994.1734335,8.10,running
1774368994.3447096,8.08,running
1774368994.5191312,8.10,running
1774368994.6916685,8.08,running
1774368994.8611526,8.16,running
1774368995.0300486,8.13,running
1774368995.1985216,8.02,running
1774368995.3677912,8.03,running
1774368995.5380197,8.20,running
1774368995.706734,8.17,running
1774368995.875648,8.35,running
1774368996.0444095,8.19,running
1774368996.2135677,8.16,running
1774368996.3824005,8.11,running
1774368996.5527458,8.14,running
1774368996.7228122,8.23,running
1774368996.8933907,8.14,running
1774368997.0637133,8.32,running
1774368997.233851,8.14,running
1774368997.4046013,7.91,running
1774368997.573657,7.88,running
1774368997.7406585,8.42,running
1774368997.9184656,8.07,running
1774368998.1013482,8.51,running
1774368998.2869165,8.39,running
1774368998.4699972,8.45,running
1774368998.6589956,8.25,running
1774368998.8407292,8.42,running
1774368999.0306692,8.21,running
1774368999.2187343,8.56,running
1774368999.4149396,8.29,running
1774368999.6063328,8.51,running
1774368999.7949965,8.50,running
1774368999.98601,8.41,running
1774369000.1783516,8.50,running
1774369000.3700583,8.57,running
1774369000.5533128,8.53,running
1774369000.7422976,8.47,running
1774369000.9255788,8.36,running
1774369001.1151369,8.34,running
1774369001.3066843,7.99,running
1774369001.478451,8.07,running
1774369001.648725,8.00,running
1774369001.8173792,8.14,running
1774369001.985989,7.94,running
1774369002.1552327,7.93,running
1774369002.3244715,7.99,running
1774369002.4934568,7.94,running
1774369002.6623244,8.07,running
1774369002.8312075,7.99,running
1774369003.000334,8.17,running
1774369003.169096,8.03,running
1774369003.3453035,8.16,running
1774369003.5156868,8.02,running
1774369003.6852148,8.11,running
1774369003.8559136,8.03,running
1774369004.0247865,7.97,running
1774369004.1955805,8.25,running
1774369004.3657508,7.97,running
1774369004.5362754,8.10,running
1774369004.7063422,7.93,running
1774369004.8753188,7.97,running
1774369005.044515,7.96,running
1774369005.2132971,7.97,running
1774369005.3820713,8.29,running
1774369005.550589,7.90,running
1774369005.717802,8.00,running
1774369005.886784,7.99,running
1774369006.0556817,7.94,running
1774369006.224583,7.99,running
1774369006.4151857,8.00,running
1774369006.5864224,8.13,running
1774369006.7567844,7.94,running
1774369006.9272022,8.13,running
1774369007.0974967,8.00,running
1774369007.2688081,8.00,running
1774369007.4377785,8.65,running
1774369007.63588,8.64,running
1774369007.8366287,8.11,running
1774369008.005236,7.91,running
1774369008.1742203,8.43,running
1774369008.3443975,8.17,running
1774369008.517545,8.22,running
1774369008.6907122,8.17,running
1774369008.8643053,8.13,running
1774369009.0375118,8.35,running
1774369009.2101462,8.17,running
1774369009.3825283,8.20,running
1774369009.5554266,8.19,running
1774369009.7266965,8.14,running
1774369009.899486,8.22,running
1774369010.0721312,8.17,running
1774369010.2439668,8.64,running
1774369010.4522886,8.68,running
1774369010.6698892,8.68,running
1774369010.8863628,8.70,running
1774369011.1041903,8.70,running
1774369011.332692,8.67,running
1774369011.5347497,7.91,running
1774369011.7022002,8.13,running
1774369011.8696537,8.10,running
1774369012.0389538,8.35,running
1774369012.2081914,8.19,running
1774369012.377248,8.19,running
1774369012.5456038,8.38,running
1774369012.714242,8.58,running
1774369012.8847704,8.49,running
1774369013.0798423,8.54,running
1774369013.2755387,8.51,running
1774369013.4661856,8.49,running
1774369013.6501856,8.35,running
1774369013.8333805,8.79,running
1774369014.0281184,8.54,running
1774369014.222898,8.85,running
1774369014.4200845,8.59,running
1774369014.6109083,8.26,running
1774369014.8029897,8.56,running
1774369014.999508,8.48,running
1774369015.1869402,8.56,running
1774369015.39102,8.79,running
1774369015.583036,8.93,running
1774369015.7709358,8.47,running
1774369015.9626417,8.50,running
1774369016.1649086,8.47,running
1774369016.3543231,8.48,running
1774369016.5394847,8.48,running
1774369016.7306366,8.85,running
1774369016.9235444,8.53,running
1774369017.1186495,8.03,running
1774369017.3029687,8.38,running
1774369017.4987543,8.91,running
1774369017.6829548,8.65,running
1774369017.878511,8.50,running
1774369018.063864,8.48,running
1774369018.2591414,8.39,running
1774369018.4503136,8.45,running
1774369018.642186,8.53,running
1774369018.830315,8.50,running
1774369019.0243294,7.93,running
1774369019.192221,8.20,running
1774369019.3601475,8.14,running
1774369019.5295632,8.20,running
1774369019.697047,8.10,running
1774369019.8652282,8.23,running
1774369020.0325246,8.02,running
1774369020.2003522,8.13,running
1774369020.3682046,8.13,running
1774369020.5354216,8.13,running
1774369020.7027497,8.19,running
1774369020.8708034,8.14,running
1774369021.0378828,8.25,running
1774369021.205312,8.10,running
1774369021.3727696,8.13,running
1774369021.5399663,8.11,running
1774369021.7075021,8.11,running
1774369021.8769324,8.14,running
1774369022.0453525,8.11,running
1774369022.2139597,8.29,running
1774369022.3814235,8.10,running
1774369022.5493014,8.14,running
1774369022.7167296,8.13,running
1774369022.8850322,8.13,running
1774369023.053931,8.07,running
1774369023.221845,8.25,running
1774369023.392843,8.28,running
1774369023.5640628,8.10,running
1774369023.7313323,8.11,running
1774369023.901635,8.08,running
1774369024.0717304,8.00,running
1774369024.2421598,8.03,running
1774369024.4120255,8.05,running
1774369024.5822248,7.88,running
1774369024.7505476,7.87,running
1774369024.9184604,8.25,running
1774369025.0869462,8.07,running
1774369025.2577813,8.14,running
1774369025.4272575,8.11,running
1774369025.5960884,8.13,running
1774369025.764602,8.14,running
1774369025.9330945,8.14,running
1774369026.1013777,8.05,running
1774369026.2690492,7.85,running
1774369026.4361022,8.13,running
1774369026.6185994,8.39,running
1774369026.8103123,8.41,running
1774369026.9986432,8.41,running
1774369027.190091,8.39,running
1774369027.3740506,8.37,running
1774369027.5570633,8.44,running
1774369027.7504249,8.52,running
1774369027.9430013,8.40,running
1774369028.1134772,8.02,running
1774369028.3033142,8.42,running
1774369028.4852686,8.08,running
1774369028.6742089,7.94,running
1774369028.8429592,8.10,running
1774369029.0120363,7.97,running
1774369029.1808975,7.96,running
1774369029.3481624,7.96,running
1774369029.5157473,7.94,running
1774369029.6838133,7.94,running
1774369029.8515968,7.94,running
1774369030.0190966,8.13,running
1774369030.1881762,7.99,running
1774369030.3570783,7.94,running
1774369030.5250206,7.99,running
1774369030.6934364,8.00,running
1774369030.8618057,8.02,running
1774369031.0300317,7.97,running
1774369031.1979363,8.13,running
1774369031.3659203,7.96,running
1774369031.5341253,7.97,running
1774369031.7022018,8.62,running
1774369031.900126,8.13,running
1774369032.094099,8.22,running
1774369032.2654295,8.23,running
1774369032.4352565,8.10,running
1774369032.605398,8.16,running
1774369032.7775683,8.29,running
1774369032.9497342,8.60,running
1774369033.1366887,8.64,running
1774369033.358006,8.61,running
1774369033.5682676,8.64,running
1774369033.79255,7.87,running
1774369033.961846,8.23,running
1774369034.1317303,8.11,running
1774369034.300607,8.28,running
1774369034.4698038,8.56,running
1774369034.6550121,8.15,running
1774369034.8515131,8.51,running
1774369035.0401497,8.74,running
1774369035.2303555,8.51,running
1774369035.4227252,8.35,running
1774369035.6157737,8.48,running
1774369035.8152869,8.44,running
1774369036.0063567,8.25,running
1774369036.2020774,8.51,running
1774369036.391114,8.35,running
1774369036.5841522,8.50,running
1774369036.7749577,8.23,running
1774369036.9716282,8.54,running
1774369037.1666467,8.33,running
1774369037.3593264,8.57,running
1774369037.5474715,8.46,running
1774369037.7387826,8.53,running
1774369037.934548,8.45,running
1774369038.1275606,8.39,running
1774369038.3226273,7.97,running
1774369038.4915292,8.13,running
1774369038.660271,8.11,running
1774369038.8276997,8.31,running
1774369038.9967992,8.14,running
1774369039.1660585,8.14,running
1774369039.3344605,8.13,running
1774369039.502816,8.11,running
1774369039.670426,8.16,running
1774369039.8455975,8.14,running
1774369040.0148578,8.17,running
1774369040.1832175,8.10,running
1774369040.3522198,8.32,running
1774369040.5210445,8.16,running
1774369040.6899455,8.14,running
1774369040.857566,8.10,running
1774369041.0261827,8.07,running
1774369041.193376,8.05,running
1774369041.3608642,8.11,running
1774369041.5283291,8.29,running
1774369041.6957216,8.08,running
1774369041.8630424,8.10,running
1774369042.0300267,8.08,running
1774369042.197276,8.23,running
1774369042.369057,8.23,running
1774369042.5383646,8.22,running
1774369042.7081878,8.23,running
1774369042.8752685,8.00,running
1774369043.0435712,8.05,running
1774369043.2133727,8.03,running
1774369043.3836164,8.05,running
1774369043.5530455,8.05,running
1774369043.7226374,7.90,running
1774369043.8904898,8.25,running
1774369044.0584993,8.02,running
1774369044.228696,8.14,running
1774369044.396676,8.13,running
1774369044.56476,8.13,running
1774369044.7328768,8.13,running
1774369044.9008472,8.10,running
1774369045.0688093,8.07,running
1774369045.2366962,8.08,running
1774369045.417775,8.38,running
1774369045.6060884,8.32,running
1774369045.798556,8.41,running
1774369045.9821527,8.28,running
1774369046.1743855,8.47,running
1774369046.3728466,8.42,running
1774369046.5621731,8.40,running
1774369046.7543447,8.36,running
1774369046.9470322,8.44,running
1774369047.1289656,8.38,running
1774369047.3180468,7.94,running
1774369047.5061662,8.07,running
1774369047.6733415,7.93,running
1774369047.840584,7.94,running
1774369048.0075665,7.93,running
1774369048.1746438,7.99,running
1774369048.341707,7.93,running
1774369048.5086744,7.96,running
1774369048.6756413,8.13,running
1774369048.8440044,7.90,running
1774369049.0126731,7.93,running
1774369049.1808798,7.97,running
1774369049.3486257,7.94,running
1774369049.5159469,7.94,running
1774369049.6833293,7.91,running
1774369049.8507142,8.13,running
1774369050.019028,7.99,running
1774369050.1872218,7.97,running
1774369050.3595788,8.65,running
1774369050.555667,8.20,running
1774369050.7464912,8.28,running
1774369050.9180913,8.26,running
1774369051.0881205,8.41,running
1774369051.259549,8.14,running
1774369051.4398358,8.62,running
1774369051.663734,8.67,running
1774369051.8886611,8.64,running
1774369052.1142614,8.68,running
1774369052.3384454,8.19,running
1774369052.5083575,8.13,running
1774369052.6786387,8.23,running
1774369052.8483074,8.35,running
1774369053.0392864,8.11,running
1774369053.2321084,8.57,running
1774369053.4224129,8.40,running
1774369053.6123405,8.46,running
1774369053.8090332,8.38,running
1774369054.0039167,8.26,running
1774369054.1748586,8.53,running
1774369054.366932,7.96,running
1774369054.5590646,8.61,running
1774369054.7521126,8.36,running
1774369054.947334,8.56,running
1774369055.1161573,8.33,running
1774369055.3064053,8.15,running
1774369055.5008564,8.53,running
1774369055.6905713,8.99,running
1774369055.874632,8.53,running
1774369056.0632703,8.46,running
1774369056.2585528,8.59,running
1774369056.4512498,8.55,running
1774369056.64226,8.26,running
1774369056.8300574,7.96,running
1774369056.999214,8.07,running
1774369057.169243,8.32,running
1774369057.3365183,8.16,running
1774369057.5037804,8.17,running
1774369057.671017,8.14,running
1774369057.8378432,8.17,running
1774369058.0049546,8.08,running
1774369058.1729097,8.17,running
1774369058.3403232,8.34,running
1774369058.5076554,8.16,running
1774369058.676117,8.13,running
1774369058.843017,8.14,running
1774369059.0101554,8.07,running
1774369059.1774895,8.16,running
1774369059.3447528,8.13,running
1774369059.5117915,8.32,running
1774369059.6791751,8.14,running
1774369059.846137,8.11,running
1774369060.013236,8.07,running
1774369060.180788,8.11,running
1774369060.3495739,8.17,running
1774369060.518461,8.22,running
1774369060.6857355,8.37,running
1774369060.8532557,8.25,running
1774369061.0235825,8.28,running
1774369061.1936517,8.17,running
1774369061.3614655,8.13,running
1774369061.5310223,8.07,running
1774369061.6992686,8.10,running
1774369061.8675237,8.20,running
1774369062.037752,8.07,running
1774369062.2080915,7.93,running
1774369062.3775601,8.16,running
1774369062.5461888,8.05,running
1774369062.71767,8.13,running
1774369062.8858383,8.16,running
1774369063.0547183,8.34,running
1774369063.2235456,8.14,running
1774369063.3923302,8.14,running
1774369063.5610785,8.16,running
1774369063.7295427,7.87,running
1774369063.8966084,8.37,running
1774369064.0904167,8.43,running
1774369064.2864754,8.40,running
1774369064.4786544,8.40,running
1774369064.6669755,8.43,running
1774369064.858417,8.50,running
1774369065.0505621,8.41,running
1774369065.2331321,8.41,running
1774369065.422782,8.39,running
1774369065.6142516,8.56,running
1774369065.79767,8.22,running
1774369065.9858174,7.97,running
1774369066.1550233,7.94,running
1774369066.3243356,7.94,running
1774369066.492476,7.96,running
1774369066.660433,7.94,running
1774369066.8299658,7.93,running
1774369066.999118,8.13,running
1774369067.16724,7.93,running
1774369067.335509,7.91,running
1774369067.503569,7.96,running
1774369067.6718428,7.93,running
1774369067.840227,7.96,running
1774369068.0086966,7.96,running
1774369068.1773674,8.13,running
1774369068.345903,7.93,running
1774369068.514582,7.96,running
1774369068.6835167,7.91,running
1774369068.8521445,7.91,running
1774369069.021008,7.96,running
1774369069.1895788,7.93,running
1774369069.3595896,8.62,running
1774369069.5590014,8.00,running
1774369069.7503574,8.29,running
1774369069.9200478,8.10,running
1774369070.0914001,8.13,running
1774369070.2642536,8.05,running
1774369070.4367492,8.14,running
1774369070.6095433,8.32,running
1774369070.7820435,8.05,running
1774369070.955155,8.68,running
1774369071.1493146,8.64,running
1774369071.3740873,8.67,running
1774369071.5802267,8.61,running
1774369071.7858362,7.84,running
1774369071.9547815,8.13,running
1774369072.124212,8.02,running
1774369072.293638,8.02,running
1774369072.4619071,8.54,running
1774369072.650082,8.40,running
1774369072.8423731,8.41,running
1774369073.0260105,8.35,running
1774369073.2096217,8.01,running
1774369073.4026513,8.53,running
1774369073.5903554,8.40,running
1774369073.7868314,8.56,running
1774369073.9793117,8.41,running
1774369074.1705933,8.51,running
1774369074.3591082,8.63,running
1774369074.550611,8.73,running
1774369074.7462409,8.48,running
1774369074.9399412,8.47,running
1774369075.1292343,8.53,running
1774369075.3144188,8.23,running
1774369075.5063353,8.48,running
1774369075.6989152,8.44,running
1774369075.885706,8.47,running
1774369076.0830817,8.17,running
1774369076.2748852,7.99,running
1774369076.4623628,8.10,running
1774369076.630477,8.08,running
1774369076.7989285,8.25,running
1774369076.9666188,8.10,running
1774369077.1340444,8.10,running
1774369077.3016868,8.08,running
1774369077.4697986,8.10,running
1774369077.638563,8.13,running
1774369077.8070755,8.10,running
1774369077.9758358,8.31,running
1774369078.1434093,8.13,running
1774369078.311656,8.17,running
1774369078.4809322,8.14,running
1774369078.6496673,8.10,running
1774369078.8191757,8.11,running
1774369078.9879804,8.11,running
1774369079.1569123,8.16,running
1774369079.3257308,8.10,running
1774369079.492673,8.19,running
1774369079.6602328,8.08,running
1774369079.8281288,8.10,running
1774369079.9989934,8.14,running
1774369080.1665936,8.10,running
1774369080.3338778,8.26,running
1774369080.50311,8.23,running
1774369080.6724563,8.28,running
1774369080.8401275,8.14,running
1774369081.0120382,8.08,running
1774369081.1815646,8.02,running
1774369081.3523653,8.02,running
1774369081.5229657,8.05,running
1774369081.6932147,8.03,running
1774369081.8634946,8.34,running
1774369082.0319347,8.11,running
1774369082.2009594,8.05,running
1774369082.370975,8.14,running
1774369082.539507,8.13,running
1774369082.7081766,8.19,running
1774369082.876787,8.22,running
1774369083.0452757,8.35,running
1774369083.213599,7.88,running
1774369083.3806994,8.50,running
1774369083.5701556,8.49,running
1774369083.7590635,8.42,running
1774369083.950498,8.43,running
1774369084.1383665,8.47,running
1774369084.3305037,8.50,running
1774369084.5223057,8.44,running
1774369084.710705,8.41,running
1774369084.9023287,8.42,running
1774369085.0945034,8.52,running
1774369085.2820902,7.91,running
1774369085.4698951,7.97,running
1774369085.6384027,7.96,running
1774369085.8070664,7.87,running
1774369085.9741983,7.93,running
1774369086.1422796,8.14,running
1774369086.309537,7.90,running
1774369086.4769008,7.93,running
1774369086.6443207,7.94,running
1774369086.8117392,7.96,running
1774369086.9792955,7.94,running
1774369087.1479173,7.91,running
1774369087.3160055,8.11,running
1774369087.4832377,7.91,running
1774369087.6506355,7.91,running
1774369087.8178458,7.97,running
1774369087.9865453,8.00,running
1774369088.1576831,7.96,running
1774369088.3274112,8.64,running
1774369088.4967198,8.71,running
1774369088.6944358,8.30,running
1774369088.8664336,8.32,running
1774369089.036859,8.26,running
1774369089.206768,8.28,running
1774369089.3769493,8.28,running
1774369089.549812,8.65,running
1774369089.768925,8.67,running
1774369089.9562757,8.67,running
1774369090.1632538,8.07,running
1774369090.3550947,8.16,running
1774369090.5308385,8.16,running
1774369090.700694,8.31,running
1774369090.8698432,8.57,running
1774369091.0484576,8.44,running
1774369091.2395945,8.61,running
1774369091.4389203,8.41,running
1774369091.6332204,8.47,running
1774369091.831139,8.45,running
1774369092.0151398,8.50,running
1774369092.1995165,8.59,running
1774369092.38721,8.49,running
1774369092.5747244,8.44,running
1774369092.7709954,8.06,running
1774369092.9599383,8.70,running
1774369093.1549053,8.47,running
1774369093.3390884,8.51,running
1774369093.5294116,8.41,running
1774369093.7162163,8.59,running
1774369093.91056,8.33,running
1774369094.104672,8.44,running
1774369094.2951255,8.42,running
1774369094.4829583,8.52,running
1774369094.653418,7.90,running
1774369094.8355095,8.10,running
1774369095.0033596,8.14,running
1774369095.1724172,8.14,running
1774369095.3411984,8.31,running
1774369095.5097241,8.11,running
1774369095.6771767,8.25,running
1774369095.8445563,8.13,running
1774369096.012447,8.10,running
1774369096.1800282,8.13,running
1774369096.3484006,8.11,running
1774369096.5172386,8.03,running
1774369096.6862137,8.07,running
1774369096.8548467,8.28,running
1774369097.023743,8.11,running
1774369097.1918797,8.10,running
1774369097.3605516,8.11,running
1774369097.5281982,8.05,running
1774369097.6977398,8.13,running
1774369097.8666513,8.10,running
1774369098.0354967,8.31,running
1774369098.2029595,8.14,running
1774369098.3722234,8.08,running
1774369098.5410244,8.17,running
1774369098.709919,8.26,running
1774369098.8798773,8.23,running
1774369099.049789,8.11,running
1774369099.2173402,8.31,running
1774369099.3852322,8.05,running
1774369099.5547552,8.20,running
1774369099.7242703,8.00,running
1774369099.8949828,8.03,running
1774369100.0662546,8.00,running
1774369100.2366362,8.17,running
1774369100.4058886,8.19,running
1774369100.5748963,8.07,running
1774369100.7445717,8.26,running
1774369100.9132462,8.16,running
1774369101.0821962,8.17,running
1774369101.2510881,8.19,running
1774369101.4210176,8.19,running
1774369101.5910833,8.03,running
1774369101.758078,8.47,running
1774369101.9382765,8.14,running
1774369102.1223028,8.38,running
1774369102.309354,8.44,running
1774369102.4987466,8.43,running
1774369102.6903152,8.47,running
1774369102.8822691,8.40,running
1774369103.0703459,8.44,running
1774369103.2625544,8.37,running
1774369103.4549088,8.44,running
1774369103.6467822,8.43,running
1774369103.842473,7.96,running
1774369104.0109837,7.94,running
1774369104.179404,7.94,running
1774369104.3470833,8.10,running
1774369104.5159795,7.94,running
1774369104.6850567,7.99,running
1774369104.8537223,7.91,running
1774369105.0224779,7.97,running
1774369105.1912048,7.94,running
1774369105.3598714,7.96,running
1774369105.5288355,8.13,running
1774369105.6972418,7.91,running
1774369105.865979,7.96,running
1774369106.034538,7.94,running
1774369106.2035344,7.97,running
1774369106.372307,7.99,running
1774369106.5413852,7.94,running
1774369106.7098947,8.13,running
1774369106.8787005,7.94,running
1774369107.0479717,7.96,running
1774369107.216761,7.96,running
1774369107.3855557,8.65,running
1774369107.5800104,8.10,running
1774369107.7492166,8.29,running
1774369107.9205925,8.17,running
1774369108.0940926,8.14,running
1774369108.265309,8.10,running
1774369108.437329,8.51,running
1774369108.6123574,8.16,running
1774369108.7870212,8.20,running
1774369108.9605134,8.71,running
1774369109.1840305,8.64,running
1774369109.3908176,8.64,running
1774369109.6059546,8.11,running
1774369109.81018,8.14,running
1774369109.9795384,8.22,running
1774369110.1495209,8.22,running
1774369110.318424,8.34,running
1774369110.4880514,8.59,running
1774369110.6831188,8.73,running
1774369110.8801932,8.54,running
1774369111.0754962,8.07,running
1774369111.2704878,8.57,running
1774369111.4552906,8.47,running
1774369111.646452,8.48,running
1774369111.8470936,8.25,running
1774369112.0387127,8.68,running
1774369112.234734,8.61,running
1774369112.4267673,8.51,running
1774369112.6242847,8.50,running
1774369112.814417,8.47,running
1774369112.9899666,8.64,running
1774369113.182757,8.82,running
1774369113.3673313,8.56,running
1774369113.5597289,8.14,running
1774369113.75486,8.56,running
1774369113.9454541,8.50,running
1774369114.139092,8.03,running
1774369114.3302433,8.08,running
1774369114.4979749,8.17,running
1774369114.6654084,8.14,running
1774369114.832953,8.19,running
1774369115.000305,8.13,running
1774369115.167536,8.29,running
1774369115.3363645,8.19,running
1774369115.503819,8.14,running
1774369115.6711771,8.11,running
1774369115.838482,8.17,running
1774369116.0058012,8.13,running
1774369116.172811,8.14,running
1774369116.3398569,8.31,running
1774369116.5072649,8.13,running
1774369116.6753824,8.13,running
1774369116.843059,8.14,running
1774369117.011061,8.11,running
1774369117.1780648,8.13,running
1774369117.345297,8.13,running
1774369117.5125732,8.37,running
1774369117.679949,8.19,running
1774369117.8473,8.13,running
1774369118.0147498,8.13,running
1774369118.1818767,8.16,running
1774369118.3497205,8.23,running
1774369118.5186975,8.10,running
1774369118.685414,8.31,running
1774369118.8529959,8.07,running
1774369119.0211053,8.05,running
1774369119.1916819,8.08,running
1774369119.3616648,8.07,running
1774369119.5319874,8.22,running
1774369119.7022617,8.20,running
1774369119.8716464,8.11,running
1774369120.0399668,8.11,running
1774369120.2099974,8.20,running
1774369120.3783877,8.19,running
1774369120.546518,8.20,running
1774369120.7147765,8.37,running
1774369120.8828645,8.16,running
1774369121.052574,7.88,running
1774369121.2209542,8.50,running
1774369121.3887837,8.51,running
1774369121.5788176,8.39,running
1774369121.7702258,8.39,running
1774369121.9585898,8.44,running
1774369122.1502697,8.46,running
1774369122.3390625,8.44,running
1774369122.5307822,8.55,running
1774369122.7131143,8.39,running
1774369122.8985107,8.39,running
1774369123.0912428,8.41,running
1774369123.278431,7.94,running
1774369123.470603,7.99,running
1774369123.6391022,7.96,running
1774369123.8065872,7.93,running
1774369123.973878,8.17,running
1774369124.1417933,7.94,running
1774369124.3094707,8.00,running
1774369124.4767487,8.02,running
1774369124.644052,8.00,running
1774369124.8114278,7.99,running
1774369124.9787052,7.94,running
1774369125.1459215,8.11,running
1774369125.3132236,7.96,running
1774369125.4806807,7.96,running
1774369125.6490088,7.93,running
1774369125.8176148,7.97,running
1774369125.9864748,7.97,running
1774369126.155136,7.97,running
1774369126.323842,8.64,running
1774369126.5075102,8.67,running
1774369126.7029438,8.28,running
1774369126.874904,8.29,running
1774369127.0453696,8.29,running
1774369127.2155988,8.22,running
1774369127.3901665,8.14,running
1774369127.5648491,8.68,running
1774369127.7907536,8.64,running
1774369127.989879,8.57,running
1774369128.1973603,8.03,running
1774369128.3984864,8.08,running
1774369128.5676422,8.14,running
1774369128.735828,8.34,running
1774369128.9043715,8.74,running
1774369129.0748248,8.50,running
1774369129.2572377,8.07,running
1774369129.4513724,8.62,running
1774369129.6424797,8.76,running
1774369129.8347223,8.48,running
1774369130.0265477,8.35,running
1774369130.2185988,8.41,running
1774369130.4146433,8.42,running
1774369130.5987756,8.59,running
1774369130.7896585,8.54,running
1774369130.9787707,8.53,running
1774369131.1755178,8.48,running
1774369131.366127,8.41,running
1774369131.5417614,8.36,running
1774369131.7341146,8.61,running
1774369131.9278457,8.20,running
1774369132.1227152,8.02,running
1774369132.3147025,8.17,running
1774369132.506825,8.43,running
1774369132.6952386,8.35,running
1774369132.864099,7.97,running
1774369133.0325809,8.10,running
1774369133.1999793,8.13,running
1774369133.367496,8.16,running
1774369133.5346963,8.25,running
1774369133.7021997,8.13,running
1774369133.8696241,8.14,running
1774369134.0374434,8.13,running
1774369134.2047985,8.11,running
1774369134.3718596,8.10,running
1774369134.5393465,8.05,running
1774369134.7065434,8.32,running
1774369134.8737495,8.17,running
1774369135.0424085,8.08,running
1774369135.2095895,8.11,running
1774369135.3771272,8.14,running
1774369135.5446372,8.13,running
1774369135.7119105,8.11,running
1774369135.8799107,8.34,running
1774369136.0472639,8.11,running
1774369136.2147365,8.13,running
1774369136.3820877,8.13,running
1774369136.5491881,8.11,running
1774369136.7165515,8.13,running
1774369136.8838623,8.13,running
1774369137.0506964,8.31,running
1774369137.2179847,8.03,running
1774369137.3856387,8.11,running
1774369137.5529108,8.14,running
1774369137.7206092,8.03,running
1774369137.88808,8.17,running
1774369138.0575924,8.11,running
1774369138.225207,8.31,running
1774369138.3928144,8.20,running
1774369138.5606298,8.17,running
1774369138.72805,8.16,running
1774369138.8953607,8.23,running
1774369139.0628157,8.17,running
1774369139.232358,8.19,running
1774369139.399837,8.07,running
1774369139.5698535,8.07,running
1774369139.7414176,8.08,running
1774369139.9132743,8.11,running
1774369140.0850687,8.05,running
1774369140.2560546,8.31,running
1774369140.4278786,8.11,running
1774369140.5995157,8.17,running
1774369140.7680886,8.21,running
1774369140.936839,7.97,running
1774369141.1071854,8.11,running
1774369141.2773404,7.99,running
1774369141.4481106,8.11,running
1774369141.6180725,8.07,running
1774369141.7881238,8.05,running
1774369141.9589462,8.13,running
1774369142.1287868,8.07,running
1774369142.2980347,8.13,running
1774369142.4675612,8.03,running
1774369142.6377916,7.97,running
1774369142.8079062,7.93,running
1774369142.9787984,8.14,running
1774369143.1482255,8.25,running
1774369143.3168337,8.13,running
1774369143.4853063,8.20,running
1774369143.655386,8.16,running
1774369143.82513,8.20,running
1774369143.993711,8.13,running
1774369144.1622515,8.11,running
1774369144.331035,8.25,running
1774369144.499931,8.16,running
1774369144.6702967,8.10,running
1774369144.840705,8.07,running
1774369145.0105455,8.10,running
1774369145.1808105,8.08,running
1774369145.3506036,8.07,running
1774369145.5205183,8.28,running
1774369145.6898646,7.87,running
1774369145.8571436,7.82,running
1774369146.0238347,8.55,running
1774369146.2184048,8.29,running
1774369146.410092,8.29,running
1774369146.5931156,8.31,running
1774369146.7858865,8.38,running
1774369146.9742043,8.57,running
1774369147.1569812,8.37,running
1774369147.3461883,8.41,running
1774369147.529032,8.35,running
1774369147.7183738,8.24,running
1774369147.9098344,8.35,running
1774369148.0982265,8.19,running
1774369148.2807198,8.32,running
1774369148.464954,8.21,running
1774369148.6487215,8.47,running
1774369148.8381326,8.15,running
1774369149.0207422,8.41,running
1774369149.2098389,8.37,running
1774369149.3983555,8.44,running
1774369149.5861754,7.97,running
1774369149.7549794,7.97,running
1774369149.923684,7.96,running
1774369150.092499,7.97,running
1774369150.2609255,7.96,running
1774369150.4293487,8.14,running
1774369150.5979645,7.96,running
1774369150.7672331,7.96,running
1774369150.9363267,7.96,running
1774369151.1053557,7.96,running
1774369151.274638,7.96,running
1774369151.4434612,7.93,running
1774369151.6122155,8.07,running
1774369151.7811239,7.93,running
1774369151.9501295,7.93,running
1774369152.1199474,7.93,running
1774369152.2888298,7.96,running
1774369152.4580252,8.03,running
1774369152.6267738,7.94,running
1774369152.7959957,8.08,running
1774369152.9671307,7.94,running
1774369153.136422,7.93,running
1774369153.3051455,7.93,running
1774369153.4737701,7.90,running
1774369153.642724,8.13,running
1774369153.8118663,7.94,running
1774369153.980935,7.91,running
1774369154.1508853,7.93,running
1774369154.3185208,7.93,running
1774369154.4875765,7.91,running
1774369154.656364,7.94,running
1774369154.8252556,7.94,running
1774369154.994617,7.96,running
1774369155.1653786,8.00,running
1774369155.3355663,7.91,running
1774369155.5048087,8.61,running
1774369155.6921911,8.64,running
1774369155.8878503,8.00,running
1774369156.0782726,7.90,running
1774369156.247218,8.14,running
1774369156.416737,8.31,running
1774369156.587695,8.13,running
1774369156.7609203,8.13,running
1774369156.9341264,8.17,running
1774369157.1055963,8.16,running
1774369157.2785366,8.28,running
1774369157.4518487,8.13,running
1774369157.6231513,8.14,running
1774369157.7955558,8.16,running
1774369157.9688108,8.19,running
1774369158.1418805,8.29,running
1774369158.3197513,8.70,running
1774369158.5307717,8.68,running
1774369158.744764,8.64,running
1774369158.9742506,8.70,running
1774369159.1970568,8.67,running
1774369159.4099946,8.70,running
1774369159.6238058,7.90,running
1774369159.7924721,7.90,running
1774369159.9615486,8.26,running
1774369160.1303198,8.22,running
1774369160.2989113,8.14,running
1774369160.4672425,8.29,running
1774369160.6370873,8.23,running
1774369160.804755,8.34,running
1774369160.977396,8.61,running
1774369161.1671417,8.50,running
1774369161.350852,8.59,running
1774369161.5468931,8.24,running
1774369161.7396436,8.64,running
1774369161.928513,8.51,running
1774369162.1211503,8.62,running
1774369162.315759,8.51,running
1774369162.506284,8.49,running
1774369162.7055058,8.39,running
1774369162.9021301,8.08,running
1774369163.091466,8.53,running
1774369163.289043,8.44,running
1774369163.4837682,8.32,running
1774369163.6787314,8.45,running
1774369163.8629804,8.64,running
1774369164.0630784,8.48,running
1774369164.2592452,8.75,running
1774369164.4416811,8.64,running
1774369164.6352513,8.47,running
1774369164.8324213,8.47,running
1774369165.0262368,8.60,running
1774369165.2081025,8.36,running
1774369165.402764,8.54,running
1774369165.5959752,8.33,running
1774369165.7876396,8.12,running
1774369165.9801142,8.47,running
1774369166.1746383,8.45,running
1774369166.3674939,8.38,running
1774369166.56229,8.48,running
1774369166.750844,8.61,running
1774369166.937766,8.61,running
1774369167.1317906,8.34,running
1774369167.3264987,7.97,running
1774369167.495061,8.13,running
1774369167.6640718,8.34,running
1774369167.8332329,8.11,running
1774369168.0024266,8.14,running
1774369168.171082,8.16,running
1774369168.3400524,8.13,running
1774369168.50784,8.14,running
1774369168.6760423,8.14,running
1774369168.843759,8.28,running
1774369169.0110793,8.08,running
1774369169.1793728,8.07,running
1774369169.3470156,8.14,running
1774369169.5154636,8.14,running
1774369169.685141,8.14,running
1774369169.8539836,8.11,running
1774369170.0218115,8.03,running
1774369170.1909366,8.11,running
1774369170.3596022,8.37,running
1774369170.5282836,8.13,running
1774369170.6977527,8.14,running
1774369170.864766,8.08,running
1774369171.0333455,8.10,running
1774369171.2008967,8.14,running
1774369171.3698945,8.31,running
1774369171.5394123,8.41,running
1774369171.7087731,8.08,running
1774369171.8763309,8.03,running
1774369172.0443087,8.03,running
1774369172.214781,8.05,running
1774369172.3851037,8.07,running
1774369172.555497,8.08,running
1774369172.7258465,8.22,running
1774369172.8964229,7.93,running
1774369173.0644119,8.16,running
1774369173.2329695,8.08,running
1774369173.402083,8.16,running
1774369173.5721667,8.17,running
1774369173.7405639,8.13,running
1774369173.9091995,8.32,running
1774369174.0776222,8.14,running
1774369174.2460492,8.20,running
1774369174.415125,7.87,running
1774369174.5821576,8.47,running
1774369174.7500315,8.57,running
1774369174.9424312,8.44,running
1774369175.1347566,8.49,running
1774369175.326645,8.21,running
1774369175.518759,8.38,running
1774369175.7110121,8.32,running
1774369175.902325,8.54,running
1774369176.0941262,8.42,running
1774369176.2865841,8.49,running
1774369176.4789302,8.57,running
1774369176.6700075,8.28,running
1774369176.8579912,7.99,running
1774369177.0265138,7.91,running
1774369177.195146,7.97,running
1774369177.3625116,8.07,running
1774369177.5297916,7.97,running
1774369177.6973262,8.03,running
1774369177.864554,8.00,running
1774369178.0322528,7.96,running
1774369178.1999454,7.94,running
1774369178.3672144,7.93,running
1774369178.534722,8.16,running
1774369178.702548,7.97,running
1774369178.8709228,8.08,running
1774369179.038942,8.00,running
1774369179.2073927,7.99,running
1774369179.375785,7.96,running
1774369179.5439932,7.96,running
1774369179.712445,8.11,running
1774369179.8915582,8.57,running
1774369180.0875328,8.08,running
1774369180.2784474,8.23,running
1774369180.450267,8.35,running
1774369180.6204233,8.14,running
1774369180.7913365,8.14,running
1774369180.9642227,8.19,running
1774369181.135218,8.68,running
1774369181.3572235,8.61,running
1774369181.5701253,8.62,running
1774369181.7786362,8.03,running
1774369181.9745414,8.16,running
1774369182.1447167,8.16,running
1774369182.3151045,8.23,running
1774369182.484488,8.53,running
1774369182.6613054,8.50,running
1774369182.855099,8.56,running
1774369183.0269024,8.30,running
1774369183.219251,8.59,running
1774369183.4089963,8.50,running
1774369183.5945165,8.46,running
1774369183.774823,8.45,running
1774369183.9663155,8.70,running
1774369184.1638408,8.56,running
1774369184.3586078,8.47,running
1774369184.5503595,8.53,running
1774369184.7394931,8.57,running
1774369184.9275784,8.59,running
1774369185.1226468,8.61,running
1774369185.314757,8.76,running
1774369185.5120032,8.45,running
1774369185.6999457,8.64,running
1774369185.89194,8.62,running
1774369186.0788453,8.50,running
1774369186.262735,7.97,running
1774369186.4321556,8.20,running
1774369186.6007288,8.10,running
1774369186.7686346,8.19,running
1774369186.9361289,8.17,running
1774369187.1036322,8.28,running
1774369187.272036,8.08,running
1774369187.4397159,8.14,running
1774369187.6079948,8.07,running
1774369187.77575,8.13,running
1774369187.9451036,8.10,running
1774369188.1138966,8.08,running
1774369188.2826846,8.32,running
1774369188.4496758,8.05,running
1774369188.6173384,8.14,running
1774369188.784635,8.11,running
1774369188.9523244,8.14,running
1774369189.1200688,8.11,running
1774369189.287414,8.16,running
1774369189.4561234,8.20,running
1774369189.624955,8.08,running
1774369189.793962,8.07,running
1774369189.9614348,8.10,running
1774369190.1284993,8.10,running
1774369190.295536,8.25,running
1774369190.4642358,8.20,running
1774369190.6326475,8.29,running
1774369190.8008735,8.13,running
1774369190.968352,8.13,running
1774369191.1363323,8.05,running
1774369191.3062649,8.05,running
1774369191.474953,8.07,running
1774369191.6447818,8.07,running
1774369191.814494,8.28,running
1774369191.9820342,8.10,running
1774369192.1500843,8.00,running
1774369192.3201857,8.14,running
1774369192.4885087,8.14,running
1774369192.6568658,8.13,running
1774369192.8254077,8.11,running
1774369192.9938614,8.28,running
1774369193.1622007,7.88,running
1774369193.3304663,7.97,running
1774369193.504598,8.46,running
1774369193.6981604,8.34,running
1774369193.886733,8.43,running
1774369194.0743437,8.35,running
1774369194.2586067,8.41,running
1774369194.4503384,8.44,running
1774369194.6345484,8.34,running
1774369194.8260317,8.53,running
1774369195.0093143,8.54,running
1774369195.1875596,8.35,running
1774369195.379322,8.18,running
1774369195.5704582,7.93,running
1774369195.7391384,7.93,running
1774369195.9078507,7.96,running
1774369196.0760703,7.97,running
1774369196.2443645,8.00,running
1774369196.4124358,7.90,running
1774369196.580468,8.05,running
1774369196.7486587,7.96,running
1774369196.917291,7.96,running
1774369197.0855925,7.97,running
1774369197.253896,7.93,running
1774369197.4221644,7.90,running
1774369197.5904348,7.96,running
1774369197.75833,8.14,running
1774369197.9263027,7.93,running
1774369198.0946317,7.94,running
1774369198.262748,7.94,running
1774369198.4308465,7.97,running
1774369198.5991175,7.93,running
1774369198.767832,7.90,running
1774369198.9363766,8.64,running
1774369199.135521,7.87,running
1774369199.3041575,8.11,running
1774369199.4765837,8.32,running
1774369199.649391,8.17,running
1774369199.821871,8.25,running
1774369199.9943335,8.10,running
1774369200.166867,8.02,running
1774369200.3355525,8.62,running
1774369200.550521,8.59,running
1774369200.7700365,8.64,running
1774369200.9858122,8.48,running
1774369201.1918468,7.90,running
1774369201.3608184,8.33,running
1774369201.5320556,8.08,running
1774369201.701115,8.03,running
1774369201.8688595,8.51,running
1774369202.063887,8.22,running
1774369202.2518117,8.57,running
1774369202.4475226,8.47,running
1774369202.6428957,8.56,running
1774369202.8357897,8.44,running
1774369203.0309365,8.64,running
1774369203.2315621,8.39,running
1774369203.422983,8.55,running
1774369203.6155953,8.39,running
1774369203.7980487,8.49,running
1774369203.9789283,8.36,running
1774369204.1717257,8.05,running
1774369204.362484,8.26,running
1774369204.5591109,8.47,running
1774369204.7433815,8.57,running
1774369204.916302,8.35,running
1774369205.1017191,8.47,running
1774369205.2972388,8.36,running
1774369205.4869683,8.49,running
1774369205.6707597,8.02,running
1774369205.8395896,8.08,running
1774369206.0075243,8.13,running
1774369206.175073,8.13,running
1774369206.3433955,8.13,running
1774369206.5128224,8.28,running
1774369206.6812396,8.14,running
1774369206.8498383,8.29,running
1774369207.0172806,8.13,running
1774369207.1873493,8.16,running
1774369207.3563325,8.16,running
1774369207.5241103,8.16,running
1774369207.6912909,8.08,running
1774369207.860683,8.10,running
1774369208.029973,8.29,running
1774369208.20084,8.11,running
1774369208.3685372,8.16,running
1774369208.5356407,8.07,running
1774369208.7030385,8.07,running
1774369208.8704488,8.11,running
1774369209.039164,8.14,running
1774369209.206712,8.23,running
1774369209.3738873,8.13,running
1774369209.540981,8.14,running
1774369209.7084377,8.26,running
1774369209.8777878,8.26,running
1774369210.0467894,8.13,running
1774369210.2140462,8.07,running
1774369210.3820052,8.10,running
1774369210.5508938,8.05,running
1774369210.7204392,8.08,running
1774369210.889604,8.00,running
1774369211.05967,7.97,running
1774369211.2291088,8.11,running
1774369211.3977816,8.02,running
1774369211.566813,8.31,running
1774369211.7359579,8.13,running
1774369211.9042392,8.11,running
1774369212.072463,8.16,running
1774369212.2407742,8.11,running
1774369212.4090786,7.85,running
1774369212.5766275,7.88,running
1774369212.7556767,8.41,running
1774369212.9380908,8.35,running
1774369213.1211376,8.47,running
1774369213.3100612,8.38,running
1774369213.489063,8.49,running
1774369213.6730433,8.33,running
1774369213.8585105,8.34,running
1774369214.0543406,8.44,running
1774369214.2424898,8.26,running
1774369214.433813,8.34,running
1774369214.618508,8.19,running
1774369214.8013065,7.94,running
1774369214.968571,7.91,running
1774369215.1361396,7.97,running
1774369215.30326,7.93,running
1774369215.4703202,8.14,running
1774369215.6374652,7.94,running
1774369215.8043616,7.94,running
1774369215.971728,7.91,running
1774369216.139231,7.88,running
1774369216.3070009,7.93,running
1774369216.4742205,7.91,running
1774369216.6416852,8.35,running
1774369216.809342,7.94,running
1774369216.9771621,7.91,running
1774369217.1453466,7.93,running
1774369217.313453,7.91,running
1774369217.4817243,7.94,running
1774369217.6498966,7.97,running
1774369217.81805,8.64,running
1774369218.0026584,8.61,running
1774369218.1953967,8.31,running
1774369218.3647997,8.29,running
1774369218.5342746,8.32,running
1774369218.7040865,8.11,running
1774369218.8761275,8.13,running
1774369219.0517826,8.59,running
1774369219.2770832,8.64,running
1774369219.4974437,8.68,running
1774369219.716884,8.21,running
1774369219.916092,8.16,running
1774369220.087071,8.16,running
1774369220.2553482,8.25,running
1774369220.423893,8.57,running
1774369220.6191776,8.67,running
1774369220.811491,8.59,running
1774369221.0077887,8.42,running
1774369221.1981673,8.64,running
1774369221.3952742,8.64,running
1774369221.5881991,8.50,running
1774369221.7833364,8.42,running
1774369221.9747963,8.47,running
1774369222.1520872,8.54,running
1774369222.342738,8.46,running
1774369222.5352373,8.47,running
1774369222.7274656,8.32,running
1774369222.923629,8.47,running
1774369223.1183019,8.13,running
1774369223.3114173,8.56,running
1774369223.4993107,8.39,running
1774369223.6915586,8.44,running
1774369223.8875926,8.27,running
1774369224.0755448,8.34,running
1774369224.2665102,8.03,running
1774369224.4353347,8.14,running
1774369224.6039257,8.19,running
1774369224.7722225,8.17,running
1774369224.9415011,8.22,running
1774369225.1103466,8.19,running
1774369225.2778134,8.16,running
1774369225.446775,8.20,running
1774369225.6155612,8.13,running
1774369225.7842546,8.22,running
1774369225.95299,8.08,running
1774369226.1225529,8.10,running
1774369226.2909272,8.11,running
1774369226.459519,8.10,running
1774369226.628357,8.14,running
1774369226.7974308,8.14,running
1774369226.9651582,8.32,running
1774369227.1328785,8.11,running
1774369227.301497,8.05,running
1774369227.470083,8.10,running
1774369227.6380703,8.17,running
1774369227.8074212,8.08,running
1774369227.97571,8.13,running
1774369228.1445665,8.23,running
1774369228.3138227,8.28,running
1774369228.4835823,8.22,running
1774369228.6535902,8.11,running
1774369228.8213353,8.05,running
1774369228.9893012,8.03,running
1774369229.1599312,8.03,running
1774369229.3302214,8.19,running
1774369229.5009089,8.05,running
1774369229.6713762,8.08,running
1774369229.8416884,8.13,running
1774369230.0102851,8.11,running
1774369230.179029,8.03,running
1774369230.349377,8.14,running
1774369230.5181143,8.31,running
1774369230.686888,8.11,running
1774369230.8557673,8.19,running
1774369231.0244393,8.16,running
1774369231.1935341,7.90,running
1774369231.3618467,8.13,running
1774369231.5419865,8.40,running
1774369231.730607,8.38,running
1774369231.9225605,8.55,running
1774369232.1104596,8.53,running
1774369232.298354,8.42,running
1774369232.4813347,8.32,running
1774369232.6703956,8.45,running
1774369232.8533804,8.43,running
1774369233.0470686,8.40,running
1774369233.2343044,8.51,running
1774369233.4169989,7.91,running
1774369233.6062994,7.93,running
1774369233.7749922,7.91,running
1774369233.9426093,7.94,running
1774369234.110752,7.96,running
1774369234.278877,7.94,running
1774369234.4467423,8.11,running
1774369234.6146944,7.96,running
1774369234.783852,7.94,running
1774369234.952618,7.97,running
1774369235.1213214,8.03,running
1774369235.2931907,8.00,running
1774369235.4618149,7.94,running
1774369235.6305103,8.11,running
1774369235.7989378,7.93,running
1774369235.968123,7.96,running
1774369236.136819,7.94,running
1774369236.3054683,7.90,running
1774369236.4741511,7.99,running
1774369236.6428072,7.90,running
1774369236.8111947,8.13,running
1774369236.979904,8.64,running
1774369237.1762419,8.17,running
1774369237.3533933,8.25,running
1774369237.5247183,8.13,running
1774369237.6981602,8.23,running
1774369237.8693235,8.14,running
1774369238.042202,8.17,running
1774369238.214471,8.10,running
1774369238.3862734,8.14,running
1774369238.5595474,8.61,running
1774369238.7885504,8.59,running
1774369239.0067942,8.68,running
1774369239.2175593,8.13,running
1774369239.403569,8.17,running
1774369239.574138,8.25,running
1774369239.7438908,8.11,running
1774369239.9131355,8.40,running
1774369240.097985,8.44,running
1774369240.2879348,8.68,running
1774369240.4828691,8.40,running
1774369240.6747081,8.54,running
1774369240.8678384,8.41,running
1774369241.0630763,8.43,running
1774369241.244019,8.45,running
1774369241.4341745,8.32,running
1774369241.62782,8.36,running
1774369241.827162,8.00,running
1774369242.010377,8.41,running
1774369242.2071009,8.38,running
1774369242.4035048,8.48,running
1774369242.5906138,8.46,running
1774369242.779802,8.33,running
1774369242.9789832,8.93,running
1774369243.1756406,8.45,running
1774369243.371362,8.52,running
1774369243.5631876,8.40,running
1774369243.7585478,7.91,running
1774369243.9272692,8.08,running
1774369244.0960224,8.07,running
1774369244.2634947,8.08,running
1774369244.4324107,8.10,running
1774369244.6006591,8.11,running
1774369244.7681918,8.28,running
1774369244.9371274,8.00,running
1774369245.1059828,8.10,running
1774369245.2748575,8.11,running
1774369245.4436128,8.11,running
1774369245.6124036,8.11,running
1774369245.7812698,8.07,running
1774369245.9498954,8.19,running
1774369246.1189253,8.07,running
1774369246.2883933,8.28,running
1774369246.4575047,8.08,running
1774369246.6261604,8.11,running
1774369246.7952876,8.02,running
1774369246.964134,8.07,running
1774369247.1330557,8.07,running
1774369247.3005571,8.13,running
1774369247.46772,8.31,running
1774369247.6347942,8.17,running
1774369247.802604,8.25,running
1774369247.9716523,8.13,running
1774369248.139585,8.11,running
1774369248.3066533,8.08,running
1774369248.4747794,8.11,running
1774369248.6429424,8.25,running
1774369248.812621,8.05,running
1774369248.9830096,8.02,running
1774369249.1526906,8.34,running
1774369249.3215475,8.08,running
1774369249.4903698,8.05,running
1774369249.6597667,8.19,running
1774369249.8279128,8.28,running
1774369249.997857,8.14,running
1774369250.1679516,8.13,running
1774369250.3375795,8.02,running
1774369250.5056517,7.87,running
1774369250.672677,8.46,running
1774369250.8624249,8.41,running
1774369251.0498948,8.34,running
1774369251.2345104,8.37,running
1774369251.416903,8.41,running
1774369251.6021242,8.41,running
1774369251.7850034,8.58,running
1774369251.9741013,8.36,running
1774369252.157104,8.40,running
1774369252.341985,8.45,running
1774369252.5249314,8.34,running
1774369252.7062707,8.10,running
1774369252.8846986,7.94,running
1774369253.0524008,7.94,running
1774369253.2200203,7.96,running
1774369253.3873675,7.93,running
1774369253.5544276,8.07,running
1774369253.7216163,7.96,running
1774369253.8888783,7.99,running
1774369254.0561047,7.97,running
1774369254.2232773,7.97,running
1774369254.3903296,7.97,running
1774369254.557439,7.96,running
1774369254.7256072,8.10,running
1774369254.8939145,7.91,running
1774369255.0626044,7.91,running
1774369255.230808,7.97,running
1774369255.3993292,7.96,running
1774369255.5695488,7.93,running
1774369255.739324,7.97,running
1774369255.9082036,8.65,running
1774369256.1076128,8.23,running
1774369256.2990494,8.38,running
1774369256.4703515,8.23,running
1774369256.6408238,8.13,running
1774369256.8133364,8.11,running
1774369256.9857342,8.11,running
1774369257.159125,8.61,running
1774369257.4068973,8.65,running
1774369257.6167376,8.80,running
1774369257.8260953,7.94,running
1774369257.9973664,8.16,running
1774369258.168085,8.19,running
1774369258.3376997,8.37,running
1774369258.506781,8.51,running
1774369258.6815596,8.87,running
1774369258.8708076,8.61,running
1774369259.0717587,8.48,running
1774369259.2637477,8.62,running
1774369259.4598489,8.55,running
1774369259.653333,8.63,running
1774369259.8513818,8.45,running
1774369260.0426912,8.23,running
1774369260.2428596,8.35,running
1774369260.4310873,8.47,running
1774369260.6051922,8.61,running
1774369260.7942019,8.24,running
1774369260.9884262,8.56,running
1774369261.1793957,8.27,running
1774369261.3706334,8.29,running
1774369261.5676465,8.44,running
1774369261.7523575,8.61,running
1774369261.935565,8.51,running
1774369262.1271188,8.37,running
1774369262.3180475,7.94,running
1774369262.486724,8.08,running
1774369262.6552389,8.08,running
1774369262.8242376,8.13,running
1774369262.9932091,8.32,running
1774369263.1607473,8.13,running
1774369263.3285656,8.10,running
1774369263.496137,8.05,running
1774369263.6647637,8.05,running
1774369263.8335938,8.11,running
1774369264.00279,8.14,running
1774369264.1716285,8.29,running
1774369264.3390782,8.19,running
1774369264.5065906,8.17,running
1774369264.6741955,8.17,running
1774369264.8425524,8.11,running
1774369265.0119727,8.14,running
1774369265.180784,8.11,running
1774369265.3477416,8.08,running
1774369265.515475,8.03,running
1774369265.6830466,8.22,running
1774369265.8507047,8.11,running
1774369266.018536,8.14,running
1774369266.1867788,8.16,running
1774369266.355623,8.25,running
1774369266.5268157,8.26,running
1774369266.6968973,8.13,running
1774369266.8655667,8.25,running
1774369267.0351772,8.10,running
1774369267.2064867,8.05,running
1774369267.378111,8.02,running
1774369267.548534,8.02,running
1774369267.7187366,8.07,running
1774369267.8893075,8.13,running
1774369268.0577025,8.14,running
1774369268.2261348,8.03,running
1774369268.3990436,8.14,running
1774369268.567515,8.13,running
1774369268.7359755,8.11,running
1774369268.9044771,8.29,running
1774369269.072938,8.19,running
1774369269.2413962,8.05,running
1774369269.409312,7.76,running
1774369269.5783534,8.52,running
1774369269.7704759,8.46,running
1774369269.9622672,8.44,running
1774369270.1543503,8.45,running
1774369270.3461947,8.32,running
1774369270.5380027,8.41,running
1774369270.7221506,8.35,running
1774369270.9061067,8.54,running
1774369271.0982463,8.39,running
1774369271.2811203,8.44,running
1774369271.4747381,8.21,running
1774369271.6660647,7.96,running
1774369271.8330333,7.93,running
1774369271.999965,8.10,running
1774369272.1683621,7.93,running
1774369272.3369153,7.91,running
1774369272.5054169,7.97,running
1774369272.672763,7.90,running
1774369272.8401513,7.90,running
1774369273.0074246,7.93,running
1774369273.1747587,8.11,running
1774369273.3419576,7.90,running
1774369273.5095038,8.67,running
1774369273.7072039,8.23,running
1774369273.8991504,8.29,running
1774369274.0700502,8.25,running
1774369274.2437224,8.62,running
1774369274.439678,8.67,running
1774369274.6652708,8.70,running
1774369274.8897216,8.42,running
1774369275.0872347,8.34,running
1774369275.2565536,8.17,running
1774369275.4253833,8.13,running
1774369275.595601,8.61,running
1774369275.786776,8.18,running
1774369275.9789944,8.61,running
1774369276.1717424,8.45,running
1774369276.3633208,8.61,running
1774369276.5555687,8.67,running
1774369276.7476435,8.76,running
1774369276.9434223,8.35,running
1774369277.1349535,8.61,running
1774369277.3268182,8.42,running
1774369277.5149562,8.44,running
1774369277.697324,8.56,running
1774369277.8904982,8.85,running
1774369278.08775,8.85,running
1774369278.2830245,8.45,running
1774369278.4665308,8.51,running
1774369278.6592374,8.42,running
1774369278.8515043,8.61,running
1774369279.0438325,8.54,running
1774369279.2356043,8.23,running
1774369279.4301453,8.00,running
1774369279.5971959,8.28,running
1774369279.7645571,8.08,running
1774369279.9321716,8.16,running
1774369280.0995471,8.11,running
1774369280.2676823,8.16,running
1774369280.434879,8.13,running
1774369280.6022873,8.02,running
1774369280.769534,8.22,running
1774369280.9370875,8.10,running
1774369281.1046243,8.08,running
1774369281.2720845,8.13,running
1774369281.4408743,8.11,running
1774369281.6095674,8.16,running
1774369281.7779744,8.10,running
1774369281.9467142,8.20,running
1774369282.1143515,8.13,running
1774369282.2820725,8.20,running
1774369282.4500113,8.07,running
1774369282.6190867,8.05,running
1774369282.7879598,8.22,running
1774369282.9567714,8.14,running
1774369283.125412,8.29,running
1774369283.2940314,8.11,running
1774369283.4625719,8.22,running
1774369283.6341436,8.08,running
1774369283.8041503,8.11,running
1774369283.9721982,8.07,running
1774369284.1436205,8.00,running
1774369284.3157332,8.16,running
1774369284.4884431,8.02,running
1774369284.6634026,8.14,running
1774369284.8339384,7.97,running
1774369285.0046046,8.14,running
1774369285.1732697,8.14,running
1774369285.341745,8.17,running
1774369285.5122979,8.28,running
1774369285.6820881,8.14,running
1774369285.8517458,8.29,running
1774369286.020109,8.11,running
1774369286.1885512,8.16,running
1774369286.357027,7.82,running
1774369286.5238674,8.38,running
1774369286.7004187,8.40,running
1774369286.894751,8.37,running
1774369287.0774794,8.41,running
1774369287.2704597,8.44,running
1774369287.4583728,8.49,running
1774369287.6502223,8.35,running
1774369287.842876,8.37,running
1774369288.034262,8.40,running
1774369288.217813,8.43,running
1774369288.410189,8.44,running
1774369288.593344,7.90,running
1774369288.7778845,7.93,running
1774369288.946648,7.90,running
1774369289.1153932,7.94,running
1774369289.2826965,7.94,running
1774369289.4498546,8.10,running
1774369289.617266,7.90,running
1774369289.7851248,7.96,running
1774369289.9525225,7.91,running
1774369290.1198397,7.91,running
1774369290.2871764,7.99,running
1774369290.4544287,7.94,running
1774369290.6224527,8.00,running
1774369290.7913759,7.94,running
1774369290.9604392,7.93,running
1774369291.1293738,7.93,running
1774369291.2978637,7.99,running
1774369291.4665833,8.10,running
1774369291.6350691,7.94,running
1774369291.8040257,8.64,running
1774369292.0033584,7.96,running
1774369292.1903045,8.26,running
1774369292.3619487,8.29,running
1774369292.5318437,8.10,running
1774369292.7029226,8.31,running
1774369292.8759458,8.14,running
1774369293.0489237,8.65,running
1774369293.2644277,8.62,running
1774369293.4790213,8.89,running
1774369293.6923358,8.18,running
1774369293.8929925,8.19,running
1774369294.0640936,8.08,running
1774369294.2349787,8.14,running
1774369294.4031394,8.29,running
1774369294.5758066,8.61,running
1774369294.7666252,8.64,running
1774369294.959891,8.57,running
1774369295.1501648,8.46,running
1774369295.3268673,8.39,running
1774369295.5188718,8.23,running
1774369295.716165,8.23,running
1774369295.9104984,8.42,running
1774369296.1033301,8.62,running
1774369296.2996905,8.40,running
1774369296.496082,8.61,running
1774369296.6904898,8.74,running
1774369296.8746347,8.65,running
1774369297.067199,8.45,running
1774369297.2586465,8.57,running
1774369297.4574137,8.47,running
1774369297.6470003,8.50,running
1774369297.8303664,8.45,running
1774369298.0185907,8.75,running
1774369298.210766,7.90,running
1774369298.3794882,8.08,running
1774369298.5472238,8.13,running
1774369298.7164385,8.16,running
1774369298.8854928,8.14,running
1774369299.0542672,8.35,running
1774369299.221909,8.11,running
1774369299.38961,8.16,running
1774369299.558073,8.10,running
1774369299.7266977,8.07,running
1774369299.8943126,8.11,running
1774369300.0626473,8.11,running
1774369300.231932,8.32,running
1774369300.4006457,8.11,running
1774369300.569586,8.05,running
1774369300.738463,8.11,running
1774369300.9080648,8.11,running
1774369301.0768182,8.11,running
1774369301.2446494,8.11,running
1774369301.4119048,8.32,running
1774369301.5796728,8.11,running
1774369301.7484472,8.14,running
1774369301.9173946,8.13,running
1774369302.0851777,8.10,running
1774369302.2526278,8.22,running
1774369302.422882,8.19,running
1774369302.592989,8.25,running
1774369302.7620354,8.11,running
1774369302.930292,8.11,running
1774369303.0980904,8.03,running
1774369303.2688227,8.05,running
1774369303.439412,8.02,running
1774369303.6097906,8.07,running
1774369303.7802515,7.90,running
1774369303.949855,8.17,running
1774369304.118567,8.03,running
1774369304.2870896,8.13,running
1774369304.4568753,8.16,running
1774369304.6256223,8.16,running
1774369304.7940881,8.16,running
1774369304.962427,8.14,running
1774369305.1309414,8.26,running
1774369305.2994251,7.84,running
1774369305.4661396,8.32,running
1774369305.6329238,8.44,running
1774369305.817417,8.45,running
1774369306.010351,8.40,running
1774369306.1945033,8.47,running
1774369306.3864706,8.41,running
1774369306.5784268,8.41,running
1774369306.7703967,8.47,running
1774369306.9619362,8.49,running
1774369307.1540756,8.43,running
1774369307.3421032,8.38,running
1774369307.5255013,8.37,running
1774369307.718275,7.93,running
1774369307.8855264,7.91,running
1774369308.0524316,8.00,running
1774369308.219283,7.97,running
1774369308.3862355,8.10,running
1774369308.5531666,7.91,running
1774369308.7202506,7.91,running
1774369308.8871813,7.99,running
1774369309.0541005,7.96,running
1774369309.2212613,7.93,running
1774369309.3880563,7.97,running
1774369309.554934,8.11,running
1774369309.7217047,7.93,running
1774369309.8886657,7.93,running
1774369310.0555267,7.93,running
1774369310.2224224,7.93,running
1774369310.389445,7.96,running
1774369310.5563552,8.71,running
1774369310.7479417,8.35,running
1774369310.9169228,8.29,running
1774369311.0863724,8.25,running
1774369311.256275,8.70,running
1774369311.4484308,8.64,running
1774369311.6719663,8.65,running
1774369311.8748603,8.65,running
1774369312.0877304,8.31,running
1774369312.2562447,8.08,running
1774369312.4254951,8.05,running
1774369312.5940864,8.34,running
1774369312.7782598,8.42,running
1774369312.9710581,8.64,running
1774369313.1634881,8.42,running
1774369313.35444,8.49,running
1774369313.5296535,8.59,running
1774369313.714891,8.84,running
1774369313.906877,8.84,running
1774369314.0995743,8.35,running
1774369314.2908323,8.56,running
1774369314.4822073,8.41,running
1774369314.6749647,8.56,running
1774369314.8711715,8.67,running
1774369315.0605953,8.67,running
1774369315.253627,8.47,running
1774369315.4431922,8.41,running
1774369315.6391628,8.41,running
1774369315.8305953,8.39,running
1774369316.0010483,8.54,running
1774369316.1950376,8.21,running
1774369316.3877535,7.90,running
1774369316.57794,8.11,running
1774369316.7453718,8.26,running
1774369316.912704,8.13,running
1774369317.0797322,8.14,running
1774369317.2471719,8.03,running
1774369317.4146924,8.16,running
1774369317.5820243,8.14,running
1774369317.7494113,8.19,running
1774369317.9168682,8.35,running
1774369318.0837855,8.11,running
1774369318.2512434,8.07,running
1774369318.4187047,8.13,running
1774369318.5867972,8.13,running
1774369318.7542355,8.14,running
1774369318.9216928,8.11,running
1774369319.0887022,8.29,running
1774369319.2560537,8.08,running
1774369319.4237788,8.16,running
1774369319.5914805,8.11,running
1774369319.758799,8.14,running
1774369319.9262722,8.11,running
1774369320.0935109,8.14,running
1774369320.2612119,8.25,running
1774369320.4301925,8.26,running
1774369320.598644,8.26,running
1774369320.7681754,8.10,running
1774369320.9356322,8.22,running
1774369321.1059816,8.19,running
1774369321.277337,8.10,running
1774369321.447702,8.03,running
1774369321.6186059,8.07,running
1774369321.7896013,8.14,running
1774369321.962791,8.05,running
1774369322.1341317,8.17,running
1774369322.3026485,8.20,running
1774369322.4716816,8.16,running
1774369322.6411884,8.17,running
1774369322.8097208,8.11,running
1774369322.9780781,8.13,running
1774369323.1464608,8.22,running
1774369323.3148222,8.10,running
1774369323.483132,7.94,running
1774369323.6501315,8.38,running
1774369323.8388126,8.49,running
1774369324.0303628,8.41,running
1774369324.2222357,8.50,running
1774369324.4144394,8.44,running
1774369324.6067166,8.44,running
1774369324.7984097,8.47,running
1774369324.99088,8.50,running
1774369325.1785007,8.47,running
1774369325.3706412,8.39,running
1774369325.554719,7.96,running
1774369325.74599,7.94,running
1774369325.9146545,7.93,running
1774369326.0819545,7.93,running
1774369326.2494876,8.02,running
1774369326.4170206,7.94,running
1774369326.5845976,8.13,running
1774369326.7516618,7.90,running
1774369326.9188354,7.91,running
1774369327.0859451,7.90,running
1774369327.2529106,7.94,running
1774369327.4199553,8.05,running
1774369327.587294,8.00,running
1774369327.755534,7.97,running
1774369327.9244642,7.96,running
1774369328.0929465,8.00,running
1774369328.2614198,8.02,running
1774369328.4294946,8.03,running
1774369328.5976825,8.00,running
1774369328.766613,7.99,running
1774369328.949262,8.67,running
1774369329.1431193,8.32,running
1774369329.3119307,8.52,running
1774369329.4813273,8.43,running
1774369329.650724,8.07,running
1774369329.8221374,8.19,running
1774369329.9943936,8.69,running
1774369330.172798,8.73,running
1774369330.403834,8.65,running
1774369330.6290126,8.65,running
1774369330.8170595,8.35,running
1774369330.9848626,8.25,running
1774369331.1538823,8.14,running
1774369331.322988,8.25,running
1774369331.49281,8.54,running
1774369331.674445,8.14,running
1774369331.8711188,8.54,running
1774369332.0610352,8.53,running
1774369332.2464993,8.72,running
1774369332.4174523,8.33,running
1774369332.6117935,8.63,running
1774369332.803374,8.33,running
1774369332.9947488,8.41,running
1774369333.1771898,8.51,running
1774369333.370619,8.91,running
1774369333.567652,8.50,running
1774369333.762518,8.06,running
1774369333.958935,8.56,running
1774369334.1509452,8.42,running
1774369334.3468783,8.56,running
1774369334.5393596,8.71,running
1774369334.7223175,8.69,running
1774369334.9167328,8.69,running
1774369335.1123307,8.30,running
1774369335.3069975,8.13,running
1774369335.4760485,8.14,running
1774369335.6447816,8.14,running
1774369335.8140767,8.13,running
1774369335.9830632,8.11,running
1774369336.150781,8.14,running
1774369336.3195362,8.11,running
1774369336.4883075,8.31,running
1774369336.6571233,8.03,running
1774369336.825954,8.19,running
1774369336.994914,8.10,running
1774369337.1632671,8.11,running
1774369337.3323586,8.13,running
1774369337.5010252,8.10,running
1774369337.6703117,8.14,running
1774369337.8390334,8.17,running
1774369338.00729,8.37,running
1774369338.1761177,8.10,running
1774369338.3447587,8.17,running
1774369338.5123389,8.16,running
1774369338.680355,8.14,running
1774369338.847909,8.23,running
1774369339.0172155,8.11,running
1774369339.1857584,8.26,running
1774369339.3555732,8.19,running
1774369339.525541,8.20,running
1774369339.6956232,8.13,running
1774369339.8631487,8.03,running
1774369340.031287,8.19,running
1774369340.2009068,8.03,running
1774369340.3725724,8.19,running
1774369340.5427217,8.07,running
1774369340.736429,8.34,running
1774369340.9141023,8.14,running
1774369341.1022263,8.13,running
1774369341.2717903,8.16,running
1774369341.4409556,8.22,running
1774369341.6092167,8.11,running
1774369341.7761848,8.39,running
1774369341.9661756,8.38,running
1774369342.1539881,8.41,running
1774369342.337188,8.47,running
1774369342.5260692,7.96,running
1774369342.693201,7.93,running
1774369342.8604784,7.99,running
1774369343.0277145,8.70,running
1774369343.2024527,8.34,running
1774369343.3716419,8.64,running
1774369343.5846999,8.13,running
1774369343.7782805,8.11,running
1774369343.9484873,8.53,running
1774369344.1341445,8.50,running
1774369344.3223557,8.57,running
1774369344.5150018,8.32,running
1774369344.7039804,8.54,running
1774369344.8949926,8.41,running
1774369345.0830884,8.57,running
1774369345.2844114,8.47,running
1774369345.4751053,8.58,running
1774369345.66341,8.38,running
1774369345.8517225,8.39,running
1774369346.0224264,8.50,running
1774369346.2058861,8.03,running
1774369346.3891528,8.53,running
1774369346.582694,8.48,running
1774369346.774506,8.51,running
1774369346.9714193,8.45,running
1774369347.163958,8.56,running
1774369347.360976,8.70,running
1774369347.5549834,8.58,running
1774369347.742192,8.05,running
1774369347.9114988,8.13,running
1774369348.0804193,8.17,running
1774369348.2490296,8.23,running
1774369348.4177797,8.08,running
1774369348.5852087,8.11,running
1774369348.7540917,8.11,running
1774369348.9236302,8.13,running
1774369349.091351,8.11,running
1774369349.2588086,8.07,running
1774369349.4263718,8.28,running
1774369349.594516,8.13,running
1774369349.7642152,8.11,running
1774369349.9330053,8.11,running
1774369350.1020994,8.07,running
1774369350.2715142,8.10,running
1774369350.440223,8.14,running
1774369350.6080098,8.11,running
1774369350.7758586,8.17,running
1774369350.9436977,8.34,running
1774369351.1128333,8.08,running
1774369351.2819636,8.17,running
1774369351.450864,8.16,running
1774369351.6192725,8.08,running
1774369351.7886791,8.20,running
1774369351.9596803,8.19,running
1774369352.1298864,8.37,running
1774369352.3006394,8.14,running
1774369352.4710553,8.11,running
1774369352.6425285,8.00,running
1774369352.813116,7.99,running
1774369352.9827824,8.19,running
1774369353.153364,8.03,running
1774369353.3240287,8.11,running
1774369353.4941256,7.96,running
1774369353.6623876,8.11,running
1774369353.8310084,8.05,running
1774369354.0012918,8.19,running
1774369354.1698174,8.32,running
1774369354.3381872,8.13,running
1774369354.50669,7.88,running
1774369354.674624,8.41,running
1774369354.8837206,8.38,running
1774369355.0750508,8.44,running
1774369355.267066,8.53,running
1774369355.4587886,8.43,running
1774369355.6504753,8.43,running
1774369355.8423085,8.39,running
1774369356.0347934,8.28,running
1774369356.2264478,7.97,running
1774369356.3956149,8.10,running
1774369356.5644085,8.00,running
1774369356.732603,7.96,running
1774369356.900427,7.93,running
1774369357.067977,7.91,running
1774369357.235426,7.93,running
1774369357.40255,7.91,running
1774369357.5703673,8.65,running
1774369357.7614686,8.28,running
1774369357.9314861,8.31,running
1774369358.1011405,8.64,running
1774369358.2941499,8.62,running
1774369358.510763,8.70,running
1774369358.6968532,8.32,running
1774369358.8650103,8.13,running
1774369359.0335042,8.17,running
1774369359.2034175,8.37,running
1774369359.39435,8.49,running
1774369359.5841136,8.27,running
1774369359.7725136,8.40,running
1774369359.9601042,8.32,running
1774369360.154784,8.38,running
1774369360.3468149,8.59,running
1774369360.543166,8.43,running
1774369360.734432,8.45,running
1774369360.9194772,8.68,running
1774369361.1064515,8.61,running
1774369361.2976463,8.30,running
1774369361.4818707,8.45,running
1774369361.6616426,8.24,running
1774369361.8502908,8.94,running
1774369362.0430758,8.44,running
1774369362.23452,8.05,running
1774369362.4266367,8.33,running
1774369362.6186535,8.41,running
1774369362.8111155,8.29,running
1774369362.9881287,7.94,running
1774369363.1563735,8.05,running
1774369363.3238158,8.23,running
1774369363.4926584,8.13,running
1774369363.6600504,8.35,running
1774369363.8293417,8.16,running
1774369363.9979854,8.11,running
1774369364.1666496,8.13,running
1774369364.334198,8.13,running
1774369364.5016985,8.14,running
1774369364.6693182,8.11,running
1774369364.836603,8.23,running
1774369365.0041592,8.10,running
1774369365.1720836,8.14,running
1774369365.3400662,8.19,running
1774369365.5083358,8.16,running
1774369365.6778693,8.25,running
1774369365.8465788,8.10,running
1774369366.0153441,8.29,running
1774369366.1836162,8.17,running
1774369366.3531942,8.07,running
1774369366.5207093,8.08,running
1774369366.6894138,8.10,running
1774369366.8589475,8.22,running
1774369367.028378,8.23,running
1774369367.1978905,8.35,running
1774369367.36777,8.11,running
1774369367.5355814,8.08,running
1774369367.705104,8.05,running
1774369367.8732934,8.05,running
1774369368.044261,8.16,running
1774369368.21596,8.05,running
1774369368.3875084,8.03,running
1774369368.5617027,8.17,running
1774369368.7325027,7.97,running
1774369368.9021041,8.10,running
1774369369.0715466,8.11,running
1774369369.2406027,8.14,running
1774369369.409457,8.11,running
1774369369.5784364,8.25,running
1774369369.746749,8.11,running
1774369369.9153943,7.82,running
1774369370.0821507,8.44,running
1774369370.2747338,8.76,running
1774369370.4823618,8.35,running
1774369370.6742337,8.68,running
1774369370.8578997,8.79,running
1774369371.0420895,8.70,running
1774369371.2265282,8.54,running
1774369371.4185262,8.94,running
1774369371.6106896,8.64,running
1774369371.8022578,9.00,running
1774369371.9943857,8.54,running
1774369372.1858323,8.47,running
1774369372.353507,8.43,running
1774369372.5218499,8.09,running
1774369372.690015,8.38,running
1774369372.8591905,8.41,running
1774369373.0275197,8.44,running
1774369373.1961105,8.49,running
1774369373.3644621,8.35,running
1774369373.5329902,8.53,running
1774369373.7010417,8.44,running
1774369373.869783,8.19,running
1774369374.0381484,8.23,running
1774369374.2066178,8.50,running
1774369374.37524,8.57,running
1774369374.5436373,8.35,running
1774369374.7122905,8.50,running
1774369374.880796,8.44,running
1774369375.0488636,8.50,running
1774369375.2174146,8.31,running
1774369375.3855178,8.37,running
1774369375.5540047,8.41,running
1774369375.7223432,8.81,running
1774369375.8919914,9.01,running
1774369376.0908713,8.39,running
1774369376.2583172,8.32,running
1774369376.4287133,8.68,running
1774369376.6011984,8.62,running
1774369376.7737575,8.53,running
1774369376.9468913,8.59,running
1774369377.1191943,8.61,running
1774369377.291607,8.97,running
1774369377.4655483,9.07,running
1774369377.6839125,8.98,running
1774369377.8979762,8.96,running
1774369378.114728,8.41,running
1774369378.2822573,8.61,running
1774369378.4501112,8.79,running
1774369378.6187127,8.57,running
1774369378.7881377,8.08,running
1774369378.9577324,8.50,running
1774369379.1464179,8.40,running
1774369379.3286235,8.32,running
1774369379.5188959,7.97,running
1774369379.7110646,8.35,running
1774369379.9068499,8.39,running
1774369380.0985696,8.50,running
1774369380.2911284,8.41,running
1774369380.4825158,8.57,running
1774369380.6747437,8.46,running
1774369380.8582265,8.64,running
1774369381.055149,8.38,running
1774369381.2376018,8.41,running
1774369381.40752,8.29,running
1774369381.6022496,8.93,running
1774369381.7947206,8.33,running
1774369381.9826896,8.38,running
1774369382.174727,8.53,running
1774369382.3706431,8.44,running
1774369382.5630188,7.96,running
1774369382.7543476,8.29,running
1774369382.9212587,8.08,running
1774369383.088628,8.11,running
1774369383.255706,8.11,running
1774369383.4246852,8.11,running
1774369383.5926735,8.14,running
1774369383.7598727,8.11,running
1774369383.9272542,8.32,running
1774369384.0948539,8.08,running
1774369384.262439,8.17,running
1774369384.429957,8.13,running
1774369384.597713,8.08,running
1774369384.7650669,8.17,running
1774369384.932699,8.13,running
1774369385.100137,8.14,running
1774369385.2685976,8.14,running
1774369385.4382727,8.13,running
1774369385.6069703,8.03,running
1774369385.7745814,8.13,running
1774369385.942035,8.35,running
1774369386.1091194,8.11,running
1774369386.2767434,8.11,running
1774369386.4441879,8.13,running
1774369386.611731,8.05,running
1774369386.7789488,8.13,running
1774369386.946206,8.10,running
1774369387.113205,8.29,running
1774369387.280573,8.13,running
1774369387.4479969,8.10,running
1774369387.6154041,8.07,running
1774369387.7826633,8.13,running
1774369387.9500346,8.11,running
1774369388.1174932,8.11,running
1774369388.2847047,8.32,running
1774369388.45225,8.11,running
1774369388.620266,8.10,running
1774369388.787856,8.13,running
1774369388.9553025,8.10,running
1774369389.1224444,8.20,running
1774369389.2899075,8.13,running
1774369389.4574907,8.19,running
1774369389.6249144,8.07,running
1774369389.792641,8.14,running
1774369389.9603324,8.10,running
1774369390.1301832,8.02,running
1774369390.300821,8.22,running
1774369390.4722426,8.07,running
1774369390.6433055,8.05,running
1774369390.8149722,8.00,running
1774369390.985985,8.02,running
1774369391.1569774,8.22,running
1774369391.3283308,8.03,running
1774369391.4997678,8.08,running
1774369391.6694522,8.08,running
1774369391.837766,8.11,running
1774369392.0059686,8.16,running
1774369392.1767561,8.07,running
1774369392.3455782,7.99,running
1774369392.5143964,7.96,running
1774369392.6836252,7.97,running
1774369392.853099,8.03,running
1774369393.0230188,8.00,running
1774369393.1932938,8.11,running
1774369393.3638008,7.96,running
1774369393.533579,8.00,running
1774369393.7046223,7.97,running
1774369393.8746083,8.03,running
1774369394.0445018,8.20,running
1774369394.215116,7.90,running
1774369394.3834224,7.93,running
1774369394.5515234,8.14,running
1774369394.7205122,8.17,running
1774369394.89089,8.11,running
1774369395.0597425,8.00,running
1774369395.2302074,8.20,running
1774369395.4007382,8.14,running
1774369395.5700078,8.16,running
1774369395.738844,8.19,running
1774369395.907876,8.25,running
1774369396.0765848,8.37,running
1774369396.2454774,8.20,running
1774369396.4141228,8.28,running
1774369396.5826235,8.22,running
1774369396.751598,8.19,running
1774369396.920397,8.19,running
1774369397.0889935,8.05,running
1774369397.2579536,8.08,running
1774369397.424829,7.96,running
1774369397.5995216,8.42,running
1774369397.7863472,8.56,running
1774369397.978393,8.39,running
1774369398.1701078,8.54,running
1774369398.35474,8.38,running
1774369398.5460858,8.49,running
1774369398.7296572,8.39,running
1774369398.913024,8.40,running
1774369399.1067696,8.47,running
1774369399.301919,8.49,running
1774369399.4946256,8.44,running
1774369399.686277,8.46,running
1774369399.8740013,8.47,running
1774369400.066189,8.41,running
1774369400.2544959,8.36,running
1774369400.4389176,8.43,running
1774369400.630205,8.42,running
1774369400.813667,8.35,running
1774369401.0061443,8.37,running
1774369401.1943734,8.41,running
1774369401.3861222,8.23,running
1774369401.570581,7.97,running
1774369401.7393136,7.91,running
1774369401.9086468,8.11,running
1774369402.0764072,7.97,running
1774369402.2443419,7.97,running
1774369402.4121482,7.96,running
1774369402.580081,7.96,running
1774369402.7491298,8.02,running
1774369402.917654,7.99,running
1774369403.0866408,8.08,running
1774369403.2550073,7.91,running
1774369403.4240596,7.94,running
1774369403.5929425,7.97,running
1774369403.7618961,7.96,running
1774369403.9306717,7.96,running
1774369404.1007636,7.97,running
1774369404.270822,8.16,running
1774369404.439383,7.93,running
1774369404.6084156,7.97,running
1774369404.777008,7.93,running
1774369404.9472175,7.90,running
1774369405.1181452,7.91,running
1774369405.2872505,7.93,running
1774369405.4566329,8.11,running
1774369405.6258285,7.94,running
1774369405.7949507,7.93,running
1774369405.9642324,7.96,running
1774369406.1334434,8.61,running
1774369406.3044593,8.65,running
1774369406.4963915,8.36,running
1774369406.6915398,7.91,running
1774369406.860828,8.16,running
1774369407.030181,8.22,running
1774369407.200368,8.28,running
1774369407.3712988,8.08,running
1774369407.5443385,8.05,running
1774369407.7170446,8.11,running
1774369407.8901446,8.07,running
1774369408.0630546,8.16,running
1774369408.2352307,8.05,running
1774369408.4073088,8.25,running
1774369408.5799348,8.11,running
1774369408.75255,8.03,running
1774369408.9255345,8.61,running
1774369409.143179,8.62,running
1774369409.367394,8.57,running
1774369409.577761,8.62,running
1774369409.7979317,8.64,running
1774369410.0204217,8.65,running
1774369410.2426765,8.53,running
1774369410.4550943,8.02,running
1774369410.6226923,8.26,running
1774369410.7904513,8.14,running
1774369410.9600468,8.22,running
1774369411.128873,8.10,running
1774369411.298741,8.16,running
1774369411.4682157,8.31,running
1774369411.6369894,8.11,running
1774369411.806579,8.46,running
1774369411.9976022,8.41,running
1774369412.186238,8.43,running
1774369412.360448,8.51,running
1774369412.5510437,7.91,running
1774369412.7463527,8.57,running
1774369412.9392323,8.47,running
1774369413.1306744,8.62,running
1774369413.3186686,8.50,running
1774369413.5070891,8.80,running
1774369413.7029996,8.48,running
1774369413.8864179,8.53,running
1774369414.0654833,8.57,running
1774369414.254484,8.41,running
1774369414.4434037,8.57,running
1774369414.630536,8.26,running
1774369414.8225946,8.53,running
1774369415.0114233,8.47,running
1774369415.19887,8.70,running
1774369415.3760478,8.33,running
1774369415.5672448,8.53,running
1774369415.7588043,8.38,running
1774369415.9503698,8.47,running
1774369416.1259432,8.57,running
1774369416.3147688,8.75,running
1774369416.5065136,8.61,running
1774369416.6949718,8.32,running
1774369416.882815,8.54,running
1774369417.0790029,8.86,running
1774369417.2705266,8.50,running
1774369417.4590201,8.50,running
1774369417.6505194,8.47,running
1774369417.8323913,8.53,running
1774369418.022735,8.31,running
1774369418.215399,8.00,running
1774369418.387196,8.11,running
1774369418.5542922,8.03,running
1774369418.7217524,8.11,running
1774369418.8892434,8.34,running
1774369419.0565608,8.11,running
1774369419.2242527,8.08,running
1774369419.3911467,8.08,running
1774369419.5584404,8.07,running
1774369419.7258248,8.16,running
1774369419.894172,8.11,running
1774369420.0615366,8.28,running
1774369420.2289062,8.11,running
1774369420.3962634,8.14,running
1774369420.56374,8.17,running
1774369420.7311773,8.20,running
1774369420.8984604,8.32,running
1774369421.0658658,8.16,running
1774369421.2335455,8.14,running
1774369421.4007454,8.17,running
1774369421.5680385,8.08,running
1774369421.7355282,8.13,running
1774369421.9027407,8.20,running
1774369422.0703676,8.29,running
1774369422.2381866,8.14,running
1774369422.4055593,8.14,running
1774369422.5773628,8.41,running
1774369422.7490811,8.16,running
1774369422.9213507,8.25,running
1774369423.093269,8.14,running
1774369423.2611458,8.03,running
1774369423.43271,8.05,running
1774369423.6029613,8.03,running
1774369423.7731545,8.03,running
1774369423.9440455,8.03,running
1774369424.1134994,8.26,running
1774369424.2839558,7.91,running
1774369424.4522634,8.14,running
1774369424.619912,8.13,running
1774369424.7881062,8.05,running
1774369424.9579751,8.35,running
1774369425.126414,8.14,running
1774369425.2957444,8.19,running
1774369425.4663348,8.13,running
1774369425.6361642,8.11,running
1774369425.8062484,8.11,running
1774369425.9765148,8.13,running
1774369426.1464727,8.08,running
1774369426.323477,8.40,running
1774369426.4998617,8.51,running
1774369426.6944947,8.38,running
1774369426.8861947,8.42,running
1774369427.074083,8.43,running
1774369427.26655,8.32,running
1774369427.4586596,8.51,running
1774369427.650229,8.54,running
1774369427.8419647,8.47,running
1774369428.026579,8.45,running
1774369428.218891,8.41,running
1774369428.4021683,8.02,running
1774369428.5867655,8.14,running
1774369428.7551441,8.00,running
1774369428.9238496,8.00,running
1774369429.0910876,8.02,running
1774369429.2585433,8.05,running
1774369429.426073,8.05,running
1774369429.5935042,8.00,running
1774369429.7609298,8.19,running
1774369429.9280787,7.96,running
1774369430.0969455,7.99,running
1774369430.2654078,8.00,running
1774369430.4340155,7.99,running
1774369430.6019142,8.00,running
1774369430.7695131,7.93,running
1774369430.9371502,8.17,running
1774369431.1049814,8.00,running
1774369431.2729044,8.00,running
1774369431.4419422,8.70,running
1774369431.6600428,8.35,running
1774369431.8315601,8.37,running
1774369432.0020425,8.29,running
1774369432.1715362,8.46,running
1774369432.3411407,8.64,running
1774369432.5308561,8.70,running
1774369432.745823,8.65,running
1774369432.9549935,8.70,running
1774369433.1625342,8.41,running
1774369433.3433604,8.10,running
1774369433.5121837,8.16,running
1774369433.680759,8.13,running
1774369433.8513644,8.45,running
1774369434.0345771,8.47,running
1774369434.2127886,8.53,running
1774369434.4026308,8.09,running
1774369434.5946488,8.54,running
1774369434.7909153,8.50,running
1774369434.9826348,8.53,running
1774369435.1754923,8.68,running
1774369435.3583908,8.83,running
1774369435.5550225,8.59,running
1774369435.747727,8.61,running
1774369435.9397998,8.39,running
1774369436.1230721,8.52,running
1774369436.300766,8.51,running
1774369436.4949024,8.88,running
1774369436.6912153,8.55,running
1774369436.8826082,8.11,running
1774369437.0745802,8.36,running
1774369437.2629561,8.47,running
1774369437.4553845,8.26,running
1774369437.646411,8.14,running
1774369437.8152957,8.16,running
1774369437.9841652,8.14,running
1774369438.1536648,8.19,running
1774369438.3224432,8.31,running
1774369438.4909987,8.05,running
1774369438.6589837,8.32,running
1774369438.828197,8.17,running
1774369438.9977913,8.14,running
1774369439.1654446,8.14,running
1774369439.3327038,8.11,running
1774369439.5014167,8.20,running
1774369439.6702669,8.19,running
1774369439.8377666,8.37,running
1774369440.0070753,8.17,running
1774369440.1757529,8.16,running
1774369440.3446898,8.16,running
1774369440.5136247,8.16,running
1774369440.6825454,8.20,running
1774369440.8501344,8.20,running
1774369441.0173707,8.34,running
1774369441.1846027,8.07,running
1774369441.3524528,8.16,running
1774369441.520086,8.23,running
1774369441.6887736,8.25,running
1774369441.8583984,8.23,running
1774369442.0274935,8.10,running
1774369442.195731,8.19,running
1774369442.3652847,8.10,running
1774369442.5349104,8.11,running
1774369442.7033978,8.11,running
1774369442.871653,7.91,running
1774369443.0404527,8.26,running
1774369443.2089975,8.11,running
1774369443.378343,8.23,running
1774369443.547718,8.17,running
1774369443.71627,8.19,running
1774369443.8849134,8.20,running
1774369444.0531807,8.22,running
1774369444.2214942,8.16,running
1774369444.391499,7.93,running
1774369444.558256,8.49,running
1774369444.750388,8.57,running
1774369444.9423668,8.52,running
1774369445.134114,8.44,running
1774369445.322419,8.54,running
1774369445.5143409,8.37,running
1774369445.7066362,8.52,running
1774369445.9019463,8.38,running
1774369446.0904913,8.43,running
1774369446.288651,8.50,running
1774369446.478334,8.38,running
1774369446.666137,7.97,running
1774369446.8450696,8.02,running
1774369447.0119512,8.20,running
1774369447.1788578,7.97,running
1774369447.3460572,7.94,running
1774369447.5132785,7.93,running
1774369447.6804397,7.97,running
1774369447.8476515,7.99,running
1774369448.0147505,7.93,running
1774369448.1819975,8.05,running
1774369448.3492703,7.90,running
1774369448.5165918,7.96,running
1774369448.683897,7.99,running
1774369448.8526294,7.99,running
1774369449.0211027,8.14,running
1774369449.1896322,7.97,running
1774369449.3581855,7.96,running
1774369449.5269284,7.99,running
1774369449.6955743,8.59,running
1774369449.877762,8.33,running
1774369450.074522,8.29,running
1774369450.244551,8.25,running
1774369450.4145637,8.25,running
1774369450.5861022,8.13,running
1774369450.7594795,8.14,running
1774369450.9357345,8.67,running
1774369451.159708,8.70,running
1774369451.3728998,8.65,running
1774369451.5974417,8.41,running
1774369451.8016822,8.22,running
1774369451.9723752,8.17,running
1774369452.1413183,8.14,running
1774369452.3099635,8.17,running
1774369452.4804127,8.57,running
1774369452.6743367,8.88,running
1774369452.8530452,8.56,running
1774369453.0488791,8.45,running
1774369453.2436008,8.57,running
1774369453.4357145,8.62,running
1774369453.6272523,8.64,running
1774369453.8237991,8.43,running
1774369454.0163789,8.41,running
1774369454.211781,8.56,running
1774369454.4028556,8.57,running
1774369454.589786,8.54,running
1774369454.7742093,8.81,running
1774369454.9589884,8.39,running
1774369455.1545968,8.05,running
1774369455.3475764,8.64,running
1774369455.5428157,8.89,running
1774369455.7353368,8.54,running
1774369455.9318902,8.61,running
1774369456.1265218,8.54,running
1774369456.3134873,7.93,running
1774369456.4833574,8.37,running
1774369456.652102,8.19,running
1774369456.8208835,8.16,running
1774369456.990287,8.17,running
1774369457.1597052,8.05,running
1774369457.3286667,8.19,running
1774369457.4977772,8.14,running
1774369457.6669793,8.34,running
1774369457.8367937,8.13,running
1774369458.0057707,8.14,running
1774369458.174968,8.14,running
1774369458.3441849,8.14,running
1774369458.5116818,8.14,running
1774369458.6804917,8.22,running
1774369458.849634,8.20,running
1774369459.018287,8.11,running
1774369459.185988,8.25,running
1774369459.3554685,8.23,running
1774369459.524777,8.19,running
1774369459.6939044,8.17,running
1774369459.8623328,8.16,running
1774369460.0300002,8.19,running
1774369460.1988897,8.16,running
1774369460.3676476,8.40,running
1774369460.537623,8.25,running
1774369460.7080162,8.17,running
1774369460.8793283,8.19,running
1774369461.0494413,8.08,running
1774369461.2217338,8.23,running
1774369461.3924358,8.07,running
1774369461.5628355,8.10,running
1774369461.733483,8.07,running
1774369461.9040592,8.03,running
1774369462.0762951,8.16,running
1774369462.24672,8.02,running
1774369462.4174662,8.37,running
1774369462.5861006,8.19,running
1774369462.7548814,8.17,running
1774369462.9238107,8.19,running
1774369463.092821,8.20,running
1774369463.2615666,7.91,running
1774369463.4285226,8.38,running
1774369463.6189327,8.44,running
1774369463.8142395,8.39,running
1774369464.0024981,8.29,running
1774369464.1943173,8.42,running
1774369464.3823454,8.22,running
1774369464.5651648,8.46,running
1774369464.7503583,8.37,running
1774369464.9334402,8.44,running
1774369465.1264615,8.45,running
1774369465.3184147,7.96,running
1774369465.5014346,8.29,running
1774369465.6704788,7.94,running
1774369465.838246,7.94,running
1774369466.007052,8.17,running
1774369466.1760404,7.96,running
1774369466.344057,7.93,running
1774369466.5129948,7.91,running
1774369466.6821768,7.97,running
1774369466.8514867,7.97,running
1774369467.02101,7.97,running
1774369467.1901622,8.14,running
1774369467.3596063,8.66,running
1774369467.5305297,8.17,running
1774369467.7260342,8.25,running
1774369467.89776,8.22,running
1774369468.0679095,8.31,running
1774369468.240983,8.17,running
1774369468.4132903,8.14,running
1774369468.58625,8.71,running
1774369468.804804,8.68,running
1774369469.0147493,8.68,running
1774369469.225381,8.22,running
1774369469.3944771,8.40,running
1774369469.5643845,8.14,running
1774369469.7345917,8.52,running
1774369469.925202,8.38,running
1774369470.1162963,8.50,running
1774369470.3122067,8.54,running
1774369470.5030632,8.57,running
1774369470.6953695,8.57,running
1774369470.8865936,8.50,running
1774369471.0695245,8.44,running
1774369471.2630339,8.06,running
1774369471.4465098,8.57,running
1774369471.6429431,8.44,running
1774369471.8320832,8.33,running
1774369472.0269291,8.51,running
1774369472.2202508,8.73,running
1774369472.415041,8.50,running
1774369472.599168,8.54,running
1774369472.7955444,8.46,running
1774369472.990346,8.47,running
1774369473.1737978,8.54,running
1774369473.3670847,8.90,running
1774369473.5637841,8.02,running
1774369473.7322783,8.16,running
1774369473.900526,8.19,running
1774369474.0681171,8.23,running
1774369474.236589,8.19,running
1774369474.4059556,8.23,running
1774369474.5748074,8.19,running
1774369474.7445292,8.23,running
1774369474.9132392,8.10,running
1774369475.0808723,8.14,running
1774369475.2492547,8.22,running
1774369475.418537,8.19,running
1774369475.587306,8.35,running
1774369475.755605,8.11,running
1774369475.9235058,8.17,running
1774369476.0910664,8.16,running
1774369476.2585514,8.14,running
1774369476.4261925,8.32,running
1774369476.5937586,8.10,running
1774369476.7644124,8.22,running
1774369476.932015,8.23,running
1774369477.0999324,8.14,running
1774369477.2674923,8.16,running
1774369477.4350352,8.17,running
1774369477.6023383,8.44,running
1774369477.7714944,8.28,running
1774369477.9408126,8.16,running
1774369478.1084888,8.11,running
1774369478.277579,8.10,running
1774369478.4459476,8.11,running
1774369478.6140494,8.02,running
1774369478.7822409,8.22,running
1774369478.9525719,8.16,running
1774369479.1210656,8.19,running
1774369479.289717,8.07,running
1774369479.460122,8.25,running
1774369479.6287515,8.31,running
1774369479.797289,8.22,running
1774369479.9656496,8.40,running
1774369480.1341174,8.20,running
1774369480.30278,7.96,running
1774369480.4697826,8.43,running
1774369480.6628478,8.38,running
1774369480.8548653,8.48,running
1774369481.0464854,8.64,running
1774369481.2349904,8.44,running
1774369481.430563,8.50,running
1774369481.613237,8.33,running
1774369481.802345,8.38,running
1774369481.9854343,8.47,running
1774369482.178257,8.42,running
1774369482.370519,8.32,running
1774369482.558374,7.97,running
1774369482.7269127,7.93,running
1774369482.8956666,7.91,running
1774369483.0627987,7.99,running
1774369483.2300873,8.14,running
1774369483.3971913,8.00,running
1774369483.5644543,7.91,running
1774369483.731707,7.96,running
1774369483.89996,7.96,running
1774369484.0688782,8.00,running
1774369484.23752,7.99,running
1774369484.4060426,8.14,running
1774369484.5747275,7.91,running
1774369484.7437453,7.97,running
1774369484.9125547,7.96,running
1774369485.0811107,7.99,running
1774369485.249804,8.19,running
1774369485.418357,7.96,running
1774369485.5871856,8.05,running
1774369485.7561398,8.67,running
1774369485.9557338,7.90,running
1774369486.139378,8.26,running
1774369486.310944,8.31,running
1774369486.4809875,8.47,running
1774369486.6551404,8.13,running
1774369486.8279555,8.28,running
1774369487.0008132,8.67,running
1774369487.1961899,8.70,running
1774369487.4131227,8.62,running
1774369487.62097,8.70,running
1774369487.8276722,7.96,running
1774369487.9995356,8.29,running
1774369488.1698737,8.25,running
1774369488.3393633,8.28,running
1774369488.5083039,8.59,running
1774369488.6894066,8.80,running
1774369488.8829272,8.56,running
1774369489.0751271,8.36,running
1774369489.2664433,8.48,running
1774369489.450312,8.57,running
1774369489.6426656,8.54,running
1774369489.821287,8.56,running
1774369490.0146313,8.82,running
1774369490.2099967,8.59,running
1774369490.4071991,8.27,running
1774369490.6030784,8.56,running
1774369490.7943509,8.44,running
1774369490.983387,8.51,running
1774369491.172482,8.50,running
1774369491.363383,8.57,running
1774369491.5549045,8.87,running
1774369491.746729,8.48,running
1774369491.9428732,8.59,running
1774369492.137271,8.26,running
1774369492.3333547,7.97,running
1774369492.5028193,8.16,running
1774369492.671426,8.26,running
1774369492.840418,8.14,running
1774369493.0097613,8.22,running
1774369493.1786814,8.13,running
1774369493.3473802,8.14,running
1774369493.514692,8.10,running
1774369493.6820123,8.13,running
1774369493.8494725,8.35,running
1774369494.0176818,8.13,running
1774369494.1876934,8.14,running
1774369494.3564408,8.14,running
1774369494.524959,8.11,running
1774369494.6939354,8.16,running
1774369494.861498,8.13,running
1774369495.0298498,8.35,running
1774369495.1989586,8.19,running
1774369495.367701,8.07,running
1774369495.5351849,8.14,running
1774369495.7046013,8.14,running
1774369495.8735945,8.14,running
1774369496.040872,8.10,running
1774369496.2084787,8.29,running
1774369496.3784018,8.26,running
1774369496.549979,8.08,running
1774369496.7217538,8.19,running
1774369496.8910449,8.25,running
1774369497.0589335,8.17,running
1774369497.22908,8.08,running
1774369497.3995242,8.13,running
1774369497.569687,8.08,running
1774369497.7393708,8.03,running
1774369497.9118595,8.03,running
1774369498.0831769,8.14,running
1774369498.2522743,8.25,running
1774369498.4216099,8.17,running
1774369498.5916665,8.14,running
1774369498.7605045,8.20,running
1774369498.9291706,8.19,running
1774369499.0978096,8.31,running
1774369499.2665884,8.23,running
1774369499.4355493,7.85,running
1774369499.602383,8.54,running
1774369499.7691844,8.39,running
1774369499.95839,8.46,running
1774369500.1501348,8.49,running
1774369500.3379617,8.43,running
1774369500.5217574,8.31,running
1774369500.7138445,8.40,running
1774369500.906764,8.37,running
1774369501.094426,8.50,running
1774369501.2863123,8.41,running
1774369501.4692788,8.38,running
1774369501.6589658,8.46,running
1774369501.8506057,7.96,running
1774369502.0359542,7.99,running
1774369502.2043817,7.96,running
1774369502.3728256,8.02,running
1774369502.540571,8.13,running
1774369502.7084298,7.99,running
1774369502.8765056,7.96,running
1774369503.0444117,7.93,running
1774369503.2148368,7.99,running
1774369503.3840888,8.03,running
1774369503.5528438,7.96,running
1774369503.7213678,8.17,running
1774369503.8900783,8.00,running
1774369504.0588188,8.03,running
1774369504.2277548,7.96,running
1774369504.3963451,7.96,running
1774369504.564966,8.17,running
1774369504.7335865,8.02,running
1774369504.902325,7.99,running
1774369505.0712392,7.97,running
1774369505.2409618,8.54,running
1774369505.4110541,8.68,running
1774369505.6067684,7.93,running
1774369505.7754228,8.29,running
1774369505.9467065,8.16,running
1774369506.1167328,8.13,running
1774369506.288621,8.19,running
1774369506.460281,8.19,running
1774369506.632366,8.13,running
1774369506.8059263,8.67,running
1774369507.0353308,8.67,running
1774369507.261571,8.65,running
1774369507.4748871,8.29,running
1774369507.6577575,8.35,running
1774369507.8278563,8.13,running
1774369507.9986522,7.91,running
1774369508.1675797,8.60,running
1774369508.353527,8.60,running
1774369508.546817,8.53,running
1774369508.7433653,8.57,running
1774369508.9351711,8.51,running
1774369509.1059964,8.57,running
1774369509.2951505,8.34,running
1774369509.4875104,8.54,running
1774369509.6826577,8.90,running
1774369509.8788366,8.62,running
1774369510.0621653,8.41,running
1774369510.2464018,8.54,running
1774369510.4388335,8.51,running
1774369510.6319158,8.61,running
1774369510.8278859,8.45,running
1774369511.021355,8.73,running
1774369511.2225685,8.56,running
1774369511.4069517,8.61,running
1774369511.5986362,8.39,running
1774369511.7913468,8.41,running
1774369511.968036,8.11,running
1774369512.1363637,8.13,running
1774369512.304973,8.08,running
1774369512.472576,8.14,running
1774369512.6408563,8.13,running
1774369512.8101382,8.14,running
1774369512.9790356,8.14,running
1774369513.1476352,8.32,running
1774369513.3147318,8.07,running
1774369513.4840248,8.14,running
1774369513.6525164,8.14,running
1774369513.820188,8.16,running
1774369513.98805,8.22,running
1774369514.1551898,8.17,running
1774369514.3238661,8.32,running
1774369514.4927137,8.16,running
1774369514.6621284,8.22,running
1774369514.8314803,8.17,running
1774369514.9998384,8.19,running
1774369515.1685064,8.19,running
1774369515.3360991,8.17,running
1774369515.5052614,8.38,running
1774369515.67392,8.14,running
1774369515.8429377,8.14,running
1774369516.0116796,8.34,running
1774369516.181102,8.22,running
1774369516.3505185,8.17,running
1774369516.5180223,8.08,running
1774369516.686774,8.22,running
1774369516.8549316,8.13,running
1774369517.0238373,8.11,running
1774369517.19264,8.11,running
1774369517.3624542,8.20,running
1774369517.530978,8.26,running
1774369517.6996074,8.07,running
1774369517.8701801,8.14,running
1774369518.0385635,8.17,running
1774369518.2070668,8.16,running
1774369518.375645,8.16,running
1774369518.5440986,8.17,running
1774369518.712409,8.02,running
1774369518.8794994,8.46,running
1774369519.0708067,8.14,running
1774369519.2581143,8.44,running
1774369519.4503355,8.39,running
1774369519.6418245,8.37,running
1774369519.8310897,8.18,running
1774369520.02263,8.41,running
1774369520.2112672,8.26,running
1774369520.402648,8.40,running
1774369520.5861304,8.38,running
1774369520.7743626,8.47,running
1774369520.9577506,8.25,running
1774369521.1504865,7.96,running
1774369521.3190362,7.97,running
1774369521.4874268,8.11,running
1774369521.6563005,7.97,running
1774369521.8239882,7.94,running
1774369521.991423,7.93,running
1774369522.1586628,7.97,running
1774369522.3264005,8.14,running
1774369522.4937081,7.94,running
1774369522.661207,7.96,running
1774369522.829184,7.94,running
1774369522.99815,7.93,running
1774369523.1669405,7.97,running
1774369523.3358824,7.97,running
1774369523.5045018,8.17,running
1774369523.6732335,7.99,running
1774369523.8422766,7.94,running
1774369524.0113657,7.97,running
1774369524.1801324,7.97,running
1774369524.3635716,8.67,running
1774369524.559704,8.00,running
1774369524.7505853,8.44,running
1774369524.922188,8.31,running
1774369525.0925946,8.17,running
1774369525.265482,8.10,running
1774369525.4384446,8.14,running
1774369525.6113954,8.61,running
1774369525.788102,8.59,running
1774369526.0134656,8.62,running
1774369526.236113,8.57,running
1774369526.4555604,8.08,running
1774369526.6245675,8.17,running
1774369526.7944622,8.13,running
1774369526.9631784,8.35,running
1774369527.1325111,8.42,running
1774369527.3265626,8.87,running
1774369527.523887,8.48,running
1774369527.7183306,8.11,running
1774369527.9104207,8.56,running
1774369528.0991232,8.50,running
1774369528.2920523,8.61,running
1774369528.4824512,8.29,running
1774369528.667852,8.48,running
1774369528.8639007,8.62,running
1774369529.0584493,8.50,running
1774369529.2380533,8.53,running
1774369529.422521,8.25,running
1774369529.617004,8.54,running
1774369529.8114269,7.95,running
1774369530.002586,8.53,running
1774369530.1991167,8.48,running
1774369530.3911235,8.63,running
1774369530.5837705,8.47,running
1774369530.7703834,8.49,running
1774369530.9573178,8.14,running
1774369531.1466715,7.96,running
1774369531.3149157,7.91,running
1774369531.4828498,7.96,running
1774369531.6501696,7.87,running
1774369531.817639,7.91,running
1774369531.9845543,7.87,running
1774369532.150466,7.82,running
1774369532.3163862,7.91,running
1774369532.4832876,7.91,running
1774369532.651607,7.96,idle_after
1774369532.8170185,7.71,idle_after
1774369532.9820178,7.72,idle_after
1774369533.1468296,7.69,idle_after
1774369533.3116815,7.66,idle_after
1774369533.4764216,7.69,idle_after
1774369533.641241,7.68,idle_after
1774369533.8059337,7.66,idle_after
1774369533.9706454,7.71,idle_after
1774369534.1354122,7.65,idle_after
1774369534.300283,7.66,idle_after
1774369534.46499,7.65,idle_after
1774369534.6297374,7.66,idle_after
1774369534.794462,7.68,idle_after
1774369534.9591672,7.69,idle_after
1774369535.1239064,7.68,idle_after
1774369535.2889078,7.65,idle_after
1774369535.4538746,7.66,idle_after
1774369535.6187344,7.66,idle_after
