timestamp,power_watts,phase
1774366442.0951078,7.68,idle_before
1774366442.2627933,7.72,idle_before
1774366442.4279892,7.72,idle_before
1774366442.59275,7.74,idle_before
1774366442.7574077,7.68,idle_before
1774366442.9221337,7.68,idle_before
1774366443.0868714,7.69,idle_before
1774366443.2517138,7.69,idle_before
1774366443.4166949,7.69,idle_before
1774366443.581602,7.71,idle_before
1774366443.7465336,7.69,idle_before
1774366443.9114463,7.72,idle_before
1774366444.0763044,7.72,idle_before
1774366444.2412856,7.66,idle_before
1774366444.4062216,7.69,idle_before
1774366444.5710757,7.68,idle_before
1774366444.735927,7.71,idle_before
1774366444.9008105,7.69,idle_before
1774366445.0656848,7.68,idle_before
1774366445.2314508,7.69,running
1774366445.3962452,7.71,running
1774366445.5610104,7.66,running
1774366445.7256896,7.91,running
1774366445.8914628,7.87,running
1774366446.058291,7.88,running
1774366446.2465384,7.87,running
1774366446.4120429,7.85,running
1774366446.577877,7.90,running
1774366446.7443113,7.91,running
1774366446.9106567,7.93,running
1774366447.0773458,7.87,running
1774366447.2436872,8.10,running
1774366447.4094572,7.90,running
1774366447.5757904,7.90,running
1774366447.742278,7.90,running
1774366447.9091592,7.88,running
1774366448.0755792,7.94,running
1774366448.2420514,8.07,running
1774366448.4083257,8.08,running
1774366448.5748165,7.84,running
1774366448.7461433,7.85,running
1774366448.9137185,8.03,running
1774366449.081802,8.00,running
1774366449.2523336,8.08,running
1774366449.4210105,8.05,running
1774366449.589556,8.10,running
1774366449.7585924,8.10,running
1774366449.9279182,8.05,running
1774366450.0972319,8.08,running
1774366450.2660105,7.94,running
1774366450.4349396,8.20,running
1774366450.60342,8.07,running
1774366450.7737284,8.28,running
1774366450.94259,8.23,running
1774366451.1129787,8.28,running
1774366451.282977,8.19,running
1774366451.4516866,8.10,running
1774366451.6199553,8.20,running
1774366451.7881613,8.13,running
1774366451.956336,8.14,running
1774366452.1251132,8.26,running
1774366452.2992716,8.22,running
1774366452.473393,8.23,running
1774366452.647105,8.22,running
1774366452.8216746,8.02,running
1774366452.990372,8.08,running
1774366453.1585753,8.08,running
1774366453.327146,8.10,running
1774366453.4957922,8.02,running
1774366453.664222,8.23,running
1774366453.8350422,8.19,running
1774366454.0071404,8.10,running
1774366454.177527,8.10,running
1774366454.3468504,8.16,running
1774366454.51777,8.25,running
1774366454.6874905,8.11,running
1774366454.8573089,8.11,running
1774366455.027932,8.07,running
1774366455.197242,8.02,running
1774366455.3685942,8.20,running
1774366455.5385215,8.13,running
1774366455.7082715,8.26,running
1774366455.88056,8.43,running
1774366456.0482543,8.21,running
1774366456.2382011,7.99,running
1774366456.4073668,8.66,running
1774366456.608328,8.40,running
1774366456.8021495,8.42,running
1774366456.9945738,7.93,running
1774366457.1624377,7.90,running
1774366457.3298697,7.87,running
1774366457.4964392,7.85,running
1774366457.6626425,8.08,running
1774366457.829028,7.87,running
1774366457.9956436,7.87,running
1774366458.1619723,7.87,running
1774366458.3291214,7.90,running
1774366458.4953,7.88,running
1774366458.661868,7.88,running
1774366458.8281307,8.07,running
1774366458.9946785,7.93,running
1774366459.1616273,8.69,running
1774366459.3376439,8.62,running
1774366459.5365386,8.38,running
1774366459.726801,8.41,running
1774366459.9186134,8.69,running
1774366460.1022666,8.26,running
1774366460.298542,8.37,running
1774366460.4905229,7.97,running
1774366460.6820068,7.97,running
1774366460.8506815,7.88,running
1774366461.0186522,7.85,running
1774366461.1849828,7.88,running
1774366461.351366,8.05,running
1774366461.5175571,8.17,running
1774366461.7072535,7.89,running
1774366461.8942256,8.39,running
1774366462.0867195,8.39,running
1774366462.2745714,8.13,running
1774366462.4494755,8.00,running
1774366462.6186485,7.97,running
1774366462.7862456,7.84,running
1774366462.953209,7.88,running
1774366463.1201866,7.97,running
1774366463.2872674,8.69,running
1774366463.4667346,8.61,running
1774366463.6505501,7.99,running
1774366463.83887,8.39,running
1774366464.0299911,7.93,running
1774366464.2222583,7.94,running
1774366464.3907363,8.53,running
1774366464.5799232,8.04,running
1774366464.7784622,8.33,running
1774366464.9704351,8.00,running
1774366465.1411161,8.65,running
1774366465.3369746,8.31,running
1774366465.5172994,8.38,running
1774366465.7067873,8.14,running
1774366465.894045,7.93,running
1774366466.062998,7.91,running
1774366466.2320204,8.60,running
1774366466.4510841,8.38,running
1774366466.6188414,8.38,running
1774366466.81093,8.00,running
1774366466.9803703,8.71,running
1774366467.1573498,8.00,running
1774366467.3287847,8.50,running
1774366467.5199857,8.82,running
1774366467.7160604,8.67,running
1774366467.9038167,8.50,running
1774366468.094828,8.50,running
1774366468.2857757,8.57,running
1774366468.4701958,8.70,running
1774366468.6634839,8.62,running
1774366468.855194,8.41,running
1774366469.051307,8.54,running
1774366469.2473862,8.44,running
1774366469.4358027,8.51,running
1774366469.6262813,8.48,running
1774366469.819541,8.58,running
1774366470.0154696,8.61,running
1774366470.2069335,8.53,running
1774366470.4034793,8.48,running
1774366470.5862029,8.50,running
1774366470.773744,8.54,running
1774366470.9668598,8.25,running
1774366471.1528943,8.05,running
1774366471.3220992,8.11,running
1774366471.490503,8.17,running
1774366471.6591716,8.10,running
1774366471.8282669,8.28,running
1774366471.996376,8.16,running
1774366472.163701,8.32,running
1774366472.3311942,8.14,running
1774366472.4981775,8.17,running
1774366472.6657445,8.17,running
1774366472.8337278,8.14,running
1774366473.0046859,8.38,running
1774366473.1721022,8.14,running
1774366473.3394144,8.20,running
1774366473.5067508,8.03,running
1774366473.6739538,8.07,running
1774366473.8415964,8.14,running
1774366474.008946,8.16,running
1774366474.1761498,8.38,running
1774366474.3434978,8.14,running
1774366474.510541,8.13,running
1774366474.6778884,8.11,running
1774366474.845148,8.22,running
1774366475.0128775,8.17,running
1774366475.1799667,8.16,running
1774366475.3476064,8.35,running
1774366475.5171332,8.29,running
1774366475.686852,8.13,running
1774366475.854117,8.11,running
1774366476.0247843,8.13,running
1774366476.192878,8.14,running
1774366476.3606582,8.13,running
1774366476.5288172,8.14,running
1774366476.697155,8.18,running
1774366476.870487,8.22,running
1774366477.0441628,8.22,running
1774366477.218397,8.23,running
1774366477.3941462,8.05,running
1774366477.5624955,8.13,running
1774366477.7309113,8.11,running
1774366477.8993044,8.26,running
1774366478.0678036,8.19,running
1774366478.2371771,8.17,running
1774366478.4060838,8.15,running
1774366478.574436,8.08,running
1774366478.7424755,8.22,running
1774366478.9129753,8.19,running
1774366479.0840578,8.20,running
1774366479.2533462,8.11,running
1774366479.4212525,8.10,running
1774366479.5916424,8.20,running
1774366479.7637584,8.13,running
1774366479.93568,8.10,running
1774366480.1029484,8.38,running
1774366480.2949102,8.08,running
1774366480.4798775,8.64,running
1774366480.6811476,8.30,running
1774366480.870045,8.39,running
1774366481.0602355,7.88,running
1774366481.229618,7.93,running
1774366481.3975406,7.93,running
1774366481.5652015,8.08,running
1774366481.7317193,7.88,running
1774366481.8986921,7.87,running
1774366482.0653296,7.90,running
1774366482.232297,7.90,running
1774366482.3988116,8.00,running
1774366482.56558,7.91,running
1774366482.7435765,8.32,running
1774366482.9394138,8.20,running
1774366483.130327,8.27,running
1774366483.319005,8.00,running
1774366483.4905758,8.64,running
1774366483.6904848,8.36,running
1774366483.8731391,8.38,running
1774366484.060114,8.13,running
1774366484.2347045,8.00,running
1774366484.4038448,8.38,running
1774366484.5914106,8.38,running
1774366484.7781417,8.43,running
1774366484.9661934,8.45,running
1774366485.1492448,7.94,running
1774366485.3195925,7.90,running
1774366485.4875023,8.07,running
1774366485.655269,7.93,running
1774366485.8217995,7.96,running
1774366485.988457,7.94,running
1774366486.1553392,7.91,running
1774366486.3218749,7.93,running
1774366486.4886882,7.87,running
1774366486.655051,7.96,running
1774366486.8217595,7.90,running
1774366486.9884043,7.94,running
1774366487.155192,7.91,running
1774366487.3220263,7.88,running
1774366487.488468,8.38,running
1774366487.679662,8.15,running
1774366487.8700895,8.35,running
1774366488.058288,8.21,running
1774366488.2421393,7.97,running
1774366488.4107673,8.40,running
1774366488.594124,8.45,running
1774366488.8047411,8.36,running
1774366488.9988427,7.96,running
1774366489.190612,8.67,running
1774366489.3924036,8.35,running
1774366489.5862093,8.38,running
1774366489.7745485,7.90,running
1774366489.9421644,7.84,running
1774366490.110211,7.90,running
1774366490.2777665,7.82,running
1774366490.444476,7.84,running
1774366490.6108098,7.88,running
1774366490.777461,7.88,running
1774366490.9437628,8.08,running
1774366491.1105728,7.88,running
1774366491.2777226,7.88,running
1774366491.4443066,7.87,running
1774366491.6110492,7.88,running
1774366491.7774236,8.59,running
1774366491.9725084,8.38,running
1774366492.1625953,8.37,running
1774366492.354383,7.97,running
1774366492.5238066,8.44,running
1774366492.720232,8.13,running
1774366492.8906405,8.53,running
1774366493.0742922,8.56,running
1774366493.2677424,8.54,running
1774366493.4595373,8.21,running
1774366493.651305,8.64,running
1774366493.8395371,8.33,running
1774366494.0278766,8.54,running
1774366494.2188463,8.56,running
1774366494.4105551,8.53,running
1774366494.6075537,8.30,running
1774366494.7985249,8.50,running
1774366494.9859724,8.35,running
1774366495.182619,8.46,running
1774366495.3580773,8.56,running
1774366495.5511894,8.88,running
1774366495.7464905,8.51,running
1774366495.942962,8.11,running
1774366496.1393807,8.57,running
1774366496.3311024,8.07,running
1774366496.5277092,8.00,running
1774366496.718282,8.19,running
1774366496.887492,8.31,running
1774366497.0549445,8.14,running
1774366497.2228763,8.20,running
1774366497.3905094,8.19,running
1774366497.5602381,8.14,running
1774366497.728917,8.13,running
1774366497.8983386,8.13,running
1774366498.0668201,8.17,running
1774366498.2355866,8.13,running
1774366498.4048736,8.38,running
1774366498.5736663,8.16,running
1774366498.7429028,8.19,running
1774366498.9115105,8.15,running
1774366499.0799997,8.08,running
1774366499.2480512,8.16,running
1774366499.4154274,8.16,running
1774366499.5830357,8.34,running
1774366499.7517397,8.16,running
1774366499.9199352,8.22,running
1774366500.089191,8.15,running
1774366500.2583303,8.20,running
1774366500.4270604,8.19,running
1774366500.5945444,8.25,running
1774366500.7631407,8.41,running
1774366500.9329004,8.08,running
1774366501.102088,8.22,running
1774366501.2693775,8.14,running
1774366501.4377038,8.16,running
1774366501.6062994,8.11,running
1774366501.7747173,8.37,running
1774366501.9433432,8.43,running
1774366502.1135712,8.26,running
1774366502.2873921,8.20,running
1774366502.4610243,8.22,running
1774366502.6364431,8.08,running
1774366502.8079238,8.23,running
1774366502.9766083,8.08,running
1774366503.1449254,8.13,running
1774366503.3133535,8.07,running
1774366503.4817579,8.19,running
1774366503.6526127,8.14,running
1774366503.8234086,8.13,running
1774366503.9949203,8.37,running
1774366504.16416,8.10,running
1774366504.3322928,8.20,running
1774366504.5008316,8.11,running
1774366504.6718333,8.13,running
1774366504.8412957,8.29,running
1774366505.0103707,8.19,running
1774366505.179529,8.17,running
1774366505.348077,8.47,running
1774366505.5343547,7.97,running
1774366505.7226152,8.65,running
1774366505.9249086,8.29,running
1774366506.114555,8.41,running
1774366506.2972302,7.88,running
1774366506.4648564,7.93,running
1774366506.63277,7.85,running
1774366506.8000834,8.08,running
1774366506.9676461,7.94,running
1774366507.13413,8.03,running
1774366507.30071,7.91,running
1774366507.4675884,7.90,running
1774366507.6342094,7.90,running
1774366507.8010433,7.96,running
1774366507.9673774,8.75,running
1774366508.141318,8.47,running
1774366508.3457558,8.45,running
1774366508.5342402,7.99,running
1774366508.7224686,8.73,running
1774366508.9177456,8.47,running
1774366509.1023374,8.39,running
1774366509.290242,8.00,running
1774366509.4586077,7.97,running
1774366509.627058,8.48,running
1774366509.8404558,8.46,running
1774366510.0305834,8.45,running
1774366510.218607,7.93,running
1774366510.4003222,8.00,running
1774366510.5680656,7.91,running
1774366510.736021,7.91,running
1774366510.902413,7.94,running
1774366511.0690436,7.93,running
1774366511.2353058,8.10,running
1774366511.4017582,7.99,running
1774366511.5683572,8.00,running
1774366511.7348862,7.91,running
1774366511.90178,7.93,running
1774366512.0681727,7.96,running
1774366512.235945,7.97,running
1774366512.4021428,8.08,running
1774366512.5686862,7.94,running
1774366512.7354133,8.51,running
1774366512.935149,8.15,running
1774366513.1347866,8.41,running
1774366513.326126,8.24,running
1774366513.5144725,7.99,running
1774366513.682734,8.50,running
1774366513.866083,8.32,running
1774366514.0638978,8.42,running
1774366514.254358,7.96,running
1774366514.4389775,8.32,running
1774366514.6299481,8.42,running
1774366514.814375,8.42,running
1774366514.9976742,7.90,running
1774366515.165546,7.90,running
1774366515.3328476,8.11,running
1774366515.4995162,8.00,running
1774366515.6664388,7.96,running
1774366515.8331678,7.90,running
1774366516.0000484,7.96,running
1774366516.166565,7.90,running
1774366516.333215,7.87,running
1774366516.4996843,8.08,running
1774366516.6661847,8.55,running
1774366516.8341846,8.38,running
1774366517.0359354,8.36,running
1774366517.2222738,7.96,running
1774366517.4048378,8.68,running
1774366517.6027875,8.35,running
1774366517.7736816,8.62,running
1774366517.9670746,8.77,running
1774366518.163221,8.59,running
1774366518.358827,8.14,running
1774366518.5505738,8.62,running
1774366518.7389176,8.54,running
1774366518.926916,8.68,running
1774366519.120029,8.53,running
1774366519.3152742,8.57,running
1774366519.5075526,8.30,running
1774366519.699175,8.64,running
1774366519.893305,8.53,running
1774366520.0787039,8.62,running
1774366520.2832792,8.59,running
1774366520.4748902,8.65,running
1774366520.6616647,8.61,running
1774366520.8463924,9.02,running
1774366521.031199,8.59,running
1774366521.2228117,8.82,running
1774366521.4196813,7.97,running
1774366521.5894349,8.22,running
1774366521.7567933,8.13,running
1774366521.9241843,8.16,running
1774366522.092452,8.17,running
1774366522.261517,8.19,running
1774366522.4293203,8.31,running
1774366522.5981035,8.13,running
1774366522.7682989,8.11,running
1774366522.9374056,8.07,running
1774366523.1063025,8.17,running
1774366523.2758188,8.19,running
1774366523.4444964,8.19,running
1774366523.613273,8.29,running
1774366523.7820532,8.11,running
1774366523.9501045,8.13,running
1774366524.1175094,8.17,running
1774366524.285286,8.20,running
1774366524.4524078,8.07,running
1774366524.6202185,8.10,running
1774366524.7895527,8.35,running
1774366524.958384,8.14,running
1774366525.12624,8.20,running
1774366525.2933097,8.12,running
1774366525.4620311,8.22,running
1774366525.6334946,8.20,running
1774366525.803138,8.17,running
1774366525.9718823,8.35,running
1774366526.1396482,8.05,running
1774366526.3082192,8.16,running
1774366526.476486,8.08,running
1774366526.6446981,8.05,running
1774366526.8130536,8.20,running
1774366526.986555,8.17,running
1774366527.1595278,8.38,running
1774366527.3340592,8.16,running
1774366527.509047,7.99,running
1774366527.6773143,8.00,running
1774366527.8457978,8.08,running
1774366528.0140707,8.23,running
1774366528.1828744,8.03,running
1774366528.3512456,8.13,running
1774366528.5199134,8.19,running
1774366528.6884615,8.13,running
1774366528.857277,8.25,running
1774366529.0259047,8.08,running
1774366529.194384,8.37,running
1774366529.3613224,8.39,running
1774366529.5506132,8.72,running
1774366529.7262113,8.44,running
1774366529.914201,8.47,running
1774366530.1065972,7.90,running
1774366530.2899938,7.96,running
1774366530.4574394,8.11,running
1774366530.6250405,7.90,running
1774366530.791626,8.10,running
1774366530.973705,7.90,running
1774366531.14183,7.90,running
1774366531.3095276,7.91,running
1774366531.4764493,7.93,running
1774366531.64298,8.54,running
1774366531.8109653,8.33,running
1774366532.0065,8.40,running
1774366532.1981885,7.97,running
1774366532.3716269,8.41,running
1774366532.5740814,8.38,running
1774366532.7666078,7.94,running
1774366532.9355023,8.33,running
1774366533.1411417,8.38,running
1774366533.330391,8.16,running
1774366533.512625,7.87,running
1774366533.6803122,7.93,running
1774366533.84795,7.88,running
1774366534.0147915,7.90,running
1774366534.1814175,7.88,running
1774366534.348203,7.90,running
1774366534.514525,8.11,running
1774366534.680885,7.90,running
1774366534.8474267,7.90,running
1774366535.0139573,8.68,running
1774366535.2144032,8.42,running
1774366535.390537,8.23,running
1774366535.58262,8.61,running
1774366535.7614503,8.28,running
1774366535.948327,8.54,running
1774366536.138713,8.47,running
1774366536.3351245,8.51,running
1774366536.522954,8.50,running
1774366536.7158685,8.64,running
1774366536.9113998,8.62,running
1774366537.102508,8.64,running
1774366537.299144,8.38,running
1774366537.4913876,8.38,running
1774366537.6781588,8.47,running
1774366537.866566,8.55,running
1774366538.045138,8.59,running
1774366538.2388291,8.34,running
1774366538.427577,8.52,running
1774366538.618768,8.59,running
1774366538.8160934,8.61,running
1774366539.010627,8.07,running
1774366539.1952064,8.44,running
1774366539.3865044,8.44,running
1774366539.5791078,8.25,running
1774366539.7621999,8.11,running
1774366539.9289324,8.14,running
1774366540.0963159,8.20,running
1774366540.2636054,8.17,running
1774366540.4308596,8.35,running
1774366540.5992448,8.14,running
1774366540.768804,8.11,running
1774366540.9362762,8.52,running
1774366541.10541,8.19,running
1774366541.2742126,8.25,running
1774366541.443195,8.16,running
1774366541.611705,8.34,running
1774366541.7805092,8.20,running
1774366541.9491637,8.20,running
1774366542.1185238,8.20,running
1774366542.2872653,8.22,running
1774366542.4556766,8.16,running
1774366542.6231716,8.16,running
1774366542.7905838,8.37,running
1774366542.9579928,8.17,running
1774366543.125552,8.19,running
1774366543.2928698,8.18,running
1774366543.4622371,8.16,running
1774366543.629545,8.26,running
1774366543.7975144,8.26,running
1774366543.966587,8.46,running
1774366544.1359394,8.17,running
1774366544.303107,8.13,running
1774366544.471335,8.11,running
1774366544.6395082,8.08,running
1774366544.8075645,8.14,running
1774366544.9754608,7.91,running
1774366545.1468477,8.35,running
1774366545.3166502,8.27,running
1774366545.490253,8.28,running
1774366545.6637843,8.25,running
1774366545.8368843,8.11,running
1774366546.0098836,8.31,running
1774366546.1777747,8.10,running
1774366546.3459792,8.05,running
1774366546.5140624,8.10,running
1774366546.6821198,8.19,running
1774366546.8530767,8.28,running
1774366547.024546,8.16,running
1774366547.193826,8.23,running
1774366547.3625305,8.13,running
1774366547.5301883,8.20,running
1774366547.6984982,8.14,running
1774366547.8692217,8.23,running
1774366548.0379288,8.35,running
1774366548.2064972,8.19,running
1774366548.3755229,8.17,running
1774366548.5435402,8.48,running
1774366548.7302916,8.03,running
1774366548.9135451,8.79,running
1774366549.1082408,8.42,running
1774366549.2935417,8.39,running
1774366549.4824514,7.93,running
1774366549.6502354,7.90,running
1774366549.8176966,8.03,running
1774366549.9854102,7.90,running
1774366550.1521199,7.96,running
1774366550.3187153,7.93,running
1774366550.485668,7.90,running
1774366550.6523626,7.90,running
1774366550.8192723,7.97,running
1774366550.985787,8.11,running
1774366551.1524425,8.67,running
1774366551.3436708,8.29,running
1774366551.5342507,8.30,running
1774366551.7174706,8.63,running
1774366551.8981512,8.41,running
1774366552.0902743,8.31,running
1774366552.2820625,7.96,running
1774366552.4647298,7.96,running
1774366552.6334305,8.67,running
1774366552.849739,8.32,running
1774366553.0208933,8.42,running
1774366553.2148063,8.45,running
1774366553.4064345,7.91,running
1774366553.5743313,7.94,running
1774366553.7418065,7.94,running
1774366553.909567,7.96,running
1774366554.0758216,8.03,running
1774366554.2422512,7.91,running
1774366554.4086914,7.90,running
1774366554.5749755,7.93,running
1774366554.7416463,7.90,running
1774366554.9079707,7.88,running
1774366555.074573,7.90,running
1774366555.2407966,8.05,running
1774366555.4071956,7.90,running
1774366555.5736153,7.88,running
1774366555.739999,7.90,running
1774366555.9067597,7.87,running
1774366556.073022,7.91,running
1774366556.2396498,8.66,running
1774366556.4072502,8.35,running
1774366556.6240685,8.37,running
1774366556.8144639,8.32,running
1774366557.0059469,8.00,running
1774366557.1866477,8.00,running
1774366557.35524,8.67,running
1774366557.5493734,8.44,running
1774366557.7422745,8.29,running
1774366557.9344935,8.67,running
1774366558.1131017,8.37,running
1774366558.3031273,8.48,running
1774366558.486534,8.00,running
1774366558.6820982,7.91,running
1774366558.8502874,7.97,running
1774366559.0180497,7.97,running
1774366559.1849313,7.94,running
1774366559.351465,8.02,running
1774366559.5181813,7.91,running
1774366559.6850083,8.05,running
1774366559.851536,7.93,running
1774366560.0184484,7.93,running
1774366560.1847737,7.93,running
1774366560.3513815,8.45,running
1774366560.5602748,8.41,running
1774366560.751145,8.26,running
1774366560.9381437,8.67,running
1774366561.1063008,8.11,running
1774366561.2951508,8.52,running
1774366561.468532,8.67,running
1774366561.6632533,8.64,running
1774366561.8554251,8.57,running
1774366562.0433023,8.74,running
1774366562.2429242,8.41,running
1774366562.4302764,8.65,running
1774366562.619421,8.42,running
1774366562.8106568,8.50,running
1774366562.9908686,8.50,running
1774366563.1787105,8.18,running
1774366563.3626096,8.42,running
1774366563.5627284,8.36,running
1774366563.7604878,8.51,running
1774366563.9555173,8.74,running
1774366564.1390553,8.57,running
1774366564.3357353,8.82,running
1774366564.531256,8.57,running
1774366564.728496,8.26,running
1774366564.9234138,8.44,running
1774366565.119018,8.00,running
1774366565.2866297,8.11,running
1774366565.4538982,8.08,running
1774366565.6213257,8.13,running
1774366565.7887936,8.13,running
1774366565.956028,8.35,running
1774366566.123615,8.14,running
1774366566.290863,8.11,running
1774366566.4580467,8.03,running
1774366566.625485,8.11,running
1774366566.7930481,8.11,running
1774366566.9605026,8.17,running
1774366567.1278625,8.22,running
1774366567.2947576,8.16,running
1774366567.4620056,8.10,running
1774366567.629572,8.16,running
1774366567.797445,8.17,running
1774366567.9648087,8.32,running
1774366568.132014,8.13,running
1774366568.2994723,8.07,running
1774366568.4669223,8.13,running
1774366568.6342583,8.14,running
1774366568.8015966,8.23,running
1774366568.9690847,8.13,running
1774366569.1362994,8.26,running
1774366569.3060231,8.22,running
1774366569.475513,8.16,running
1774366569.642967,8.10,running
1774366569.8109424,8.05,running
1774366569.9787457,8.25,running
1774366570.1467292,8.08,running
1774366570.314649,8.05,running
1774366570.4825208,8.19,running
1774366570.6555645,8.22,running
1774366570.8292587,8.29,running
1774366571.002484,8.23,running
1774366571.1791933,8.07,running
1774366571.3491378,8.05,running
1774366571.5186937,8.03,running
1774366571.6871011,8.19,running
1774366571.8571553,8.11,running
1774366572.0285432,8.16,running
1774366572.1977017,8.16,running
1774366572.366125,8.11,running
1774366572.534448,8.28,running
1774366572.7026114,8.16,running
1774366572.87352,8.16,running
1774366573.0431225,8.17,running
1774366573.212051,8.10,running
1774366573.3805988,8.19,running
1774366573.5489993,8.10,running
1774366573.7193906,8.35,running
1774366573.905855,8.21,running
1774366574.0893257,8.43,running
1774366574.2693048,8.40,running
1774366574.4620683,8.47,running
1774366574.6543088,7.88,running
1774366574.836466,8.00,running
1774366575.0029194,8.22,running
1774366575.1697838,8.03,running
1774366575.3362396,7.91,running
1774366575.504061,7.87,running
1774366575.6713686,8.07,running
1774366575.8388286,7.94,running
1774366576.005264,7.88,running
1774366576.1717453,7.90,running
1774366576.338601,7.90,running
1774366576.50506,8.67,running
1774366576.6752172,8.45,running
1774366576.8791013,8.35,running
1774366577.0706458,7.93,running
1774366577.2529876,8.61,running
1774366577.4513729,8.37,running
1774366577.6424863,8.36,running
1774366577.830233,7.99,running
1774366577.9987524,7.99,running
1774366578.1673014,8.42,running
1774366578.3837864,8.42,running
1774366578.5750344,8.42,running
1774366578.7660296,8.16,running
1774366578.948615,8.07,running
1774366579.116322,8.02,running
1774366579.284035,7.93,running
1774366579.4504707,7.93,running
1774366579.617252,7.91,running
1774366579.7837188,7.88,running
1774366579.9504166,7.88,running
1774366580.1166892,8.07,running
1774366580.283283,7.90,running
1774366580.4502192,7.87,running
1774366580.616755,7.90,running
1774366580.7835464,7.91,running
1774366580.949833,8.02,running
1774366581.116506,8.66,running
1774366581.2840097,8.64,running
1774366581.5084784,8.39,running
1774366581.698182,8.33,running
1774366581.8903058,8.32,running
1774366582.0608308,7.99,running
1774366582.2296717,8.76,running
1774366582.4377859,8.43,running
1774366582.608909,8.26,running
1774366582.798604,8.66,running
1774366582.9665933,8.41,running
1774366583.1582172,8.39,running
1774366583.3500605,7.88,running
1774366583.532555,7.87,running
1774366583.699925,7.85,running
1774366583.8675165,7.90,running
1774366584.0335522,8.00,running
1774366584.1999223,7.85,running
1774366584.3664854,7.87,running
1774366584.5327616,7.85,running
1774366584.6993587,7.88,running
1774366584.8655057,7.90,running
1774366585.0320804,7.85,running
1774366585.1983695,7.91,running
1774366585.3647327,7.87,running
1774366585.5315049,7.90,running
1774366585.6977444,8.66,running
1774366585.8672032,8.42,running
1774366586.0746715,8.38,running
1774366586.2622976,7.93,running
1774366586.4545557,8.38,running
1774366586.6536062,8.25,running
1774366586.8263586,8.59,running
1774366587.0100372,8.09,running
1774366587.2023566,8.57,running
1774366587.3950121,8.45,running
1774366587.5864818,8.61,running
1774366587.7830327,8.53,running
1774366587.9744701,8.65,running
1774366588.1656833,8.38,running
1774366588.3501852,8.53,running
1774366588.5390751,8.50,running
1774366588.730933,8.64,running
1774366588.9190536,8.47,running
1774366589.1105223,8.47,running
1774366589.2925766,8.53,running
1774366589.486322,8.72,running
1774366589.6798825,8.42,running
1774366589.874483,8.47,running
1774366590.057737,8.41,running
1774366590.2466385,8.48,running
1774366590.4381664,8.41,running
1774366590.6205022,8.03,running
1774366590.7885098,8.16,running
1774366590.9555511,8.23,running
1774366591.1229055,8.16,running
1774366591.290361,8.16,running
1774366591.457903,8.16,running
1774366591.6251538,8.11,running
1774366591.791978,8.14,running
1774366591.9591537,8.13,running
1774366592.126423,8.55,running
1774366592.293923,8.17,running
1774366592.4612875,8.14,running
1774366592.6286035,8.19,running
1774366592.7954018,8.13,running
1774366592.962357,8.32,running
1774366593.1296065,8.19,running
1774366593.2977262,8.17,running
1774366593.465053,8.19,running
1774366593.6325016,8.19,running
1774366593.7993367,8.26,running
1774366593.9666212,8.07,running
1774366594.1339993,8.19,running
1774366594.3012521,8.17,running
1774366594.4693785,8.20,running
1774366594.6365092,8.28,running
1774366594.805019,8.20,running
1774366594.9731848,8.29,running
1774366595.1413975,8.20,running
1774366595.310111,8.05,running
1774366595.481005,8.07,running
1774366595.6511028,8.05,running
1774366595.8229961,8.11,running
1774366595.9945073,8.02,running
1774366596.1648872,8.25,running
1774366596.3347545,8.21,running
1774366596.5099657,8.23,running
1774366596.6838074,8.29,running
1774366596.8575058,8.22,running
1774366597.0319955,8.08,running
1774366597.2004628,8.14,running
1774366597.3688915,8.16,running
1774366597.537441,8.22,running
1774366597.7057173,8.17,running
1774366597.8759985,8.35,running
1774366598.044188,8.14,running
1774366598.2129927,8.26,running
1774366598.3811052,8.26,running
1774366598.54976,8.22,running
1774366598.7179594,8.13,running
1774366598.9001946,8.13,running
1774366599.06856,8.70,running
1774366599.2388303,8.11,running
1774366599.407146,8.25,running
1774366599.590372,8.30,running
1774366599.7824311,8.00,running
1774366599.9502606,8.03,running
1774366600.1555598,8.36,running
1774366600.337009,8.23,running
1774366600.517503,7.90,running
1774366600.6837566,8.00,running
1774366600.8501713,7.91,running
1774366601.016907,7.90,running
1774366601.183367,7.91,running
1774366601.3500292,7.90,running
1774366601.516259,8.13,running
1774366601.682745,7.93,running
1774366601.8491871,7.91,running
1774366602.0155358,7.90,running
1774366602.1821651,8.26,running
1774366602.3934724,8.35,running
1774366602.5786011,8.25,running
1774366602.7701128,8.54,running
1774366602.9607282,8.35,running
1774366603.1506689,8.29,running
1774366603.3183281,8.32,running
1774366603.5056763,7.99,running
1774366603.6728086,8.54,running
1774366603.8624911,8.29,running
1774366604.0539331,8.32,running
1774366604.2380514,8.44,running
1774366604.4299865,7.93,running
1774366604.6083298,7.93,running
1774366604.7750766,7.88,running
1774366604.9413614,7.85,running
1774366605.1078985,7.90,running
1774366605.2739334,7.96,running
1774366605.4403179,7.91,running
1774366605.60653,7.93,running
1774366605.7728288,7.87,running
1774366605.9393766,7.90,running
1774366606.1055713,7.90,running
1774366606.272096,7.87,running
1774366606.438088,8.08,running
1774366606.604449,7.90,running
1774366606.7709723,7.88,running
1774366606.9372852,7.90,running
1774366607.1042075,8.64,running
1774366607.2987003,8.26,running
1774366607.4805381,8.40,running
1774366607.6658542,8.21,running
1774366607.8494928,8.14,running
1774366608.0179217,8.47,running
1774366608.211551,8.43,running
1774366608.3990216,8.29,running
1774366608.5861776,7.97,running
1774366608.755325,8.21,running
1774366608.9664114,8.41,running
1774366609.158834,8.17,running
1774366609.3417685,7.91,running
1774366609.5093727,7.90,running
1774366609.6771681,7.91,running
1774366609.846144,7.91,running
1774366610.0128136,7.87,running
1774366610.1797402,7.96,running
1774366610.3462691,8.08,running
1774366610.5129485,7.88,running
1774366610.679428,7.91,running
1774366610.8477058,7.90,running
1774366611.0305014,8.57,running
1774366611.2468433,8.51,running
1774366611.430216,7.97,running
1774366611.6224332,8.73,running
1774366611.8146589,8.35,running
1774366611.9947348,8.57,running
1774366612.1908462,8.29,running
1774366612.3795145,8.61,running
1774366612.5759773,8.47,running
1774366612.7674854,8.51,running
1774366612.963226,8.32,running
1774366613.1510825,8.73,running
1774366613.347709,8.32,running
1774366613.538923,8.39,running
1774366613.7279649,8.56,running
1774366613.9136753,8.49,running
1774366614.091069,8.62,running
1774366614.2824752,8.74,running
1774366614.4749954,8.56,running
1774366614.670902,8.21,running
1774366614.868584,8.67,running
1774366615.0595794,8.54,running
1774366615.246438,8.59,running
1774366615.44307,8.68,running
1774366615.6402774,8.17,running
1774366615.8346167,8.14,running
1774366616.003084,8.17,running
1774366616.1702569,8.38,running
1774366616.3375554,8.19,running
1774366616.5051231,8.17,running
1774366616.6723156,8.14,running
1774366616.8396134,8.13,running
1774366617.008183,8.17,running
1774366617.1755009,8.17,running
1774366617.3427386,8.26,running
1774366617.5102427,8.20,running
1774366617.6773095,8.14,running
1774366617.8443992,8.10,running
1774366618.0116887,8.23,running
1774366618.1803641,8.47,running
1774366618.347632,8.28,running
1774366618.5148711,8.20,running
1774366618.6817672,8.17,running
1774366618.8489974,8.17,running
1774366619.0163193,8.25,running
1774366619.1836505,8.20,running
1774366619.350727,8.26,running
1774366619.5179465,8.14,running
1774366619.6852143,8.20,running
1774366619.8530474,8.23,running
1774366620.0225563,8.31,running
1774366620.1921859,8.32,running
1774366620.3604887,8.14,running
1774366620.5322323,8.17,running
1774366620.70408,8.11,running
1774366620.875909,8.16,running
1774366621.0460517,8.10,running
1774366621.2186372,8.11,running
1774366621.3895683,8.14,running
1774366621.559988,8.25,running
1774366621.7338512,8.25,running
1774366621.908006,8.19,running
1774366622.0798812,8.26,running
1774366622.2538276,8.14,running
1774366622.426906,8.07,running
1774366622.595504,8.11,running
1774366622.7640247,8.07,running
1774366622.932384,8.08,running
1774366623.1008027,8.28,running
1774366623.271663,8.20,running
1774366623.4421475,8.20,running
1774366623.613328,8.18,running
1774366623.7849476,8.28,running
1774366623.9559083,8.22,running
1774366624.1240728,8.10,running
1774366624.2940218,8.32,running
1774366624.4648628,8.14,running
1774366624.636252,8.22,running
1774366624.8069472,8.10,running
1774366624.9752016,8.41,running
1774366625.1666179,7.97,running
1774366625.3526046,8.67,running
1774366625.5496657,8.41,running
1774366625.7381716,8.42,running
1774366625.9302745,8.10,running
1774366626.0966353,7.88,running
1774366626.2629173,7.87,running
1774366626.4292107,7.91,running
1774366626.5958004,7.87,running
1774366626.7619133,7.96,running
1774366626.928364,7.85,running
1774366627.0942702,8.07,running
1774366627.2605455,7.85,running
1774366627.427147,7.94,running
1774366627.593319,7.90,running
1774366627.7602146,8.68,running
1774366627.9516592,8.41,running
1774366628.131304,8.43,running
1774366628.3220987,7.99,running
1774366628.4913557,8.21,running
1774366628.6980014,8.41,running
1774366628.8823977,8.05,running
1774366629.0699165,7.97,running
1774366629.238681,8.70,running
1774366629.4343317,8.40,running
1774366629.6178,8.39,running
1774366629.802447,8.39,running
1774366629.986202,7.93,running
1774366630.1522434,8.07,running
1774366630.3185136,7.91,running
1774366630.4850755,7.96,running
1774366630.6513307,7.97,running
1774366630.817845,7.91,running
1774366630.9839365,7.93,running
1774366631.150337,7.93,running
1774366631.316382,8.08,running
1774366631.4826791,7.93,running
1774366631.6493337,7.91,running
1774366631.8156376,7.88,running
1774366631.9819748,7.90,running
1774366632.1480107,8.11,running
1774366632.3143508,8.67,running
1774366632.4990406,8.59,running
1774366632.7139463,8.46,running
1774366632.8808417,8.41,running
1774366633.0703502,7.97,running
1774366633.2539372,8.05,running
1774366633.4210334,8.68,running
1774366633.6156032,8.45,running
1774366633.8017185,8.26,running
1774366633.99019,8.61,running
1774366634.169925,8.46,running
1774366634.3624032,8.48,running
1774366634.5545385,7.94,running
1774366634.7370214,8.10,running
1774366634.903956,7.94,running
1774366635.071369,8.67,running
1774366635.266479,8.42,running
1774366635.4338493,8.45,running
1774366635.6262202,7.94,running
1774366635.793881,8.30,running
1774366635.9968493,7.97,running
1774366636.165535,8.61,running
1774366636.3542738,8.72,running
1774366636.5440297,8.57,running
1774366636.7387114,8.20,running
1774366636.9357374,8.45,running
1774366637.1305637,8.29,running
1774366637.3229282,8.61,running
1774366637.5195348,8.47,running
1774366637.714936,8.62,running
1774366637.897881,8.61,running
1774366638.0920944,8.70,running
1774366638.2866025,8.48,running
1774366638.4784374,8.47,running
1774366638.6500053,8.51,running
1774366638.8462768,8.52,running
1774366639.037257,8.53,running
1774366639.2327142,8.06,running
1774366639.422886,8.51,running
1774366639.6145453,8.84,running
1774366639.797982,8.39,running
1774366639.9945152,8.07,running
1774366640.1633563,8.11,running
1774366640.3304121,8.14,running
1774366640.4977643,8.17,running
1774366640.665077,8.34,running
1774366640.8323958,8.17,running
1774366641.000641,8.13,running
1774366641.1685078,8.10,running
1774366641.3358939,8.08,running
1774366641.5034,8.13,running
1774366641.6716082,8.19,running
1774366641.839221,8.35,running
1774366642.0081396,8.13,running
1774366642.177051,8.16,running
1774366642.3441465,8.13,running
1774366642.5113792,8.08,running
1774366642.6789465,8.17,running
1774366642.8488042,8.17,running
1774366643.0174901,8.35,running
1774366643.186195,8.17,running
1774366643.3548467,8.14,running
1774366643.5224144,8.13,running
1774366643.689936,8.19,running
1774366643.8575912,8.28,running
1774366644.0252311,8.28,running
1774366644.1951163,8.38,running
1774366644.3650706,8.11,running
1774366644.5383286,8.08,running
1774366644.7078922,8.07,running
1774366644.8800383,8.08,running
1774366645.0513916,8.28,running
1774366645.2227805,8.05,running
1774366645.3932662,8.11,running
1774366645.5642686,7.90,running
1774366645.7327235,8.19,running
1774366645.9068937,8.19,running
1774366646.080823,8.23,running
1774366646.2542403,8.37,running
1774366646.4267323,8.02,running
1774366646.595271,8.03,running
1774366646.7637541,8.25,running
1774366646.9319782,8.03,running
1774366647.1006315,8.02,running
1774366647.2689176,8.08,running
1774366647.4372401,8.19,running
1774366647.605795,8.11,running
1774366647.7738988,8.16,running
1774366647.9419067,8.37,running
1774366648.1101913,8.17,running
1774366648.2795372,8.17,running
1774366648.449136,8.11,running
1774366648.6186252,8.17,running
1774366648.7890851,8.20,running
1774366648.9586833,8.37,running
1774366649.1365979,8.26,running
1774366649.3227127,7.97,running
1774366649.491719,8.27,running
1774366649.70197,8.41,running
1774366649.895216,8.28,running
1774366650.085979,7.90,running
1774366650.2542245,8.19,running
1774366650.4232407,7.94,running
1774366650.5917926,7.91,running
1774366650.759373,7.90,running
1774366650.9272327,7.90,running
1774366651.0934534,8.07,running
1774366651.2600226,7.93,running
1774366651.4269779,7.91,running
1774366651.5936515,7.88,running
1774366651.760544,8.70,running
1774366651.9560137,8.35,running
1774366652.1419585,8.23,running
1774366652.326351,8.63,running
1774366652.4945598,8.18,running
1774366652.6863344,8.41,running
1774366652.8748853,7.94,running
1774366653.0659132,8.00,running
1774366653.2344556,8.65,running
1774366653.4281301,8.43,running
1774366653.6051388,8.29,running
1774366653.7905822,8.44,running
1774366653.9830089,8.07,running
1774366654.150701,7.91,running
1774366654.3184245,7.96,running
1774366654.484993,7.87,running
1774366654.6519012,7.85,running
1774366654.818335,7.87,running
1774366654.9851704,7.87,running
1774366655.15142,8.05,running
1774366655.3180852,7.87,running
1774366655.4850874,7.91,running
1774366655.6518052,7.90,running
1774366655.818648,7.90,running
1774366655.9851213,7.96,running
1774366656.1517704,7.94,running
1774366656.3275728,8.36,running
1774366656.5248716,8.26,running
1774366656.7228658,8.39,running
1774366656.9140303,8.32,running
1774366657.1068757,7.97,running
1774366657.2753866,8.63,running
1774366657.4431915,8.11,running
1774366657.654612,8.42,running
1774366657.8381863,7.91,running
1774366658.022069,8.68,running
1774366658.2144918,8.41,running
1774366658.4022253,8.39,running
1774366658.586358,7.97,running
1774366658.764238,7.94,running
1774366658.932767,7.93,running
1774366659.1018057,8.64,running
1774366659.2776108,8.36,running
1774366659.466516,8.25,running
1774366659.649578,8.66,running
1774366659.8188195,8.14,running
1774366660.0109913,8.57,running
1774366660.1860452,8.39,running
1774366660.3763278,8.59,running
1774366660.5683336,8.36,running
1774366660.7589955,8.52,running
1774366660.9390588,8.48,running
1774366661.1264207,8.90,running
1774366661.3238964,8.56,running
1774366661.5186622,8.15,running
1774366661.7155383,8.57,running
1774366661.8977442,8.53,running
1774366662.086446,8.59,running
1774366662.2792249,8.54,running
1774366662.471057,8.64,running
1774366662.6682093,8.45,running
1774366662.8544507,8.64,running
1774366663.0473206,8.39,running
1774366663.2350821,8.59,running
1774366663.427106,8.36,running
1774366663.6096945,8.87,running
1774366663.788053,7.93,running
1774366663.9582276,8.16,running
1774366664.1251845,8.14,running
1774366664.2924588,8.11,running
1774366664.4603095,8.19,running
1774366664.6277766,8.19,running
1774366664.794851,8.28,running
1774366664.9620912,8.20,running
1774366665.1296546,8.13,running
1774366665.2969708,8.17,running
1774366665.4643922,8.17,running
1774366665.6317704,8.29,running
1774366665.800587,8.17,running
1774366665.969238,8.20,running
1774366666.137862,8.11,running
1774366666.3056328,8.14,running
1774366666.4744627,8.20,running
1774366666.643393,8.19,running
1774366666.810936,8.29,running
1774366666.9799814,8.17,running
1774366667.1488047,8.19,running
1774366667.3175848,8.20,running
1774366667.4858313,8.20,running
1774366667.6550965,8.17,running
1774366667.823489,8.22,running
1774366667.9935405,8.41,running
1774366668.1633747,8.16,running
1774366668.3320847,8.14,running
1774366668.4998615,8.11,running
1774366668.6684792,8.11,running
1774366668.838712,8.11,running
1774366669.0090098,8.11,running
1774366669.1803284,8.47,running
1774366669.3502197,7.93,running
1774366669.541389,8.19,running
1774366669.7168808,8.23,running
1774366669.8925107,8.14,running
1774366670.0654156,8.34,running
1774366670.2380507,8.07,running
1774366670.4125323,8.05,running
1774366670.581036,8.11,running
1774366670.7494256,8.03,running
1774366670.9178348,8.16,running
1774366671.086068,8.08,running
1774366671.2565937,8.26,running
1774366671.427928,8.05,running
1774366671.599113,8.07,running
1774366671.7680256,8.13,running
1774366671.9366083,8.13,running
1774366672.1050386,8.23,running
1774366672.2728958,8.08,running
1774366672.4415264,8.19,running
1774366672.6100695,8.05,running
1774366672.777924,8.39,running
1774366672.9703462,7.99,running
1774366673.154425,8.70,running
1774366673.352506,8.44,running
1774366673.542186,8.44,running
1774366673.7260435,7.93,running
1774366673.8934736,7.90,running
1774366674.061429,7.85,running
1774366674.2276146,8.05,running
1774366674.3940256,7.93,running
1774366674.5615463,7.97,running
1774366674.7289557,7.93,running
1774366674.8957036,7.90,running
1774366675.0620701,7.93,running
1774366675.228718,7.91,running
1774366675.394833,8.08,running
1774366675.5611792,7.88,running
1774366675.7274914,7.90,running
1774366675.893774,8.64,running
1774366676.0651262,8.38,running
1774366676.2686524,8.48,running
1774366676.4541504,7.99,running
1774366676.636888,8.86,running
1774366676.8457518,8.46,running
1774366677.0343778,8.20,running
1774366677.2265813,7.96,running
1774366677.395003,7.97,running
1774366677.5635192,8.64,running
1774366677.7720265,8.39,running
1774366677.961948,8.35,running
1774366678.150287,8.17,running
1774366678.3331144,7.94,running
1774366678.5007486,7.93,running
1774366678.668637,7.88,running
1774366678.8350914,7.90,running
1774366679.0018623,7.96,running
1774366679.1681435,8.08,running
1774366679.334651,7.90,running
1774366679.5011797,7.93,running
1774366679.66776,7.93,running
1774366679.8345785,7.97,running
1774366680.0009964,7.96,running
1774366680.1677296,7.97,running
1774366680.33388,8.10,running
1774366680.500466,7.90,running
1774366680.6675332,8.50,running
1774366680.8629167,8.39,running
1774366681.058697,8.44,running
1774366681.2467687,8.29,running
1774366681.4383225,8.02,running
1774366681.6068063,8.41,running
1774366681.7744124,8.50,running
1774366681.975904,8.34,running
1774366682.166166,8.07,running
1774366682.3585103,8.71,running
1774366682.55004,8.41,running
1774366682.7423275,8.23,running
1774366682.9346366,8.03,running
1774366683.1024842,7.93,running
1774366683.2700253,8.07,running
1774366683.4366536,7.88,running
1774366683.6036155,7.91,running
1774366683.7703466,7.93,running
1774366683.9383001,7.96,running
1774366684.1057708,7.99,running
1774366684.2734785,7.93,running
1774366684.439743,8.05,running
1774366684.606066,8.60,running
1774366684.7871325,8.47,running
1774366684.9965925,8.42,running
1774366685.182008,8.08,running
1774366685.365008,8.67,running
1774366685.5646653,8.19,running
1774366685.7349164,8.55,running
1774366685.9168763,8.76,running
1774366686.1070178,8.50,running
1774366686.3025634,8.49,running
1774366686.4877484,8.29,running
1774366686.6845627,8.53,running
1774366686.870566,8.54,running
1774366687.0538883,8.57,running
1774366687.2423983,8.50,running
1774366687.42288,8.61,running
1774366687.6165,8.14,running
1774366687.8119092,8.61,running
1774366687.9988086,8.48,running
1774366688.1948097,8.64,running
1774366688.3838663,8.54,running
1774366688.5790846,8.58,running
1774366688.769374,8.61,running
1774366688.9632518,8.53,running
1774366689.1597626,8.51,running
1774366689.3505366,8.27,running
1774366689.539835,8.14,running
1774366689.7087004,8.23,running
1774366689.8775537,8.20,running
1774366690.045482,8.25,running
1774366690.2143085,8.20,running
1774366690.3827765,8.38,running
1774366690.5514855,8.10,running
1774366690.719236,8.17,running
1774366690.8873236,8.19,running
1774366691.0548444,8.17,running
1774366691.2237344,8.25,running
1774366691.3923635,8.05,running
1774366691.5613081,8.08,running
1774366691.7286417,8.15,running
1774366691.8962278,8.22,running
1774366692.063759,8.16,running
1774366692.2310402,8.10,running
1774366692.3984678,8.26,running
1774366692.5683126,8.17,running
1774366692.7373257,8.20,running
1774366692.906129,8.16,running
1774366693.0750487,8.13,running
1774366693.2438495,8.11,running
1774366693.4127207,8.19,running
1774366693.5806503,8.44,running
1774366693.750353,8.26,running
1774366693.9209864,8.17,running
1774366694.0900357,8.06,running
1774366694.2619746,8.08,running
1774366694.433749,8.08,running
1774366694.6027565,8.07,running
1774366694.7743971,8.28,running
1774366694.949908,8.10,running
1774366695.1214218,8.14,running
1774366695.2953925,8.25,running
1774366695.4679441,8.22,running
1774366695.642363,8.34,running
1774366695.8164575,8.16,running
1774366695.9891696,8.14,running
1774366696.163501,8.02,running
1774366696.3319983,8.08,running
1774366696.5003922,8.19,running
1774366696.668751,8.05,running
1774366696.8371425,8.07,running
1774366697.0085318,8.17,running
1774366697.1802363,8.14,running
1774366697.350639,8.17,running
1774366697.519921,8.08,running
1774366697.688024,8.26,running
1774366697.8565042,8.10,running
1774366698.027834,8.14,running
1774366698.197169,8.26,running
1774366698.3663318,8.14,running
1774366698.535674,8.23,running
1774366698.7047744,8.39,running
1774366698.898447,8.26,running
1774366699.0902226,8.66,running
1774366699.26956,8.41,running
1774366699.4534152,8.42,running
1774366699.642061,7.87,running
1774366699.8296602,8.11,running
1774366699.9974484,7.85,running
1774366700.1651103,7.91,running
1774366700.331738,7.88,running
1774366700.4985747,7.88,running
1774366700.6649513,7.88,running
1774366700.8316007,7.91,running
1774366700.9977643,8.08,running
1774366701.164267,7.96,running
1774366701.3311186,8.62,running
1774366701.5078704,8.27,running
1774366701.698258,8.40,running
1774366701.890565,7.93,running
1774366702.0808322,8.44,running
1774366702.2868023,8.38,running
1774366702.4779768,8.21,running
1774366702.6700487,7.93,running
1774366702.8369985,8.55,running
1774366703.0051103,8.06,running
1774366703.2063093,8.39,running
1774366703.3943312,8.37,running
1774366703.5863898,7.96,running
1774366703.769312,7.88,running
1774366703.9378264,7.93,running
1774366704.106182,8.08,running
1774366704.273498,8.39,running
1774366704.4633603,8.39,running
1774366704.6588285,8.38,running
1774366704.8506732,8.25,running
1774366705.0424325,8.08,running
1774366705.2109835,8.61,running
1774366705.39598,8.01,running
1774366705.5901356,8.32,running
1774366705.7824411,7.91,running
1774366705.9582555,8.21,running
1774366706.180451,8.41,running
1774366706.374037,8.19,running
1774366706.5571344,7.90,running
1774366706.7246268,7.96,running
1774366706.8924356,7.90,running
1774366707.0586545,8.00,running
1774366707.22558,7.90,running
1774366707.3926914,7.88,running
1774366707.5594263,7.88,running
1774366707.726325,7.85,running
1774366707.892867,7.84,running
1774366708.0598,8.64,running
1774366708.2352202,8.36,running
1774366708.4453943,8.35,running
1774366708.630934,8.11,running
1774366708.8143697,8.43,running
1774366708.9859583,8.03,running
1774366709.1798618,8.08,running
1774366709.3506489,8.44,running
1774366709.5437665,8.48,running
1774366709.7253053,8.56,running
1774366709.909658,8.75,running
1774366710.104395,8.59,running
1774366710.2995062,8.07,running
1774366710.4905865,8.54,running
1774366710.6866393,8.12,running
1774366710.8830984,8.60,running
1774366711.0792518,8.47,running
1774366711.2642355,8.56,running
1774366711.4554622,8.61,running
1774366711.6465845,8.41,running
1774366711.8396542,8.44,running
1774366712.031248,8.42,running
1774366712.2137613,8.50,running
1774366712.3974833,8.54,running
1774366712.5919056,8.57,running
1774366712.7785003,8.07,running
1774366712.971826,7.90,running
1774366713.1620996,8.08,running
1774366713.3308377,8.25,running
1774366713.499154,8.07,running
1774366713.666757,8.29,running
1774366713.8341134,8.13,running
1774366714.0018947,8.16,running
1774366714.1708186,8.13,running
1774366714.3380973,8.13,running
1774366714.507202,8.16,running
1774366714.6761265,8.14,running
1774366714.8448997,8.22,running
1774366715.0137768,8.08,running
1774366715.1827261,8.11,running
1774366715.3502164,8.07,running
1774366715.5177238,8.10,running
1774366715.685252,8.25,running
1774366715.8545196,8.14,running
1774366716.0232239,8.37,running
1774366716.1924572,8.13,running
1774366716.3601213,8.08,running
1774366716.5274677,8.08,running
1774366716.6948624,8.11,running
1774366716.8635888,8.10,running
1774366717.0308776,8.23,running
1774366717.2005382,8.29,running
1774366717.3703787,7.99,running
1774366717.5489962,8.19,running
1774366717.7172344,8.11,running
1774366717.8864093,8.05,running
1774366718.0565276,8.16,running
1774366718.2298446,8.07,running
1774366718.401637,8.23,running
1774366718.5743167,8.05,running
1774366718.7449546,8.03,running
1774366718.9157774,8.23,running
1774366719.0891068,8.22,running
1774366719.2631366,8.25,running
1774366719.4361885,8.11,running
1774366719.6075175,8.08,running
1774366719.7792578,8.08,running
1774366719.950461,8.14,running
1774366720.126675,8.05,running
1774366720.2948904,8.07,running
1774366720.4632719,8.03,running
1774366720.6315298,8.03,running
1774366720.7996328,8.10,running
1774366720.9683359,8.32,running
1774366721.1366713,8.19,running
1774366721.3054297,8.11,running
1774366721.4740534,8.22,running
1774366721.6423962,8.19,running
1774366721.8109155,8.10,running
1774366721.9787266,8.07,running
1774366722.1472266,8.31,running
1774366722.3163846,8.10,running
1774366722.4852543,8.38,running
1774366722.6536756,8.40,running
1774366722.8387177,7.99,running
1774366723.0060875,8.47,running
1774366723.21908,8.38,running
1774366723.4066508,8.32,running
1774366723.60213,7.93,running
1774366723.76831,8.16,running
1774366723.9347453,7.94,running
1774366724.1011662,7.91,running
1774366724.2674804,7.88,running
1774366724.434037,7.88,running
1774366724.6001654,7.91,running
1774366724.7665715,7.91,running
1774366724.9325407,8.10,running
1774366725.098859,7.90,running
1774366725.2675924,8.57,running
1774366725.4558697,8.39,running
1774366725.6422436,8.33,running
1774366725.8249197,7.99,running
1774366726.0015156,8.62,running
1774366726.193905,8.37,running
1774366726.3819492,8.41,running
1774366726.5702639,8.14,running
1774366726.737121,8.69,running
1774366726.9189694,8.45,running
1774366727.1296158,8.42,running
1774366727.3146443,8.37,running
1774366727.506219,8.23,running
1774366727.6886244,8.08,running
1774366727.8549614,7.93,running
1774366728.021215,7.91,running
1774366728.1876106,7.90,running
1774366728.3541625,7.90,running
1774366728.5203257,7.91,running
1774366728.686778,7.93,running
1774366728.8528728,7.99,running
1774366729.0192456,7.91,running
1774366729.1859503,7.91,running
1774366729.3523993,7.88,running
1774366729.5189233,7.90,running
1774366729.6850646,8.14,running
1774366729.8514006,7.90,running
1774366730.0176806,8.64,running
1774366730.212395,8.25,running
1774366730.384648,8.37,running
1774366730.5785923,8.14,running
1774366730.7701814,7.96,running
1774366730.9387584,8.68,running
1774366731.1338682,8.40,running
1774366731.322511,8.39,running
1774366731.5059817,7.96,running
1774366731.6750736,8.11,running
1774366731.8781784,8.37,running
1774366732.0702877,8.20,running
1774366732.258323,7.93,running
1774366732.4267359,7.88,running
1774366732.5951114,8.54,running
1774366732.776237,8.29,running
1774366732.9800224,8.39,running
1774366733.1709182,8.00,running
1774366733.3549583,8.67,running
1774366733.5461462,8.25,running
1774366733.7174854,8.56,running
1774366733.9066157,8.16,running
1774366734.094218,8.62,running
1774366734.2870357,8.53,running
1774366734.4784646,8.53,running
1774366734.6675494,8.54,running
1774366734.8643289,8.62,running
1774366735.0601273,8.55,running
1774366735.2553093,8.59,running
1774366735.4501858,8.35,running
1774366735.6340144,8.45,running
1774366735.8053296,8.54,running
1774366735.9950566,8.47,running
1774366736.176308,8.55,running
1774366736.367602,8.03,running
1774366736.5591211,8.51,running
1774366736.7286613,8.59,running
1774366736.921048,8.57,running
1774366737.1193168,8.51,running
1774366737.3107893,8.65,running
1774366737.503287,8.00,running
1774366737.6730342,8.19,running
1774366737.8419416,8.19,running
1774366738.0090992,8.23,running
1774366738.178318,8.11,running
1774366738.3474638,8.19,running
1774366738.5169241,8.19,running
1774366738.6859615,8.17,running
1774366738.8541358,8.16,running
1774366739.023066,8.08,running
1774366739.19208,8.25,running
1774366739.3612726,8.17,running
1774366739.5300658,8.17,running
1774366739.6987324,8.18,running
1774366739.8669498,8.17,running
1774366740.0360138,8.14,running
1774366740.205037,8.17,running
1774366740.3743665,8.26,running
1774366740.5419867,8.20,running
1774366740.7107008,8.38,running
1774366740.8776846,8.10,running
1774366741.0527015,8.20,running
1774366741.2200193,8.17,running
1774366741.387511,8.16,running
1774366741.5548916,8.31,running
1774366741.7243402,8.28,running
1774366741.9095705,8.29,running
1774366742.0793335,8.25,running
1774366742.248297,8.16,running
1774366742.418654,8.05,running
1774366742.58897,8.03,running
1774366742.7581656,8.03,running
1774366742.9280286,8.00,running
1774366743.0972376,8.20,running
1774366743.2675204,7.90,running
1774366743.437137,8.41,running
1774366743.6110322,8.20,running
1774366743.7844892,8.17,running
1774366743.9582682,8.20,running
1774366744.1302965,7.99,running
1774366744.303801,7.99,running
1774366744.4720976,8.03,running
1774366744.6402009,8.05,running
1774366744.8084552,8.05,running
1774366744.9767914,8.03,running
1774366745.1476731,8.34,running
1774366745.3190076,8.13,running
1774366745.4891624,8.13,running
1774366745.658506,8.11,running
1774366745.8265736,8.20,running
1774366745.9950805,8.20,running
1774366746.165996,8.10,running
1774366746.3376985,8.25,running
1774366746.5083964,8.13,running
1774366746.677941,8.05,running
1774366746.8458323,8.41,running
1774366747.038799,7.93,running
1774366747.2303727,8.64,running
1774366747.4362051,8.38,running
1774366747.6300497,8.39,running
1774366747.8183248,7.93,running
1774366747.992154,7.90,running
1774366748.1601617,7.91,running
1774366748.3279355,7.87,running
1774366748.495896,7.85,running
1774366748.662331,7.99,running
1774366748.8289132,7.88,running
1774366748.9953554,7.97,running
1774366749.1618412,7.96,running
1774366749.328603,7.90,running
1774366749.4955697,8.65,running
1774366749.7073088,8.38,running
1774366749.8896034,8.37,running
1774366750.077869,7.94,running
1774366750.2475083,8.12,running
1774366750.4622748,8.32,running
1774366750.6463275,8.22,running
1774366750.8292437,7.90,running
1774366751.0075867,8.61,running
1774366751.2056985,8.37,running
1774366751.3898401,8.28,running
1774366751.5824041,8.38,running
1774366751.7655647,7.87,running
1774366751.933074,7.94,running
1774366752.1008444,7.87,running
1774366752.2673295,7.93,running
1774366752.4339352,7.87,running
1774366752.6008573,7.84,running
1774366752.7674654,7.88,running
1774366752.9342175,7.90,running
1774366753.1005774,8.00,running
1774366753.267217,7.90,running
1774366753.4336538,7.96,running
1774366753.6001728,7.85,running
1774366753.7670846,7.88,running
1774366753.933608,7.87,running
1774366754.100393,7.87,running
1774366754.2667575,8.63,running
1774366754.4581645,8.07,running
1774366754.64977,8.39,running
1774366754.8422513,8.03,running
1774366755.025396,7.97,running
1774366755.1940491,8.64,running
1774366755.38417,8.41,running
1774366755.56506,8.40,running
1774366755.7585156,7.96,running
1774366755.9277244,8.29,running
1774366756.138914,8.40,running
1774366756.3233383,8.19,running
1774366756.5181212,7.90,running
1774366756.6856477,8.05,running
1774366756.8534327,7.87,running
1774366757.0200374,8.00,running
1774366757.186696,7.87,running
1774366757.3534808,7.88,running
1774366757.519961,7.87,running
1774366757.6866908,7.88,running
1774366757.8530183,7.99,running
1774366758.0196586,7.88,running
1774366758.1863098,8.59,running
1774366758.382052,8.34,running
1774366758.5598392,8.34,running
1774366758.7508516,8.05,running
1774366758.919981,8.23,running
1774366759.1191957,7.99,running
1774366759.289375,8.29,running
1774366759.4790874,8.49,running
1774366759.6541746,8.50,running
1774366759.846267,8.55,running
1774366760.0396152,8.32,running
1774366760.2343738,8.28,running
1774366760.4275613,8.56,running
1774366760.6226988,8.41,running
1774366760.815524,8.57,running
1774366761.0117853,8.44,running
1774366761.2032316,8.64,running
1774366761.4029977,8.42,running
1774366761.5990489,8.59,running
1774366761.7958915,8.45,running
1774366761.9869132,8.53,running
1774366762.1835551,8.81,running
1774366762.3788252,8.59,running
1774366762.5720491,8.32,running
1774366762.7637806,8.36,running
1774366762.9593942,7.97,running
1774366763.1286087,8.18,running
1774366763.296965,8.13,running
1774366763.4644978,8.16,running
1774366763.6334848,8.22,running
1774366763.8021746,8.40,running
1774366763.9707563,8.20,running
1774366764.1380212,8.16,running
1774366764.3053768,8.08,running
1774366764.4727805,8.13,running
1774366764.640605,8.19,running
1774366764.8082542,8.20,running
1774366764.976425,8.34,running
1774366765.145384,8.17,running
1774366765.312729,8.13,running
1774366765.480718,8.17,running
1774366765.650111,8.19,running
1774366765.8197436,8.19,running
1774366765.9889667,8.17,running
1774366766.1575315,8.31,running
1774366766.3248444,8.17,running
1774366766.4952564,8.19,running
1774366766.664551,8.14,running
1774366766.8334167,8.16,running
1774366767.002115,8.25,running
1774366767.172131,8.28,running
1774366767.342238,8.32,running
1774366767.5105288,7.97,running
1774366767.6806939,8.07,running
1774366767.8516312,8.03,running
1774366768.0217552,8.05,running
1774366768.1922128,8.07,running
1774366768.362132,8.00,running
1774366768.5324564,8.17,running
1774366768.7027469,8.19,running
1774366768.8745348,8.17,running
1774366769.0486019,8.47,running
1774366769.2230303,8.05,running
1774366769.3948743,8.34,running
1774366769.5709074,8.02,running
1774366769.7392688,8.14,running
1774366769.9078147,7.99,running
1774366770.0762336,8.03,running
1774366770.2445753,8.14,running
1774366770.4142427,8.19,running
1774366770.583759,8.32,running
1774366770.753176,8.16,running
1774366770.9222844,8.08,running
1774366771.0905108,8.16,running
1774366771.261242,8.16,running
1774366771.4335487,8.22,running
1774366771.6026382,8.16,running
1774366771.7717297,8.32,running
1774366771.941372,8.11,running
1774366772.1134567,8.38,running
1774366772.2814088,8.34,running
1774366772.4747977,7.96,running
1774366772.6436903,8.11,running
1774366772.8579917,8.38,running
1774366773.0505211,8.17,running
1774366773.232644,7.90,running
1774366773.4003546,7.87,running
1774366773.5680575,7.90,running
1774366773.7349787,7.87,running
1774366773.901483,7.85,running
1774366774.0682871,7.87,running
1774366774.2345922,8.05,running
1774366774.4010746,7.91,running
1774366774.56752,7.87,running
1774366774.7339785,7.93,running
1774366774.9007902,8.59,running
1774366775.0812898,8.36,running
1774366775.2785473,8.36,running
1774366775.4708247,7.91,running
1774366775.6625378,8.59,running
1774366775.8522468,8.40,running
1774366776.0458927,8.38,running
1774366776.2346945,8.03,running
1774366776.403522,7.94,running
1774366776.572272,8.50,running
1774366776.7900488,8.42,running
1774366776.978477,8.39,running
1774366777.1701548,7.99,running
1774366777.3523965,7.90,running
1774366777.520202,7.97,running
1774366777.6881697,7.90,running
1774366777.8546329,7.90,running
1774366778.021391,7.91,running
1774366778.1877182,8.16,running
1774366778.3541734,7.94,running
1774366778.5208435,7.91,running
1774366778.6874237,8.00,running
1774366778.8542771,7.91,running
1774366779.0207157,7.94,running
1774366779.1874754,7.91,running
1774366779.3537385,8.08,running
1774366779.5202975,7.90,running
1774366779.7094195,8.68,running
1774366779.9254572,8.41,running
1774366780.0931823,8.39,running
1774366780.278897,8.20,running
1774366780.460547,7.96,running
1774366780.6289642,8.73,running
1774366780.8180485,8.35,running
1774366781.0102665,8.21,running
1774366781.2025337,8.69,running
1774366781.370667,8.43,running
1774366781.561969,8.38,running
1774366781.7544596,7.96,running
1774366781.938035,7.91,running
1774366782.1064487,7.93,running
1774366782.274972,8.53,running
1774366782.477431,8.38,running
1774366782.6662753,8.25,running
1774366782.8541765,8.64,running
1774366783.022329,8.10,running
1774366783.2112927,8.42,running
1774366783.389419,8.51,running
1774366783.5792236,8.35,running
1774366783.779096,8.48,running
1774366783.9670749,8.49,running
1774366784.1502342,8.48,running
1774366784.343671,8.47,running
1774366784.5267317,8.54,running
1774366784.7184536,8.09,running
1774366784.9102795,8.53,running
1774366785.1032293,8.09,running
1774366785.2952802,8.29,running
1774366785.4846087,8.44,running
1774366785.6745362,8.59,running
1774366785.8621614,8.42,running
1774366786.0512426,8.82,running
1774366786.2479508,8.45,running
1774366786.4352057,8.68,running
1774366786.628147,8.42,running
1774366786.8225226,8.63,running
1774366787.0064788,8.07,running
1774366787.1750755,8.20,running
1774366787.3436725,8.41,running
1774366787.5127795,8.19,running
1774366787.682008,8.11,running
1774366787.8504307,8.11,running
1774366788.0188606,8.11,running
1774366788.1863704,8.17,running
1774366788.3535626,8.13,running
1774366788.5210676,8.22,running
1774366788.6886482,8.16,running
1774366788.856349,8.16,running
1774366789.0237272,8.08,running
1774366789.1908703,8.22,running
1774366789.3581743,8.22,running
1774366789.5259318,8.16,running
1774366789.69328,8.20,running
1774366789.860574,8.17,running
1774366790.028045,8.17,running
1774366790.195521,8.16,running
1774366790.3629625,8.16,running
1774366790.5301015,8.31,running
1774366790.6974862,8.11,running
1774366790.8649037,8.13,running
1774366791.0317452,8.14,running
1774366791.199299,8.14,running
1774366791.3667052,8.28,running
1774366791.5337255,8.16,running
1774366791.7010705,8.07,running
1774366791.8685193,8.13,running
1774366792.0359633,8.17,running
1774366792.203328,8.08,running
1774366792.3707862,8.14,running
1774366792.5380476,8.37,running
1774366792.7056742,8.19,running
1774366792.873353,8.19,running
1774366793.0408041,8.15,running
1774366793.2085674,8.14,running
1774366793.3763127,8.08,running
1774366793.5445971,8.13,running
1774366793.7133555,8.26,running
1774366793.8870397,8.10,running
1774366794.0580833,8.07,running
1774366794.2280743,8.08,running
1774366794.3993094,8.11,running
1774366794.569073,8.22,running
1774366794.740573,8.08,running
1774366794.9145627,8.17,running
1774366795.0847974,8.20,running
1774366795.2541182,8.13,running
1774366795.425107,8.08,running
1774366795.5960658,8.13,running
1774366795.767422,8.28,running
1774366795.938339,8.10,running
1774366796.109824,8.07,running
1774366796.2808418,8.07,running
1774366796.450868,8.11,running
1774366796.6216488,8.20,running
1774366796.7922306,8.02,running
1774366796.9625912,8.11,running
1774366797.132728,8.07,running
1774366797.3029041,7.96,running
1774366797.4727619,7.93,running
1774366797.6406064,8.20,running
1774366797.8144367,8.34,running
1774366797.986777,8.14,running
1774366798.1595504,8.14,running
1774366798.3314173,8.13,running
1774366798.5038493,8.16,running
1774366798.676095,8.25,running
1774366798.8475611,8.16,running
1774366799.022118,8.23,running
1774366799.1962678,8.10,running
1774366799.364605,8.03,running
1774366799.5349479,8.17,running
1774366799.7029693,8.03,running
1774366799.8713293,8.10,running
1774366800.039522,8.10,running
1774366800.2080145,8.03,running
1774366800.3761606,8.14,running
1774366800.5454879,8.14,running
1774366800.7149415,8.29,running
1774366800.8842728,8.14,running
1774366801.0540304,8.08,running
1774366801.2221742,8.14,running
1774366801.3905602,8.08,running
1774366801.5645537,8.16,running
1774366801.7345448,8.11,running
1774366801.9034023,8.34,running
1774366802.071804,8.08,running
1774366802.2425196,8.14,running
1774366802.4144058,8.19,running
1774366802.5835059,8.14,running
1774366802.7532501,8.23,running
1774366802.926186,8.11,running
1774366803.0957847,8.20,running
1774366803.2648005,8.19,running
1774366803.434466,8.14,running
1774366803.6063483,8.44,running
1774366803.7745833,8.32,running
1774366803.9575326,8.67,running
1774366804.125655,8.39,running
1774366804.3186262,8.35,running
1774366804.5106215,8.03,running
1774366804.6783445,7.90,running
1774366804.845567,8.08,running
1774366805.012081,7.90,running
1774366805.1788166,7.93,running
1774366805.3452997,7.90,running
1774366805.5120769,7.93,running
1774366805.678379,7.94,running
1774366805.8449662,7.93,running
1774366806.0112019,8.68,running
1774366806.189456,8.41,running
1774366806.3827143,8.29,running
1774366806.5741427,8.63,running
1774366806.7574654,8.39,running
1774366806.942875,8.40,running
1774366807.1343513,7.94,running
1774366807.3094592,7.97,running
1774366807.4778733,8.64,running
1774366807.677598,8.29,running
1774366807.8447673,8.38,running
1774366808.0346694,8.21,running
1774366808.2260575,7.87,running
1774366808.3936493,7.87,running
1774366808.561098,7.90,running
1774366808.7289271,7.88,running
1774366808.8951557,7.91,running
1774366809.0617208,7.88,running
1774366809.2278159,8.08,running
1774366809.3941333,7.88,running
1774366809.5605156,7.88,running
1774366809.7268693,7.91,running
1774366809.8935966,7.90,running
1774366810.0598252,7.87,running
1774366810.2265162,7.87,running
1774366810.3927069,8.03,running
1774366810.5590703,7.87,running
1774366810.7257752,7.85,running
1774366810.8921368,7.90,running
1774366811.0590088,8.50,running
1774366811.2515166,8.35,running
1774366811.4506555,8.38,running
1774366811.6425586,8.25,running
1774366811.8251638,8.11,running
1774366811.9934325,8.64,running
1774366812.1745098,8.07,running
1774366812.3744,8.43,running
1774366812.5632854,8.24,running
1774366812.7453141,7.91,running
1774366812.9136584,8.03,running
1774366813.0834258,8.45,running
1774366813.3061836,8.37,running
1774366813.4906437,8.38,running
1774366813.6823266,7.88,running
1774366813.8640938,8.11,running
1774366814.0318112,7.91,running
1774366814.1994116,7.91,running
1774366814.3659005,7.85,running
1774366814.5327468,7.88,running
1774366814.6992528,7.88,running
1774366814.865885,7.91,running
1774366815.0322058,8.03,running
1774366815.19897,7.91,running
1774366815.3655455,7.88,running
1774366815.5320222,7.91,running
1774366815.698906,7.88,running
1774366815.8653328,7.81,running
1774366816.0320392,7.88,running
1774366816.1983414,8.66,running
1774366816.3916376,7.86,running
1774366816.5790942,8.36,running
1774366816.7665572,8.22,running
1774366816.9583704,7.93,running
1774366817.1253433,8.53,running
1774366817.309186,7.97,running
1774366817.5061922,8.33,running
1774366817.6983502,7.96,running
1774366817.8859262,7.99,running
1774366818.0635839,8.57,running
1774366818.2574131,8.40,running
1774366818.4462569,8.41,running
1774366818.6384811,8.39,running
1774366818.8222873,8.03,running
1774366818.990827,7.99,running
1774366819.1593592,8.11,running
1774366819.3266783,8.02,running
1774366819.4944167,8.62,running
1774366819.691303,8.48,running
1774366819.8924685,8.45,running
1774366820.082339,8.32,running
1774366820.2703166,8.25,running
1774366820.4389822,8.73,running
1774366820.6070633,8.42,running
1774366820.8178685,8.36,running
1774366821.0016825,7.96,running
1774366821.1804085,8.38,running
1774366821.3666763,8.32,running
1774366821.559012,7.94,running
1774366821.7408636,8.03,running
1774366821.9090135,7.91,running
1774366822.0770278,8.08,running
1774366822.245109,7.91,running
1774366822.4124365,7.91,running
1774366822.5794606,8.47,running
1774366822.7902431,8.38,running
1774366822.973761,7.93,running
1774366823.1490424,8.07,running
1774366823.3393211,8.25,running
1774366823.5096574,7.96,running
1774366823.6772964,8.56,running
1774366823.8626711,8.45,running
1774366824.0555825,8.56,running
1774366824.2400386,8.58,running
1774366824.4307606,8.64,running
1774366824.6229556,8.56,running
1774366824.8057866,8.49,running
1774366824.9863744,8.62,running
1774366825.1786432,8.76,running
1774366825.3762522,8.59,running
1774366825.5704682,8.07,running
1774366825.7624514,8.61,running
1774366825.9552715,8.48,running
1774366826.1425638,8.61,running
1774366826.3273923,8.45,running
1774366826.5225716,8.82,running
1774366826.7200966,8.30,running
1774366826.9056227,8.47,running
1774366827.0763192,8.57,running
1774366827.270786,8.18,running
1774366827.4634953,8.57,running
1774366827.649083,8.47,running
1774366827.843039,8.65,running
1774366828.0386252,8.42,running
1774366828.2233076,8.67,running
1774366828.4180882,8.57,running
1774366828.6072202,8.61,running
1774366828.8035724,8.48,running
1774366828.9953876,8.59,running
1774366829.191574,8.48,running
1774366829.3833213,8.50,running
1774366829.5577743,8.56,running
1774366829.7508235,8.54,running
1774366829.9374006,8.05,running
1774366830.1065977,8.14,running
1774366830.2761562,8.16,running
1774366830.4438083,8.38,running
1774366830.6121101,8.26,running
1774366830.7815042,8.10,running
1774366830.9503624,8.19,running
1774366831.118057,8.25,running
1774366831.2856276,8.19,running
1774366831.454557,8.16,running
1774366831.623178,8.28,running
1774366831.7919385,8.20,running
1774366831.960731,8.16,running
1774366832.1303208,8.20,running
1774366832.2997384,8.14,running
1774366832.4683988,8.34,running
1774366832.6370044,8.17,running
1774366832.8053503,8.29,running
1774366832.9774532,8.22,running
1774366833.1466005,8.20,running
1774366833.3152695,8.18,running
1774366833.4829383,8.16,running
1774366833.651172,8.25,running
1774366833.818705,8.14,running
1774366833.9860482,8.35,running
1774366834.1535025,8.31,running
1774366834.3230078,8.14,running
1774366834.4947603,8.16,running
1774366834.665704,8.17,running
1774366834.8332427,8.26,running
1774366835.0024047,8.03,running
1774366835.171536,8.26,running
1774366835.3421311,8.11,running
1774366835.5127804,8.11,running
1774366835.6829116,8.07,running
1774366835.8530116,8.10,running
1774366836.0231187,8.10,running
1774366836.1909432,8.22,running
1774366836.3641555,8.19,running
1774366836.538304,8.14,running
1774366836.7105894,8.22,running
1774366836.8829112,8.26,running
1774366837.0574448,8.11,running
1774366837.2257972,8.07,running
1774366837.3938887,8.05,running
1774366837.5622144,8.13,running
1774366837.7305624,8.10,running
1774366837.8998487,8.16,running
1774366838.0695393,8.32,running
1774366838.239199,8.13,running
1774366838.4106772,8.19,running
1774366838.580107,8.16,running
1774366838.7485347,8.10,running
1774366838.9170249,8.20,running
1774366839.0882342,8.13,running
1774366839.2592556,8.19,running
1774366839.4310014,8.31,running
1774366839.610458,8.26,running
1774366839.7982452,8.70,running
1774366839.9687583,8.45,running
1774366840.1630478,7.88,running
1774366840.353652,7.97,running
1774366840.5211065,8.08,running
1774366840.6887226,7.93,running
1774366840.8552575,7.90,running
1774366841.0219572,7.88,running
1774366841.188812,7.93,running
1774366841.3552177,8.70,running
1774366841.526245,8.37,running
1774366841.7133086,8.23,running
1774366841.9061735,8.23,running
1774366842.0907235,8.41,running
1774366842.2789512,8.02,running
1774366842.4659333,7.97,running
1774366842.6344476,8.73,running
1774366842.8386567,8.43,running
1774366843.0191379,8.42,running
1774366843.205929,8.43,running
1774366843.3899596,8.00,running
1774366843.5584955,8.00,running
1774366843.726998,8.05,running
1774366843.8952932,8.14,running
1774366844.0636828,8.41,running
1774366844.2594943,8.17,running
1774366844.4506624,8.44,running
1774366844.642554,8.30,running
1774366844.8263512,8.00,running
1774366844.9945743,8.61,running
1774366845.1627557,8.07,running
1774366845.3626125,8.40,running
1774366845.5544574,7.99,running
1774366845.7390501,8.17,running
1774366845.9542184,8.41,running
1774366846.1425607,8.23,running
1774366846.3260527,7.88,running
1774366846.493386,8.07,running
1774366846.6609688,7.87,running
1774366846.827386,7.90,running
1774366846.9938471,7.93,running
1774366847.1607275,7.91,running
1774366847.3271947,7.96,running
1774366847.4939353,7.90,running
1774366847.6601033,8.03,running
1774366847.8266118,7.94,running
1774366847.9931014,7.84,running
1774366848.1595564,8.61,running
1774366848.3664486,8.22,running
1774366848.554476,8.21,running
1774366848.7375324,8.72,running
1774366848.9148495,8.09,running
1774366849.1109161,7.96,running
1774366849.279501,8.57,running
1774366849.4661775,8.47,running
1774366849.642933,8.50,running
1774366849.8349302,8.17,running
1774366850.0274796,8.38,running
1774366850.219151,8.20,running
1774366850.4111779,8.59,running
1774366850.6026843,8.46,running
1774366850.79489,8.62,running
1774366850.9909356,8.47,running
1774366851.1876397,8.64,running
1774366851.3621104,8.65,running
1774366851.5558178,8.59,running
1774366851.7454824,8.64,running
1774366851.9347095,8.54,running
1774366852.122148,8.41,running
1774366852.3057232,8.54,running
1774366852.4757233,8.61,running
1774366852.6665978,9.02,running
1774366852.8624494,7.93,running
1774366853.0348907,8.19,running
1774366853.2015822,8.19,running
1774366853.3691187,8.07,running
1774366853.5365543,8.20,running
1774366853.7039788,8.16,running
1774366853.8711913,8.20,running
1774366854.0383337,8.19,running
1774366854.2059257,8.17,running
1774366854.3732653,8.14,running
1774366854.5405676,8.19,running
1774366854.7080517,8.20,running
1774366854.876435,8.16,running
1774366855.0438435,8.26,running
1774366855.2111354,8.19,running
1774366855.3784947,8.16,running
1774366855.5476115,8.20,running
1774366855.716375,8.17,running
1774366855.8848398,8.31,running
1774366856.0524912,8.16,running
1774366856.2203405,8.20,running
1774366856.3885674,8.18,running
1774366856.5580022,8.11,running
1774366856.7266614,8.16,running
1774366856.8942702,8.20,running
1774366857.063678,8.10,running
1774366857.2311532,8.22,running
1774366857.399013,8.32,running
1774366857.567791,8.13,running
1774366857.7355318,8.14,running
1774366857.9044409,8.14,running
1774366858.073386,8.14,running
1774366858.242319,8.14,running
1774366858.4098685,8.14,running
1774366858.5768008,8.34,running
1774366858.745157,8.10,running
1774366858.9173257,8.10,running
1774366859.086186,8.16,running
1774366859.2553432,8.05,running
1774366859.4240847,8.20,running
1774366859.593046,8.20,running
1774366859.762723,8.26,running
1774366859.9349055,8.13,running
1774366860.1071153,8.13,running
1774366860.2799306,8.10,running
1774366860.4521568,8.11,running
1774366860.6225345,8.13,running
1774366860.7928581,8.00,running
1774366860.9640465,8.25,running
1774366861.1423879,8.11,running
1774366861.3235788,8.20,running
1774366861.4935389,8.23,running
1774366861.6641235,8.08,running
1774366861.8342962,8.10,running
1774366862.0035079,8.07,running
1774366862.1730087,8.20,running
1774366862.3428423,8.08,running
1774366862.5130877,8.10,running
1774366862.6829712,8.07,running
1774366862.8523505,7.93,running
1774366863.020297,8.40,running
1774366863.1941352,8.23,running
1774366863.367304,8.11,running
1774366863.5393894,8.16,running
1774366863.7098558,8.13,running
1774366863.8807652,8.28,running
1774366864.0520217,8.17,running
1774366864.2236137,8.16,running
1774366864.3955574,8.38,running
1774366864.56995,8.03,running
1774366864.7419035,8.05,running
1774366864.9099345,8.08,running
1774366865.0779889,8.05,running
1774366865.246044,8.08,running
1774366865.4140284,8.05,running
1774366865.5818348,8.13,running
1774366865.7497263,8.08,running
1774366865.917819,8.17,running
1774366866.088964,8.11,running
1774366866.26005,8.07,running
1774366866.4312592,8.28,running
1774366866.601989,8.20,running
1774366866.7709894,8.19,running
1774366866.9391315,8.08,running
1774366867.1068997,8.11,running
1774366867.2778044,8.28,running
1774366867.4467678,8.14,running
1774366867.6149063,8.08,running
1774366867.78277,8.13,running
1774366867.9535737,8.17,running
1774366868.1226785,8.29,running
1774366868.2908897,8.05,running
1774366868.458604,8.25,running
1774366868.6296344,8.11,running
1774366868.800573,8.02,running
1774366868.9713109,8.43,running
1774366869.1623442,8.25,running
1774366869.3541632,8.36,running
1774366869.5469763,8.41,running
1774366869.7385197,8.16,running
1774366869.920487,7.87,running
1774366870.0869591,7.96,running
1774366870.2530642,7.91,running
1774366870.419391,7.90,running
1774366870.5852356,8.07,running
1774366870.7516577,7.91,running
1774366870.9180453,7.96,running
1774366871.0842526,7.87,running
1774366871.2508585,7.90,running
1774366871.417101,7.90,running
1774366871.5836225,7.88,running
1774366871.7496195,8.07,running
1774366871.916095,8.41,running
1774366872.1220436,8.37,running
1774366872.3144155,7.94,running
1774366872.497029,8.04,running
1774366872.6822326,8.28,running
1774366872.8703504,7.94,running
1774366873.062297,7.93,running
1774366873.2308452,8.61,running
1774366873.4321923,8.43,running
1774366873.6137016,8.36,running
1774366873.797406,8.37,running
1774366873.9909039,8.05,running
1774366874.158654,7.87,running
1774366874.326264,7.85,running
1774366874.4928405,7.87,running
1774366874.6598387,7.84,running
1774366874.8264272,7.85,running
1774366874.9932325,7.85,running
1774366875.1599803,7.94,running
1774366875.326645,7.88,running
1774366875.4930604,7.99,running
1774366875.6596637,7.90,running
1774366875.8263922,7.91,running
1774366875.9930077,7.88,running
1774366876.1598227,7.90,running
1774366876.3261805,8.68,running
1774366876.5239573,7.88,running
1774366876.718592,8.38,running
1774366876.9111397,8.22,running
1774366877.0933855,8.11,running
1774366877.2618,8.54,running
1774366877.4458988,8.10,running
1774366877.6537793,8.34,running
1774366877.8382394,8.22,running
1774366878.0219793,7.96,running
1774366878.2084997,8.56,running
1774366878.406167,8.26,running
1774366878.5905137,8.32,running
1774366878.7736058,8.43,running
1774366878.958291,7.90,running
1774366879.1258078,7.93,running
1774366879.293616,7.87,running
1774366879.460973,8.07,running
1774366879.6275616,7.91,running
1774366879.7947645,7.87,running
1774366879.9613383,7.87,running
1774366880.1281564,7.85,running
1774366880.2945569,7.88,running
1774366880.461247,7.87,running
1774366880.627606,8.05,running
1774366880.7941453,7.91,running
1774366880.9610467,7.87,running
1774366881.127644,7.88,running
1774366881.2945046,7.88,running
1774366881.4609005,8.67,running
1774366881.6573515,8.22,running
1774366881.8447907,8.35,running
1774366882.0346017,8.16,running
1774366882.216762,7.96,running
1774366882.3837776,8.62,running
1774366882.5787213,8.40,running
1774366882.7702734,8.35,running
1774366882.9586174,7.96,running
1774366883.1500237,7.97,running
1774366883.3171432,8.61,running
1774366883.529922,8.29,running
1774366883.7121086,8.34,running
1774366883.9024103,8.35,running
1774366884.090318,7.93,running
1774366884.25746,7.88,running
1774366884.424456,8.10,running
1774366884.5915043,7.93,running
1774366884.7585864,8.60,running
1774366884.9624853,7.92,running
1774366885.153947,8.37,running
1774366885.34249,8.29,running
1774366885.533894,7.94,running
1774366885.7010322,8.54,running
1774366885.899755,8.37,running
1774366886.0903323,8.31,running
1774366886.2821991,8.54,running
1774366886.450127,8.22,running
1774366886.6383035,8.35,running
1774366886.830277,7.93,running
1774366886.9972868,7.93,running
1774366887.1642542,8.68,running
1774366887.365602,8.35,running
1774366887.554117,8.17,running
1774366887.737467,8.44,running
1774366887.9313507,8.14,running
1774366888.102172,7.96,running
1774366888.2704496,8.50,running
1774366888.4864607,8.12,running
1774366888.6894374,8.57,running
1774366888.879148,8.45,running
1774366889.066929,8.51,running
1774366889.2548106,8.37,running
1774366889.4471133,8.61,running
1774366889.6439412,8.47,running
1774366889.8365989,8.83,running
1774366890.0313768,8.59,running
1774366890.222232,8.50,running
1774366890.3974373,8.56,running
1774366890.5902648,8.22,running
1774366890.7758026,8.54,running
1774366890.963808,8.12,running
1774366891.158522,8.61,running
1774366891.342287,8.44,running
1774366891.5348148,8.54,running
1774366891.7232997,8.85,running
1774366891.9146883,8.70,running
1774366892.1067584,8.36,running
1774366892.2893999,8.61,running
1774366892.4826725,8.44,running
1774366892.6745293,8.43,running
1774366892.8540888,8.61,running
1774366893.0464091,9.04,running
1774366893.2347608,8.53,running
1774366893.4269185,8.14,running
1774366893.6231656,8.53,running
1774366893.8111994,8.47,running
1774366894.002716,8.50,running
1774366894.1915324,8.82,running
1774366894.3829312,8.27,running
1774366894.5780387,8.03,running
1774366894.7448523,8.32,running
1774366894.9124057,8.17,running
1774366895.0801122,8.13,running
1774366895.2493768,8.14,running
1774366895.4181406,8.17,running
1774366895.587501,8.11,running
1774366895.7563112,8.16,running
1774366895.9249678,8.35,running
1774366896.0922444,8.16,running
1774366896.2601576,8.16,running
1774366896.4272144,8.11,running
1774366896.5958567,8.14,running
1774366896.7647948,8.17,running
1774366896.9326823,8.13,running
1774366897.1014414,8.37,running
1774366897.2699325,8.20,running
1774366897.437593,8.11,running
1774366897.605143,8.14,running
1774366897.7727182,8.14,running
1774366897.9418201,8.16,running
1774366898.1105607,8.20,running
1774366898.277539,8.37,running
1774366898.4464476,8.17,running
1774366898.6151612,8.35,running
1774366898.7851129,8.24,running
1774366898.9560149,8.22,running
1774366899.1258965,8.17,running
1774366899.2934773,8.11,running
1774366899.466744,8.23,running
1774366899.638091,8.07,running
1774366899.8085544,8.05,running
1774366899.9793277,8.00,running
1774366900.1497974,8.07,running
1774366900.3195262,8.22,running
1774366900.4900963,8.23,running
1774366900.6591454,8.26,running
1774366900.8328016,8.25,running
1774366901.0061889,8.13,running
1774366901.1770406,8.43,running
1774366901.3599277,8.10,running
1774366901.5281467,8.14,running
1774366901.6964035,8.03,running
1774366901.8645172,8.17,running
1774366902.032717,8.19,running
1774366902.2009635,8.26,running
1774366902.368912,8.35,running
1774366902.5372446,8.16,running
1774366902.705729,8.39,running
1774366902.8735795,8.24,running
1774366903.0420854,8.14,running
1774366903.2107484,8.19,running
1774366903.3797364,8.22,running
1774366903.5482523,8.22,running
1774366903.7234898,8.40,running
1774366903.9103906,8.47,running
1774366904.102272,8.66,running
1774366904.2813685,8.40,running
1774366904.470391,8.41,running
1774366904.662268,7.94,running
1774366904.8447933,7.93,running
1774366905.0112069,7.88,running
1774366905.1778286,7.90,running
1774366905.344059,7.97,running
1774366905.5108416,7.91,running
1774366905.6771586,8.10,running
1774366905.8436577,7.94,running
1774366906.0103302,7.93,running
1774366906.1770282,7.93,running
1774366906.3440132,8.66,running
1774366906.5299165,8.38,running
1774366906.7366357,8.39,running
1774366906.9302769,7.97,running
1774366907.1185808,8.65,running
1774366907.3171182,8.41,running
1774366907.506409,8.41,running
1774366907.690555,8.03,running
1774366907.8590503,7.96,running
1774366908.02764,8.53,running
1774366908.244309,8.42,running
1774366908.4348948,8.32,running
1774366908.6231291,7.99,running
1774366908.8139586,8.13,running
1774366908.9820638,7.93,running
1774366909.150528,7.94,running
1774366909.3176012,7.93,running
1774366909.4847794,7.91,running
1774366909.651965,7.90,running
1774366909.8202891,7.91,running
1774366909.9883797,8.08,running
1774366910.155399,8.70,running
1774366910.3459516,7.95,running
1774366910.534605,8.47,running
1774366910.7186882,8.32,running
1774366910.905942,8.14,running
1774366911.0743635,8.65,running
1774366911.2626858,8.42,running
1774366911.4544482,8.41,running
1774366911.6463149,7.97,running
1774366911.8149335,8.50,running
1774366912.0233245,8.36,running
1774366912.206155,8.20,running
1774366912.3891335,7.84,running
1774366912.557183,7.90,running
1774366912.724543,7.94,running
1774366912.8921359,7.88,running
1774366913.0584316,8.00,running
1774366913.225006,7.85,running
1774366913.3919475,7.90,running
1774366913.558263,7.94,running
1774366913.7250054,7.96,running
1774366913.8932552,7.99,running
1774366914.0598834,7.87,running
1774366914.2260845,8.03,running
1774366914.3925536,8.69,running
1774366914.5790398,8.41,running
1774366914.8021524,8.37,running
1774366914.9910648,7.93,running
1774366915.1820679,8.65,running
1774366915.3728402,8.23,running
1774366915.5447915,8.56,running
1774366915.7386692,8.32,running
1774366915.9214857,8.59,running
1774366916.1152442,8.21,running
1774366916.3153396,8.59,running
1774366916.511731,8.42,running
1774366916.7073429,8.59,running
1774366916.9005024,8.50,running
1774366917.0913696,8.50,running
1774366917.291223,8.31,running
1774366917.483118,8.57,running
1774366917.6791267,8.56,running
1774366917.878536,8.70,running
1774366918.076517,8.42,running
1774366918.2625763,8.44,running
1774366918.4638362,8.41,running
1774366918.6506884,8.50,running
1774366918.8337162,8.53,running
1774366919.0267842,8.25,running
1774366919.2128944,7.96,running
1774366919.3831964,8.14,running
1774366919.5512226,8.14,running
1774366919.7209425,8.16,running
1774366919.8900099,8.19,running
1774366920.05759,8.16,running
1774366920.2262957,8.26,running
1774366920.395972,8.15,running
1774366920.5649476,8.17,running
1774366920.7339234,8.22,running
1774366920.9018195,8.08,running
1774366921.0696003,8.13,running
1774366921.2379909,8.17,running
1774366921.4047935,8.37,running
1774366921.5724378,8.17,running
1774366921.7405283,8.22,running
1774366921.908093,8.10,running
1774366922.0756166,8.17,running
1774366922.2430959,8.17,running
1774366922.410332,8.16,running
1774366922.5778525,8.41,running
1774366922.7454102,8.17,running
1774366922.9132953,8.11,running
1774366923.0806727,8.22,running
1774366923.2480311,8.14,running
1774366923.4150453,8.26,running
1774366923.5825446,8.17,running
1774366923.7512565,8.23,running
1774366923.918492,8.12,running
1774366924.0873504,8.17,running
1774366924.2545488,8.14,running
1774366924.423345,8.17,running
1774366924.5921633,8.29,running
1774366924.7599483,8.16,running
1774366924.9311867,8.38,running
1774366925.1003814,8.20,running
1774366925.269577,8.20,running
1774366925.4379854,8.19,running
1774366925.606617,8.22,running
1774366925.7756748,8.20,running
1774366925.9443362,8.23,running
1774366926.113092,8.40,running
1774366926.281351,8.22,running
1774366926.4509451,8.13,running
1774366926.6198754,8.25,running
1774366926.7897232,8.28,running
1774366926.9599102,8.11,running
1774366927.1319964,8.14,running
1774366927.3032243,8.22,running
1774366927.475748,8.11,running
1774366927.6530797,8.11,running
1774366927.827932,8.14,running
1774366927.9989817,8.20,running
1774366928.1663609,8.26,running
1774366928.3360438,8.07,running
1774366928.5060694,8.26,running
1774366928.6807184,8.02,running
1774366928.850871,8.13,running
1774366929.0211213,8.10,running
1774366929.1912065,8.11,running
1774366929.3613222,8.14,running
1774366929.530851,8.10,running
1774366929.7010763,8.03,running
1774366929.8711398,8.03,running
1774366930.0409958,8.08,running
1774366930.2104745,8.02,running
1774366930.3800712,7.91,running
1774366930.5478826,8.43,running
1774366930.7213311,8.21,running
1774366930.8948152,8.08,running
1774366931.0680754,8.13,running
1774366931.239732,8.13,running
1774366931.4111266,8.31,running
1774366931.5820937,8.13,running
1774366931.754174,8.14,running
1774366931.9261274,8.29,running
1774366932.1018012,8.05,running
1774366932.2738295,8.03,running
1774366932.4417932,8.08,running
1774366932.60972,8.08,running
1774366932.777758,8.08,running
1774366932.9457245,8.05,running
1774366933.113582,8.23,running
1774366933.281634,8.08,running
1774366933.4498367,8.13,running
1774366933.6217062,8.20,running
1774366933.7968879,8.19,running
1774366933.9659402,8.59,running
1774366934.1336668,8.66,running
1774366934.3039298,8.85,running
1774366934.4748127,8.54,running
1774366934.644088,8.56,running
1774366934.8122413,8.59,running
1774366934.982631,8.67,running
1774366935.1538517,8.49,running
1774366935.3235068,8.29,running
1774366935.491558,8.62,running
1774366935.6600013,8.68,running
1774366935.8308105,8.62,running
1774366936.0008335,8.64,running
1774366936.168959,8.29,running
1774366936.3372073,8.74,running
1774366936.5079942,8.21,running
1774366936.6795032,8.88,running
1774366936.847515,8.85,running
1774366937.03415,8.37,running
1774366937.226567,9.14,running
1774366937.441969,8.53,running
1774366937.6345308,8.89,running
1774366937.822248,8.73,running
1774366938.0045214,8.38,running
1774366938.1727672,8.45,running
1774366938.3409705,8.48,running
1774366938.5081084,8.39,running
1774366938.6749673,8.42,running
1774366938.8419976,8.28,running
1774366939.008797,8.59,running
1774366939.1757824,8.36,running
1774366939.3432565,8.99,running
1774366939.5334902,8.61,running
1774366939.721946,8.79,running
1774366939.9144332,8.57,running
1774366940.0967803,9.07,running
1774366940.2850492,8.92,running
1774366940.4783485,8.92,running
1774366940.6699545,8.41,running
1774366940.853646,8.47,running
1774366941.0222144,9.02,running
1774366941.2256293,9.01,running
1774366941.4144974,8.95,running
1774366941.6021402,8.74,running
1774366941.7850587,7.85,running
1774366941.9529696,7.90,running
1774366942.1204278,8.07,running
1774366942.2870789,7.87,running
1774366942.4536633,7.88,running
1774366942.6203241,7.84,running
1774366942.7871976,7.91,running
1774366942.953794,7.87,running
1774366943.120567,7.85,running
1774366943.286905,8.03,running
1774366943.453452,7.88,running
1774366943.6200817,7.91,running
1774366943.7865865,7.85,running
1774366943.95357,8.57,running
1774366944.1211035,8.65,running
1774366944.2949972,8.38,running
1774366944.4846754,8.37,running
1774366944.6789286,7.99,running
1774366944.869899,7.91,running
1774366945.039703,8.64,running
1774366945.2329178,8.44,running
1774366945.4000754,8.38,running
1774366945.5948896,7.96,running
1774366945.783001,7.99,running
1774366945.9515326,8.65,running
1774366946.1424105,8.35,running
1774366946.30928,8.43,running
1774366946.4984171,8.19,running
1774366946.6813035,7.91,running
1774366946.8489094,7.90,running
1774366947.0182893,7.90,running
1774366947.1863282,7.90,running
1774366947.3528597,7.90,running
1774366947.5196257,7.88,running
1774366947.685927,8.10,running
1774366947.8525698,7.88,running
1774366948.0212417,7.99,running
1774366948.1877584,7.93,running
1774366948.354548,7.87,running
1774366948.5210674,7.91,running
1774366948.687851,7.85,running
1774366948.8541703,8.07,running
1774366949.0209134,8.30,running
1774366949.2156343,8.24,running
1774366949.414905,8.41,running
1774366949.5974617,8.24,running
1774366949.7856126,7.97,running
1774366949.9540298,8.54,running
1774366950.1380754,8.03,running
1774366950.3424616,8.38,running
1774366950.5300002,8.23,running
1774366950.7224245,8.19,running
1774366950.890829,8.65,running
1774366951.065359,7.92,running
1774366951.2592793,8.32,running
1774366951.4506829,8.39,running
1774366951.6426342,7.99,running
1774366951.834312,8.00,running
1774366952.002704,8.10,running
1774366952.171058,8.02,running
1774366952.3384101,8.61,running
1774366952.5070958,8.44,running
1774366952.7164268,8.44,running
1774366952.9063692,8.31,running
1774366953.0891693,7.94,running
1774366953.2574577,7.97,running
1774366953.4261131,8.48,running
1774366953.6439447,8.41,running
1774366953.830778,8.29,running
1774366954.017942,8.70,running
1774366954.1949794,8.18,running
1774366954.3906076,8.42,running
1774366954.5781233,8.41,running
1774366954.7709727,7.94,running
1774366954.9442458,7.97,running
1774366955.1127112,7.97,running
1774366955.2812955,8.68,running
1774366955.4896317,8.43,running
1774366955.6695676,8.38,running
1774366955.858685,8.00,running
1774366956.034808,8.71,running
1774366956.2441046,8.16,running
1774366956.4151342,8.20,running
1774366956.5851548,7.99,running
1774366956.7528129,8.35,running
1774366956.9422202,8.54,running
1774366957.1374297,8.26,running
1774366957.330483,8.98,running
1774366957.527825,8.59,running
1774366957.718784,8.07,running
1774366957.9106472,8.62,running
1774366958.1043406,8.23,running
1774366958.2990644,8.57,running
1774366958.4872036,8.47,running
1774366958.675238,8.57,running
1774366958.8676512,8.36,running
1774366959.0585673,8.82,running
1774366959.2562416,8.36,running
1774366959.4469798,8.71,running
1774366959.6440196,8.45,running
1774366959.8395386,8.51,running
1774366960.0260096,8.64,running
1774366960.210278,8.57,running
1774366960.4048395,8.61,running
1774366960.594483,8.18,running
1774366960.7916942,8.59,running
1774366960.9788969,8.27,running
1774366961.1753793,8.64,running
1774366961.3714995,8.39,running
1774366961.5637777,8.67,running
1774366961.7387538,8.65,running
1774366961.9304304,8.41,running
1774366962.119534,8.51,running
1774366962.310936,8.62,running
1774366962.5029805,8.39,running
1774366962.694889,8.52,running
1774366962.8809757,7.96,running
1774366963.0502684,8.13,running
1774366963.2203052,8.19,running
1774366963.3879879,8.13,running
1774366963.5553749,8.38,running
1774366963.7235568,8.14,running
1774366963.8912272,8.14,running
1774366964.0597453,8.17,running
1774366964.2273402,8.17,running
1774366964.3949661,8.25,running
1774366964.5624714,8.14,running
1774366964.7294595,8.26,running
1774366964.8967397,8.10,running
1774366965.0646932,8.14,running
1774366965.2340558,8.11,running
1774366965.4028099,8.13,running
1774366965.571348,8.13,running
1774366965.740028,8.10,running
1774366965.9074225,8.32,running
1774366966.0763032,8.16,running
1774366966.2449102,8.13,running
1774366966.4139743,8.13,running
1774366966.582498,8.11,running
1774366966.751205,8.17,running
1774366966.9190166,8.14,running
1774366967.086315,8.37,running
1774366967.256527,8.23,running
1774366967.4262736,8.14,running
1774366967.593696,8.10,running
1774366967.7628698,8.07,running
1774366967.9334917,8.13,running
1774366968.1041577,8.07,running
1774366968.2747266,8.46,running
1774366968.44561,8.05,running
1774366968.6165724,7.90,running
1774366968.7858489,8.23,running
1774366968.9558258,8.22,running
1774366969.1294591,8.34,running
1774366969.3030298,8.08,running
1774366969.474692,8.10,running
1774366969.6474876,8.28,running
1774366969.8219945,8.03,running
1774366969.9906745,8.07,running
1774366970.159132,8.07,running
1774366970.3273528,8.07,running
1774366970.4957805,8.19,running
1774366970.6675358,8.14,running
1774366970.83895,8.20,running
1774366971.0086088,8.14,running
1774366971.1779122,8.14,running
1774366971.3461692,8.19,running
1774366971.5158386,8.16,running
1774366971.6870391,8.28,running
1774366971.8560014,8.16,running
1774366972.0251296,8.13,running
1774366972.1945894,8.13,running
1774366972.3655841,8.23,running
1774366972.5458114,8.40,running
1774366972.7381382,7.99,running
1774366972.90704,8.00,running
1774366973.1349454,8.39,running
1774366973.317242,8.26,running
1774366973.5061808,7.94,running
1774366973.6743941,8.05,running
1774366973.842728,7.91,running
1774366974.0117478,7.93,running
1774366974.1791809,8.62,running
1774366974.3749309,8.36,running
1774366974.5528023,8.35,running
1774366974.742706,7.99,running
1774366974.9119382,8.21,running
1774366975.1228936,8.41,running
1774366975.310651,7.99,running
1774366975.4940963,7.93,running
1774366975.6609466,8.59,running
1774366975.859183,8.41,running
1774366976.0418549,8.34,running
1774366976.2302513,8.39,running
1774366976.4132838,7.91,running
1774366976.5808966,7.87,running
1774366976.748783,7.91,running
1774366976.9162602,7.94,running
1774366977.0828626,7.91,running
1774366977.249043,8.07,running
1774366977.4155316,7.94,running
1774366977.5821173,7.91,running
1774366977.7486074,7.90,running
1774366977.9154441,7.93,running
1774366978.0817516,7.94,running
1774366978.2484038,7.93,running
1774366978.4146776,8.13,running
1774366978.5812626,7.93,running
1774366978.7482982,7.88,running
1774366978.9147756,8.58,running
1774366979.1023765,8.36,running
1774366979.3030238,8.33,running
1774366979.4949703,8.45,running
1774366979.6827037,7.97,running
1774366979.8510363,7.94,running
1774366980.019507,8.68,running
1774366980.2116275,8.32,running
1774366980.402014,8.21,running
1774366980.590515,8.54,running
1774366980.7701674,8.41,running
1774366980.9620376,8.41,running
1774366981.1548908,7.97,running
1774366981.3380902,8.13,running
1774366981.5064178,7.90,running
1774366981.6750956,8.61,running
1774366981.8683338,8.29,running
1774366982.0559874,8.35,running
1774366982.2424,8.13,running
1774366982.4114847,8.12,running
1774366982.6230345,7.85,running
1774366982.791728,8.38,running
1774366982.9825187,8.49,running
1774366983.1696348,8.57,running
1774366983.3584788,8.82,running
1774366983.5516074,8.57,running
1774366983.7470572,8.30,running
1774366983.9438224,8.54,running
1774366984.1389315,8.06,running
1774366984.3310053,8.59,running
1774366984.5235503,8.44,running
1774366984.7157662,8.62,running
1774366984.9073002,8.88,running
1774366985.0990555,8.47,running
1774366985.295022,8.47,running
1774366985.4868002,8.64,running
1774366985.6805663,8.56,running
1774366985.8749208,8.50,running
1774366986.0536604,8.59,running
1774366986.2468648,8.26,running
1774366986.4317868,7.91,running
1774366986.6064248,8.14,running
1774366986.7747786,8.20,running
1774366986.9437668,8.11,running
1774366987.1125622,8.16,running
1774366987.280193,8.11,running
1774366987.4478807,8.34,running
1774366987.616028,8.14,running
1774366987.7840693,8.16,running
1774366987.952426,8.17,running
1774366988.1204622,8.14,running
1774366988.289534,8.22,running
1774366988.4583304,8.11,running
1774366988.6256123,8.16,running
1774366988.7932913,8.14,running
1774366988.9607763,8.11,running
1774366989.129635,8.14,running
1774366989.2970462,8.16,running
1774366989.4643998,8.20,running
1774366989.6316717,8.10,running
1774366989.7988296,8.23,running
1774366989.9664729,8.17,running
1774366990.134045,8.17,running
1774366990.3012326,8.16,running
1774366990.468308,8.02,running
1774366990.6356966,8.32,running
1774366990.8027072,8.14,running
1774366990.9698813,8.16,running
1774366991.1371684,8.13,running
1774366991.3045695,8.11,running
1774366991.4718006,8.11,running
1774366991.6391463,8.16,running
1774366991.8065362,8.35,running
1774366991.9738698,8.08,running
1774366992.1410544,8.13,running
1774366992.3080301,8.12,running
1774366992.4754276,8.26,running
1774366992.6451218,8.32,running
1774366992.8147607,8.16,running
1774366992.9855688,8.25,running
1774366993.156425,8.11,running
1774366993.3258674,8.11,running
1774366993.4965007,7.99,running
1774366993.6682544,8.05,running
1774366993.8400223,8.28,running
1774366994.0122714,8.05,running
1774366994.2007015,8.26,running
1774366994.3724604,8.07,running
1774366994.5437827,8.11,running
1774366994.713676,8.00,running
1774366994.8838809,8.08,running
1774366995.0535247,8.10,running
1774366995.2232296,8.26,running
1774366995.3926632,8.43,running
1774366995.565841,8.28,running
1774366995.7399929,8.11,running
1774366995.9102056,8.11,running
1774366996.0828104,7.90,running
1774366996.2551353,8.32,running
1774366996.427707,8.25,running
1774366996.6030164,8.13,running
1774366996.77138,8.07,running
1774366996.9395788,8.07,running
1774366997.1080825,8.11,running
1774366997.2767088,8.05,running
1774366997.4451618,8.16,running
1774366997.6134114,8.03,running
1774366997.7841184,8.13,running
1774366997.955015,8.10,running
1774366998.124728,8.05,running
1774366998.2935102,8.28,running
1774366998.461547,8.16,running
1774366998.6322773,8.19,running
1774366998.8017528,8.11,running
1774366998.9697688,8.16,running
1774366999.1379278,8.16,running
1774366999.3088124,8.11,running
1774366999.4784262,8.25,running
1774366999.646337,8.07,running
1774366999.8146522,8.17,running
1774366999.9854429,8.10,running
1774367000.1571207,7.91,running
1774367000.3248794,8.41,running
1774367000.5186496,7.97,running
1774367000.7103102,8.79,running
1774367000.8850462,7.95,running
1774367001.078409,8.50,running
1774367001.2663884,8.48,running
1774367001.458472,7.94,running
1774367001.6270704,7.94,running
1774367001.795473,7.90,running
1774367001.9637997,8.11,running
1774367002.1320577,7.91,running
1774367002.3025534,8.62,running
1774367002.4891648,8.35,running
1774367002.6574614,8.46,running
1774367002.8505836,8.00,running
1774367003.0249374,8.62,running
1774367003.2381625,8.46,running
1774367003.4302616,8.44,running
1774367003.618341,7.97,running
1774367003.78671,8.13,running
1774367003.9551742,8.48,running
1774367004.1611812,8.35,running
1774367004.360483,8.45,running
1774367004.5545754,7.91,running
1774367004.7461233,7.97,running
1774367004.9142878,7.94,running
1774367005.082444,7.93,running
1774367005.2494378,8.10,running
1774367005.4165008,7.93,running
1774367005.5837913,7.93,running
1774367005.7509515,7.90,running
1774367005.9178996,7.88,running
1774367006.0849607,8.54,running
1774367006.2755373,8.38,running
1774367006.4798167,8.42,running
1774367006.6700995,8.25,running
1774367006.8621128,7.94,running
1774367007.0305831,8.71,running
1774367007.213379,8.24,running
1774367007.4080803,8.29,running
1774367007.5983398,7.93,running
1774367007.790185,7.93,running
1774367007.9587567,8.67,running
1774367008.1603734,8.41,running
1774367008.3409476,8.34,running
1774367008.5341976,8.40,running
1774367008.7184618,7.97,running
1774367008.8867908,8.05,running
1774367009.0554087,8.11,running
1774367009.222778,7.97,running
1774367009.3902607,8.30,running
1774367009.5872068,8.27,running
1774367009.7827609,8.39,running
1774367009.9744868,8.23,running
1774367010.1664023,7.99,running
1774367010.3351202,8.64,running
1774367010.517353,8.07,running
1774367010.7105136,8.39,running
1774367010.9020486,8.00,running
1774367011.0945263,8.57,running
1774367011.286619,8.41,running
1774367011.4733272,8.44,running
1774367011.666352,8.19,running
1774367011.8503013,7.97,running
1774367012.0187805,8.02,running
1774367012.1871598,7.99,running
1774367012.354537,8.78,running
1774367012.5389621,8.37,running
1774367012.724782,8.38,running
1774367012.914553,8.08,running
1774367013.1019256,8.61,running
1774367013.2698972,8.03,running
1774367013.46353,8.11,running
1774367013.6332464,8.56,running
1774367013.8126266,8.48,running
1774367014.0081701,8.56,running
1774367014.2071638,8.42,running
1774367014.3990655,8.61,running
1774367014.594883,8.38,running
1774367014.7873826,8.27,running
1774367014.9829583,8.38,running
1774367015.1671572,8.46,running
1774367015.3378115,8.50,running
1774367015.530611,8.09,running
1774367015.7135432,8.45,running
1774367015.9026527,8.44,running
1774367016.0914996,8.64,running
1774367016.2879157,8.42,running
1774367016.4794862,8.62,running
1774367016.6708372,8.45,running
1774367016.859126,8.65,running
1774367017.0556738,8.64,running
1774367017.2471757,8.57,running
1774367017.4500794,8.53,running
1774367017.6432028,8.56,running
1774367017.838514,8.51,running
1774367018.022024,8.48,running
1774367018.209703,8.56,running
1774367018.4028933,8.50,running
1774367018.5892293,8.00,running
1774367018.7578137,8.00,running
1774367018.9273806,8.17,running
1774367019.0949235,8.10,running
1774367019.2621586,8.31,running
1774367019.429397,8.14,running
1774367019.5969217,8.14,running
1774367019.7639935,8.14,running
1774367019.9310417,8.16,running
1774367020.0985842,8.32,running
1774367020.2658842,8.14,running
1774367020.433222,8.16,running
1774367020.6004505,8.14,running
1774367020.76768,7.96,running
1774367020.9339013,8.16,running
1774367021.1013947,8.19,running
1774367021.2686698,8.34,running
1774367021.4361272,8.19,running
1774367021.6054876,8.16,running
1774367021.7743394,8.17,running
1774367021.9431462,8.11,running
1774367022.1102421,8.13,running
1774367022.279336,8.05,running
1774367022.448059,8.35,running
1774367022.616787,8.14,running
1774367022.7855551,8.25,running
1774367022.9553587,8.25,running
1774367023.1252346,8.08,running
1774367023.2943263,8.14,running
1774367023.4631543,8.13,running
1774367023.6326911,8.26,running
1774367023.8024228,8.08,running
1774367023.9730089,8.02,running
1774367024.1432369,8.03,running
1774367024.3159788,8.11,running
1774367024.4859455,8.29,running
1774367024.6564033,8.20,running
1774367024.830387,8.29,running
1774367025.0043428,8.11,running
1774367025.175268,8.25,running
1774367025.3550603,8.05,running
1774367025.5233061,8.00,running
1774367025.6913786,8.22,running
1774367025.8596683,8.05,running
1774367026.0283742,8.10,running
1774367026.1977544,8.11,running
1774367026.3658214,8.20,running
1774367026.5342376,8.22,running
1774367026.7050347,8.08,running
1774367026.8759427,8.22,running
1774367027.0478888,8.17,running
1774367027.2173412,8.13,running
1774367027.385602,8.03,running
1774367027.5558834,8.17,running
1774367027.7265434,8.31,running
1774367027.8975685,8.37,running
1774367028.0649862,8.26,running
1774367028.25822,7.97,running
1774367028.4293728,8.26,running
1774367028.6458554,8.41,running
1774367028.8383787,8.25,running
1774367029.0208511,7.90,running
1774367029.1878095,7.91,running
1774367029.3545291,7.88,running
1774367029.5212984,7.91,running
1774367029.6875415,8.07,running
1774367029.8540099,7.91,running
1774367030.0204504,7.94,running
1774367030.1871934,8.67,running
1774367030.385334,8.46,running
1774367030.5529191,8.36,running
1774367030.7386184,8.02,running
1774367030.9064124,8.18,running
1774367031.1115377,8.48,running
1774367031.2933822,8.25,running
1774367031.4778697,8.02,running
1774367031.6451285,8.64,running
1774367031.8388255,8.49,running
1774367032.026043,8.42,running
1774367032.2145188,8.43,running
1774367032.4065151,7.91,running
1774367032.5724964,8.07,running
1774367032.7388003,7.96,running
1774367032.904835,7.97,running
1774367033.0709023,7.91,running
1774367033.237504,7.90,running
1774367033.4038715,7.91,running
1774367033.5705636,7.94,running
1774367033.7366855,8.08,running
1774367033.9030783,7.91,running
1774367034.0694363,7.93,running
1774367034.2358596,7.91,running
1774367034.4025636,7.90,running
1774367034.568846,7.93,running
1774367034.7354648,7.90,running
1774367034.901511,8.10,running
1774367035.067896,7.94,running
1774367035.2343023,8.67,running
1774367035.4015496,8.64,running
1774367035.5898466,8.40,running
1774367035.765847,8.42,running
1774367035.954461,8.26,running
1774367036.1370463,8.07,running
1774367036.3231313,8.58,running
1774367036.4947689,8.36,running
1774367036.6864223,8.38,running
1774367036.8697827,8.00,running
1774367037.0389585,8.42,running
1774367037.2393048,8.34,running
1774367037.430386,8.19,running
1774367037.6222754,7.93,running
1774367037.7999496,7.91,running
1774367037.9671917,7.87,running
1774367038.1349003,7.88,running
1774367038.3010125,8.08,running
1774367038.4673154,7.84,running
1774367038.63368,7.87,running
1774367038.8000538,7.91,running
1774367038.96674,7.87,running
1774367039.13309,7.94,running
1774367039.2997065,7.94,running
1774367039.465719,8.05,running
1774367039.6320963,7.93,running
1774367039.7989304,7.90,running
1774367039.965297,8.64,running
1774367040.1814063,8.39,running
1774367040.348717,8.37,running
1774367040.5385447,7.96,running
1774367040.7077434,8.29,running
1774367040.9135444,8.37,running
1774367041.0991714,8.44,running
1774367041.2907097,8.49,running
1774367041.4747047,8.56,running
1774367041.6623101,8.67,running
1774367041.8601444,8.57,running
1774367042.0501716,8.11,running
1774367042.2484179,8.57,running
1774367042.4390254,8.45,running
1774367042.6306496,8.57,running
1774367042.8263898,8.47,running
1774367043.0151086,8.64,running
1774367043.1976836,8.61,running
1774367043.3921204,8.71,running
1774367043.5880613,8.36,running
1774367043.7743592,8.65,running
1774367043.968251,8.50,running
1774367044.1582088,8.52,running
1774367044.34177,8.50,running
1774367044.5303388,8.79,running
1774367044.716676,7.91,running
1774367044.8860896,8.16,running
1774367045.053528,8.14,running
1774367045.220578,8.28,running
1774367045.3882613,8.16,running
1774367045.5567431,8.16,running
1774367045.7239096,8.17,running
1774367045.8913043,8.11,running
1774367046.0580661,8.11,running
1774367046.225393,8.11,running
1774367046.3926957,8.32,running
1774367046.5601497,8.13,running
1774367046.7278013,8.14,running
1774367046.8951159,8.14,running
1774367047.0618384,8.14,running
1774367047.228992,8.29,running
1774367047.3962479,8.14,running
1774367047.5636153,8.13,running
1774367047.7323601,8.11,running
1774367047.9018738,8.16,running
1774367048.0706904,8.14,running
1774367048.2391012,8.17,running
1774367048.4085045,8.29,running
1774367048.5761635,8.17,running
1774367048.7437584,8.22,running
1774367048.9124334,8.29,running
1774367049.0824976,8.00,running
1774367049.2520509,8.16,running
1774367049.4200823,8.11,running
1774367049.5886912,8.26,running
1774367049.756979,8.07,running
1774367049.9258814,8.52,running
1774367050.0978296,8.08,running
1774367050.2680173,7.88,running
1774367050.437781,8.20,running
1774367050.6113195,8.23,running
1774367050.7851067,8.25,running
1774367050.9579883,8.20,running
1774367051.1325927,8.03,running
1774367051.3008366,8.08,running
1774367051.4688947,8.07,running
1774367051.6368456,8.20,running
1774367051.804865,8.16,running
1774367051.9740891,8.11,running
1774367052.1427774,8.14,running
1774367052.3108737,8.03,running
1774367052.4788482,8.22,running
1774367052.649266,8.16,running
1774367052.8207808,8.13,running
1774367052.989783,8.07,running
1774367053.1574347,8.03,running
1774367053.3281698,8.26,running
1774367053.5006917,8.16,running
1774367053.6730623,8.14,running
1774367053.8404887,8.40,running
1774367054.0341413,7.96,running
1774367054.2174218,8.68,running
1774367054.4065647,8.38,running
1774367054.5982273,8.44,running
1774367054.7815075,7.88,running
1774367054.947646,8.00,running
1774367055.1140378,7.93,running
1774367055.280377,7.90,running
1774367055.4472635,7.91,running
1774367055.6139514,7.91,running
1774367055.780203,7.84,running
1774367055.9467022,7.87,running
1774367056.112783,8.07,running
1774367056.2790973,7.90,running
1774367056.4456444,8.63,running
1774367056.613412,8.44,running
1774367056.8267243,8.39,running
1774367057.0185692,8.08,running
1774367057.202389,8.61,running
1774367057.3931808,8.35,running
1774367057.5822368,8.32,running
1774367057.7665813,7.96,running
1774367057.933612,7.94,running
1774367058.1010606,8.44,running
1774367058.3150015,8.38,running
1774367058.5061004,8.41,running
1774367058.694475,7.91,running
1774367058.885695,7.96,running
1774367059.0528638,8.11,running
1774367059.2194748,7.90,running
1774367059.3878195,7.93,running
1774367059.5542216,7.96,running
1774367059.720879,7.97,running
1774367059.8871076,7.90,running
1774367060.0536635,7.91,running
1774367060.219859,8.07,running
1774367060.3863137,7.90,running
1774367060.5530653,7.90,running
1774367060.7194185,7.87,running
1774367060.8860276,8.70,running
1774367061.063125,8.67,running
1774367061.2821476,8.37,running
1774367061.4493668,8.38,running
1774367061.642502,8.00,running
1774367061.834041,7.97,running
1774367062.0012257,8.41,running
1774367062.2440352,8.41,running
1774367062.4305274,7.99,running
1774367062.6221404,8.65,running
1774367062.8136926,8.44,running
1774367062.996686,8.41,running
1774367063.1827688,7.88,running
1774367063.3662794,7.94,running
1774367063.5333922,7.91,running
1774367063.700402,8.70,running
1774367063.8884244,8.38,running
1774367064.0783327,8.25,running
1774367064.2616196,8.52,running
1774367064.4389303,8.11,running
1774367064.6314683,8.57,running
1774367064.8060899,8.36,running
1774367064.9897482,8.50,running
1774367065.1735811,8.57,running
1774367065.3669007,7.92,running
1774367065.555049,8.57,running
1774367065.7510815,8.54,running
1774367065.9433136,8.47,running
1774367066.1341655,8.90,running
1774367066.3224165,8.63,running
1774367066.5192714,8.53,running
1774367066.7105234,8.67,running
1774367066.9042864,8.56,running
1774367067.0946283,8.55,running
1774367067.270049,8.61,running
1774367067.463845,8.52,running
1774367067.6581738,8.57,running
1774367067.842415,8.73,running
1774367068.0386653,8.59,running
1774367068.2305787,8.29,running
1774367068.42226,8.03,running
1774367068.6063817,8.17,running
1774367068.7752793,8.20,running
1774367068.9440923,8.11,running
1774367069.1130137,8.11,running
1774367069.281525,8.19,running
1774367069.45063,8.26,running
1774367069.6194632,8.11,running
1774367069.7866774,8.19,running
1774367069.9559052,8.08,running
1774367070.1250765,8.14,running
1774367070.2940772,8.14,running
1774367070.4628315,8.16,running
1774367070.630411,8.34,running
1774367070.7976635,8.13,running
1774367070.965131,8.34,running
1774367071.1326134,8.19,running
1774367071.3004088,8.16,running
1774367071.4680657,8.19,running
1774367071.6353157,8.19,running
1774367071.8026342,8.44,running
1774367071.9719384,8.23,running
1774367072.1407502,8.13,running
1774367072.3083124,8.14,running
1774367072.4775658,8.17,running
1774367072.6492739,8.26,running
1774367072.8191705,8.17,running
1774367072.989082,8.26,running
1774367073.1584017,8.08,running
1774367073.3279827,8.22,running
1774367073.49774,8.05,running
1774367073.6680474,8.05,running
1774367073.8382652,8.03,running
1774367074.0097976,7.94,running
1774367074.1816578,8.46,running
1774367074.356101,8.20,running
1774367074.5299246,8.23,running
1774367074.703459,8.19,running
1774367074.8785691,8.11,running
1774367075.0470858,8.08,running
1774367075.2155552,8.05,running
1774367075.3840435,8.19,running
1774367075.552291,8.10,running
1774367075.7225327,8.16,running
1774367075.8920677,8.14,running
1774367076.0619473,8.02,running
1774367076.23095,8.25,running
1774367076.3993049,8.14,running
1774367076.569825,8.16,running
1774367076.7417526,8.07,running
1774367076.9105718,8.07,running
1774367077.0795302,8.19,running
1774367077.2484355,8.10,running
1774367077.4189913,8.25,running
1774367077.5963092,8.38,running
1774367077.7828298,8.00,running
1774367077.9518368,8.06,running
1774367078.1550415,8.41,running
1774367078.3482895,8.18,running
1774367078.5381553,7.90,running
1774367078.7055025,7.91,running
1774367078.8732452,7.96,running
1774367079.0393717,7.88,running
1774367079.2060156,7.90,running
1774367079.3722906,7.94,running
1774367079.5386117,7.87,running
1774367079.7054014,7.90,running
1774367079.8716657,7.90,running
1774367080.0383308,7.93,running
1774367080.2044988,7.88,running
1774367080.3721774,7.91,running
1774367080.5394702,8.08,running
1774367080.7069726,7.87,running
1774367080.8756287,8.61,running
1774367081.0731065,8.37,running
1774367081.2610629,8.37,running
1774367081.44628,8.13,running
1774367081.6151822,8.06,running
1774367081.8145523,8.38,running
1774367081.9972813,8.20,running
1774367082.1903396,7.99,running
1774367082.3588707,8.53,running
1774367082.5547144,8.43,running
1774367082.7426052,8.41,running
1774367082.934816,8.39,running
1774367083.1226947,8.03,running
1774367083.290297,7.87,running
1774367083.4578006,7.97,running
1774367083.624189,7.94,running
1774367083.790941,7.90,running
1774367083.9573581,7.88,running
1774367084.1240191,7.94,running
1774367084.2915192,8.02,running
1774367084.4591975,7.90,running
1774367084.626573,7.97,running
1774367084.7930508,7.87,running
1774367084.9599714,7.90,running
1774367085.1264129,7.90,running
1774367085.293144,7.97,running
1774367085.4594014,7.90,running
1774367085.6259856,7.93,running
1774367085.7923322,8.66,running
1774367085.9730654,8.68,running
1774367086.1894133,8.41,running
1774367086.3783534,8.38,running
1774367086.5612094,7.97,running
1774367086.72958,8.02,running
1774367086.8979743,8.67,running
1774367087.1021957,8.25,running
1774367087.2944913,8.26,running
1774367087.4865777,8.68,running
1774367087.6608999,8.30,running
1774367087.840888,8.41,running
1774367088.0308905,8.07,running
1774367088.2211232,7.91,running
1774367088.3891168,7.91,running
1774367088.556539,7.85,running
1774367088.7232318,7.90,running
1774367088.8894122,7.93,running
1774367089.055961,7.93,running
1774367089.222148,8.08,running
1774367089.3885863,7.94,running
1774367089.5552745,7.93,running
1774367089.7215626,7.91,running
1774367089.888261,7.88,running
1774367090.0543911,7.91,running
1774367090.2209332,7.91,running
1774367090.3870068,8.67,running
1774367090.566644,7.88,running
1774367090.762364,8.24,running
1774367090.9549549,7.96,running
1774367091.1315076,8.51,running
1774367091.329332,8.19,running
1774367091.4993153,8.62,running
1774367091.687259,8.55,running
1774367091.8779025,8.61,running
1774367092.0620363,8.29,running
1774367092.2467067,8.70,running
1774367092.4313302,8.50,running
1774367092.6271567,8.67,running
1774367092.8227172,8.44,running
1774367093.015385,8.73,running
1774367093.2149632,8.74,running
1774367093.39903,8.53,running
1774367093.591094,8.41,running
1774367093.7829163,8.41,running
1774367093.9669847,8.67,running
1774367094.1506011,8.58,running
1774367094.3435035,8.62,running
1774367094.5402246,8.21,running
1774367094.730214,8.59,running
1774367094.9226124,8.21,running
1774367095.118942,8.03,running
1774367095.3061767,8.03,running
1774367095.4752862,8.11,running
1774367095.642707,8.17,running
1774367095.8100119,8.20,running
1774367095.9772093,8.17,running
1774367096.1444805,8.40,running
1774367096.3115764,8.08,running
1774367096.478627,8.10,running
1774367096.646032,8.19,running
1774367096.813376,8.19,running
1774367096.9805973,8.17,running
1774367097.1478953,8.16,running
1774367097.3147027,8.34,running
1774367097.4819787,8.16,running
1774367097.6495278,8.19,running
1774367097.8170025,8.16,running
1774367097.9847524,8.19,running
1774367098.1527882,8.14,running
1774367098.3200707,8.13,running
1774367098.487999,8.35,running
1774367098.6555371,8.14,running
1774367098.8250134,8.14,running
1774367098.9941647,8.17,running
1774367099.1612203,8.17,running
1774367099.3297355,8.28,running
1774367099.4993865,8.20,running
1774367099.6709938,8.37,running
1774367099.8402107,8.16,running
1774367100.010746,8.02,running
1774367100.1815226,8.02,running
1774367100.3517542,8.05,running
1774367100.5216274,8.05,running
1774367100.6923559,8.00,running
1774367100.862132,8.10,running
1774367101.0317798,8.08,running
1774367101.2019765,8.19,running
1774367101.3755746,8.17,running
1774367101.548732,8.10,running
1774367101.7208083,8.37,running
1774367101.895235,8.07,running
1774367102.0636084,8.02,running
1774367102.2317631,8.02,running
1774367102.3996718,8.03,running
1774367102.5696151,8.23,running
1774367102.7376015,8.11,running
1774367102.9054787,8.17,running
1774367103.0738347,8.16,running
1774367103.244604,8.07,running
1774367103.4152508,8.20,running
1774367103.5866847,8.16,running
1774367103.7554739,8.11,running
1774367103.9233184,8.08,running
1774367104.0934262,8.16,running
1774367104.2639768,8.08,running
1774367104.4347136,8.36,running
1774367104.6164489,8.38,running
1774367104.8103583,7.96,running
1774367104.9781132,8.04,running
1774367105.1824756,8.39,running
1774367105.3701463,8.16,running
1774367105.5558088,7.87,running
1774367105.7217665,7.91,running
1774367105.888107,7.88,running
1774367106.054888,7.90,running
1774367106.221286,7.93,running
1774367106.3879087,7.87,running
1774367106.553967,7.90,running
1774367106.7203588,7.93,running
1774367106.8865006,7.90,running
1774367107.052815,7.88,running
1774367107.2193558,7.93,running
1774367107.395596,8.39,running
1774367107.5874207,8.42,running
1774367107.7784207,8.32,running
1774367107.9704282,7.97,running
1774367108.1377316,8.17,running
1774367108.3338969,8.41,running
1774367108.5227373,8.25,running
1774367108.714407,7.93,running
1774367108.8827164,8.49,running
1774367109.0659568,8.11,running
1774367109.2661326,8.38,running
1774367109.4584472,8.38,running
1774367109.6417687,7.90,running
1774367109.8295631,7.88,running
1774367109.9960535,7.93,running
1774367110.1621823,7.91,running
1774367110.3285003,7.91,running
1774367110.4952016,7.85,running
1774367110.6614983,7.90,running
1774367110.8280535,7.91,running
1774367110.994119,7.87,running
1774367111.160698,7.90,running
1774367111.3268542,7.96,running
1774367111.4932375,7.88,running
1774367111.659999,7.90,running
1774367111.8262677,7.90,running
1774367111.9928405,7.88,running
1774367112.1590836,8.63,running
1774367112.3607945,8.10,running
1774367112.5468686,8.38,running
1774367112.7386572,8.14,running
1774367112.929893,7.94,running
1774367113.097264,8.57,running
1774367113.2948937,8.40,running
1774367113.4865203,8.26,running
1774367113.6691763,7.94,running
1774367113.8380992,8.18,running
1774367114.0576668,8.44,running
1774367114.2426553,8.22,running
1774367114.4339774,7.90,running
1774367114.6018844,7.88,running
1774367114.7699704,7.90,running
1774367114.936957,7.88,running
1774367115.1048615,7.87,running
1774367115.2728393,7.90,running
1774367115.439427,8.00,running
1774367115.606115,7.90,running
1774367115.7727327,8.71,running
1774367115.962022,8.32,running
1774367116.1298323,8.39,running
1774367116.3228905,7.94,running
1774367116.492024,8.33,running
1774367116.6984577,8.07,running
1774367116.8685966,8.48,running
1774367117.054612,8.52,running
1774367117.2401633,8.57,running
1774367117.4257352,8.14,running
1774367117.6208274,8.57,running
1774367117.8147402,8.36,running
1774367118.0114076,8.64,running
1774367118.1985724,8.59,running
1774367118.3862727,8.57,running
1774367118.5763342,8.61,running
1774367118.7631366,8.64,running
1774367118.9559343,8.50,running
1774367119.143186,8.54,running
1774367119.3141186,8.59,running
1774367119.5026102,8.75,running
1774367119.6947544,8.62,running
1774367119.8866956,8.70,running
1774367120.0836957,8.54,running
1774367120.279152,9.02,running
1774367120.4753342,8.07,running
1774367120.6461322,8.19,running
1774367120.8144858,8.22,running
1774367120.9833517,8.20,running
1774367121.1511834,8.37,running
1774367121.3200767,8.20,running
1774367121.4891813,8.26,running
1774367121.6580641,8.21,running
1774367121.8256104,8.25,running
1774367121.993367,8.13,running
1774367122.1608202,8.20,running
1774367122.3296294,8.29,running
1774367122.4975963,8.02,running
1774367122.6668553,8.26,running
1774367122.8343222,8.13,running
1774367123.011195,8.16,running
1774367123.1800458,8.14,running
1774367123.3480887,8.13,running
1774367123.517665,8.08,running
1774367123.6848319,8.19,running
1774367123.853982,8.25,running
1774367124.0224345,8.08,running
1774367124.1909618,8.26,running
1774367124.3599272,8.17,running
1774367124.529432,8.17,running
1774367124.6979911,8.14,running
1774367124.8668423,8.17,running
1774367125.0343852,8.16,running
1774367125.2018623,8.17,running
1774367125.370594,8.37,running
1774367125.539317,8.14,running
1774367125.7070448,8.19,running
1774367125.8746233,8.19,running
1774367126.0431135,8.19,running
1774367126.21244,8.25,running
1774367126.38141,8.17,running
1774367126.55012,8.31,running
1774367126.7181792,8.02,running
1774367126.8846028,8.29,running
1774367127.0552995,8.15,running
1774367127.2239194,8.13,running
1774367127.3992703,8.11,running
1774367127.5733325,8.08,running
1774367127.7433648,8.29,running
1774367127.9135902,8.13,running
1774367128.0835793,8.13,running
1774367128.2540789,8.19,running
1774367128.4234853,8.17,running
1774367128.5916812,8.20,running
1774367128.7602556,8.16,running
1774367128.9280055,8.08,running
1774367129.0970685,8.08,running
1774367129.2658327,7.99,running
1774367129.435166,8.20,running
1774367129.6048527,8.00,running
1774367129.7796175,8.23,running
1774367129.9490917,8.02,running
1774367130.1205738,7.91,running
1774367130.292482,8.03,running
1774367130.4626472,8.05,running
1774367130.633216,8.11,running
1774367130.8031945,7.91,running
1774367130.9712973,8.31,running
1774367131.1445327,8.13,running
1774367131.317462,8.14,running
1774367131.4901369,8.17,running
1774367131.6625996,8.10,running
1774367131.8351574,8.29,running
1774367132.007362,8.11,running
1774367132.1786156,8.11,running
1774367132.350552,8.14,running
1774367132.525467,8.03,running
1774367132.697759,8.19,running
1774367132.8658957,8.05,running
1774367133.0343366,8.00,running
1774367133.2026758,7.99,running
1774367133.3710234,8.00,running
1774367133.5393336,8.08,running
1774367133.7075975,8.07,running
1774367133.875776,8.37,running
1774367134.0474687,8.14,running
1774367134.2186067,8.13,running
1774367134.3904161,8.16,running
1774367134.5615299,8.22,running
1774367134.7306607,8.26,running
1774367134.8992064,8.10,running
1774367135.0698526,8.22,running
1774367135.2419689,8.16,running
1774367135.4117243,8.23,running
1774367135.580364,8.11,running
1774367135.748464,8.16,running
1774367135.9190075,8.29,running
1774367136.0890172,8.22,running
1774367136.257283,8.10,running
1774367136.4253,8.07,running
1774367136.5961728,8.16,running
1774367136.7669718,8.11,running
1774367136.9377608,8.36,running
1774367137.1308749,7.97,running
1774367137.3223572,8.18,running
1774367137.523188,8.29,running
1774367137.7144709,7.87,running
1774367137.8973846,7.91,running
1774367138.06332,7.87,running
1774367138.2298403,7.93,running
1774367138.3957129,7.93,running
1774367138.562014,7.88,running
1774367138.727944,8.07,running
1774367138.8941634,7.85,running
1774367139.0607185,7.91,running
1774367139.226822,7.90,running
1774367139.3932164,7.88,running
1774367139.559004,7.90,running
1774367139.7251692,8.61,running
1774367139.8928473,8.37,running
1774367140.0823195,8.24,running
1774367140.2658367,8.62,running
1774367140.452288,8.41,running
1774367140.646544,8.38,running
1774367140.8291464,8.00,running
1774367140.9961529,8.08,running
1774367141.163341,8.67,running
1774367141.370096,8.33,running
1774367141.5651062,8.47,running
1774367141.7543926,8.29,running
1774367141.9417026,7.93,running
1774367142.1203384,8.05,running
1774367142.2865543,7.93,running
1774367142.4531374,7.93,running
1774367142.6192074,7.88,running
1774367142.7856584,7.93,running
1774367142.951606,8.03,running
1774367143.117873,7.90,running
1774367143.2840474,8.05,running
1774367143.4504967,7.90,running
1774367143.6171975,7.88,running
1774367143.7835066,7.88,running
1774367143.9500434,7.87,running
1774367144.1163511,7.93,running
1774367144.2828774,7.91,running
1774367144.4492013,8.03,running
1774367144.6156561,8.61,running
1774367144.8011165,8.47,running
1774367145.0073464,8.39,running
1774367145.1983097,8.38,running
1774367145.386492,7.93,running
1774367145.5548265,7.99,running
1774367145.732372,8.48,running
1774367145.9503114,8.37,running
1774367146.1426733,8.25,running
1774367146.3341672,7.96,running
1774367146.5025754,8.62,running
1774367146.695862,8.14,running
1774367146.8822584,8.23,running
1774367147.0700922,8.41,running
1774367147.258469,7.91,running
1774367147.4260993,7.88,running
1774367147.5940323,7.90,running
1774367147.7615662,8.08,running
1774367147.9282694,7.94,running
1774367148.094929,7.94,running
1774367148.261561,7.88,running
1774367148.4284127,7.91,running
1774367148.5952353,7.90,running
1774367148.7619116,7.93,running
1774367148.9283385,7.96,running
1774367149.0949788,7.91,running
1774367149.2616134,7.88,running
1774367149.4282334,8.64,running
1774367149.609277,8.44,running
1774367149.8272338,8.40,running
1774367150.0302196,8.29,running
1774367150.222397,7.97,running
1774367150.3998013,8.61,running
1774367150.5693033,8.18,running
1774367150.7725267,8.47,running
1774367150.9661965,8.02,running
1774367151.1582892,8.00,running
1774367151.3269012,8.67,running
1774367151.5436406,8.46,running
1774367151.7174833,8.40,running
1774367151.9065142,8.46,running
1774367152.089213,7.90,running
1774367152.25685,8.10,running
1774367152.4242473,7.91,running
1774367152.591874,7.88,running
1774367152.7582448,7.99,running
1774367152.924594,7.91,running
1774367153.091209,7.87,running
1774367153.257522,7.91,running
1774367153.424167,7.91,running
1774367153.5903785,7.99,running
1774367153.7567809,7.90,running
1774367153.9230628,8.03,running
1774367154.0893865,7.90,running
1774367154.2561731,7.85,running
1774367154.4225016,7.91,running
1774367154.5898898,7.96,running
1774367154.7561853,7.91,running
1774367154.9227004,7.91,running
1774367155.089071,8.33,running
1774367155.2835085,8.41,running
1774367155.478656,8.29,running
1774367155.6620345,8.29,running
1774367155.844977,7.99,running
1774367156.0118904,8.73,running
1774367156.1800816,8.45,running
1774367156.3847737,8.44,running
1774367156.5746574,8.02,running
1774367156.7475967,8.52,running
1774367156.9419453,8.40,running
1774367157.1301486,7.90,running
1774367157.3072126,7.97,running
1774367157.473731,7.93,running
1774367157.6397681,8.10,running
1774367157.8061187,7.93,running
1774367157.9727664,7.93,running
1774367158.139076,7.99,running
1774367158.3057523,7.97,running
1774367158.4718919,7.91,running
1774367158.6383784,8.42,running
1774367158.8544016,8.24,running
1774367159.0465415,7.99,running
1774367159.2140725,8.08,running
1774367159.40797,8.31,running
1774367159.578179,7.93,running
1774367159.7466342,8.57,running
1774367159.918168,8.48,running
1774367160.111865,8.47,running
1774367160.3036518,8.77,running
1774367160.4958484,8.51,running
1774367160.69172,8.39,running
1774367160.884425,8.68,running
1774367161.0891402,8.61,running
1774367161.2789402,8.55,running
1774367161.4507005,8.58,running
1774367161.6386566,8.17,running
1774367161.8311014,8.61,running
1774367162.0183697,8.44,running
1774367162.20244,8.52,running
1774367162.3952963,8.61,running
1774367162.5866165,8.71,running
1774367162.7800815,8.44,running
1774367162.9673038,8.61,running
1774367163.1633685,8.48,running
1774367163.3467362,8.57,running
1774367163.5338497,8.41,running
1774367163.7269485,8.49,running
1774367163.897506,8.61,running
1774367164.086142,8.26,running
1774367164.2721915,8.53,running
1774367164.4750118,8.11,running
1774367164.6718626,8.56,running
1774367164.866792,8.09,running
1774367165.0644443,8.57,running
1774367165.2509718,8.34,running
1774367165.4411883,8.61,running
1774367165.6354785,8.48,running
1774367165.8274193,7.96,running
1774367166.0226612,7.91,running
1774367166.192146,8.16,running
1774367166.3601797,8.19,running
1774367166.527671,8.08,running
1774367166.6960425,8.32,running
1774367166.8650339,8.22,running
1774367167.0340805,8.28,running
1774367167.202831,8.17,running
1774367167.3703918,8.14,running
1774367167.537843,8.20,running
1774367167.705572,8.17,running
1774367167.8729162,8.20,running
1774367168.04049,8.17,running
1774367168.2080395,8.35,running
1774367168.37534,8.07,running
1774367168.543373,8.16,running
1774367168.7121317,8.22,running
1774367168.881018,8.23,running
1774367169.0500076,8.22,running
1774367169.2172816,8.20,running
1774367169.3844917,8.29,running
1774367169.55205,8.20,running
1774367169.7196398,8.20,running
1774367169.8888252,8.20,running
1774367170.057816,8.32,running
1774367170.2281346,8.20,running
1774367170.402061,8.17,running
1774367170.5749016,8.32,running
1774367170.747378,8.20,running
1774367170.9155462,8.23,running
1774367171.0853968,8.11,running
1774367171.2557807,8.11,running
1774367171.4260316,8.14,running
1774367171.5961733,8.19,running
1774367171.7662299,8.34,running
1774367171.936198,7.94,running
1774367172.10386,8.28,running
1774367172.2730298,8.17,running
1774367172.4444442,8.03,running
1774367172.616889,8.17,running
1774367172.7887669,8.22,running
1774367172.9599316,8.28,running
1774367173.1346307,8.05,running
1774367173.3025675,8.08,running
1774367173.470586,8.17,running
1774367173.638422,8.03,running
1774367173.8061914,8.16,running
1774367173.9741933,8.11,running
1774367174.1421072,8.17,running
1774367174.3126125,8.10,running
1774367174.4831288,8.16,running
1774367174.653818,8.38,running
1774367174.8222187,8.19,running
1774367174.9902747,8.10,running
1774367175.1605666,8.14,running
1774367175.3311749,8.19,running
1774367175.5027242,8.26,running
1774367175.6718175,7.99,running
1774367175.8406293,8.44,running
1774367176.0301492,8.03,running
1774367176.2200475,8.56,running
1774367176.411997,8.41,running
1774367176.6022797,8.29,running
1774367176.7941208,7.93,running
1774367176.960527,7.96,running
1774367177.12641,7.91,running
1774367177.2927063,7.91,running
1774367177.4584897,8.07,running
1774367177.6246123,7.90,running
1774367177.7909184,7.91,running
1774367177.957076,7.87,running
1774367178.1237373,7.84,running
1774367178.2899015,7.88,running
1774367178.4564552,7.91,running
1774367178.6225474,8.05,running
1774367178.7889357,7.88,running
1774367178.9552195,7.90,running
1774367179.121365,8.61,running
1774367179.310773,7.91,running
1774367179.5062256,8.28,running
1774367179.6898427,8.00,running
1774367179.871805,8.44,running
1774367180.0765195,8.41,running
1774367180.2708774,8.36,running
1774367180.4621534,7.99,running
1774367180.6306345,8.76,running
1774367180.8132882,7.86,running
1774367181.0023267,8.42,running
1774367181.1942062,8.46,running
1774367181.3771899,7.91,running
1774367181.5577857,8.00,running
1774367181.7256527,7.85,running
1774367181.8930106,8.05,running
1774367182.0595279,7.91,running
1774367182.2262912,7.88,running
1774367182.3929157,7.93,running
1774367182.5598195,7.90,running
1774367182.726209,7.93,running
1774367182.8929179,7.97,running
1774367183.0592155,8.10,running
1774367183.225738,7.94,running
1774367183.3918989,7.96,running
1774367183.558196,7.93,running
1774367183.7247958,8.32,running
1774367183.892597,8.54,running
1774367184.1108613,8.45,running
1774367184.2934344,8.47,running
1774367184.4784236,8.03,running
1774367184.6453786,7.96,running
1774367184.8122241,8.73,running
1774367185.0049288,8.41,running
1774367185.1942277,8.26,running
1774367185.3859482,8.54,running
1774367185.564614,8.38,running
1774367185.745857,8.40,running
1774367185.9341908,7.91,running
1774367186.1167953,7.94,running
1774367186.2836063,7.94,running
1774367186.4508612,8.64,running
1774367186.6399834,8.33,running
1774367186.8071916,8.36,running
1774367186.9986122,8.14,running
1774367187.1676679,8.18,running
1774367187.3633006,7.88,running
1774367187.5330205,8.68,running
1774367187.7272644,8.42,running
1774367187.9232447,8.64,running
1774367188.1193013,8.51,running
1774367188.3074844,8.51,running
1774367188.499937,8.52,running
1774367188.6960063,8.63,running
1774367188.8906882,8.45,running
1774367189.082957,8.61,running
1774367189.2721732,8.50,running
1774367189.4624734,8.47,running
1774367189.649483,8.56,running
1774367189.8387306,8.52,running
1774367190.0213861,8.56,running
1774367190.2148948,8.12,running
1774367190.4066398,8.59,running
1774367190.590118,8.47,running
1774367190.782009,8.70,running
1774367190.9713185,8.70,running
1774367191.1586738,8.41,running
1774367191.3499324,8.00,running
1774367191.5185182,8.26,running
1774367191.6859806,8.07,running
1774367191.8551621,8.20,running
1774367192.0240958,8.17,running
1774367192.1922,8.16,running
1774367192.360482,8.17,running
1774367192.5292935,8.19,running
1774367192.6976094,8.08,running
1774367192.8665876,8.13,running
1774367193.0353427,8.35,running
1774367193.2032366,8.17,running
1774367193.3709764,8.16,running
1774367193.5389588,8.14,running
1774367193.706233,8.14,running
1774367193.8753607,8.16,running
1774367194.042864,8.13,running
1774367194.2103267,8.35,running
1774367194.3775587,8.17,running
1774367194.544915,8.20,running
1774367194.7122529,8.13,running
1774367194.8814116,8.13,running
1774367195.0487711,8.10,running
1774367195.216307,8.13,running
1774367195.3849115,8.14,running
1774367195.5530767,8.10,running
1774367195.7229376,8.23,running
1774367195.8948748,8.10,running
1774367196.0659428,8.13,running
1774367196.2333968,8.03,running
1774367196.4037912,8.07,running
1774367196.5743878,8.17,running
1774367196.744641,8.07,running
1774367196.91448,8.38,running
1774367197.0862365,8.07,running
1774367197.2562847,7.85,running
1774367197.4244275,8.22,running
1774367197.5977025,8.11,running
1774367197.769274,8.26,running
1774367197.9412313,8.13,running
1774367198.1138594,8.22,running
1774367198.2887263,8.10,running
1774367198.4567685,8.02,running
1774367198.624629,8.16,running
1774367198.792675,8.07,running
1774367198.9609544,8.02,running
1774367199.1291533,8.08,running
1774367199.2974348,8.20,running
1774367199.4654703,8.14,running
1774367199.6333747,8.08,running
1774367199.8009973,8.32,running
1774367199.969137,8.10,running
1774367200.1376038,8.13,running
1774367200.306148,8.10,running
1774367200.4747875,8.13,running
1774367200.6432579,8.40,running
1774367200.812467,8.40,running
1774367201.0027008,8.16,running
1774367201.1782362,8.11,running
1774367201.3747082,8.36,running
1774367201.5620568,8.14,running
1774367201.7497096,7.87,running
1774367201.916974,7.87,running
1774367202.0847516,7.84,running
1774367202.2509446,7.87,running
1774367202.4174104,7.81,running
1774367202.5834255,8.03,running
1774367202.7498045,7.85,running
1774367202.9160712,7.88,running
1774367203.0822303,7.87,running
1774367203.2488935,7.88,running
1774367203.4151025,7.87,running
1774367203.5816448,7.88,running
1774367203.7478447,8.05,running
1774367203.9140344,7.85,running
1774367204.080414,8.70,running
1774367204.2698097,8.35,running
1774367204.4520772,8.37,running
1774367204.642994,8.08,running
1774367204.8121293,8.12,running
1774367205.0141008,8.38,running
1774367205.19802,7.99,running
1774367205.3902771,7.96,running
1774367205.5588403,8.61,running
1774367205.7515182,8.37,running
1774367205.938037,8.33,running
1774367206.1213002,8.40,running
1774367206.314698,7.88,running
1774367206.4811532,7.90,running
1774367206.6470923,8.03,running
1774367206.8133707,7.87,running
1774367206.979986,7.85,running
1774367207.1461122,7.84,running
1774367207.3123999,7.90,running
1774367207.4783795,7.91,running
1774367207.6447487,7.82,running
1774367207.8109334,8.05,running
1774367207.9771755,7.84,running
1774367208.144054,7.88,running
1774367208.3106263,7.84,running
1774367208.4773676,7.90,running
1774367208.6436937,7.94,running
1774367208.8102522,8.64,running
1774367208.9779701,8.62,running
1774367209.1970623,8.39,running
1774367209.3865135,8.41,running
1774367209.5740042,7.94,running
1774367209.7424295,7.96,running
1774367209.9108052,8.64,running
1774367210.1041873,8.37,running
1774367210.2949004,8.23,running
1774367210.4773293,8.31,running
1774367210.6452065,8.37,running
1774367210.8387156,8.38,running
1774367211.0262613,7.87,running
1774367211.2137873,8.10,running
1774367211.3814063,7.90,running
1774367211.548959,7.91,running
1774367211.7153337,7.90,running
1774367211.8822744,7.90,running
1774367212.0488083,7.93,running
1774367212.215721,7.91,running
1774367212.3819642,8.10,running
1774367212.5483754,7.85,running
1774367212.7149394,7.90,running
1774367212.8814764,7.88,running
1774367213.048549,8.51,running
1774367213.2649744,8.40,running
1774367213.4539287,7.94,running
1774367213.6464133,8.74,running
1774367213.84795,8.26,running
1774367214.0191321,8.49,running
1774367214.199939,8.89,running
1774367214.3915155,8.48,running
1774367214.586879,8.54,running
1774367214.7787588,8.38,running
1774367214.9794862,8.51,running
1774367215.1711602,8.51,running
1774367215.3621702,8.53,running
1774367215.5547268,8.38,running
1774367215.7343242,8.57,running
1774367215.9272432,8.29,running
1774367216.1190045,8.56,running
1774367216.3112607,8.51,running
1774367216.494068,8.62,running
1774367216.6801476,8.57,running
1774367216.8674693,8.32,running
1774367217.0600305,8.42,running
1774367217.2469907,8.50,running
1774367217.4174519,8.61,running
1774367217.6021352,8.85,running
1774367217.7954836,8.03,running
1774367217.9818614,8.16,running
1774367218.1502936,8.14,running
1774367218.3186767,8.07,running
1774367218.4875555,8.31,running
1774367218.6553843,8.17,running
1774367218.8247962,8.32,running
1774367218.993286,8.17,running
1774367219.1626108,8.16,running
1774367219.330206,8.19,running
1774367219.498024,8.16,running
1774367219.665571,8.14,running
1774367219.8328001,8.20,running
1774367220.0003567,8.29,running
1774367220.1698203,8.25,running
1774367220.3388503,8.14,running
1774367220.5064468,8.14,running
1774367220.6744664,8.20,running
1774367220.8428774,8.16,running
1774367221.0101814,8.08,running
1774367221.1793492,8.37,running
1774367221.3480048,8.16,running
1774367221.5166981,8.17,running
1774367221.6842458,8.16,running
1774367221.8514204,8.19,running
1774367222.021528,8.13,running
1774367222.1915412,8.16,running
1774367222.3633878,8.35,running
1774367222.5312896,8.14,running
1774367222.698799,8.08,running
1774367222.8687975,8.05,running
1774367223.0387497,8.05,running
1774367223.209622,8.11,running
1774367223.3790545,8.03,running
1774367223.5507863,8.28,running
1774367223.7225819,7.90,running
1774367223.8911827,8.26,running
1774367224.0653968,8.17,running
1774367224.2382762,8.16,running
1774367224.4105403,8.31,running
1774367224.5834887,8.05,running
1774367224.7577116,8.05,running
1774367224.9260159,8.13,running
1774367225.0942624,8.07,running
1774367225.2626336,8.22,running
1774367225.4313636,8.14,running
1774367225.600293,8.20,running
1774367225.7689934,8.14,running
1774367225.9378557,8.08,running
1774367226.1064181,8.20,running
1774367226.2751,8.19,running
1774367226.4437978,8.19,running
1774367226.6120853,8.11,running
1774367226.7804396,8.16,running
1774367226.9490523,7.91,running
1774367227.1171257,8.24,running
1774367227.310339,8.02,running
1774367227.4976249,8.70,running
1774367227.694461,8.46,running
1774367227.882211,8.39,running
1774367228.0720491,8.08,running
1774367228.239892,7.93,running
1774367228.4079692,7.93,running
1774367228.5760007,7.94,running
1774367228.7429624,7.94,running
1774367228.9097106,7.91,running
1774367229.0766144,7.93,running
1774367229.2430706,8.10,running
1774367229.4096954,8.57,running
1774367229.6027312,8.11,running
1774367229.7943773,8.36,running
1774367229.986682,7.96,running
1774367230.1555645,8.45,running
1774367230.3539236,8.36,running
1774367230.5382912,8.34,running
1774367230.7213411,7.91,running
1774367230.8897147,8.54,running
1774367231.0579376,8.44,running
1774367231.2706656,8.38,running
1774367231.45793,8.32,running
1774367231.6462178,7.90,running
1774367231.8283513,8.05,running
1774367231.994694,7.91,running
1774367232.1613355,7.90,running
1774367232.327685,7.90,running
1774367232.4942348,7.87,running
1774367232.6604037,8.02,running
1774367232.8269136,7.97,running
1774367232.9931955,8.08,running
1774367233.159623,7.93,running
1774367233.3261888,7.94,running
1774367233.4925084,7.88,running
1774367233.6591218,7.93,running
1774367233.8252728,7.99,running
1774367233.9921973,8.73,running
1774367234.1844442,7.98,running
1774367234.3702812,8.39,running
1774367234.553433,8.29,running
1774367234.7424326,8.16,running
1774367234.9107974,8.61,running
1774367235.0971265,8.39,running
1774367235.2865124,8.27,running
1774367235.4780269,8.02,running
1774367235.647039,8.29,running
1774367235.8655155,8.45,running
1774367236.050386,8.21,running
1774367236.2423456,7.93,running
1774367236.4099088,8.07,running
1774367236.57774,7.90,running
1774367236.7443168,7.97,running
1774367236.910912,8.00,running
1774367237.077714,7.99,running
1774367237.2441804,7.93,running
1774367237.4109075,7.91,running
1774367237.577178,8.14,running
1774367237.7438524,7.94,running
1774367237.919644,8.67,running
1774367238.1193316,8.46,running
1774367238.3107662,8.38,running
1774367238.4986079,8.02,running
1774367238.6677468,8.39,running
1774367238.8746796,7.97,running
1774367239.0443194,8.35,running
1774367239.2305338,8.09,running
1774367239.4244258,8.48,running
1774367239.619147,8.53,running
1774367239.8122637,8.59,running
1774367240.007,8.40,running
1774367240.1923778,8.32,running
1774367240.3913455,8.54,running
1774367240.5739975,8.54,running
1774367240.7443879,8.59,running
1774367240.9346857,8.14,running
1774367241.122742,8.44,running
1774367241.3113632,8.47,running
1774367241.4993079,8.48,running
1774367241.6905174,8.45,running
1774367241.8827655,8.53,running
1774367242.0826592,8.45,running
1774367242.276113,8.56,running
1774367242.4554043,8.59,running
1774367242.643279,8.37,running
1774367242.8384588,8.17,running
1774367243.007197,8.19,running
1774367243.1760328,8.16,running
1774367243.3449693,8.22,running
1774367243.512793,8.14,running
1774367243.6815734,8.14,running
1774367243.8505876,8.17,running
1774367244.017543,8.14,running
1774367244.1859994,8.10,running
1774367244.3533664,8.37,running
1774367244.5207727,8.17,running
1774367244.688532,8.17,running
1774367244.8559787,8.16,running
1774367245.023323,8.08,running
1774367245.1909406,8.13,running
1774367245.3586035,8.10,running
1774367245.5261421,8.29,running
1774367245.6949065,8.13,running
1774367245.8640177,8.16,running
1774367246.0327704,8.08,running
1774367246.2005978,8.14,running
1774367246.3689659,8.17,running
1774367246.538226,8.14,running
1774367246.7070372,8.32,running
1774367246.8764093,8.26,running
1774367247.0477467,8.28,running
1774367247.2193224,8.13,running
1774367247.387753,8.10,running
1774367247.5570552,8.03,running
1774367247.7270977,8.03,running
1774367247.8975646,8.20,running
1774367248.0679476,8.32,running
1774367248.2418509,8.13,running
1774367248.4135158,8.03,running
1774367248.58328,8.16,running
1774367248.7573926,8.26,running
1774367248.9312894,8.11,running
1774367249.1042671,8.26,running
1774367249.2743297,8.19,running
1774367249.4500465,8.08,running
1774367249.6184278,8.07,running
1774367249.786657,8.08,running
1774367249.9549868,8.14,running
1774367250.123218,8.16,running
1774367250.2935157,8.26,running
1774367250.4630828,8.20,running
1774367250.6320016,8.10,running
1774367250.800604,8.11,running
1774367250.9687326,8.19,running
1774367251.1390784,8.31,running
1774367251.3104932,8.11,running
1774367251.479051,8.07,running
1774367251.647713,8.22,running
1774367251.8157895,8.07,running
1774367251.9839082,8.38,running
1774367252.174776,8.32,running
1774367252.3621638,8.64,running
1774367252.5303202,8.40,running
1774367252.7220762,8.14,running
1774367252.9147632,7.90,running
1774367253.1054442,7.88,running
1774367253.271459,7.87,running
1774367253.4378653,7.87,running
1774367253.6037607,7.84,running
1774367253.7700994,7.87,running
1774367253.9359386,8.03,running
1774367254.1018975,7.87,running
1774367254.2681613,7.93,running
1774367254.4341362,7.87,running
1774367254.6005986,7.90,running
1774367254.7664778,7.87,running
1774367254.9327745,7.90,running
1774367255.098533,8.03,running
1774367255.2646356,7.90,running
1774367255.4311166,8.47,running
1774367255.660419,8.41,running
1774367255.8542883,8.14,running
1774367256.058237,8.36,running
1774367256.2450874,8.40,running
1774367256.4348233,8.42,running
1774367256.626234,7.99,running
1774367256.7945917,8.00,running
1774367256.963077,8.67,running
1774367257.1492667,8.33,running
1774367257.3225667,8.41,running
1774367257.5054023,8.36,running
1774367257.6941924,7.88,running
1774367257.8607092,7.88,running
1774367258.0267534,8.11,running
1774367258.193175,7.93,running
1774367258.3595095,7.90,running
1774367258.5265815,7.94,running
1774367258.6931374,7.94,running
1774367258.859406,7.91,running
1774367259.025892,7.90,running
1774367259.1919405,8.08,running
1774367259.358124,7.96,running
1774367259.524627,7.91,running
1774367259.6909847,7.91,running
1774367259.857547,7.88,running
1774367260.0237482,8.36,running
1774367260.2156084,8.20,running
1774367260.4101627,8.39,running
1774367260.6022086,8.26,running
1774367260.7848895,8.00,running
1774367260.9519355,8.59,running
1774367261.136817,8.06,running
1774367261.3265092,8.45,running
1774367261.5137582,8.03,running
1774367261.6970835,8.67,running
1774367261.8938043,8.40,running
1774367262.0824847,8.39,running
1774367262.2653596,8.11,running
1774367262.4329948,7.93,running
1774367262.6005728,7.91,running
1774367262.7680905,7.99,running
1774367262.9348593,7.96,running
1774367263.1012516,7.94,running
1774367263.2681272,7.91,running
1774367263.4344385,8.11,running
1774367263.6008584,7.90,running
1774367263.7673736,7.94,running
1774367263.9339423,7.88,running
1774367264.1013885,8.69,running
1774367264.3006158,8.39,running
1774367264.4805405,8.26,running
1774367264.6741304,8.00,running
1774367264.8558984,8.27,running
1774367265.0513701,8.08,running
1774367265.2212706,8.61,running
1774367265.4102845,8.60,running
1774367265.601797,8.51,running
1774367265.790819,8.03,running
1774367265.9824545,8.56,running
1774367266.1746936,8.43,running
1774367266.3668616,8.59,running
1774367266.5624127,8.42,running
1774367266.752023,8.64,running
1774367266.9478743,8.86,running
1774367267.1392572,8.64,running
1774367267.3353217,8.56,running
1774367267.526713,8.64,running
1774367267.7236981,8.54,running
1774367267.9109511,8.53,running
1774367268.0943346,8.56,running
1774367268.2786686,8.41,running
1774367268.470105,8.59,running
1774367268.6589506,8.01,running
1774367268.8522537,7.84,running
1774367269.042696,8.14,running
1774367269.2120757,8.16,running
1774367269.3798668,8.14,running
1774367269.5471127,8.17,running
1774367269.7146568,8.07,running
1774367269.8820498,8.29,running
1774367270.0507967,8.19,running
1774367270.2199264,8.14,running
1774367270.3872793,8.10,running
1774367270.5560408,8.08,running
1774367270.724692,8.11,running
1774367270.8935955,8.16,running
1774367271.062667,8.29,running
1774367271.2313871,8.17,running
1774367271.3998983,8.14,running
1774367271.5673957,8.11,running
1774367271.7347794,8.19,running
1774367271.902088,8.13,running
1774367272.0694344,8.14,running
1774367272.2367697,8.32,running
1774367272.4038196,8.10,running
1774367272.5724807,8.16,running
1774367272.7414374,8.19,running
1774367272.9091468,8.26,running
1774367273.0777698,8.29,running
1774367273.2488947,8.23,running
1774367273.419171,8.37,running
1774367273.5865803,8.14,running
1774367273.755208,8.08,running
1774367273.9256618,8.14,running
1774367274.0957236,8.03,running
1774367274.2653115,8.05,running
1774367274.4356914,8.05,running
1774367274.6058643,8.07,running
1774367274.7751179,8.20,running
1774367274.945179,8.19,running
1774367275.1194143,8.22,running
1774367275.2934134,8.11,running
1774367275.4644673,8.37,running
1774367275.6406276,8.05,running
1774367275.8088493,8.07,running
1774367275.9771156,8.03,running
1774367276.145239,8.08,running
1774367276.3133233,8.32,running
1774367276.4824018,8.13,running
1774367276.6519134,8.20,running
1774367276.8203678,8.10,running
1774367276.988726,8.14,running
1774367277.1588376,8.37,running
1774367277.329934,8.17,running
1774367277.4995704,8.10,running
1774367277.6686256,8.10,running
1774367277.8368807,8.19,running
1774367278.0053885,8.03,running
1774367278.1774323,8.40,running
1774367278.3451774,8.32,running
1774367278.5383508,7.97,running
1774367278.7075133,8.21,running
1774367278.906058,8.38,running
1774367279.0893445,8.20,running
1774367279.2780747,7.91,running
1774367279.446081,7.90,running
1774367279.6135192,7.88,running
1774367279.780185,7.93,running
1774367279.9462945,7.99,running
1774367280.1128614,7.87,running
1774367280.2798364,7.90,running
1774367280.4463892,7.90,running
1774367280.6131735,7.91,running
1774367280.7795565,7.93,running
1774367280.9461462,7.90,running
1774367281.1125333,8.67,running
1774367281.3050249,8.38,running
1774367281.4838939,8.40,running
1774367281.6697128,8.03,running
1774367281.838857,8.15,running
1774367282.0382738,8.38,running
1774367282.22688,8.10,running
1774367282.417974,7.93,running
1774367282.5865111,8.59,running
1774367282.794962,7.88,running
1774367282.961939,8.30,running
1774367283.145039,8.34,running
1774367283.3385906,7.85,running
1774367283.5297735,7.91,running
1774367283.6973665,8.07,running
1774367283.8651128,7.82,running
1774367284.0321891,7.84,running
1774367284.1987019,7.82,running
1774367284.3655858,7.93,running
1774367284.5319057,8.02,running
1774367284.698565,7.87,running
1774367284.8649886,7.94,running
1774367285.031512,7.87,running
1774367285.1983955,7.85,running
1774367285.3649697,7.84,running
1774367285.531762,7.85,running
1774367285.6980996,8.49,running
1774367285.8659282,8.68,running
1774367286.0774624,8.41,running
1774367286.245354,8.36,running
1774367286.434772,7.96,running
1774367286.6248157,7.93,running
1774367286.7933447,8.67,running
1774367286.9885812,8.35,running
1774367287.1749294,8.26,running
1774367287.366441,8.57,running
1774367287.548765,8.41,running
1774367287.7346902,8.38,running
1774367287.922717,7.93,running
1774367288.1065822,8.11,running
1774367288.2747738,7.93,running
1774367288.4432955,8.44,running
1774367288.6559188,8.37,running
1774367288.846171,7.97,running
1774367289.0296345,8.59,running
1774367289.2225986,8.17,running
1774367289.3938456,8.60,running
1774367289.569945,8.41,running
1774367289.7591696,8.53,running
1774367289.9551053,8.36,running
1774367290.146845,8.47,running
1774367290.3390656,8.38,running
1774367290.5304666,8.50,running
1774367290.7219753,8.57,running
1774367290.9106276,8.99,running
1774367291.1034002,8.57,running
1774367291.2862916,8.44,running
1774367291.4695582,8.56,running
1774367291.6628067,8.45,running
1774367291.855202,8.65,running
1774367292.0540202,8.62,running
1774367292.238994,8.86,running
1774367292.434841,8.51,running
1774367292.6266916,8.38,running
1774367292.814537,8.45,running
1774367293.0063853,8.57,running
1774367293.185915,7.93,running
1774367293.3535454,8.17,running
1774367293.5206804,8.14,running
1774367293.6892896,8.23,running
1774367293.8564148,8.35,running
1774367294.0236757,8.20,running
1774367294.1912577,8.19,running
1774367294.358099,8.20,running
1774367294.5252726,8.11,running
1774367294.6926405,8.35,running
1774367294.8601983,8.20,running
1774367295.0273442,8.37,running
1774367295.1953242,8.19,running
1774367295.3625324,8.14,running
1774367295.5296793,8.11,running
1774367295.6969166,8.14,running
1774367295.8642364,8.43,running
1774367296.0315416,8.14,running
1774367296.1990254,8.17,running
1774367296.3662984,8.14,running
1774367296.533119,8.17,running
1774367296.7003186,8.07,running
1774367296.867783,8.19,running
1774367297.0350754,8.37,running
1774367297.2027156,8.29,running
1774367297.3745697,8.25,running
1774367297.544143,8.11,running
1774367297.7134101,8.17,running
1774367297.8818045,8.05,running
1774367298.053019,8.08,running
1774367298.221759,8.32,running
1774367298.390943,8.05,running
1774367298.5608547,8.05,running
1774367298.7300887,8.02,running
1774367298.8997343,7.88,running
1774367299.068303,8.37,running
1774367299.241827,8.47,running
1774367299.4144475,8.22,running
1774367299.587713,8.10,running
1774367299.7601032,8.08,running
1774367299.9335392,8.22,running
1774367300.1015608,8.05,running
1774367300.2697353,8.08,running
1774367300.4377584,8.08,running
1774367300.6057193,8.07,running
1774367300.7763686,8.34,running
1774367300.947472,8.16,running
1774367301.1168807,8.17,running
1774367301.2858694,8.14,running
1774367301.45361,8.17,running
1774367301.6231534,8.31,running
1774367301.7939878,8.16,running
1774367301.9628434,8.22,running
1774367302.1313946,8.20,running
1774367302.2995725,8.14,running
1774367302.467659,8.40,running
1774367302.6584275,7.96,running
1774367302.8424811,8.73,running
1774367303.036342,8.42,running
1774367303.226125,8.45,running
1774367303.4092157,7.96,running
1774367303.5769823,7.93,running
1774367303.7443397,8.03,running
1774367303.9119642,7.88,running
1774367304.078125,8.00,running
1774367304.244223,7.88,running
1774367304.4108174,7.88,running
1774367304.576819,7.87,running
1774367304.7432299,7.91,running
1774367304.9091003,8.07,running
1774367305.0752287,7.91,running
1774367305.2415552,7.91,running
1774367305.407516,7.93,running
1774367305.5739799,7.87,running
1774367305.7399547,8.41,running
1774367305.907629,8.50,running
1774367306.108918,8.39,running
1774367306.2982302,7.99,running
1774367306.4900813,8.70,running
1774367306.6802166,8.35,running
1774367306.8651407,8.38,running
1774367307.0586836,8.11,running
1774367307.2255752,7.97,running
1774367307.3930378,8.47,running
1774367307.6068249,8.39,running
1774367307.8183875,8.32,running
1774367308.0098002,7.90,running
1774367308.1933174,8.13,running
1774367308.360201,7.91,running
1774367308.5269403,7.93,running
1774367308.6937954,7.91,running
1774367308.8604817,7.90,running
1774367309.0270586,7.90,running
1774367309.1938884,7.91,running
1774367309.3605015,8.05,running
1774367309.5273626,8.61,running
1774367309.7189124,8.45,running
1774367309.9242306,8.44,running
1774367310.1183786,8.28,running
1774367310.3101258,7.99,running
1774367310.477143,8.61,running
1774367310.6451137,8.35,running
1774367310.8422594,8.44,running
1774367311.0339835,8.00,running
1774367311.2176602,8.47,running
1774367311.4142356,8.44,running
1774367311.606743,8.41,running
1774367311.7897139,7.97,running
1774367311.9561381,7.96,running
1774367312.1222641,7.97,running
1774367312.288469,7.96,running
1774367312.4550939,7.99,running
1774367312.6214573,7.90,running
1774367312.7884579,7.90,running
1774367312.954912,8.14,running
1774367313.121487,7.93,running
1774367313.2881017,7.91,running
1774367313.4547362,8.65,running
1774367313.643754,8.41,running
1774367313.8303242,8.26,running
1774367314.0225143,8.52,running
1774367314.1906078,8.14,running
1774367314.3830109,8.63,running
1774367314.572889,8.91,running
1774367314.7679834,8.50,running
1774367314.964136,8.36,running
1774367315.1566164,8.56,running
1774367315.3515825,8.48,running
1774367315.5431213,8.51,running
1774367315.7302551,8.64,running
1774367315.922393,8.47,running
1774367316.106865,8.48,running
1774367316.2984273,8.22,running
1774367316.491784,8.59,running
1774367316.6868355,8.23,running
1774367316.8842065,8.62,running
1774367317.0719702,8.29,running
1774367317.2673006,8.64,running
1774367317.459834,8.47,running
1774367317.652025,8.65,running
1774367317.8371649,8.57,running
1774367318.0275908,8.42,running
1774367318.223336,8.25,running
1774367318.392218,8.05,running
1774367318.561199,8.19,running
1774367318.729394,8.20,running
1774367318.8967032,8.07,running
1774367319.064518,8.25,running
1774367319.232165,8.20,running
1774367319.39995,8.35,running
1774367319.5686617,8.19,running
1774367319.7364428,8.20,running
1774367319.9053574,8.20,running
1774367320.0740662,8.19,running
1774367320.2429624,8.16,running
1774367320.410364,8.20,running
1774367320.5780153,8.38,running
1774367320.7452989,8.17,running
1774367320.9124217,8.19,running
1774367321.0800118,8.23,running
1774367321.2475815,8.23,running
1774367321.414675,8.19,running
1774367321.5822856,8.14,running
1774367321.7495308,8.35,running
1774367321.9167645,8.20,running
1774367322.0844493,8.08,running
1774367322.251761,8.23,running
1774367322.4206665,8.25,running
1774367322.5881891,8.23,running
1774367322.7555056,8.19,running
1774367322.9226563,8.28,running
1774367323.0901215,8.17,running
1774367323.2577932,8.17,running
1774367323.4252605,8.19,running
1774367323.592685,8.25,running
1774367323.7602298,8.37,running
1774367323.9289274,8.17,running
1774367324.0959623,8.19,running
1774367324.263514,8.14,running
1774367324.4313533,8.17,running
1774367324.5988991,8.16,running
1774367324.7669208,8.08,running
1774367324.9376018,8.28,running
1774367325.109236,8.10,running
1774367325.278952,8.16,running
1774367325.4498353,8.13,running
1774367325.6210444,8.10,running
1774367325.7921453,8.29,running
1774367325.9636536,8.10,running
1774367326.1347656,8.16,running
1774367326.305067,8.17,running
1774367326.4751928,8.14,running
1774367326.6499662,8.05,running
1774367326.8219967,8.07,running
1774367326.9923031,8.22,running
1774367327.163749,8.05,running
1774367327.334161,8.05,running
1774367327.5043428,8.05,running
1774367327.674946,8.05,running
1774367327.8448956,8.11,running
1774367328.0149417,8.05,running
1774367328.1854692,8.22,running
1774367328.3553884,8.02,running
1774367328.5258968,7.94,running
1774367328.6950696,7.91,running
1774367328.863174,8.07,running
1774367329.0359209,8.29,running
1774367329.2074676,8.16,running
1774367329.3798363,8.16,running
1774367329.552657,8.17,running
1774367329.724767,8.13,running
1774367329.8971465,8.29,running
1774367330.0681694,8.08,running
1774367330.241655,8.20,running
1774367330.4171274,8.03,running
1774367330.5852582,8.08,running
1774367330.7533453,8.23,running
1774367330.9213455,8.05,running
1774367331.089923,8.02,running
1774367331.2584858,8.05,running
1774367331.426626,7.99,running
1774367331.5947647,8.03,running
1774367331.7629006,8.02,running
1774367331.9332929,8.25,running
1774367332.10417,8.05,running
1774367332.274715,8.08,running
1774367332.4455104,8.14,running
1774367332.617365,8.17,running
1774367332.7865517,8.26,running
1774367332.9544892,8.08,running
1774367333.1253161,8.11,running
1774367333.295576,8.14,running
1774367333.4650247,8.07,running
1774367333.6330335,8.23,running
1774367333.8040838,8.14,running
1774367333.9740186,8.25,running
1774367334.142493,8.08,running
1774367334.3105114,8.03,running
1774367334.481557,8.13,running
1774367334.6523337,8.00,running
1774367334.8231318,8.38,running
1774367335.014229,7.96,running
1774367335.2063713,8.18,running
1774367335.4093838,8.34,running
1774367335.6026158,7.90,running
1774367335.785691,7.91,running
1774367335.9533343,7.88,running
1774367336.1209936,7.90,running
1774367336.2881916,8.10,running
1774367336.4544766,7.90,running
1774367336.6208959,7.91,running
1774367336.787125,7.90,running
1774367336.9538047,7.88,running
1774367337.1199436,7.88,running
1774367337.2863863,7.87,running
1774367337.4526396,8.08,running
1774367337.6189682,8.57,running
1774367337.8062484,8.32,running
1774367337.9983943,8.34,running
1774367338.190021,8.57,running
1774367338.3577285,8.40,running
1774367338.5351856,8.38,running
1774367338.7229328,7.94,running
1774367338.9032345,8.05,running
1774367339.0719423,8.67,running
1774367339.2695282,8.36,running
1774367339.4364345,8.42,running
1774367339.6227438,8.39,running
1774367339.8051846,7.90,running
1774367339.9718688,7.87,running
1774367340.1392314,8.08,running
1774367340.306852,7.87,running
1774367340.4735143,7.88,running
1774367340.6399922,7.87,running
1774367340.8067472,7.88,running
1774367340.972972,7.85,running
1774367341.139498,7.88,running
1774367341.3057575,8.05,running
1774367341.4722278,7.87,running
1774367341.6389596,7.87,running
1774367341.8053727,7.85,running
1774367341.97207,7.91,running
1774367342.1383367,8.03,running
1774367342.304868,7.88,running
1774367342.4713097,8.59,running
1774367342.6631796,8.46,running
1774367342.866887,8.38,running
1774367343.0543945,8.32,running
1774367343.2426665,7.91,running
1774367343.4111214,8.67,running
1774367343.5912704,8.41,running
1774367343.7981377,8.31,running
1774367343.986713,8.22,running
1774367344.1705828,7.91,running
1774367344.3390913,8.53,running
1774367344.5210528,8.26,running
1774367344.7149365,8.37,running
1774367344.8985841,8.35,running
1774367345.0901294,7.90,running
1774367345.2774804,7.87,running
1774367345.44531,7.90,running
1774367345.612681,8.10,running
1774367345.7791018,7.87,running
1774367345.9456093,7.85,running
1774367346.1121233,7.87,running
1774367346.2789838,7.88,running
1774367346.44535,8.00,running
1774367346.6119924,7.90,running
1774367346.7783864,7.96,running
1774367346.9447336,7.93,running
1774367347.1116867,7.93,running
1774367347.2781467,7.88,running
1774367347.4449606,7.88,running
1774367347.611203,8.32,running
1774367347.7967384,8.57,running
1774367348.007459,8.38,running
1774367348.1903222,8.41,running
1774367348.3781915,7.99,running
1774367348.5464447,8.13,running
1774367348.7147431,8.67,running
1774367348.925214,8.44,running
1774367349.109579,8.41,running
1774367349.2980943,7.97,running
1774367349.4665933,7.97,running
1774367349.6448736,8.48,running
1774367349.8587756,8.42,running
1774367350.0460608,8.41,running
1774367350.2294128,7.91,running
1774367350.412894,8.19,running
1774367350.5806103,8.20,running
1774367350.7472026,7.91,running
1774367350.9138453,7.93,running
1774367351.080333,7.85,running
1774367351.2471135,7.94,running
1774367351.4135523,7.91,running
1774367351.5802844,7.91,running
1774367351.7465584,8.05,running
1774367351.9131436,7.91,running
1774367352.080066,7.87,running
1774367352.2467554,7.88,running
1774367352.413464,7.88,running
1774367352.5798278,8.03,running
1774367352.756495,8.64,running
1774367352.9357069,8.32,running
1774367353.1119423,8.37,running
1774367353.3069358,7.99,running
1774367353.4979525,7.91,running
1774367353.6663969,8.53,running
1774367353.8590238,8.32,running
1774367354.0421681,8.31,running
1774367354.225282,8.61,running
1774367354.4147878,8.43,running
1774367354.598274,8.32,running
1774367354.781354,8.08,running
1774367354.949021,7.91,running
1774367355.1166656,7.93,running
1774367355.2832093,7.88,running
1774367355.449992,7.91,running
1774367355.6165032,7.90,running
1774367355.7832603,7.90,running
1774367355.9495864,8.11,running
1774367356.1163023,8.67,running
1774367356.292758,8.40,running
1774367356.482238,8.37,running
1774367356.6703358,8.50,running
1774367356.8461187,8.11,running
1774367357.0268188,8.20,running
1774367357.1970925,7.93,running
1774367357.364762,8.60,running
1774367357.5592935,8.07,running
1774367357.7473857,8.50,running
1774367357.9428267,8.44,running
1774367358.131214,8.47,running
1774367358.3149054,8.91,running
1774367358.5075486,8.56,running
1774367358.7037604,8.48,running
1774367358.8869221,8.67,running
1774367359.0802786,8.61,running
1774367359.2762232,8.74,running
1774367359.4756117,8.50,running
1774367359.668283,8.79,running
1774367359.8680248,8.57,running
1774367360.0583196,8.50,running
1774367360.2387567,8.56,running
1774367360.4304128,8.53,running
1774367360.6233077,8.44,running
1774367360.8187888,8.11,running
1774367361.008106,8.57,running
1774367361.2031403,8.24,running
1774367361.3955286,8.61,running
1774367361.5829115,8.57,running
1774367361.771861,8.66,running
1774367361.9678702,8.70,running
1774367362.159023,8.51,running
1774367362.371292,8.42,running
1774367362.5586097,8.65,running
1774367362.751245,8.44,running
1774367362.942983,8.51,running
1774367363.1375172,8.51,running
1774367363.3272088,8.54,running
1774367363.5064912,8.03,running
1774367363.6750405,7.97,running
1774367363.846108,8.14,running
1774367364.0141602,8.20,running
1774367364.1828423,8.29,running
1774367364.350272,8.10,running
1774367364.5178027,8.17,running
1774367364.687181,8.20,running
1774367364.8561208,8.16,running
1774367365.0239744,8.14,running
1774367365.190925,8.14,running
1774367365.3584232,8.35,running
1774367365.5278356,8.14,running
1774367365.697397,8.14,running
1774367365.8652413,8.13,running
1774367366.0342865,8.11,running
1774367366.20291,8.11,running
1774367366.370736,8.11,running
1774367366.539831,8.32,running
1774367366.7073143,8.13,running
1774367366.876811,8.14,running
1774367367.0437615,8.07,running
1774367367.2126088,8.07,running
1774367367.3805628,8.17,running
1774367367.548151,8.19,running
1774367367.7158487,8.19,running
1774367367.885718,8.11,running
1774367368.0567493,8.14,running
1774367368.2281702,8.23,running
1774367368.3990939,8.13,running
1774367368.5672965,8.14,running
1774367368.7374713,8.03,running
1774367368.9073122,8.03,running
1774367369.0770454,8.03,running
1774367369.2473838,8.08,running
1774367369.4176335,8.08,running
1774367369.58734,7.90,running
1774367369.7554085,8.20,running
1774367369.9293823,8.11,running
1774367370.1013463,8.10,running
1774367370.2729633,8.14,running
1774367370.44455,8.16,running
1774367370.6189277,8.08,running
1774367370.7869854,8.23,running
1774367370.954905,8.02,running
1774367371.124615,8.03,running
1774367371.2945867,8.05,running
1774367371.4655492,8.08,running
1774367371.6338472,8.25,running
1774367371.8035674,8.08,running
1774367371.9748933,8.05,running
1774367372.1454074,8.19,running
1774367372.3168406,8.13,running
1774367372.4863057,8.05,running
1774367372.6544077,8.05,running
1774367372.8236015,8.20,running
1774367372.9943109,8.11,running
1774367373.1654716,8.35,running
1774367373.350275,8.22,running
1774367373.5422564,8.14,running
1774367373.7252688,8.39,running
1774367373.9147537,8.24,running
1774367374.1027641,8.16,running
1774367374.2846699,7.85,running
1774367374.4508505,7.88,running
1774367374.6173658,7.90,running
1774367374.7833617,8.10,running
1774367374.949647,7.88,running
1774367375.1160722,7.90,running
1774367375.2822838,7.87,running
1774367375.4493256,7.91,running
1774367375.6154778,7.94,running
1774367375.781898,7.90,running
1774367375.9555678,8.64,running
1774367376.1464798,7.88,running
1774367376.3302317,8.26,running
1774367376.518577,7.97,running
1774367376.6997707,8.27,running
1774367376.8980734,8.41,running
1774367377.086624,8.38,running
1774367377.2689738,8.14,running
1774367377.4358525,8.66,running
1774367377.6150968,8.39,running
1774367377.8267019,8.41,running
1774367378.0101535,8.21,running
1774367378.1942039,7.91,running
1774367378.381981,8.00,running
1774367378.5488348,7.93,running
1774367378.715924,7.93,running
1774367378.882881,7.93,running
1774367379.0496974,7.91,running
1774367379.2170572,8.00,running
1774367379.384162,7.85,running
1774367379.551235,8.51,running
1774367379.7198055,8.38,running
1774367379.9671888,8.32,running
1774367380.1586242,8.19,running
1774367380.3464727,7.93,running
1774367380.5148995,8.67,running
1774367380.6941326,8.39,running
1774367380.8982558,8.29,running
1774367381.0826533,7.91,running
1774367381.2660477,8.61,running
1774367381.4564757,8.41,running
1774367381.6499698,8.35,running
1774367381.8428097,7.84,running
1774367382.0089328,7.90,running
1774367382.17534,7.87,running
1774367382.341201,7.90,running
1774367382.5074964,7.84,running
1774367382.6732903,8.00,running
1774367382.8394492,7.84,running
1774367383.0059502,7.82,running
1774367383.1719298,7.84,running
1774367383.3382814,7.88,running
1774367383.5042257,8.02,running
1774367383.6703718,7.84,running
1774367383.8364232,7.88,running
1774367384.00238,7.90,running
1774367384.1688144,8.67,running
1774367384.3420796,8.41,running
1774367384.554231,8.36,running
1774367384.7380013,7.91,running
1774367384.9301956,8.59,running
1774367385.1183772,8.29,running
1774367385.2903812,8.41,running
1774367385.4579604,8.55,running
1774367385.6513107,8.54,running
1774367385.8442616,8.47,running
1774367386.0384915,8.47,running
1774367386.209549,8.50,running
1774367386.3990374,8.82,running
1774367386.5981672,8.56,running
1774367386.7907572,8.27,running
1774367386.9826949,8.57,running
1774367387.1708934,8.57,running
1774367387.3628776,8.54,running
1774367387.5551643,8.85,running
1774367387.7429202,8.71,running
1774367387.934883,8.48,running
1774367388.1184402,8.36,running
1774367388.3033535,8.55,running
1774367388.4944072,8.32,running
1774367388.6861916,8.59,running
1774367388.8787594,8.64,running
1774367389.0717127,7.94,running
1774367389.2576988,8.10,running
1774367389.42444,8.25,running
1774367389.5916727,8.13,running
1774367389.7591097,8.34,running
1774367389.9280782,8.16,running
1774367390.0955422,8.14,running
1774367390.2627873,8.13,running
1774367390.4301317,8.17,running
1774367390.597736,8.14,running
1774367390.7650297,8.13,running
1774367390.9321144,8.38,running
1774367391.1014466,8.17,running
1774367391.2706103,8.14,running
1774367391.4383307,8.17,running
1774367391.605481,8.17,running
1774367391.7741654,8.22,running
1774367391.9430504,8.19,running
1774367392.111855,8.37,running
1774367392.2805405,8.14,running
1774367392.4488068,8.16,running
1774367392.618012,8.14,running
1774367392.786728,8.13,running
1774367392.9555216,8.11,running
1774367393.1230347,8.31,running
1774367393.291634,8.28,running
1774367393.4611082,8.08,running
1774367393.633254,8.08,running
1774367393.8045774,8.13,running
1774367393.9729705,8.08,running
1774367394.1434681,8.22,running
1774367394.3138535,8.05,running
1774367394.4844527,8.08,running
1774367394.6549127,8.03,running
1774367394.826685,7.85,running
1774367394.9962583,8.25,running
1774367395.170396,8.10,running
1774367395.3432345,8.32,running
1774367395.5149117,8.11,running
1774367395.6876018,8.17,running
1774367395.8644764,8.14,running
1774367396.0329244,8.02,running
1774367396.2013373,8.19,running
1774367396.3694298,8.02,running
1774367396.5378053,8.02,running
1774367396.706033,8.10,running
1774367396.8766396,8.23,running
1774367397.047193,8.41,running
1774367397.225386,8.10,running
1774367397.3962243,8.17,running
1774367397.5655792,8.16,running
1774367397.7339847,8.08,running
1774367397.902144,8.07,running
1774367398.0730186,8.17,running
1774367398.2438488,8.26,running
1774367398.414886,8.37,running
1774367398.5820312,8.35,running
1774367398.7653735,8.00,running
1774367398.9340587,8.17,running
1774367399.1409194,8.44,running
1774367399.3253307,8.20,running
1774367399.514022,7.87,running
1774367399.6816394,7.87,running
1774367399.8487794,8.00,running
1774367400.0150254,7.87,running
1774367400.1813455,7.85,running
1774367400.3476787,7.87,running
1774367400.5143342,7.85,running
1774367400.680453,7.88,running
1774367400.8469064,7.84,running
1774367401.013058,8.05,running
1774367401.179348,7.87,running
1774367401.3461933,7.91,running
1774367401.5123794,7.88,running
1774367401.6789627,7.91,running
1774367401.8475828,8.45,running
1774367402.042559,8.36,running
1774367402.2266068,8.28,running
1774367402.4186752,7.96,running
1774367402.5876722,8.54,running
1774367402.788012,8.41,running
1774367402.9741151,8.26,running
1774367403.1581478,7.94,running
1774367403.332442,8.53,running
1774367403.5137265,7.94,running
1774367403.7024515,8.44,running
1774367403.8865492,8.36,running
1774367404.0691504,7.90,running
1774367404.2576013,7.85,running
1774367404.4253564,7.87,running
1774367404.5932314,7.87,running
1774367404.7597568,7.87,running
1774367404.92647,7.90,running
1774367405.092791,8.05,running
1774367405.2592623,7.88,running
1774367405.4256716,7.93,running
1774367405.5923722,7.94,running
1774367405.759181,7.93,running
1774367405.9255369,7.88,running
1774367406.092257,7.90,running
1774367406.2585385,8.07,running
1774367406.4250896,8.69,running
1774367406.611562,8.70,running
1774367406.8175843,8.41,running
1774367406.9857032,8.44,running
1774367407.17088,8.19,running
1774367407.3581204,7.96,running
1774367407.5279016,8.68,running
1774367407.7266576,8.45,running
1774367407.908603,8.44,running
1774367408.093205,8.00,running
1774367408.262508,8.12,running
1774367408.4700484,8.41,running
1774367408.653785,8.14,running
1774367408.8420928,7.88,running
1774367409.009575,7.93,running
1774367409.177589,7.91,running
1774367409.3449895,8.07,running
1774367409.511491,7.90,running
1774367409.678321,7.88,running
1774367409.8446388,7.87,running
1774367410.0114858,7.94,running
1774367410.1778126,7.91,running
1774367410.3443925,7.90,running
1774367410.5107586,8.07,running
1774367410.677321,8.62,running
1774367410.8850486,8.42,running
1774367411.0748742,8.25,running
1774367411.2623038,8.62,running
1774367411.4409986,8.19,running
1774367411.630496,7.91,running
1774367411.799511,8.42,running
1774367411.9904103,8.54,running
1774367412.1783948,8.54,running
1774367412.3708467,8.61,running
1774367412.5678682,8.53,running
1774367412.7587018,8.20,running
1774367412.9472737,8.56,running
1774367413.1382895,8.39,running
1774367413.3312676,8.48,running
1774367413.5268826,8.91,running
1774367413.7156296,8.62,running
1774367413.9105022,8.58,running
1774367414.1040432,8.59,running
1774367414.2950954,8.41,running
1774367414.4788318,8.52,running
1774367414.6496272,8.53,running
1774367414.8432028,8.45,running
1774367415.0258455,8.61,running
1774367415.21943,8.44,running
1774367415.4077566,8.03,running
1774367415.606223,8.14,running
1774367415.774055,8.16,running
1774367415.9414096,8.17,running
1774367416.1087613,8.29,running
1774367416.2757568,8.16,running
1774367416.4429376,8.11,running
1774367416.6100633,8.11,running
1774367416.7773774,8.14,running
1774367416.9445488,8.25,running
1774367417.11176,8.16,running
1774367417.279455,8.17,running
1774367417.446381,8.16,running
1774367417.6136787,8.08,running
1774367417.7810414,8.31,running
1774367417.948017,8.14,running
1774367418.1178544,8.34,running
1774367418.2871232,8.14,running
1774367418.4558742,8.13,running
1774367418.6246023,8.11,running
1774367418.7934043,8.14,running
1774367418.9623375,8.22,running
1774367419.1316533,8.14,running
1774367419.3003566,8.28,running
1774367419.4688482,8.13,running
1774367419.6367617,8.29,running
1774367419.8079188,7.94,running
1774367419.9768631,8.14,running
1774367420.1488464,8.26,running
1774367420.3198051,8.13,running
1774367420.487531,8.14,running
1774367420.6588488,8.03,running
1774367420.830101,8.02,running
1774367420.9998028,8.02,running
1774367421.1702075,8.03,running
1774367421.340731,8.23,running
1774367421.5111125,8.00,running
1774367421.6813908,8.19,running
1774367421.854854,8.22,running
1774367422.0288131,8.22,running
1774367422.201515,8.29,running
1774367422.373346,8.20,running
1774367422.55195,8.00,running
1774367422.7204158,8.07,running
1774367422.8922021,8.03,running
1774367423.0605993,8.16,running
1774367423.2288334,8.00,running
1774367423.397395,8.22,running
1774367423.5689418,8.10,running
1774367423.7414963,8.10,running
1774367423.91185,8.11,running
1774367424.081249,8.07,running
1774367424.2502644,8.26,running
1774367424.4186027,8.11,running
1774367424.5898774,8.11,running
1774367424.7621026,8.10,running
1774367424.9328282,8.11,running
1774367425.1021883,8.03,running
1774367425.2702506,8.32,running
1774367425.4628441,8.13,running
1774367425.6420956,8.36,running
1774367425.8463657,8.38,running
1774367426.0344267,8.19,running
1774367426.2172158,7.90,running
1774367426.38472,7.87,running
1774367426.552699,7.87,running
1774367426.7190902,7.87,running
1774367426.8858192,7.88,running
1774367427.0519724,8.05,running
1774367427.2185845,7.82,running
1774367427.385069,7.88,running
1774367427.5515258,7.87,running
1774367427.718314,7.90,running
1774367427.884737,7.88,running
1774367428.0513072,7.87,running
1774367428.2175446,8.34,running
1774367428.4017859,8.39,running
1774367428.6106622,8.37,running
1774367428.802049,7.94,running
1774367428.9944887,8.67,running
1774367429.1852515,8.37,running
1774367429.3743534,8.34,running
1774367429.5664542,8.00,running
1774367429.7349072,8.54,running
1774367429.903292,8.39,running
1774367430.1224277,8.38,running
1774367430.3108842,8.35,running
1774367430.5023565,7.90,running
1774367430.684648,8.02,running
1774367430.8524098,7.87,running
1774367431.0205693,7.85,running
1774367431.1883094,7.85,running
1774367431.3552992,7.82,running
1774367431.5217266,7.84,running
1774367431.6884234,7.90,running
1774367431.8548243,8.07,running
1774367432.0241091,7.91,running
1774367432.192275,7.93,running
1774367432.3600757,7.82,running
1774367432.5269985,7.85,running
1774367432.6935756,7.94,running
1774367432.8602583,7.88,running
1774367433.0268538,8.61,running
1774367433.2192318,8.35,running
1774367433.3942392,8.34,running
1774367433.5772996,8.22,running
1774367433.7621784,7.99,running
1774367433.930547,8.59,running
1774367434.122709,8.44,running
1774367434.3063004,8.38,running
1774367434.498635,7.96,running
1774367434.6675417,8.21,running
1774367434.8818958,8.37,running
1774367435.0704243,8.19,running
1774367435.2622898,7.93,running
1774367435.4304664,8.08,running
1774367435.5988786,7.90,running
1774367435.7674599,8.61,running
1774367435.9702506,8.35,running
1774367436.1526718,8.31,running
1774367436.342872,7.91,running
1774367436.5231574,8.06,running
1774367436.7188146,7.90,running
1774367436.8874218,8.56,running
1774367437.0783534,8.04,running
1774367437.2675629,8.56,running
1774367437.455639,8.45,running
1774367437.6509922,8.65,running
1774367437.8426747,8.69,running
1774367438.0356033,8.48,running
1774367438.2262192,8.39,running
1774367438.415661,8.53,running
1774367438.6198277,8.59,running
1774367438.8104696,8.50,running
1774367438.9979122,8.62,running
1774367439.1865025,8.94,running
1774367439.3610253,8.51,running
1774367439.5588286,8.04,running
1774367439.746688,8.48,running
1774367439.942595,8.41,running
1774367440.1351764,8.56,running
1774367440.3227346,8.45,running
1774367440.507203,8.30,running
1774367440.6905057,8.05,running
1774367440.8606071,8.10,running
1774367441.029496,8.40,running
1774367441.1986167,8.19,running
1774367441.3674195,8.19,running
1774367441.5359938,8.19,running
1774367441.7046661,8.19,running
1774367441.8733616,8.17,running
1774367442.0422742,8.41,running
1774367442.211761,8.37,running
1774367442.3805525,8.19,running
1774367442.5490327,8.19,running
1774367442.7165499,8.18,running
1774367442.88424,8.22,running
1774367443.0519776,8.26,running
1774367443.2212894,8.22,running
1774367443.3893013,8.46,running
1774367443.556183,8.22,running
1774367443.7246788,8.14,running
1774367443.8919902,8.20,running
1774367444.0596166,8.20,running
1774367444.2271078,8.22,running
1774367444.3943322,8.17,running
1774367444.5617392,8.40,running
1774367444.729746,8.31,running
1774367444.8993733,8.28,running
1774367445.0689418,8.14,running
1774367445.2362819,8.08,running
1774367445.4053693,8.26,running
1774367445.5760472,8.16,running
1774367445.7448647,8.25,running
1774367445.9152603,8.11,running
1774367446.084599,8.11,running
1774367446.2545495,7.99,running
1774367446.4230034,8.23,running
1774367446.5966706,8.31,running
1774367446.7699049,8.15,running
1774367446.9425206,8.11,running
1774367447.114282,8.35,running
1774367447.2908375,8.03,running
1774367447.4588802,8.07,running
1774367447.6269314,8.05,running
1774367447.7950373,8.05,running
1774367447.9632804,8.13,running
1774367448.1322672,8.14,running
1774367448.300205,8.36,running
1774367448.469177,8.10,running
1774367448.6390047,8.07,running
1774367448.8094726,8.22,running
1774367448.980996,8.14,running
1774367449.1501324,8.28,running
1774367449.3178778,8.08,running
1774367449.4880483,8.17,running
1774367449.6591535,8.11,running
1774367449.830504,8.32,running
1774367450.0130186,8.37,running
1774367450.2060778,7.93,running
1774367450.3750176,7.95,running
1774367450.6065533,8.16,running
1774367450.7985299,8.15,running
1774367450.989941,7.94,running
1774367451.1574035,7.88,running
1774367451.3251276,7.85,running
1774367451.4913352,7.88,running
1774367451.6578915,7.90,running
1774367451.8240469,8.08,running
1774367451.9904146,7.84,running
1774367452.1567233,7.87,running
1774367452.3229394,7.85,running
1774367452.4907527,7.87,running
1774367452.6581504,7.88,running
1774367452.825852,7.87,running
1774367452.9929602,8.03,running
1774367453.160508,7.90,running
1774367453.343577,8.48,running
1774367453.5343869,8.34,running
1774367453.722403,8.40,running
1774367453.910188,7.94,running
1774367454.0795314,8.21,running
1774367454.2861204,8.34,running
1774367454.4693484,8.29,running
1774367454.6623816,7.97,running
1774367454.8309088,8.54,running
1774367455.0228257,8.17,running
1774367455.2109537,8.17,running
1774367455.3984563,8.41,running
1774367455.5812006,7.88,running
1774367455.7502837,7.87,running
1774367455.9181025,7.85,running
1774367456.085521,8.14,running
1774367456.252032,7.91,running
1774367456.4185936,7.94,running
1774367456.5852883,7.88,running
1774367456.7522023,7.87,running
1774367456.918693,7.85,running
1774367457.0854564,7.90,running
1774367457.2518861,8.14,running
1774367457.4185252,7.90,running
1774367457.5856202,7.88,running
1774367457.7521782,7.87,running
1774367457.919168,8.67,running
1774367458.1168997,8.40,running
1774367458.2982557,8.37,running
1774367458.490009,7.93,running
1774367458.6734774,7.97,running
1774367458.8418524,8.50,running
1774367459.038739,8.35,running
1774367459.2245893,8.35,running
1774367459.4107552,7.91,running
1774367459.5797627,8.33,running
1774367459.7836823,8.38,running
1774367459.9665098,8.32,running
1774367460.1581507,7.88,running
1774367460.3262527,8.11,running
1774367460.4943938,7.91,running
1774367460.6616917,7.91,running
1774367460.8304238,7.88,running
1774367460.9985912,7.87,running
1774367461.1656232,7.90,running
1774367461.3327653,8.65,running
1774367461.521858,8.24,running
1774367461.7104073,8.32,running
1774367461.8944287,8.70,running
1774367462.07266,8.17,running
1774367462.2635257,8.03,running
1774367462.4332125,8.36,running
1774367462.6265464,8.52,running
1774367462.7976944,8.48,running
1774367462.9912605,8.09,running
1774367463.1803002,8.47,running
1774367463.3750143,8.39,running
1774367463.5674777,8.35,running
1774367463.7587008,8.47,running
1774367463.9513319,8.62,running
1774367464.125516,8.38,running
1774367464.31985,8.57,running
1774367464.5114877,8.51,running
1774367464.702223,8.50,running
1774367464.8903213,8.53,running
1774367465.0787258,8.76,running
1774367465.2710278,8.38,running
1774367465.4583485,8.49,running
1774367465.6517987,8.62,running
1774367465.848567,8.72,running
1774367466.043832,8.31,running
1774367466.2406275,8.10,running
1774367466.4096859,8.29,running
1774367466.5773273,8.17,running
1774367466.7463262,8.19,running
1774367466.9156375,8.14,running
1774367467.083994,8.22,running
1774367467.2525604,8.13,running
1774367467.4200938,8.19,running
1774367467.5888338,8.32,running
1774367467.7579496,8.26,running
1774367467.926421,8.28,running
1774367468.1006875,8.08,running
1774367468.270147,8.16,running
1774367468.4378378,8.23,running
1774367468.6054034,8.17,running
1774367468.7727065,8.20,running
1774367468.9400008,8.14,running
1774367469.107882,8.44,running
1774367469.2753634,8.26,running
1774367469.442944,8.22,running
1774367469.610458,8.19,running
1774367469.7774544,8.22,running
1774367469.9448094,8.31,running
1774367470.1123424,8.34,running
1774367470.2806587,8.37,running
1774367470.4499831,8.36,running
1774367470.6199715,8.20,running
1774367470.7872791,8.25,running
1774367470.9562118,8.11,running
1774367471.1249697,8.26,running
1774367471.2951968,8.03,running
1774367471.4653983,8.08,running
1774367471.6357987,8.11,running
1774367471.8061862,8.13,running
1774367471.97662,8.47,running
1774367472.1469421,8.31,running
1774367472.3210392,8.25,running
1774367472.4946487,8.20,running
1774367472.667485,8.20,running
1774367472.841802,8.25,running
1774367473.0100284,8.13,running
1774367473.178506,8.08,running
1774367473.3470273,8.11,running
1774367473.5155332,8.20,running
1774367473.6872718,8.28,running
1774367473.8565907,8.44,running
1774367474.0300443,8.23,running
1774367474.1988091,8.13,running
1774367474.366922,8.20,running
1774367474.5354197,8.11,running
1774367474.7041883,8.14,running
1774367474.872546,8.28,running
1774367475.0412252,8.13,running
1774367475.2099946,7.94,running
1774367475.3788972,8.40,running
1774367475.5702474,7.93,running
1774367475.755042,8.15,running
1774367475.9776936,8.44,running
1774367476.1623752,8.31,running
1774367476.3545299,7.91,running
1774367476.5219772,7.87,running
1774367476.6897552,7.91,running
1774367476.8560312,8.10,running
1774367477.022625,7.93,running
1774367477.189507,7.85,running
1774367477.3561037,7.91,running
1774367477.5228817,7.91,running
1774367477.6892216,7.96,running
1774367477.855774,7.87,running
1774367478.0221982,8.00,running
1774367478.189018,8.42,running
1774367478.4067287,8.38,running
1774367478.5988476,7.99,running
1774367478.7820516,8.65,running
1774367478.984675,8.40,running
1774367479.174195,8.42,running
1774367479.3661075,8.03,running
1774367479.53454,7.93,running
1774367479.702966,8.69,running
1774367479.8927104,8.39,running
1774367480.0727196,8.42,running
1774367480.2628765,8.30,running
1774367480.4503121,7.99,running
1774367480.6189659,8.02,running
1774367480.7873454,7.97,running
1774367480.9558494,7.99,running
1774367481.1232479,8.62,running
1774367481.3159583,8.15,running
1774367481.5027957,8.36,running
1774367481.6942618,8.23,running
1774367481.878315,8.13,running
1774367482.0466294,8.54,running
1774367482.2222226,8.18,running
1774367482.4224763,8.35,running
1774367482.6097183,7.99,running
1774367482.790834,8.65,running
1774367482.9807284,8.40,running
1774367483.1706367,8.39,running
1774367483.3541777,7.93,running
1774367483.5218098,7.91,running
1774367483.6899118,7.90,running
1774367483.8591592,7.88,running
1774367484.0270593,7.90,running
1774367484.1934607,7.94,running
1774367484.360187,7.93,running
1774367484.526465,8.05,running
1774367484.6930754,7.88,running
1774367484.8617578,7.88,running
1774367485.0284843,7.88,running
1774367485.1955085,8.71,running
1774367485.3886044,8.40,running
1774367485.5618684,8.41,running
1774367485.7506618,8.02,running
1774367485.9197211,8.46,running
1774367486.1284509,8.19,running
1774367486.2997088,8.32,running
1774367486.490194,8.49,running
1774367486.674372,8.42,running
1774367486.8652313,8.06,running
1774367487.0592868,8.30,running
1774367487.251331,8.97,running
1774367487.4346218,8.29,running
1774367487.630493,8.44,running
1774367487.8230264,8.57,running
1774367488.0146987,8.57,running
1774367488.1992009,8.47,running
1774367488.3709784,8.56,running
1774367488.558251,8.09,running
1774367488.750464,8.61,running
1774367488.9422266,8.44,running
1774367489.131933,8.65,running
1774367489.3127878,8.62,running
1774367489.5081336,8.59,running
1774367489.6993227,8.61,running
1774367489.8902805,8.58,running
1774367490.0804968,8.19,running
1774367490.2472973,8.17,running
1774367490.4146426,8.11,running
1774367490.5821242,8.16,running
1774367490.749515,8.14,running
1774367490.917464,8.17,running
1774367491.084563,8.16,running
1774367491.251506,8.35,running
1774367491.4185681,8.13,running
1774367491.5864382,8.17,running
1774367491.7548487,8.13,running
1774367491.922597,8.16,running
1774367492.0899687,8.14,running
1774367492.25707,8.14,running
1774367492.4243681,8.26,running
1774367492.5917919,8.13,running
1774367492.7593815,8.13,running
1774367492.9266338,8.13,running
1774367493.0942733,8.13,running
1774367493.2613795,8.34,running
1774367493.4287624,8.11,running
1774367493.5964148,8.26,running
1774367493.7639773,8.17,running
1774367493.9315088,8.14,running
1774367494.098912,8.32,running
1774367494.2687583,8.25,running
1774367494.4379852,8.40,running
1774367494.6071718,8.24,running
1774367494.776045,8.08,running
1774367494.9464204,8.17,running
1774367495.1167223,8.03,running
1774367495.286241,8.34,running
1774367495.4566555,8.05,running
1774367495.6269102,8.13,running
1774367495.797326,7.90,running
1774367495.9665356,8.25,running
1774367496.140297,8.37,running
1774367496.3134615,8.13,running
1774367496.4859846,8.22,running
1774367496.6584466,8.03,running
1774367496.8305852,8.05,running
1774367496.9985929,8.20,running
1774367497.1668518,8.03,running
1774367497.3353007,8.10,running
1774367497.5035577,8.13,running
1774367497.6742566,8.17,running
1774367497.8449767,8.28,running
1774367498.015302,8.17,running
1774367498.1843748,8.19,running
1774367498.3524027,8.16,running
1774367498.5205953,8.07,running
1774367498.6885262,8.03,running
1774367498.8566957,8.19,running
1774367499.025064,8.23,running
1774367499.1936007,8.38,running
1774367499.38656,8.60,running
1774367499.5780778,8.60,running
1774367499.7458365,8.38,running
1774367499.9302115,8.35,running
1774367500.1220303,7.91,running
1774367500.30963,8.02,running
1774367500.4760337,7.87,running
1774367500.6426957,7.87,running
1774367500.8088553,7.88,running
1774367500.975349,7.90,running
1774367501.141426,8.08,running
1774367501.3077064,7.88,running
1774367501.4739487,7.93,running
1774367501.6402411,7.93,running
1774367501.8068206,7.90,running
1774367501.9730697,7.90,running
1774367502.1396217,8.64,running
1774367502.333454,8.29,running
1774367502.521379,8.25,running
1774367502.7104003,8.61,running
1774367502.8799782,8.18,running
1774367503.0742688,8.38,running
1774367503.2624578,8.00,running
1774367503.4500585,8.64,running
1774367503.6271324,7.91,running
1774367503.8219748,8.48,running
1774367504.0148163,8.43,running
1774367504.2063339,7.93,running
1774367504.3725731,8.10,running
1774367504.5389752,7.91,running
1774367504.7052994,7.94,running
1774367504.8719006,7.90,running
1774367505.0388832,7.90,running
1774367505.2056053,7.90,running
1774367505.3724778,7.90,running
1774367505.5388298,8.07,running
1774367505.705398,7.91,running
1774367505.8719542,7.90,running
1774367506.038598,7.90,running
1774367506.2055626,7.94,running
1774367506.3721316,7.90,running
1774367506.539103,8.33,running
1774367506.7356539,8.26,running
1774367506.9283895,8.49,running
1774367507.1187649,8.26,running
1774367507.3107057,8.17,running
1774367507.479613,8.53,running
1774367507.6838453,8.43,running
1774367507.870796,8.02,running
1774367508.0618615,8.71,running
1774367508.2619493,8.41,running
1774367508.4507318,8.45,running
1774367508.6340532,8.05,running
1774367508.8019364,7.88,running
1774367508.9700627,7.88,running
1774367509.13675,7.94,running
1774367509.3035898,7.91,running
1774367509.4700553,7.91,running
1774367509.6367853,7.84,running
1774367509.8032074,8.08,running
1774367509.9696245,7.90,running
1774367510.1365912,7.87,running
1774367510.3030393,7.94,running
1774367510.4700272,8.56,running
1774367510.6875296,8.44,running
1774367510.87869,7.99,running
1774367511.0700362,8.74,running
1774367511.2671516,8.17,running
1774367511.4385233,8.57,running
1774367511.6248646,8.50,running
1774367511.8230379,8.51,running
1774367512.0191832,8.73,running
1774367512.2076309,8.51,running
1774367512.4031541,8.56,running
1774367512.5948012,8.57,running
1774367512.7907615,8.62,running
1774367512.9789436,8.58,running
1774367513.157944,8.54,running
1774367513.3506587,8.50,running
1774367513.545148,8.57,running
1774367513.73498,8.90,running
1774367513.9339545,8.51,running
1774367514.1312485,8.07,running
1774367514.320349,8.53,running
1774367514.5112698,8.44,running
1774367514.707102,8.59,running
1774367514.898399,8.44,running
1774367515.0910935,8.20,running
1774367515.2782927,8.11,running
1774367515.4473712,8.26,running
1774367515.616188,8.19,running
1774367515.785499,8.19,running
1774367515.9545877,8.19,running
1774367516.1237578,8.13,running
1774367516.291862,8.22,running
1774367516.460769,8.16,running
1774367516.628461,8.32,running
1774367516.796133,8.19,running
1774367516.9647527,8.08,running
1774367517.1335523,8.08,running
1774367517.3008866,8.14,running
1774367517.4690263,8.17,running
1774367517.6379333,8.16,running
1774367517.8065157,8.35,running
1774367517.9751217,8.11,running
1774367518.1445117,8.31,running
1774367518.3134434,8.22,running
1774367518.4811797,8.14,running
1774367518.6496918,8.11,running
1774367518.8165727,8.11,running
1774367518.983955,8.23,running
1774367519.1513386,8.29,running
1774367519.3194983,8.31,running
1774367519.4891028,8.21,running
1774367519.657898,8.19,running
1774367519.8252728,8.10,running
1774367519.9948409,8.08,running
1774367520.165008,8.19,running
1774367520.335668,8.10,running
1774367520.5059464,8.05,running
1774367520.676287,8.08,running
1774367520.8461466,7.93,running
1774367521.015159,8.38,running
1774367521.1882637,8.23,running
1774367521.3617575,8.22,running
1774367521.5339653,8.23,running
1774367521.708356,8.13,running
1774367521.882693,8.03,running
1774367522.0522845,8.14,running
1774367522.2208033,8.02,running
1774367522.3890922,8.03,running
1774367522.5572546,8.05,running
1774367522.7258496,8.32,running
1774367522.894475,8.11,running
1774367523.0631447,8.07,running
1774367523.231955,8.17,running
1774367523.400734,8.14,running
1774367523.569085,8.14,running
1774367523.738667,8.17,running
1774367523.9081485,8.32,running
1774367524.0767965,7.88,running
1774367524.2448442,8.19,running
1774367524.4349122,8.00,running
1774367524.6197817,8.62,running
1774367524.8157191,8.40,running
1774367525.0027995,8.68,running
1774367525.1863708,7.93,running
1774367525.3543456,7.93,running
1774367525.5220068,8.14,running
1774367525.689863,7.91,running
1774367525.856779,7.91,running
1774367526.023549,7.87,running
1774367526.1905012,7.93,running
1774367526.3570726,7.96,running
1774367526.5239015,7.97,running
1774367526.6903577,8.68,running
1774367526.8653448,8.32,running
1774367527.060582,8.44,running
1774367527.2542095,7.97,running
1774367527.4391613,8.45,running
1774367527.6335742,8.38,running
1774367527.8224165,8.40,running
1774367528.0069335,8.17,running
1774367528.1753557,8.69,running
1774367528.3498578,8.47,running
1774367528.5657086,8.41,running
1774367528.7549098,8.41,running
1774367528.943096,7.90,running
1774367529.1299498,7.99,running
1774367529.296333,7.94,running
1774367529.4623485,8.08,running
1774367529.6285315,7.93,running
1774367529.7950249,7.91,running
1774367529.9611135,7.90,running
1774367530.1275513,7.88,running
1774367530.2934198,8.05,running
1774367530.4596114,7.91,running
1774367530.625712,7.91,running
1774367530.7918124,7.94,running
1774367530.958274,7.88,running
1774367531.1242616,7.88,running
1774367531.290649,7.90,running
1774367531.4565296,8.03,running
1774367531.622816,7.90,running
1774367531.7895207,7.91,running
1774367531.956386,8.72,running
1774367532.1720314,8.03,running
1774367532.3626761,8.49,running
1774367532.5460155,8.25,running
1774367532.7340708,8.17,running
1774367532.9024665,8.61,running
1774367533.071041,8.42,running
1774367533.2621024,8.38,running
1774367533.4547155,7.97,running
1774367533.638081,8.47,running
1774367533.8338988,8.40,running
1774367534.018681,8.39,running
1774367534.206091,7.90,running
1774367534.3841398,7.90,running
1774367534.5518026,7.90,running
1774367534.719687,7.88,running
1774367534.886316,7.88,running
1774367535.0679417,7.87,running
1774367535.235365,8.22,running
1774367535.4030159,7.88,running
1774367535.5695827,7.87,running
1774367535.7361653,7.81,running
1774367535.9030457,7.84,running
1774367536.06958,8.62,running
1774367536.2548518,8.34,running
1774367536.4394693,8.22,running
1774367536.6308014,7.94,running
1774367536.7992768,8.13,running
1774367536.995729,7.87,running
1774367537.1648154,8.57,running
1774367537.3541205,7.91,running
1774367537.5471487,8.64,running
1774367537.7431202,8.48,running
1774367537.9361477,8.47,running
1774367538.1317933,8.64,running
1774367538.3274765,8.61,running
1774367538.5231476,8.56,running
1774367538.7146115,8.36,running
1774367538.9074683,8.45,running
1774367539.0944474,8.50,running
1774367539.283821,8.48,running
1774367539.474617,8.34,running
1774367539.6567311,8.57,running
1774367539.849192,8.21,running
1774367540.0388238,8.64,running
1774367540.230767,8.88,running
1774367540.4193475,8.56,running
1774367540.6175773,8.44,running
1774367540.8108919,8.21,running
1774367541.0068161,8.00,running
1774367541.17653,8.13,running
1774367541.3449764,8.10,running
1774367541.5129635,8.16,running
1774367541.681833,8.13,running
1774367541.8492866,8.32,running
1774367542.0178065,8.17,running
1774367542.1868684,8.16,running
1774367542.35578,8.05,running
1774367542.5245743,8.16,running
1774367542.6926901,8.16,running
1774367542.8598056,8.16,running
1774367543.0275497,8.32,running
1774367543.1943502,8.17,running
1774367543.3624668,8.20,running
1774367543.5298703,8.16,running
1774367543.6971495,8.14,running
1774367543.8655417,8.17,running
1774367544.0335839,8.17,running
1774367544.2006192,8.31,running
1774367544.3678184,8.11,running
1774367544.535104,8.20,running
1774367544.7025557,8.20,running
1774367544.8699565,8.19,running
1774367545.0378785,8.22,running
1774367545.207484,8.25,running
1774367545.3772395,8.26,running
1774367545.544502,8.02,running
1774367545.710469,8.02,running
1774367545.880343,8.08,running
1774367546.0493855,8.02,running
1774367546.2197797,8.25,running
1774367546.3895483,8.03,running
1774367546.5592723,8.08,running
1774367546.7292016,7.90,running
1774367546.9016595,8.14,running
1774367547.0748594,8.31,running
1774367547.248349,8.13,running
1774367547.4200234,8.23,running
1774367547.5934055,8.07,running
1774367547.7615252,8.00,running
1774367547.929586,8.23,running
1774367548.0975213,8.00,running
1774367548.2655458,8.00,running
1774367548.4336154,8.03,running
1774367548.603761,8.16,running
1774367548.7747555,8.17,running
1774367548.9456427,8.17,running
1774367549.1168754,8.32,running
1774367549.2856433,8.14,running
1774367549.453892,8.11,running
1774367549.6239665,8.13,running
1774367549.7955558,8.13,running
1774367549.9672108,8.32,running
1774367550.1369846,8.40,running
1774367550.3139827,8.22,running
1774367550.4986398,8.02,running
1774367550.668889,8.50,running
1774367550.8655612,8.39,running
1774367551.0499983,8.37,running
1774367551.2341666,7.93,running
1774367551.4158416,7.91,running
1774367551.583489,8.02,running
1774367551.751011,7.87,running
1774367551.917501,7.87,running
1774367552.08432,7.84,running
1774367552.2513235,7.84,running
1774367552.4177594,7.85,running
1774367552.5845306,7.84,running
1774367552.7508862,8.02,running
1774367552.9174287,8.61,running
1774367553.1162517,8.20,running
1774367553.308817,8.19,running
1774367553.498268,8.25,running
1774367553.6779675,8.37,running
1774367553.8703632,8.34,running
1774367554.053836,7.93,running
1774367554.2419274,7.94,running
1774367554.410412,8.65,running
1774367554.606437,8.37,running
1774367554.789785,8.35,running
1774367554.9782705,8.38,running
1774367555.1615627,8.02,running
1774367555.333542,7.96,running
1774367555.5019176,7.88,running
1774367555.670127,7.87,running
1774367555.83736,7.90,running
1774367556.0043495,7.94,running
1774367556.171479,7.88,running
1774367556.3384516,7.94,running
1774367556.5055103,7.88,running
1774367556.6729681,7.85,running
1774367556.8401542,7.90,running
1774367557.007452,7.91,running
1774367557.1742034,8.05,running
1774367557.3412645,7.90,running
1774367557.5083961,7.88,running
1774367557.6754906,8.21,running
1774367557.8595626,8.19,running
1774367558.0345566,8.47,running
1774367558.2408535,8.32,running
1774367558.4262605,8.32,running
1774367558.6102297,7.96,running
1774367558.7788656,7.94,running
1774367558.9458933,8.41,running
1774367559.160104,8.33,running
1774367559.350199,7.91,running
1774367559.5335035,8.57,running
1774367559.731513,8.37,running
1774367559.9131436,8.41,running
1774367560.0932765,7.90,running
1774367560.276654,7.93,running
1774367560.442652,7.90,running
1774367560.6091387,7.94,running
1774367560.7750025,7.99,running
1774367560.9412205,7.90,running
1774367561.1072967,7.88,running
1774367561.2733266,7.84,running
1774367561.4398336,7.88,running
1774367561.6056871,7.87,running
1774367561.772106,7.90,running
1774367561.9379249,8.07,running
1774367562.1041355,7.88,running
1774367562.2707708,7.90,running
1774367562.4368188,8.70,running
1774367562.619067,8.42,running
1774367562.834081,8.41,running
1774367563.0224218,7.97,running
1774367563.2050543,8.65,running
1774367563.4019244,8.14,running
1774367563.5725167,8.61,running
1774367563.7415688,8.48,running
1774367563.9353292,8.64,running
1774367564.132159,8.88,running
1774367564.3234997,8.54,running
1774367564.518918,8.61,running
1774367564.711053,8.48,running
1774367564.9068701,8.36,running
1774367565.0963993,8.56,running
1774367565.290886,8.41,running
1774367565.474178,8.57,running
1774367565.6626086,8.52,running
1774367565.8546407,8.57,running
1774367566.043174,8.56,running
1774367566.2401047,8.07,running
1774367566.4355621,8.60,running
1774367566.624182,8.42,running
1774367566.8159392,8.56,running
1774367567.007023,8.38,running
1774367567.1918461,8.42,running
1774367567.386735,8.00,running
1774367567.5557957,8.19,running
1774367567.7241278,8.10,running
1774367567.8928375,8.13,running
1774367568.0615854,8.17,running
1774367568.2305164,8.14,running
1774367568.398128,8.32,running
1774367568.5654724,8.14,running
1774367568.7327514,8.25,running
1774367568.9018312,8.14,running
1774367569.0707889,8.11,running
1774367569.2383385,8.19,running
1774367569.405762,8.14,running
1774367569.5741498,8.23,running
1774367569.7430933,8.13,running
1774367569.912027,8.19,running
1774367570.0797431,8.13,running
1774367570.248891,8.16,running
1774367570.4176111,8.14,running
1774367570.5861046,8.08,running
1774367570.7537165,8.17,running
1774367570.9213192,8.17,running
1774367571.0887513,8.13,running
1774367571.257152,8.16,running
1774367571.4259171,8.26,running
1774367571.5960555,8.27,running
1774367571.7660444,8.14,running
1774367571.9351172,8.19,running
1774367572.102688,8.02,running
1774367572.2734828,8.08,running
1774367572.4450946,8.05,running
1774367572.6157918,8.05,running
1774367572.7866395,8.07,running
1774367572.9564326,8.03,running
1774367573.1278822,8.22,running
1774367573.2984333,8.17,running
1774367573.4729087,8.20,running
1774367573.646456,8.13,running
1774367573.818393,8.16,running
1774367573.9956114,8.22,running
1774367574.1672554,8.05,running
1774367574.336085,8.08,running
1774367574.5044606,8.03,running
1774367574.672878,8.03,running
1774367574.8412519,8.22,running
1774367575.0100915,8.11,running
1774367575.179096,8.07,running
1774367575.3478622,8.11,running
1774367575.5192046,8.19,running
1774367575.6889114,8.17,running
1774367575.8573477,8.05,running
1774367576.026398,8.23,running
1774367576.1987646,8.11,running
1774367576.370121,8.07,running
1774367576.5410316,7.97,running
1774367576.710147,8.44,running
1774367576.9024358,7.96,running
1774367577.0870156,8.44,running
1774367577.2776554,8.38,running
1774367577.4667513,8.17,running
1774367577.6583717,8.02,running
1774367577.8260882,7.84,running
1774367577.9940944,7.84,running
1774367578.1616457,7.85,running
1774367578.3284116,7.82,running
1774367578.4946406,7.82,running
1774367578.6612692,7.87,running
1774367578.8274217,7.90,running
1774367578.99389,7.85,running
1774367579.1607893,7.84,running
1774367579.3271291,7.84,running
1774367579.4938505,7.93,running
1774367579.6601386,7.93,running
1774367579.8391757,8.47,running
1774367580.0472293,8.41,running
1774367580.2386544,7.93,running
1774367580.420938,8.61,running
1774367580.6209714,8.38,running
1774367580.8057554,8.40,running
1774367580.9983287,7.88,running
1774367581.1666532,7.99,running
1774367581.3350914,8.65,running
1774367581.5355275,8.39,running
1774367581.7346392,8.50,running
1774367581.92602,8.26,running
1774367582.1142774,7.97,running
1774367582.282485,8.13,running
1774367582.4507902,7.94,running
1774367582.619238,8.66,running
1774367582.7870781,8.47,running
1774367583.0311112,8.41,running
1774367583.218081,8.37,running
1774367583.409775,8.00,running
1774367583.5766773,8.11,running
1774367583.7434754,8.59,running
1774367583.9424264,8.40,running
1774367584.1097348,8.34,running
1774367584.2985437,7.93,running
1774367584.4662468,8.20,running
1774367584.672296,8.35,running
1774367584.8581138,8.20,running
1774367585.0406332,7.85,running
1774367585.2072065,7.88,running
1774367585.3732781,7.87,running
1774367585.5397592,7.94,running
1774367585.7057204,7.96,running
1774367585.8721178,7.94,running
1774367586.0382,7.96,running
1774367586.204193,7.87,running
1774367586.3707087,7.90,running
1774367586.5367112,7.90,running
1774367586.7030656,7.93,running
1774367586.8689203,8.00,running
1774367587.0352132,7.88,running
1774367587.2020173,7.90,running
1774367587.3681195,8.68,running
1774367587.5726967,8.40,running
1774367587.7627506,8.23,running
1774367587.954042,8.57,running
1774367588.129042,8.14,running
1774367588.3191547,8.52,running
1774367588.497395,8.61,running
1774367588.6884253,8.44,running
1774367588.89509,8.62,running
1774367589.0864987,8.63,running
1774367589.2829707,8.35,running
1774367589.4746642,8.54,running
1774367589.6667943,8.57,running
1774367589.8581576,8.49,running
1774367590.0465932,8.53,running
1774367590.2425113,8.82,running
1774367590.436152,8.57,running
1774367590.6264312,8.32,running
1774367590.8241534,8.57,running
1774367591.0148456,8.07,running
1774367591.2113304,8.57,running
1774367591.4067678,8.48,running
1774367591.5947692,8.61,running
1774367591.790508,8.44,running
1774367591.9832022,8.30,running
1774367592.1647303,8.05,running
1774367592.3330357,8.17,running
1774367592.5001636,8.40,running
1774367592.6675353,8.14,running
1774367592.83537,8.20,running
1774367593.0027711,8.14,running
1774367593.170055,8.13,running
1774367593.3372977,8.11,running
1774367593.5063448,8.08,running
1774367593.6751277,8.28,running
1774367593.8440905,8.08,running
1774367594.0125885,8.11,running
1774367594.18032,8.13,running
1774367594.3489034,8.08,running
1774367594.5166485,8.20,running
1774367594.6848166,8.14,running
1774367594.8539917,8.28,running
1774367595.0227823,8.16,running
1774367595.1918404,8.03,running
1774367595.3597038,8.11,running
1774367595.5274022,8.14,running
1774367595.6949716,8.17,running
1774367595.8655891,8.13,running
1774367596.0339277,8.32,running
1774367596.2038314,8.28,running
1774367596.3750756,8.25,running
1774367596.5483873,8.19,running
1774367596.7174056,8.05,running
1774367596.8863611,8.00,running
1774367597.0565019,8.03,running
1774367597.2267811,8.17,running
1774367597.3968155,8.03,running
1774367597.567356,8.10,running
1774367597.7377493,7.91,running
1774367597.9065688,8.14,running
1774367598.0806372,8.35,running
1774367598.2545183,8.07,running
1774367598.4288218,8.34,running
1774367598.6089678,8.03,running
1774367598.7773564,8.07,running
1774367598.945696,8.10,running
1774367599.1139555,8.08,running
1774367599.2821548,8.08,running
1774367599.450361,8.07,running
1774367599.6195285,8.08,running
1774367599.7886667,8.14,running
1774367599.9572995,8.14,running
1774367600.1263485,8.22,running
1774367600.2950633,7.99,running
1774367600.470875,8.00,running
1774367600.6383955,8.35,running
1774367600.8469,8.16,running
1774367601.0392773,8.37,running
1774367601.23068,7.87,running
1774367601.421687,7.90,running
1774367601.5893674,7.88,running
1774367601.7572203,7.90,running
1774367601.92352,8.08,running
1774367602.091518,7.91,running
1774367602.2675767,8.48,running
1774367602.4639418,8.22,running
1774367602.6546962,8.36,running
1774367602.8542447,8.90,running
1774367603.04694,8.31,running
1774367603.2377424,7.87,running
1774367603.405892,7.85,running
1774367603.5737185,7.90,running
1774367603.740589,7.90,running
1774367603.9071636,8.34,running
1774367604.090401,8.39,running
1774367604.26422,8.10,running
1774367604.434157,8.50,running
1774367604.6395507,8.41,running
1774367604.8114176,8.57,running
1774367605.0028965,8.37,running
1774367605.195596,8.54,running
1774367605.3915353,8.20,running
1774367605.5862815,8.59,running
1774367605.7795823,8.56,running
1774367605.9753528,8.60,running
1774367606.1677651,8.44,running
1774367606.354924,8.50,running
1774367606.5432975,8.35,running
1774367606.7361705,8.44,running
1774367606.9351573,8.50,running
1774367607.1265633,8.48,running
1774367607.3173082,8.54,running
1774367607.5104573,8.69,running
1774367607.6977897,8.57,running
1774367607.8904514,8.32,running
1774367608.07877,7.97,running
1774367608.2619948,8.37,running
1774367608.428669,8.17,running
1774367608.5962791,8.13,running
1774367608.763502,8.16,running
1774367608.9307847,8.22,running
1774367609.0981495,8.23,running
1774367609.2656727,8.19,running
1774367609.4328508,8.29,running
1774367609.6002252,8.14,running
1774367609.768792,8.19,running
1774367609.9379635,8.19,running
1774367610.106732,8.20,running
1774367610.276062,8.26,running
1774367610.4444718,8.16,running
1774367610.6129868,8.38,running
1774367610.7806382,8.22,running
1774367610.948684,8.14,running
1774367611.1164117,8.23,running
1774367611.283371,8.23,running
1774367611.4506128,8.25,running
1774367611.6179545,8.16,running
1774367611.7850869,8.32,running
1774367611.952477,8.25,running
1774367612.1200855,8.37,running
1774367612.2895186,8.29,running
1774367612.45893,8.14,running
1774367612.628046,8.34,running
1774367612.7995856,8.26,running
1774367612.970401,8.40,running
1774367613.1425714,8.08,running
1774367613.3327997,8.20,running
1774367613.5020723,8.07,running
1774367613.6713507,8.17,running
1774367613.8408306,8.23,running
1774367614.0105376,8.17,running
1774367614.1839051,8.22,running
1774367614.359415,8.10,running
1774367614.530292,8.23,running
1774367614.7037215,8.29,running
1774367614.8760605,8.02,running
1774367615.0445945,8.08,running
1774367615.2129838,8.07,running
1774367615.3813086,8.02,running
1774367615.5496535,8.08,running
1774367615.7182722,8.19,running
1774367615.8869562,8.26,running
1774367616.0557966,8.10,running
1774367616.2246554,8.20,running
1774367616.3935595,8.16,running
1774367616.5795307,8.32,running
1774367616.7704449,8.25,running
1774367616.953255,8.62,running
1774367617.140798,8.47,running
1774367617.3165646,8.45,running
1774367617.5107481,8.14,running
1774367617.70218,7.96,running
1774367617.8704584,8.00,running
1774367618.0387852,8.70,running
1774367618.230204,8.41,running
1774367618.413714,8.34,running
1774367618.606341,8.61,running
1774367618.7921941,8.41,running
1774367618.9830425,8.38,running
1774367619.1746955,8.02,running
1774367619.3433042,8.68,running
1774367619.5369854,8.40,running
1774367619.726284,8.41,running
1774367619.9187472,7.88,running
1774367620.1002648,7.94,running
1774367620.2676551,7.91,running
1774367620.435265,7.90,running
1774367620.6014674,8.11,running
1774367620.7678118,7.91,running
1774367620.934673,7.91,running
1774367621.1009252,7.90,running
1774367621.268558,7.96,running
1774367621.4346952,7.97,running
1774367621.6011536,7.93,running
1774367621.7673645,7.97,running
1774367621.9336312,7.90,running
1774367622.10039,7.88,running
1774367622.2667005,7.93,running
1774367622.433506,7.90,running
1774367622.599587,8.05,running
1774367622.7660186,8.59,running
1774367622.955382,8.44,running
1774367623.1508784,8.42,running
1774367623.3335125,8.26,running
1774367623.5221665,8.60,running
1774367623.709309,8.14,running
1774367623.90742,8.76,running
1774367624.0856884,8.48,running
1774367624.2703624,8.50,running
1774367624.4582298,8.57,running
1774367624.6502542,8.72,running
1774367624.838913,8.47,running
1774367625.034664,8.07,running
1774367625.2236903,8.35,running
1774367625.4181569,8.35,running
1774367625.611093,8.54,running
1774367625.8066015,8.47,running
1774367625.9952672,8.54,running
1774367626.1874762,8.84,running
1774367626.3795328,8.32,running
1774367626.5697336,8.56,running
1774367626.7590392,8.54,running
1774367626.954701,8.50,running
1774367627.1462884,8.54,running
1774367627.3165593,8.54,running
1774367627.50259,8.11,running
1774367627.6944776,8.08,running
1774367627.877018,8.11,running
1774367628.0445845,8.14,running
1774367628.2114244,8.14,running
1774367628.3786457,8.11,running
1774367628.5460162,8.14,running
1774367628.7135851,8.19,running
1774367628.8807418,8.32,running
1774367629.0481331,8.11,running
1774367629.2157857,8.17,running
1774367629.3826559,8.11,running
1774367629.5497925,8.10,running
1774367629.7173314,8.22,running
1774367629.8861387,8.19,running
1774367630.055649,8.31,running
1774367630.2232795,8.16,running
1774367630.3912823,8.17,running
1774367630.5587955,8.22,running
1774367630.726277,8.14,running
1774367630.8936512,8.31,running
1774367631.0612829,8.14,running
1774367631.2284942,8.17,running
1774367631.3954585,8.05,running
1774367631.5629218,8.10,running
1774367631.7304218,8.25,running
1774367631.9020464,8.26,running
1774367632.0718915,8.40,running
1774367632.241098,8.11,running
1774367632.4137049,8.07,running
1774367632.5831466,8.03,running
1774367632.7527394,8.14,running
1774367632.9223926,8.20,running
1774367633.092204,8.07,running
1774367633.2613926,8.10,running
1774367633.4318764,8.07,running
1774367633.602916,8.20,running
1774367633.7772813,8.20,running
1774367633.9503818,8.25,running
1774367634.1230419,8.29,running
1774367634.2951744,8.05,running
1774367634.4698937,8.02,running
1774367634.6380656,8.07,running
1774367634.8060598,8.26,running
1774367634.9741957,8.26,running
1774367635.1422558,8.19,running
1774367635.3135676,8.22,running
1774367635.4852607,8.13,running
1774367635.6550274,8.16,running
1774367635.8245132,8.10,running
1774367635.9925215,8.19,running
1774367636.1622975,8.28,running
1774367636.3336487,8.17,running
1774367636.5032046,8.11,running
1774367636.6728203,8.16,running
1774367636.8426106,8.08,running
1774367637.01206,8.39,running
1774367637.2022743,8.28,running
1774367637.390504,8.59,running
1774367637.5684218,8.37,running
1774367637.7584631,8.40,running
1774367637.942543,7.91,running
1774367638.1338456,7.91,running
1774367638.301448,7.87,running
1774367638.4694092,7.87,running
1774367638.6358597,7.93,running
1774367638.8027015,7.90,running
1774367638.9690413,8.08,running
1774367639.1355314,7.88,running
1774367639.3021061,7.90,running
1774367639.4688268,7.88,running
1774367639.6360028,7.88,running
1774367639.8024182,8.68,running
1774367639.9936838,8.40,running
1774367640.1780038,8.25,running
1774367640.3616705,8.67,running
1774367640.537948,8.43,running
1774367640.7342577,8.39,running
1774367640.918037,7.93,running
1774367641.1059563,7.96,running
1774367641.2744415,8.70,running
1774367641.485607,8.45,running
1774367641.6566172,8.40,running
1774367641.8420668,8.40,running
1774367642.0302866,7.90,running
1774367642.2000587,7.93,running
1774367642.3674133,7.91,running
1774367642.5351245,7.91,running
1774367642.7012687,8.05,running
1774367642.8675504,7.93,running
1774367643.0343118,7.88,running
1774367643.2007387,7.87,running
1774367643.3675992,7.88,running
1774367643.5343313,7.88,running
1774367643.701106,7.87,running
1774367643.8678415,7.97,running
1774367644.034989,7.88,running
1774367644.2023153,7.87,running
1774367644.3691807,7.84,running
1774367644.536403,7.87,running
1774367644.7032201,7.87,running
1774367644.8703299,7.88,running
1774367645.0370634,8.03,running
1774367645.2042975,8.49,running
1774367645.3994956,8.69,running
1774367645.5769644,8.16,running
1774367645.7628155,8.39,running
1774367645.9507766,8.32,running
1774367646.1421409,7.94,running
1774367646.3115253,8.62,running
1774367646.4853384,8.01,running
1774367646.682394,8.37,running
1774367646.87086,7.93,running
1774367647.0425212,8.11,running
1774367647.2580762,8.36,running
1774367647.4505763,8.26,running
1774367647.6416502,7.90,running
1774367647.8083887,7.88,running
1774367647.9758434,7.93,running
1774367648.1436455,7.88,running
1774367648.3098288,7.99,running
1774367648.4763129,7.88,running
1774367648.64269,7.96,running
1774367648.8090427,7.84,running
1774367648.9758391,7.88,running
1774367649.1421573,7.87,running
1774367649.3088734,7.91,running
1774367649.4750955,7.91,running
1774367649.6416345,7.87,running
1774367649.8083346,8.48,running
1774367650.0269678,8.38,running
1774367650.2146566,8.28,running
1774367650.3985682,8.64,running
1774367650.5667202,8.17,running
1774367650.7503867,8.63,running
1774367650.942044,8.64,running
1774367651.130625,8.65,running
1774367651.326514,8.42,running
1774367651.5185242,8.62,running
1774367651.71142,8.42,running
1774367651.8986623,8.35,running
1774367652.0997283,8.47,running
1774367652.2904878,8.44,running
1774367652.4815896,8.53,running
1774367652.6750095,8.52,running
1774367652.8635895,8.59,running
1774367653.0591807,8.22,running
1774367653.2504127,8.57,running
1774367653.438623,8.41,running
1774367653.630507,8.56,running
1774367653.8239815,8.42,running
1774367654.0187852,8.62,running
1774367654.2117412,8.56,running
1774367654.4049964,8.07,running
1774367654.5986612,8.28,running
1774367654.7672653,8.20,running
1774367654.9350262,8.17,running
1774367655.1022594,8.16,running
1774367655.2716782,8.20,running
1774367655.4404802,8.17,running
1774367655.6084793,8.13,running
1774367655.7767947,8.37,running
1774367655.945851,8.19,running
1774367656.1142278,8.32,running
1774367656.2832453,8.17,running
1774367656.4527209,8.19,running
1774367656.621577,8.20,running
1774367656.7903094,8.20,running
1774367656.9583738,8.14,running
1774367657.1266406,8.22,running
1774367657.2951941,8.43,running
1774367657.4630263,8.20,running
1774367657.630374,8.17,running
1774367657.7993605,8.14,running
1774367657.9683135,8.13,running
1774367658.1367106,8.03,running
1774367658.304289,8.16,running
1774367658.4736753,8.37,running
1774367658.6424212,8.14,running
1774367658.8113377,8.35,running
1774367658.9791956,8.22,running
1774367659.148077,8.20,running
1774367659.317698,8.17,running
1774367659.4867563,8.22,running
1774367659.6548178,8.17,running
1774367659.823186,8.17,running
1774367659.9921556,8.34,running
1774367660.1600838,8.19,running
1774367660.3279583,8.20,running
1774367660.4973888,8.16,running
1774367660.6667547,8.16,running
1774367660.8347788,8.17,running
1774367661.004095,8.08,running
1774367661.1739738,8.38,running
1774367661.3440707,8.20,running
1774367661.5142763,8.23,running
1774367661.6841245,8.23,running
1774367661.853612,8.17,running
1774367662.0225353,8.14,running
1774367662.1963193,8.08,running
1774367662.3682299,8.20,running
1774367662.539506,8.11,running
1774367662.7130978,8.25,running
1774367662.8872893,8.10,running
1774367663.0588744,8.14,running
1774367663.2304235,8.20,running
1774367663.402944,8.16,running
1774367663.5758095,8.28,running
1774367663.7457137,8.19,running
1774367663.915315,8.17,running
1774367664.0844371,8.05,running
1774367664.256991,8.08,running
1774367664.442646,8.22,running
1774367664.6261735,8.14,running
1774367664.8081462,8.08,running
1774367664.9785774,8.05,running
1774367665.148504,8.08,running
1774367665.318524,8.03,running
1774367665.4889185,8.29,running
1774367665.6592185,8.08,running
1774367665.828688,8.02,running
1774367665.9986467,8.08,running
1774367666.1683135,8.08,running
1774367666.338262,8.13,running
1774367666.5085092,7.99,running
1774367666.6769018,8.20,running
1774367666.845891,8.23,running
1774367667.0193748,8.17,running
1774367667.1930735,8.29,running
1774367667.364454,8.22,running
1774367667.536115,8.19,running
1774367667.7056127,8.17,running
1774367667.8772979,8.22,running
1774367668.0485258,8.37,running
1774367668.2231486,8.07,running
1774367668.3955133,8.08,running
1774367668.5636659,8.11,running
1774367668.7317622,8.11,running
1774367668.8998346,8.02,running
1774367669.0682404,8.08,running
1774367669.2377534,8.16,running
1774367669.4076345,8.03,running
1774367669.5762184,8.08,running
1774367669.7474682,8.19,running
1774367669.9179425,8.17,running
1774367670.0872486,8.08,running
1774367670.2568455,8.08,running
1774367670.4293492,8.20,running
1774367670.5986183,8.11,running
1774367670.7690885,8.13,running
1774367670.9399548,8.03,running
1774367671.1093261,8.03,running
1774367671.281051,8.22,running
1774367671.4529762,8.07,running
1774367671.6230633,8.13,running
1774367671.7939825,8.07,running
1774367671.963589,8.08,running
1774367672.1354284,8.25,running
1774367672.3054988,8.13,running
1774367672.4758399,8.20,running
1774367672.6458883,8.08,running
1774367672.8153224,8.02,running
1774367672.9865568,8.16,running
1774367673.1567314,8.13,running
1774367673.3267932,8.23,running
1774367673.4986584,8.07,running
1774367673.6681895,8.25,running
1774367673.8660614,8.25,running
1774367674.0544198,8.32,running
1774367674.2446318,7.91,running
1774367674.4385784,8.31,running
1774367674.6302764,8.42,running
1774367674.8136683,7.90,running
1774367674.9812975,7.88,running
1774367675.1493032,7.91,running
1774367675.315662,8.08,running
1774367675.4839985,7.88,running
1774367675.65061,7.87,running
1774367675.8172598,7.81,running
1774367675.984191,7.79,running
1774367676.150791,7.85,running
1774367676.3175504,7.85,running
1774367676.486618,7.99,running
1774367676.653233,7.82,running
1774367676.81985,7.81,running
1774367676.986503,8.58,running
1774367677.1994755,8.34,running
1774367677.3784177,8.31,running
1774367677.5704613,7.85,running
1774367677.751705,8.62,running
1774367677.9707496,8.29,running
1774367678.1620116,8.35,running
1774367678.3463547,7.88,running
1774367678.5144217,7.91,running
1774367678.6829576,8.61,running
1774367678.8737803,8.29,running
1774367679.0600955,8.34,running
1774367679.2545335,8.19,running
1774367679.4458668,7.82,running
1774367679.613875,7.87,running
1774367679.7818,7.85,running
1774367679.9489572,7.85,running
1774367680.1159549,7.87,running
1774367680.2829754,7.91,running
1774367680.4496515,8.00,running
1774367680.6165664,7.82,running
1774367680.7834163,7.84,running
1774367680.9503434,8.56,running
1774367681.1430738,8.38,running
1774367681.345797,8.41,running
1774367681.5342197,8.25,running
1774367681.7264583,8.00,running
1774367681.8948793,8.55,running
1774367682.0632088,8.04,running
1774367682.2704349,8.41,running
1774367682.458754,8.22,running
1774367682.6503124,8.08,running
1774367682.827565,8.57,running
1774367683.0230522,8.26,running
1774367683.2139757,8.40,running
1774367683.4026964,8.43,running
1774367683.5902014,7.90,running
1774367683.774273,7.91,running
1774367683.9421573,7.94,running
1774367684.1102653,7.91,running
1774367684.276965,8.07,running
1774367684.4439228,7.93,running
1774367684.611075,7.88,running
1774367684.7779934,7.90,running
1774367684.9450116,7.91,running
1774367685.1118298,7.88,running
1774367685.2787275,8.72,running
1774367685.4555047,8.67,running
1774367685.6691453,8.41,running
1774367685.835998,8.40,running
1774367686.0263522,7.97,running
1774367686.2182827,7.97,running
1774367686.3868299,8.65,running
1774367686.5847633,8.44,running
1774367686.769617,8.38,running
1774367686.9580264,7.96,running
1774367687.1298525,7.99,running
1774367687.2984397,8.67,running
1774367687.5048072,8.42,running
1774367687.690016,8.47,running
1774367687.8826976,8.32,running
1774367688.0744622,8.00,running
1774367688.242777,7.93,running
1774367688.4107602,8.07,running
1774367688.5788467,8.00,running
1774367688.7456903,7.91,running
1774367688.9127316,8.03,running
1774367689.0804093,8.05,running
1774367689.2474914,7.96,running
1774367689.4144773,7.94,running
1774367689.5812585,8.66,running
1774367689.7576735,8.26,running
1774367689.9464552,8.41,running
1774367690.1384933,7.94,running
1774367690.320793,8.05,running
1774367690.4956121,8.71,running
1774367690.6927838,8.44,running
1774367690.874193,8.39,running
1774367691.057636,8.00,running
1774367691.2429304,8.68,running
1774367691.436301,8.46,running
1774367691.623775,8.37,running
1774367691.8147743,8.23,running
1774367691.9981296,7.99,running
1774367692.166618,7.96,running
1774367692.3350732,8.17,running
1774367692.5223937,8.41,running
1774367692.7546098,8.41,running
1774367692.9465418,8.22,running
1774367693.1307216,7.94,running
1774367693.29978,8.45,running
1774367693.5186014,8.17,running
1774367693.6895108,8.11,running
1774367693.8589756,8.61,running
1774367694.0521727,8.42,running
1774367694.2472343,8.62,running
1774367694.4421766,8.42,running
1774367694.6367006,8.64,running
1774367694.827362,8.50,running
1774367695.0224712,8.48,running
1774367695.2101107,8.42,running
1774367695.3936648,8.73,running
1774367695.588832,8.56,running
1774367695.7859473,8.06,running
1774367695.9794972,8.48,running
1774367696.1706831,8.09,running
1774367696.3633778,8.44,running
1774367696.5600405,8.41,running
1774367696.751057,8.61,running
1774367696.9216495,8.29,running
1774367697.10707,8.62,running
1774367697.2992897,8.55,running
1774367697.4863913,8.50,running
1774367697.6677804,8.59,running
1774367697.8543885,8.05,running
1774367698.0519674,8.29,running
1774367698.2427275,8.29,running
1774367698.438472,8.45,running
1774367698.627031,8.45,running
1774367698.8199656,8.57,running
1774367698.9962726,8.57,running
1774367699.190743,8.76,running
1774367699.3871088,8.50,running
1774367699.5706775,8.36,running
1774367699.7635424,8.42,running
1774367699.9518259,8.48,running
1774367700.141353,8.00,running
1774367700.30964,8.14,running
1774367700.4805267,8.11,running
1774367700.6481364,8.23,running
1774367700.8156927,8.11,running
1774367700.9829762,8.03,running
1774367701.150547,8.10,running
1774367701.3197904,8.10,running
1774367701.4875119,8.25,running
1774367701.6553504,8.13,running
1774367701.8244336,8.16,running
1774367701.9929943,8.08,running
1774367702.1614509,8.13,running
1774367702.3310025,8.20,running
1774367702.4983966,8.17,running
1774367702.665762,8.32,running
1774367702.8326194,8.08,running
1774367702.9997602,8.14,running
1774367703.167232,8.11,running
1774367703.334889,8.13,running
1774367703.502247,8.13,running
1774367703.6695414,8.08,running
1774367703.836769,8.22,running
1774367704.0039442,8.03,running
1774367704.1712558,8.11,running
1774367704.3388731,8.23,running
1774367704.508077,8.20,running
1774367704.6774645,8.13,running
1774367704.8444064,8.11,running
1774367705.0119727,8.22,running
1774367705.1794205,8.05,running
1774367705.3489366,8.03,running
1774367705.5183194,8.03,running
1774367705.6883175,8.07,running
1774367705.8588102,8.11,running
1774367706.0280678,8.19,running
1774367706.1977038,8.25,running
1774367706.3711493,8.17,running
1774367706.5457346,8.17,running
1774367706.719244,8.22,running
1774367706.8932137,7.99,running
1774367707.0617616,8.03,running
1774367707.230116,8.00,running
1774367707.3985078,8.07,running
1774367707.5669253,8.23,running
1774367707.7386951,8.11,running
1774367707.9103954,8.11,running
1774367708.08115,8.17,running
1774367708.2507758,8.14,running
1774367708.420023,8.14,running
1774367708.588447,8.11,running
1774367708.7596896,8.28,running
1774367708.9314988,8.13,running
1774367709.1038222,8.11,running
1774367709.2754643,7.87,running
1774367709.4445446,8.38,running
1774367709.630531,8.25,running
1774367709.8226051,8.66,running
1774367709.9908073,8.39,running
1774367710.1783857,8.40,running
1774367710.3622086,8.19,running
1774367710.5446591,7.84,running
1774367710.7119403,7.94,running
1774367710.8795028,7.88,running
1774367711.045925,7.97,running
1774367711.2122774,7.84,running
1774367711.3795037,7.84,running
1774367711.5462043,7.88,running
1774367711.7132285,7.91,running
1774367711.8796635,8.08,running
1774367712.046643,7.90,running
1774367712.2134535,7.93,running
1774367712.3802676,7.85,running
1774367712.5474215,7.88,running
1774367712.7141368,7.87,running
1774367712.881279,8.38,running
1774367713.048154,8.64,running
1774367713.2345257,8.23,running
1774367713.4090333,8.38,running
1774367713.59878,7.94,running
1774367713.76773,7.97,running
1774367713.9944916,8.22,running
1774367714.1862545,8.20,running
1774367714.3743255,7.96,running
1774367714.5439816,7.94,running
1774367714.7139387,8.16,running
1774367714.8889291,8.12,running
1774367715.0785718,8.39,running
1774367715.2703114,8.40,running
1774367715.4626472,7.87,running
1774367715.6502793,7.85,running
1774367715.8176763,8.03,running
1774367715.9852874,7.93,running
1774367716.1516485,7.87,running
1774367716.3183062,7.91,running
1774367716.4856284,7.88,running
1774367716.6525528,7.90,running
1774367716.8197892,7.88,running
1774367716.986627,7.97,running
1774367717.1536477,7.87,running
1774367717.3208961,7.90,running
1774367717.4878385,7.85,running
1774367717.6551414,7.85,running
1774367717.8218875,7.85,running
1774367717.9889932,7.85,running
1774367718.1556737,8.03,running
1774367718.3226094,7.87,running
1774367718.4896286,8.66,running
1774367718.6574233,8.14,running
1774367718.8323712,8.15,running
1774367719.046514,8.29,running
1774367719.234334,8.41,running
1774367719.4176614,7.93,running
1774367719.5866604,8.08,running
1774367719.767581,8.20,running
1774367719.956038,8.41,running
1774367720.1863058,8.35,running
1774367720.3785543,7.99,running
1774367720.570554,8.67,running
1774367720.769115,8.38,running
1774367720.9581907,8.35,running
1774367721.141321,8.02,running
1774367721.30897,7.85,running
1774367721.476992,7.82,running
1774367721.64348,7.82,running
1774367721.8103077,7.84,running
1774367721.9770956,7.93,running
1774367722.144233,7.84,running
1774367722.3109875,7.97,running
1774367722.4780073,7.84,running
1774367722.6452706,7.85,running
1774367722.8122387,7.79,running
1774367722.9794939,7.85,running
1774367723.1462703,7.84,running
1774367723.313623,8.03,running
1774367723.5042868,8.07,running
1774367723.7307775,8.34,running
1774367723.9223702,7.94,running
1774367724.1049435,8.70,running
1774367724.3010995,8.13,running
1774367724.4720306,8.48,running
1774367724.658927,8.03,running
1774367724.851316,8.56,running
1774367725.0231583,8.35,running
1774367725.2153795,8.53,running
1774367725.4115582,8.48,running
1774367725.6029062,8.45,running
1774367725.7902503,8.50,running
1774367725.982335,8.47,running
1774367726.1709273,8.48,running
1774367726.3625627,8.11,running
1774367726.5543404,8.41,running
1774367726.7378583,8.44,running
1774367726.9283447,8.55,running
1774367727.123685,8.30,running
1774367727.3166168,8.51,running
1774367727.5113912,8.41,running
1774367727.6987033,8.40,running
1774367727.8819492,8.53,running
1774367728.0711823,8.72,running
1774367728.2581627,7.79,running
1774367728.429189,8.07,running
1774367728.5976157,8.22,running
1774367728.766256,8.05,running
1774367728.933956,8.10,running
1774367729.1019719,8.10,running
1774367729.2710316,8.11,running
1774367729.43991,8.03,running
1774367729.608456,7.97,running
1774367729.7763307,8.03,running
1774367729.943866,8.07,running
1774367730.1118164,8.23,running
1774367730.2813642,8.03,running
1774367730.4499686,7.97,running
1774367730.61806,7.97,running
1774367730.7873785,8.10,running
1774367730.9566877,8.03,running
1774367731.125436,8.07,running
1774367731.2942588,8.17,running
1774367731.4628723,8.02,running
1774367731.631657,8.05,running
1774367731.7996325,8.08,running
1774367731.9676766,8.07,running
1774367732.135418,8.10,running
1774367732.3045125,8.20,running
1774367732.4761963,8.22,running
1774367732.6475194,8.08,running
1774367732.8162103,8.25,running
1774367732.9835525,8.03,running
1774367733.1519911,8.03,running
1774367733.3228984,7.97,running
1774367733.4934967,8.03,running
1774367733.6644807,8.13,running
1774367733.8352187,7.84,running
1774367734.0045855,8.23,running
1774367734.1782966,8.24,running
1774367734.3522642,8.11,running
1774367734.5248134,8.34,running
1774367734.7048578,8.00,running
1774367734.8732126,8.00,running
1774367735.0414784,8.00,running
1774367735.2098005,8.29,running
1774367735.3895335,8.03,running
1774367735.5619397,8.02,running
1774367735.731117,8.20,running
1774367735.9008331,8.08,running
1774367736.0712636,8.13,running
1774367736.2418756,8.10,running
1774367736.4146917,8.10,running
1774367736.5842817,8.02,running
1774367736.752369,8.03,running
1774367736.9226887,8.26,running
1774367737.0937088,8.07,running
1774367737.2653198,8.37,running
1774367737.4334536,8.38,running
1774367737.6186886,7.94,running
1774367737.78763,8.17,running
1774367738.002027,8.33,running
1774367738.1867733,8.17,running
1774367738.373847,7.87,running
1774367738.5410972,7.99,running
1774367738.7085848,7.87,running
1774367738.8751836,7.88,running
1774367739.0414774,7.90,running
1774367739.208124,7.85,running
1774367739.3742871,7.85,running
1774367739.540812,7.87,running
1774367739.7069077,7.99,running
1774367739.8732474,7.87,running
1774367740.0413918,7.90,running
1774367740.2088597,7.85,running
1774367740.376703,7.81,running
1774367740.5428193,7.88,running
1774367740.7093506,8.68,running
1774367740.908491,8.37,running
1774367741.0871038,8.38,running
1774367741.2704248,7.93,running
1774367741.4396353,8.06,running
1774367741.6499832,8.37,running
1774367741.842172,7.93,running
1774367742.0253065,7.88,running
1774367742.1939106,8.61,running
1774367742.3908596,8.35,running
1774367742.573325,8.40,running
1774367742.7627943,8.38,running
1774367742.9507363,8.00,running
1774367743.118442,7.87,running
1774367743.2861333,7.90,running
1774367743.4526026,7.84,running
1774367743.619359,7.91,running
1774367743.7858677,7.84,running
1774367743.9526262,7.84,running
1774367744.1189709,8.07,running
1774367744.285471,7.88,running
1774367744.4520643,7.85,running
1774367744.6186152,7.88,running
1774367744.785445,7.88,running
1774367744.9519863,7.90,running
1774367745.1186485,8.66,running
1774367745.2865624,8.61,running
1774367745.4852364,8.39,running
1774367745.6600087,8.32,running
1774367745.8505955,7.90,running
1774367746.03389,7.87,running
1774367746.2022924,8.54,running
1774367746.401745,8.28,running
1774367746.590188,8.17,running
1774367746.7782502,8.07,running
1774367746.9654126,7.94,running
1774367747.154416,8.27,running
1774367747.3421562,8.13,running
1774367747.524443,7.87,running
1774367747.6907027,7.87,running
1774367747.857246,7.91,running
1774367748.0232408,8.03,running
1774367748.1896105,7.88,running
1774367748.3559053,7.87,running
1774367748.522168,7.82,running
1774367748.6887293,7.84,running
1774367748.8548148,7.82,running
1774367749.0212438,7.84,running
1774367749.1872153,8.05,running
1774367749.3535635,8.59,running
1774367749.5653033,8.37,running
1774367749.7544045,8.32,running
1774367749.9461427,8.64,running
1774367750.1141927,8.11,running
1774367750.30636,8.49,running
1774367750.495919,8.73,running
1774367750.6864603,8.64,running
1774367750.8750145,8.32,running
1774367751.059078,8.56,running
1774367751.2509542,8.52,running
1774367751.4187422,8.52,running
1774367751.6121154,8.54,running
1774367751.8065722,8.09,running
1774367751.9985766,8.61,running
1774367752.1864486,8.44,running
1774367752.3826427,8.50,running
1774367752.5747123,8.40,running
1774367752.7668273,8.50,running
1774367752.9591758,8.60,running
1774367753.1468854,8.59,running
1774367753.3388743,8.51,running
1774367753.5304325,8.43,running
1774367753.69958,8.55,running
1774367753.890316,8.29,running
1774367754.0797758,8.02,running
1774367754.2608783,8.10,running
1774367754.4277458,8.31,running
1774367754.5959659,8.13,running
1774367754.764723,8.13,running
1774367754.9321868,8.16,running
1774367755.09979,8.13,running
1774367755.267288,8.17,running
1774367755.434363,8.16,running
1774367755.601438,8.22,running
1774367755.7695463,8.11,running
1774367755.936818,8.14,running
1774367756.1042593,8.17,running
1774367756.2714028,8.13,running
1774367756.438486,8.19,running
1774367756.605569,8.07,running
1774367756.7734084,8.38,running
1774367756.940654,8.14,running
1774367757.1082938,8.17,running
1774367757.2757146,8.16,running
1774367757.442555,8.05,running
1774367757.6098688,8.13,running
1774367757.7775655,8.14,running
1774367757.9447386,8.34,running
1774367758.111994,8.26,running
1774367758.2804642,8.28,running
1774367758.4503381,8.11,running
1774367758.6192722,8.14,running
1774367758.786878,8.03,running
1774367758.9548972,8.13,running
1774367759.123525,8.19,running
1774367759.2931871,8.08,running
1774367759.463421,8.14,running
1774367759.6335685,8.00,running
1774367759.803817,8.17,running
1774367759.9774451,8.34,running
1774367760.1507223,8.10,running
1774367760.323656,8.23,running
1774367760.502593,8.02,running
1774367760.6705825,8.03,running
1774367760.838701,8.60,running
1774367761.0066364,8.08,running
1774367761.1745298,8.03,running
1774367761.342633,8.08,running
1774367761.5121706,8.11,running
1774367761.681193,8.20,running
1774367761.8506088,8.13,running
1774367762.0185394,8.19,running
1774367762.186836,8.19,running
1774367762.3577778,8.16,running
1774367762.5299056,8.17,running
1774367762.699965,8.13,running
1774367762.869939,8.17,running
1774367763.0377605,8.25,running
1774367763.222419,8.46,running
1774367763.3900886,8.35,running
1774367763.573832,8.18,running
1774367763.7569227,7.93,running
1774367763.9234288,7.87,running
1774367764.089486,7.99,running
1774367764.255935,7.88,running
1774367764.4221873,7.93,running
1774367764.5885994,7.85,running
1774367764.755215,8.63,running
1774367764.9420984,8.35,running
1774367765.1342776,8.23,running
1774367765.3170915,8.48,running
1774367765.5083966,8.37,running
1774367765.7022934,8.26,running
1774367765.8847342,8.79,running
1774367766.0534146,8.17,running
1774367766.2618022,8.33,running
1774367766.450279,8.41,running
1774367766.633237,7.91,running
1774367766.8119488,7.90,running
1774367766.9784749,7.91,running
1774367767.1444783,7.87,running
1774367767.3108935,7.90,running
1774367767.4767518,7.96,running
1774367767.6429858,7.87,running
1774367767.8089683,7.94,running
1774367767.9749842,7.87,running
1774367768.1414795,7.84,running
1774367768.3074584,7.88,running
1774367768.4738789,7.87,running
1774367768.639727,7.99,running
1774367768.8071692,7.85,running
1774367768.9732301,7.97,running
1774367769.1396313,7.88,running
1774367769.3062828,7.84,running
1774367769.472508,7.90,running
1774367769.6391084,8.61,running
1774367769.8147225,8.40,running
1774367770.046791,8.38,running
1774367770.2299485,8.26,running
1774367770.4183035,7.94,running
1774367770.5868,8.73,running
1774367770.7839792,8.40,running
1774367770.974047,8.23,running
1774367771.158075,8.40,running
1774367771.325957,8.37,running
1774367771.5186484,8.35,running
1774367771.7102206,7.90,running
1774367771.8922167,7.90,running
1774367772.0597818,7.90,running
1774367772.2277234,7.87,running
1774367772.3939824,7.96,running
1774367772.560573,7.84,running
1774367772.7267327,8.11,running
1774367772.8930523,7.96,running
1774367773.0596375,7.94,running
1774367773.22604,7.91,running
1774367773.392797,7.97,running
1774367773.55902,7.97,running
1774367773.7255623,7.91,running
1774367773.901568,8.41,running
1774367774.0942316,8.43,running
1774367774.286364,8.31,running
1774367774.4789286,8.00,running
1774367774.647679,8.53,running
1774367774.8581426,8.22,running
1774367775.0278718,8.30,running
1774367775.2185369,8.13,running
1774367775.4112508,8.50,running
1774367775.6026685,8.50,running
1774367775.7951565,8.67,running
1774367775.9865694,8.50,running
1774367776.17892,8.59,running
1774367776.3574603,8.51,running
1774367776.5517936,8.79,running
1774367776.7473328,8.45,running
1774367776.9393392,8.67,running
1774367777.1315925,8.51,running
1774367777.318605,8.54,running
1774367777.4901004,8.61,running
1774367777.6736622,8.90,running
1774367777.8585892,8.57,running
1774367778.0506995,8.12,running
1774367778.2468286,8.61,running
1774367778.43894,8.62,running
1774367778.6312144,8.04,running
1774367778.8223052,8.37,running
1774367778.9899848,8.24,running
1774367779.1574109,8.26,running
1774367779.326459,8.23,running
1774367779.4935553,8.19,running
1774367779.6609294,8.35,running
1774367779.828453,8.17,running
1774367779.9959772,8.38,running
1774367780.1650448,8.30,running
1774367780.332446,8.20,running
1774367780.4992921,8.20,running
1774367780.668362,8.08,running
1774367780.8358507,8.32,running
1774367781.0034933,8.16,running
1774367781.171024,8.29,running
1774367781.3385334,8.20,running
1774367781.506415,8.17,running
1774367781.6754208,8.16,running
1774367781.8463585,8.20,running
1774367782.0153127,8.31,running
1774367782.1843398,8.19,running
1774367782.351686,8.37,running
1774367782.5192513,8.13,running
1774367782.6883059,8.25,running
1774367782.856864,8.28,running
1774367783.0268826,8.25,running
1774367783.197297,8.13,running
1774367783.3663235,8.14,running
1774367783.5355916,8.25,running
1774367783.7051547,8.03,running
1774367783.8759127,8.07,running
1774367784.0461388,8.08,running
1774367784.2164383,8.10,running
1774367784.3856199,8.31,running
1774367784.5593266,8.25,running
1774367784.7327766,8.31,running
1774367784.905666,8.13,running
1774367785.07733,8.07,running
1774367785.2504175,8.16,running
1774367785.4185154,8.13,running
1774367785.586381,8.11,running
1774367785.7545438,8.07,running
1774367785.9228065,8.16,running
1774367786.0938356,8.22,running
1774367786.2652762,8.23,running
1774367786.4348443,8.62,running
1774367786.6057913,8.10,running
1774367786.7736535,8.22,running
1774367786.941988,8.10,running
1774367787.112706,8.20,running
1774367787.2814333,8.25,running
1774367787.45011,8.22,running
1774367787.6182315,8.07,running
1774367787.7860491,8.39,running
1774367787.969042,8.25,running
1774367788.1582055,8.59,running
1774367788.3288157,8.40,running
1774367788.5185442,8.28,running
1774367788.706484,7.90,running
1774367788.8915844,7.84,running
1774367789.0576994,7.85,running
1774367789.2241423,7.88,running
1774367789.3900697,7.88,running
1774367789.5564663,7.87,running
1774367789.7223752,8.19,running
1774367789.890942,7.93,running
1774367790.0573797,7.94,running
1774367790.2234921,7.93,running
1774367790.3900113,7.90,running
1774367790.555995,7.94,running
1774367790.7223494,7.94,running
1774367790.888263,8.68,running
1774367791.0821884,8.32,running
1774367791.2751718,8.40,running
1774367791.4663887,8.14,running
1774367791.6340528,8.21,running
1774367791.8539662,8.44,running
1774367792.0372062,8.32,running
1774367792.2259738,7.96,running
1774367792.3932345,8.56,running
1774367792.5652938,7.91,running
1774367792.7579424,8.42,running
1774367792.950721,8.38,running
1774367793.1382723,7.93,running
1774367793.313543,7.88,running
1774367793.4800248,7.91,running
1774367793.6460903,8.07,running
1774367793.8124146,7.90,running
1774367793.9787636,7.90,running
1774367794.1451283,7.90,running
1774367794.3120465,7.91,running
1774367794.4784756,7.91,running
1774367794.645197,7.90,running
1774367794.81136,8.08,running
1774367794.9779308,7.94,running
1774367795.1448567,7.93,running
1774367795.3114946,7.93,running
1774367795.478223,7.93,running
1774367795.6446922,8.67,running
1774367795.8602173,8.38,running
1774367796.0541532,8.38,running
1774367796.2339199,8.25,running
1774367796.422028,8.10,running
1774367796.5889397,8.70,running
1774367796.774886,8.41,running
1774367796.9662654,8.37,running
1774367797.158083,7.97,running
1774367797.325266,8.20,running
1774367797.5420449,8.47,running
1774367797.730528,8.26,running
1774367797.9126377,7.88,running
1774367798.0793655,7.91,running
1774367798.2456005,7.91,running
1774367798.412058,7.84,running
1774367798.5781145,8.08,running
1774367798.7444053,7.87,running
1774367798.910571,7.90,running
1774367799.0767648,7.93,running
1774367799.243208,7.88,running
1774367799.4092422,7.90,running
1774367799.5756972,8.44,running
1774367799.7537959,8.35,running
1774367799.961431,8.42,running
1774367800.146503,8.02,running
1774367800.3380897,8.54,running
1774367800.5402784,8.32,running
1774367800.709006,8.50,running
1774367800.8985975,8.85,running
1774367801.087959,8.61,running
1774367801.2792242,8.39,running
1774367801.4749193,8.59,running
1774367801.6627562,8.47,running
1774367801.855646,8.62,running
1774367802.0552065,8.34,running
1774367802.2475796,8.62,running
1774367802.4443564,8.59,running
1774367802.6349363,8.77,running
1774367802.8319297,8.24,running
1774367803.0225246,8.50,running
1774367803.2024422,8.54,running
1774367803.38587,8.50,running
1774367803.5717645,8.56,running
1774367803.7666967,8.85,running
1774367803.9596708,8.54,running
1774367804.1547005,8.07,running
1774367804.350414,7.87,running
1774367804.5338743,8.23,running
1774367804.7013745,8.10,running
1774367804.868474,8.16,running
1774367805.0355315,8.02,running
1774367805.2033114,8.13,running
1774367805.3707905,8.13,running
1774367805.5380964,8.11,running
1774367805.705751,8.28,running
1774367805.8727503,8.10,running
1774367806.041236,8.07,running
1774367806.2100866,8.11,running
1774367806.3790898,8.14,running
1774367806.546699,8.13,running
1774367806.7139714,8.14,running
1774367806.8813567,8.26,running
1774367807.0487983,8.10,running
1774367807.2177958,8.25,running
1774367807.3866124,8.14,running
1774367807.555999,8.11,running
1774367807.7246175,8.08,running
1774367807.8931384,8.19,running
1774367808.0619986,8.23,running
1774367808.2295299,8.14,running
1774367808.3981254,8.44,running
1774367808.5680993,8.25,running
1774367808.7385871,8.10,running
1774367808.9078267,8.10,running
1774367809.0776758,8.08,running
1774367809.252924,8.05,running
1774367809.4250693,8.02,running
1774367809.5970457,8.28,running
1774367809.7673886,8.08,running
1774367809.9383652,8.03,running
1774367810.1085253,8.02,running
1774367810.2790654,7.87,running
1774367810.4475286,8.32,running
1774367810.621155,8.22,running
1774367810.794567,8.11,running
1774367810.9678812,8.19,running
1774367811.1469674,8.00,running
1774367811.3153052,8.14,running
1774367811.4837353,7.99,running
1774367811.6522167,8.02,running
1774367811.8205292,8.07,running
1774367811.9890952,8.37,running
1774367812.157859,8.11,running
1774367812.3263729,8.05,running
1774367812.494763,8.22,running
1774367812.6628263,8.14,running
1774367812.8312876,8.03,running
1774367812.9997327,8.02,running
1774367813.1685205,8.10,running
1774367813.3373313,8.10,running
1774367813.5070963,7.90,running
1774367813.6759534,8.31,running
1774367813.8704312,7.99,running
1774367814.0582657,8.44,running
1774367814.2739997,8.37,running
1774367814.4661548,8.28,running
1774367814.65769,7.88,running
1774367814.8237214,7.90,running
1774367814.9897158,7.85,running
1774367815.1561232,7.90,running
1774367815.3220408,7.84,running
1774367815.4883528,7.85,running
1774367815.6541338,8.05,running
1774367815.820251,7.87,running
1774367815.9862154,7.87,running
1774367816.152409,7.90,running
1774367816.3188372,7.81,running
1774367816.4847515,7.81,running
1774367816.6510303,7.82,running
1774367816.8168108,7.99,running
1774367816.9830256,8.33,running
1774367817.1784203,8.37,running
1774367817.366124,8.38,running
1774367817.5582082,7.96,running
1774367817.7259305,8.26,running
1774367817.933277,8.40,running
1774367818.1220968,8.19,running
1774367818.313872,7.93,running
1774367818.480761,8.64,running
1774367818.6572483,7.82,running
1774367818.8504298,8.34,running
1774367819.042726,8.37,running
1774367819.2343059,7.82,running
1774367819.40165,7.84,running
1774367819.5694842,7.84,running
1774367819.7367623,7.85,running
1774367819.9032567,7.90,running
1774367820.0692916,8.08,running
1774367820.235681,7.85,running
1774367820.4024212,7.85,running
1774367820.5686646,7.87,running
1774367820.7352903,7.88,running
1774367820.9014342,7.93,running
1774367821.0678422,7.88,running
1774367821.23408,8.05,running
1774367821.4004414,7.87,running
1774367821.567284,7.88,running
1774367821.7335367,7.94,running
1774367821.9003425,7.88,running
1774367822.0664577,7.88,running
1774367822.2329285,7.82,running
1774367822.398883,8.67,running
1774367822.5662148,8.67,running
1774367822.7565074,8.23,running
1774367822.9295707,8.39,running
1774367823.122395,7.97,running
1774367823.3137338,8.02,running
1774367823.4805393,8.61,running
1774367823.6488461,8.03,running
1774367823.8463058,8.38,running
1774367824.0385265,7.97,running
1774367824.2180765,8.36,running
1774367824.4341798,8.38,running
1774367824.6224716,8.25,running
1774367824.805919,8.05,running
1774367824.9727907,7.96,running
1774367825.1399138,8.57,running
1774367825.3262603,8.06,running
1774367825.5184987,8.31,running
1774367825.7101798,7.94,running
1774367825.877492,8.64,running
1774367826.0699115,8.19,running
1774367826.2398117,8.51,running
1774367826.434867,8.82,running
1774367826.6275673,8.57,running
1774367826.8226569,8.35,running
1774367827.0189657,8.56,running
1774367827.2107604,8.36,running
1774367827.4071054,8.65,running
1774367827.6034243,8.45,running
1774367827.7952073,8.56,running
1774367827.9838781,8.83,running
1774367828.1708105,8.57,running
1774367828.367233,8.61,running
1774367828.558487,8.74,running
1774367828.75576,8.36,running
1774367828.9473283,8.59,running
1774367829.13871,8.38,running
1774367829.3227327,8.47,running
1774367829.493644,8.57,running
1774367829.6785223,8.96,running
1774367829.8758013,7.97,running
1774367830.047044,8.14,running
1774367830.2158873,8.11,running
1774367830.3849454,8.11,running
1774367830.5544548,8.19,running
1774367830.7231953,8.19,running
1774367830.891005,8.14,running
1774367831.0607715,8.26,running
1774367831.227814,8.02,running
1774367831.397211,8.17,running
1774367831.5651264,8.16,running
1774367831.7327065,8.16,running
1774367831.9001198,8.26,running
1774367832.067157,8.11,running
1774367832.234385,8.10,running
1774367832.4017038,8.14,running
1774367832.569067,8.13,running
1774367832.7364142,8.13,running
1774367832.9037504,8.14,running
1774367833.0707653,8.32,running
1774367833.238107,8.14,running
1774367833.4054592,8.20,running
1774367833.5727766,8.13,running
1774367833.7402198,8.16,running
1774367833.9077168,8.38,running
1774367834.075937,8.14,running
1774367834.2453547,8.17,running
1774367834.414594,8.17,running
1774367834.583953,8.16,running
1774367834.7660515,8.08,running
1774367834.9357753,8.07,running
1774367835.1062133,8.05,running
1774367835.2763286,8.11,running
1774367835.445685,8.17,running
1774367835.6153708,7.93,running
1774367835.7841015,8.23,running
1774367835.9576182,8.16,running
1774367836.1313713,8.02,running
1774367836.30389,8.07,running
1774367836.4735785,8.17,running
1774367836.6531749,8.02,running
1774367836.8213317,8.05,running
1774367836.9893386,8.02,running
1774367837.1573744,8.11,running
1774367837.325306,8.00,running
1774367837.4940617,8.05,running
1774367837.6619763,8.17,running
1774367837.8304927,8.10,running
1774367838.0006618,8.14,running
1774367838.1711197,8.17,running
1774367838.3420982,8.26,running
1774367838.5109854,8.14,running
1774367838.6789818,8.05,running
1774367838.8469937,8.19,running
1774367839.0163965,8.11,running
1774367839.1866946,8.40,running
1774367839.3906362,8.26,running
1774367839.582227,8.65,running
1774367839.768363,8.36,running
1774367839.9584258,8.43,running
1774367840.1499746,7.96,running
1774367840.337422,8.05,running
1774367840.5035055,7.87,running
1774367840.6700206,7.88,running
1774367840.8360038,7.99,running
1774367841.0023806,7.91,running
1774367841.1683006,8.00,running
1774367841.3345125,7.96,running
1774367841.500601,7.93,running
1774367841.6668122,7.90,running
1774367841.8332825,7.96,running
1774367841.999289,7.88,running
1774367842.1657298,7.91,running
1774367842.3316572,8.08,running
1774367842.4978693,7.90,running
1774367842.6641994,8.42,running
1774367842.88692,8.41,running
1774367843.0783222,8.17,running
1774367843.2699776,8.68,running
1774367843.4685194,8.32,running
1774367843.6583657,8.39,running
1774367843.8508615,8.13,running
1774367844.0178027,7.97,running
1774367844.1852846,8.50,running
1774367844.3991466,8.36,running
1774367844.590401,8.41,running
1774367844.773929,7.91,running
1774367844.9615934,7.91,running
1774367845.1278281,7.91,running
1774367845.294406,7.88,running
1774367845.4605258,7.94,running
1774367845.6269312,7.87,running
1774367845.7932134,8.07,running
1774367845.9596627,7.88,running
1774367846.1261227,7.87,running
1774367846.2925982,7.87,running
1774367846.4594245,7.87,running
1774367846.6256917,7.90,running
1774367846.7923272,7.85,running
1774367846.9584467,8.05,running
1774367847.1247795,7.85,running
1774367847.2913108,7.79,running
1774367847.457839,8.62,running
1774367847.6516802,8.35,running
1774367847.8439047,8.38,running
1774367848.0343206,7.94,running
1774367848.2263126,8.02,running
1774367848.394772,8.70,running
1774367848.596173,8.19,running
1774367848.7843914,8.32,running
1774367848.9745872,7.99,running
1774367849.1437242,8.04,running
1774367849.3422801,8.40,running
1774367849.5253406,8.17,running
1774367849.7139716,7.88,running
1774367849.881469,8.00,running
1774367850.0492492,7.87,running
1774367850.2169178,7.88,running
1774367850.383449,7.90,running
1774367850.5503488,7.87,running
1774367850.7167819,7.85,running
1774367850.8835616,7.90,running
1774367851.0499568,7.87,running
1774367851.2166302,7.88,running
1774367851.3829997,8.65,running
1774367851.5533657,8.27,running
1774367851.7504492,8.38,running
1774367851.9430494,7.94,running
1774367852.1276436,8.65,running
1774367852.3257642,8.32,running
1774367852.496389,8.57,running
1774367852.6873498,8.77,running
1774367852.8840263,8.60,running
1774367853.075122,8.17,running
1774367853.2625825,8.64,running
1774367853.4545634,8.44,running
1774367853.637526,8.59,running
1774367853.823755,8.86,running
1774367854.016058,8.57,running
1774367854.210534,8.61,running
1774367854.4051847,8.47,running
1774367854.6027746,8.41,running
1774367854.7866116,8.47,running
1774367854.9692214,8.58,running
1774367855.1552444,8.03,running
1774367855.347374,8.61,running
1774367855.5425694,8.48,running
1774367855.7272203,8.57,running
1774367855.9198563,8.62,running
1774367856.1136692,8.36,running
1774367856.3056958,8.02,running
1774367856.4742074,8.00,running
1774367856.6429672,7.88,running
1774367856.8110745,7.87,running
1774367856.9783902,7.93,running
1774367857.1460087,7.67,running
1774367857.3130586,7.87,running
1774367857.4788241,7.87,running
1774367857.6447382,7.91,running
1774367857.811882,7.88,running
1774367857.9796298,7.70,running
1774367858.1471138,7.74,idle_after
1774367858.3121421,7.68,idle_after
1774367858.476786,7.71,idle_after
1774367858.6415508,7.71,idle_after
1774367858.806285,7.72,idle_after
1774367858.9711025,7.71,idle_after
1774367859.1359046,7.69,idle_after
1774367859.3007562,7.71,idle_after
1774367859.4654512,7.71,idle_after
1774367859.6302326,7.72,idle_after
1774367859.7949529,7.72,idle_after
1774367859.9596906,7.72,idle_after
1774367860.1244788,7.68,idle_after
1774367860.2892008,7.71,idle_after
1774367860.4539273,7.74,idle_after
1774367860.618709,7.74,idle_after
1774367860.783449,7.71,idle_after
1774367860.9481354,7.75,idle_after
1774367861.1129024,7.72,idle_after
