timestamp,cpu_percent,ram_used_MB,proc_read_MB,proc_write_MB
1774368460.2486937,27.5,80.71484375,0.0,0.0
1774368460.3655517,26.8,83.421875,0.01953125,0.0
1774368460.4820964,70.7,85.8828125,0.0,0.0
1774368460.5984235,27.5,87.60546875,0.0,0.0
1774368460.7149737,27.5,88.34375,0.0,0.0
1774368460.8311462,26.8,89.57421875,0.0,0.0
1774368460.947529,27.5,91.296875,0.0,0.0
1774368461.064049,26.8,94.20703125,0.09765625,0.0
1774368461.1811152,14.6,95.1171875,4.03515625,0.0
1774368461.297675,17.9,96.7734375,1.890625,0.0
1774368461.4142458,23.1,97.765625,0.3046875,0.0
1774368461.531049,27.5,98.26171875,0.18359375,0.0
1774368461.6475034,24.4,98.70703125,0.4375,0.0
1774368461.7638311,24.4,99.5546875,0.98828125,0.0
1774368461.8806112,25.6,104.359375,0.0,0.0
1774368462.0068426,35.0,107.67578125,3.51171875,0.0
1774368462.1238213,32.5,113.28125,0.0,0.0
1774368462.2408898,25.6,113.28125,0.0,0.0
1774368462.3585443,25.0,113.76953125,0.00390625,0.0
1774368462.4763312,24.4,122.20703125,3.98828125,0.0
1774368462.5936086,19.5,134.20703125,8.2109375,0.0
1774368462.7115848,17.5,142.8203125,9.63671875,0.0
1774368462.829121,15.0,152.328125,8.5859375,0.0
1774368462.946783,17.5,161.89453125,9.63671875,0.0
1774368463.0646505,19.5,170.92578125,8.7734375,0.0
1774368463.1823246,15.0,179.5078125,9.57421875,0.0
1774368463.299992,17.5,188.82421875,8.7734375,0.0
1774368463.4178646,13.2,197.84375,9.69921875,0.0
1774368463.535734,15.4,207.41796875,8.6484375,0.0
1774368463.653446,12.8,216.546875,9.69921875,0.0
1774368463.771008,17.5,225.75,8.5234375,0.0
1774368463.888957,17.5,235.015625,9.69921875,0.0
1774368464.0063596,14.6,243.75390625,8.6484375,0.0
1774368464.1241515,19.0,253.796875,9.57421875,0.0
1774368464.2416227,15.4,262.5859375,8.7734375,0.0
1774368464.3596106,19.0,272.1796875,9.44921875,0.0
1774368464.4768107,15.0,280.6796875,8.7734375,0.0
1774368464.5946796,19.5,290.3984375,9.69921875,0.0
1774368464.7120922,19.0,298.8515625,8.7734375,0.0
1774368464.8297083,19.5,308.62890625,9.69921875,0.0
1774368464.9467437,13.2,317.1484375,8.7734375,0.0
1774368465.0646088,17.1,327.41015625,9.82421875,0.0
1774368465.1817334,12.8,335.9609375,8.3984375,0.0
1774368465.2992394,19.5,346.31640625,9.57421875,0.0
1774368465.4167514,19.5,354.05859375,8.7734375,0.0
1774368465.5342865,17.1,364.28515625,9.69921875,0.0
1774368465.6517317,20.0,372.15234375,8.7734375,0.0
1774368465.7697132,13.2,383.16015625,9.57421875,0.0
1774368465.8880854,15.0,390.74609375,8.8984375,0.0
1774368466.0056798,15.0,401.3671875,9.69921875,0.0
1774368466.1233861,20.0,409.19140625,8.8984375,0.0
1774368466.2412777,17.5,420.0078125,9.82421875,0.0
1774368466.360244,17.5,443.640625,6.1640625,0.0
1774368466.4793363,28.2,539.640625,0.0,0.0
1774368466.599173,27.5,639.88671875,0.0,0.0
1774368466.7167137,25.0,731.1015625,1.484375,0.0
1774368466.8344376,15.4,741.56640625,9.57421875,0.0
1774368466.9539523,22.5,756.05078125,7.1640625,0.0
1774368467.0722551,27.5,815.7734375,0.0,0.0
1774368467.1898727,26.8,867.67578125,0.0,0.0
1774368467.307549,31.0,919.67578125,0.0,0.0
1774368467.4255474,25.6,971.921875,0.0,0.0
1774368467.5433664,25.6,1023.921875,0.0,0.0
1774368467.6612043,29.3,1077.3984375,0.0,0.0
1774368467.7801113,27.5,457.0859375,0.0,0.0
1774368467.8988912,26.8,495.0859375,0.0,0.0
1774368468.0182104,27.5,521.0859375,0.0,0.0
1774368468.1378217,30.0,521.0859375,0.0,0.0
1774368468.2567408,29.3,482.5625,0.0,0.0
1774368468.3752663,26.8,522.5625,0.0,0.0
1774368468.493936,28.2,560.5625,0.0,0.0
1774368468.612615,26.3,598.80859375,0.0,0.0
1774368468.7311206,23.1,638.80859375,0.0,0.0
1774368468.8495853,27.5,676.80859375,0.0,0.0
1774368468.968255,27.5,717.0546875,0.0,0.0
1774368469.0876877,25.0,755.0546875,0.0,0.0
1774368469.2045894,25.0,761.0546875,0.0,0.0
1774368469.3447483,34.8,760.9296875,0.125,0.0
1774368469.4751828,100.0,776.34375,0.0,0.0
1774368469.6013923,100.0,776.34375,0.0,0.0
1774368469.7304542,100.0,776.58984375,0.0,0.0
1774368469.860796,100.0,776.58984375,0.0,0.0
1774368469.9859674,100.0,776.58984375,0.0,0.0
1774368470.1150672,100.0,776.58984375,0.0,0.0
1774368470.244443,100.0,776.58984375,0.0,0.0
1774368470.3736699,100.0,776.58984375,0.0,0.0
1774368470.5036511,100.0,776.58984375,0.0,0.0
1774368470.6329916,100.0,776.58984375,0.0,0.0
1774368470.7621708,100.0,776.58984375,0.0,0.0
1774368470.8911948,100.0,776.58984375,0.0,0.0
1774368471.0207155,100.0,776.58984375,0.0,0.0
1774368471.137457,100.0,776.58984375,0.0,0.0
1774368471.2666237,100.0,776.58984375,0.0,0.0
1774368471.3958447,100.0,776.58984375,0.0,0.0
1774368471.5249064,100.0,779.08203125,0.0,0.0
1774368471.6416838,43.9,801.08203125,0.0,0.0
1774368471.759111,29.3,823.08203125,0.0,0.0
1774368471.87718,28.6,847.328125,0.0,0.0
1774368471.9944398,29.3,871.328125,0.0,0.0
1774368472.1118047,25.6,895.328125,0.0,0.0
1774368472.229211,27.5,919.328125,0.0,0.0
1774368472.3465552,26.8,943.328125,0.0,0.0
1774368472.4637527,31.0,967.57421875,0.0,0.0
1774368472.5817864,31.7,990.375,0.0,0.0
1774368472.6990695,25.0,1014.375,0.0,0.0
1774368472.8164184,31.0,1038.375,0.0,0.0
1774368472.9338055,27.5,1062.375,0.0,0.0
1774368473.0516014,25.6,1086.62109375,0.0,0.0
1774368473.1689112,25.0,1110.62109375,0.0,0.0
1774368473.2860894,25.6,1134.62109375,0.0,0.0
1774368473.4035873,27.5,1158.62109375,0.0,0.0
1774368473.5207918,25.6,1182.62109375,0.0,0.0
1774368473.6380088,26.3,1206.62109375,0.0,0.0
1774368473.7556567,25.0,1230.8671875,0.0,0.0
1774368473.8735003,25.0,1244.71875,0.0,0.0
1774368473.9913552,31.0,1265.78125,0.0,0.0
1774368474.1094105,25.6,1287.31640625,0.0,0.0
1774368474.2275193,25.0,1308.19921875,0.0,0.0
1774368474.3455749,25.6,1326.671875,0.0,0.0
1774368474.4639454,28.2,1344.625,0.0,0.0
1774368474.5827715,27.5,1365.65234375,0.0,0.0
1774368474.7267194,51.2,1378.52734375,0.0,0.0
1774368474.861915,100.0,1379.01953125,0.0,0.0
1774368474.981789,78.0,774.640625,0.0,0.0
1774368475.102114,23.1,878.8984375,0.0,0.0
1774368475.2214534,29.3,983.14453125,0.0,0.0
1774368475.3410442,27.5,1087.390625,0.0,0.0
1774368475.4608612,27.5,1191.63671875,0.0,0.0
1774368475.583542,27.5,1275.93359375,0.0,0.0
1774368475.706752,28.2,1336.13671875,0.0,0.0
1774368475.930253,51.2,1378.91796875,0.0,0.0
1774368476.1193461,100.0,1379.1640625,0.0,0.0
1774368476.3019505,100.0,1379.4296875,0.0,0.0
1774368476.480577,100.0,1379.4296875,0.0,0.0
1774368476.5983093,69.2,822.046875,0.0,0.0
1774368476.7179205,30.0,817.2734375,0.0,0.0
1774368476.8370264,29.3,841.703125,0.0,0.0
1774368476.956035,25.6,841.703125,0.0,0.0
1774368477.0747385,25.6,841.703125,0.0,0.0
1774368477.1947768,33.3,837.765625,0.0,0.0
1774368477.3270028,54.8,868.5625,0.0,0.0
1774368477.4435413,100.0,876.19140625,0.0,0.0
1774368477.5729191,100.0,888.25,0.0,0.0
1774368477.707901,76.9,923.6875,0.0,0.0
1774368477.8300338,100.0,941.16015625,0.0,0.0
1774368477.9597902,100.0,941.16015625,0.0,0.0
1774368478.07813,79.5,958.6328125,0.0,0.0
1774368478.2079203,85.0,959.8671875,0.0,0.0
1774368478.3385487,100.0,960.11328125,0.0,0.0
1774368478.469064,100.0,960.11328125,0.0,0.0
1774368478.6025646,80.0,960.11328125,0.0,0.0
1774368478.7324722,100.0,960.11328125,0.0,0.0
1774368478.8632092,100.0,960.11328125,0.0,0.0
1774368479.004608,72.5,960.359375,0.0,0.0
1774368479.1338973,100.0,960.359375,0.0,0.0
1774368479.2636347,100.0,960.359375,0.0,0.0
1774368479.3929698,70.0,960.359375,0.0,0.0
1774368479.5228872,87.2,960.359375,0.0,0.0
1774368479.652676,100.0,960.359375,0.0,0.0
1774368479.7715652,87.5,960.359375,0.0,0.0
1774368479.9065418,90.0,960.359375,0.0,0.0
1774368480.037971,100.0,960.60546875,0.0,0.0
1774368480.1702323,100.0,960.60546875,0.0,0.0
1774368480.3038738,82.5,960.60546875,0.0,0.0
1774368480.433806,100.0,960.60546875,0.0,0.0
1774368480.565749,100.0,960.60546875,0.0,0.0
1774368480.7145772,79.5,960.60546875,0.0,0.0
1774368480.8446963,100.0,960.60546875,0.0,0.0
1774368480.9770505,100.0,960.60546875,0.0,0.0
1774368481.1245508,77.5,960.60546875,0.0,0.0
1774368481.2420943,36.8,965.28125,0.0,0.0
1774368481.3606582,27.5,979.0859375,0.19140625,4.765625
1774368481.4787953,21.4,984.68359375,8.05859375,1.30859375
1774368481.5966012,17.5,994.8125,9.82421875,0.0
1774368481.7141566,22.0,1005.37890625,8.6484375,0.0
1774368481.8321536,17.5,1013.58203125,9.82421875,0.0
1774368481.9500375,19.0,1023.6640625,8.8984375,0.0
1774368482.0676448,15.4,1033.79296875,9.4140625,0.0
1774368482.1856837,17.5,1040.55078125,9.30859375,0.0
1774368482.3035226,15.0,1050.9765625,8.9609375,0.0
1774368482.4210603,15.0,1061.46875,9.63671875,0.0
1774368482.538838,15.4,1069.43359375,8.7734375,0.0
1774368482.65689,15.0,1079.1953125,9.57421875,0.0
1774368482.774628,15.4,1088.453125,8.7734375,0.0
1774368482.8921173,17.9,1098.20703125,9.69921875,0.0
1774368483.009712,15.4,1106.94921875,8.8984375,0.0
1774368483.1274195,12.5,1116.05078125,9.69921875,0.0
1774368483.2445054,21.4,1125.29296875,8.3984375,0.0
1774368483.362453,17.5,1133.30078125,9.57421875,0.0
1774368483.4797697,10.5,1142.65234375,8.8984375,0.0
1774368483.5978148,19.0,1153.265625,9.57421875,0.0
1774368483.7153633,19.0,1160.75,8.7734375,0.0
1774368483.8334274,12.8,1171.48046875,9.82421875,0.0
1774368483.950789,17.1,1179.83203125,8.7734375,0.0
1774368484.0687401,17.5,1189.9375,9.82421875,0.0
1774368484.1865194,12.8,1198.1796875,8.7734375,0.0
1774368484.304335,15.0,1207.90234375,9.69921875,0.0
1774368484.4221222,17.5,1216.43359375,8.7734375,0.0
1774368484.5400097,15.0,1227.99609375,9.82421875,0.0
1774368484.657835,13.2,1234.90625,8.8984375,0.0
1774368484.775421,19.5,1246.82421875,9.6640625,0.0
1774368484.8934598,15.4,1255.44140625,8.93359375,0.0
1774368485.0115986,12.5,1266.01953125,9.2890625,0.0
1774368485.129105,19.0,1276.8828125,9.30859375,0.0
1774368485.246637,17.5,1285.5078125,8.9140625,0.0
1774368485.3660548,29.3,1372.2265625,0.0,0.0
1774368485.486127,26.8,1470.47265625,0.0,0.0
1774368485.606299,28.2,1514.19921875,0.0,0.0
1774368485.7281332,31.7,1563.8984375,0.0,0.0
1774368485.846816,20.0,1590.2578125,6.12109375,0.0
1774368485.965505,13.5,1598.1484375,9.13671875,0.0
1774368486.0851548,26.8,1630.87109375,2.96484375,0.0
1774368486.205817,27.5,1662.8984375,0.0,0.0
1774368486.3264115,27.5,1701.62890625,0.0,0.0
1774368486.4476376,30.0,1737.92578125,0.0,0.0
1774368486.568355,28.2,1776.625,0.0,0.0
1774368486.6885872,27.5,1812.96484375,0.0,0.0
1774368486.8088048,31.6,1850.484375,0.0,0.0
1774368486.9292343,32.5,1892.015625,0.0,0.0
1774368487.049009,43.6,1932.80859375,0.0,0.0
1774368487.1685548,55.0,1321.40625,0.0,0.0
1774368487.287024,27.5,1322.07421875,0.0,0.0
1774368487.4069507,27.5,1322.56640625,0.0,0.0
1774368487.5255897,29.3,1322.078125,0.0,0.0
1774368487.6443093,27.5,1354.07421875,0.0,0.0
1774368487.7633114,27.5,1392.07421875,0.0,0.0
1774368487.8817196,26.8,1430.07421875,0.0,0.0
1774368487.9999576,27.5,1470.07421875,0.0,0.0
1774368488.1184497,27.5,1509.12109375,0.0,0.0
1774368488.2370179,29.3,1547.12109375,0.0,0.0
1774368488.3555276,27.5,1585.12109375,0.0,0.0
1774368488.4744697,31.0,1625.3671875,0.0,0.0
1774368488.5915093,25.6,1322.63671875,0.0,0.0
1774368488.723514,42.5,1322.62890625,0.0,0.0
1774368488.854711,100.0,1322.62890625,0.0,0.0
1774368488.9822893,100.0,1322.62890625,0.0,0.0
1774368489.1051235,100.0,1322.62890625,0.0,0.0
1774368489.2311559,100.0,1322.62890625,0.0,0.0
1774368489.3562114,100.0,1322.62890625,0.0,0.0
1774368489.4864879,100.0,1322.62890625,0.0,0.0
1774368489.6054943,100.0,1322.62890625,0.0,0.0
1774368489.7325916,100.0,1322.62890625,0.0,0.0
1774368489.863542,100.0,1322.62890625,0.0,0.0
1774368489.9948232,100.0,1322.62890625,0.0,0.0
1774368490.125927,100.0,1322.62890625,0.0,0.0
1774368490.256441,100.0,1322.62890625,0.0,0.0
1774368490.3879688,100.0,1322.62890625,0.0,0.0
1774368490.5187716,100.0,1322.62890625,0.0,0.0
1774368490.6491895,100.0,1322.62890625,0.0,0.0
1774368490.7662454,80.0,1341.61328125,0.0,0.0
1774368490.883907,26.8,1363.61328125,0.0,0.0
1774368491.0012815,25.0,1387.61328125,0.0,0.0
1774368491.1185617,29.3,1411.6171875,0.0,0.0
1774368491.2361777,29.3,1435.62109375,0.0,0.0
1774368491.3538787,25.0,1457.8671875,0.0,0.0
1774368491.47124,25.0,1481.8671875,0.0,0.0
1774368491.5887995,25.6,1505.8671875,0.0,0.0
1774368491.7062774,29.3,1529.8671875,0.0,0.0
1774368491.823974,29.3,1553.8671875,0.0,0.0
1774368491.9414,28.2,1575.8671875,0.0,0.0
1774368492.0591846,27.5,1599.8671875,0.0,0.0
1774368492.1766856,26.8,1624.11328125,0.0,0.0
1774368492.2940555,27.5,1648.11328125,0.0,0.0
1774368492.4116921,25.6,1672.11328125,0.0,0.0
1774368492.5293522,26.8,1696.11328125,0.0,0.0
1774368492.646711,26.8,1720.11328125,0.0,0.0
1774368492.7644649,29.3,1744.359375,0.0,0.0
1774368492.8819013,27.5,1768.359375,0.0,0.0
1774368493.0002384,23.7,1792.14453125,0.0,0.0
1774368493.1177258,29.3,1814.14453125,0.0,0.0
1774368493.2367227,27.5,1831.26953125,0.0,0.0
1774368493.355659,25.0,1851.37109375,0.0,0.0
1774368493.4746318,26.3,1872.1015625,0.0,0.0
1774368493.5937665,30.0,1892.65625,0.0,0.0
1774368493.7124877,27.5,1913.71875,0.0,0.0
1774368493.8552287,47.5,1925.1953125,0.0,0.0
1774368493.986855,100.0,1925.578125,0.0,0.0
1774368494.106998,82.9,1323.16796875,0.0,0.0
1774368494.2265267,30.2,1429.41796875,0.0,0.0
1774368494.3461678,29.3,1531.6640625,0.0,0.0
1774368494.4660528,29.3,1635.91015625,0.0,0.0
1774368494.5859761,25.0,1739.91015625,0.0,0.0
1774368494.7081945,25.6,1834.48046875,0.0,0.0
1774368494.830931,29.3,1892.88671875,0.0,0.0
1774368495.0982697,68.3,1925.19921875,0.0,0.0
1774368495.3100204,100.0,1925.2734375,0.0,0.0
1774368495.5149248,100.0,1925.51953125,0.0,0.0
1774368495.647359,100.0,1925.765625,0.0,0.0
1774368495.7663786,41.0,1319.1640625,0.0,0.0
1774368495.8847551,31.0,1318.921875,0.0,0.0
1774368496.0031579,27.5,1319.4140625,0.0,0.0
1774368496.121883,27.5,1319.296875,0.0,0.0
1774368496.2415793,25.6,1319.296875,0.0,0.0
1774368496.3752189,63.4,1258.9375,0.0,0.0
1774368496.5059707,100.0,1259.11328125,0.0,0.0
1774368496.6295493,80.0,1258.8671875,0.0,0.0
1774368496.76186,95.0,1258.8671875,0.0,0.0
1774368496.8914015,100.0,1258.8671875,0.0,0.0
1774368497.0231233,100.0,1258.8671875,0.0,0.0
1774368497.153058,88.1,1258.8671875,0.0,0.0
1774368497.2787771,100.0,1258.8671875,0.0,0.0
1774368497.402548,100.0,1258.8671875,0.0,0.0
1774368497.5346842,80.5,1258.8671875,0.0,0.0
1774368497.665451,100.0,1258.8671875,0.0,0.0
1774368497.792525,100.0,1258.8671875,0.0,0.0
1774368497.9331834,75.6,1258.8671875,0.0,0.0
1774368498.0626297,87.2,1258.8671875,0.0,0.0
1774368498.1917372,100.0,1258.90234375,0.0,0.0
1774368498.3136134,97.5,1258.90234375,0.0,0.0
1774368498.464303,76.9,1258.90234375,0.0,0.0
1774368498.582281,100.0,1258.90234375,0.0,0.0
1774368498.7139242,100.0,1258.90234375,0.0,0.0
1774368498.8500955,82.1,1258.90234375,0.0,0.0
1774368498.9795263,100.0,1258.90234375,0.0,0.0
1774368499.109373,100.0,1258.90234375,0.0,0.0
1774368499.2457223,65.9,1258.90234375,0.0,0.0
1774368499.3773494,100.0,1259.1484375,0.0,0.0
1774368499.5093951,100.0,1259.1484375,0.0,0.0
1774368499.6537066,76.3,1259.1484375,0.0,0.0
1774368499.7764919,100.0,1259.1484375,0.0,0.0
1774368499.9070594,100.0,1259.1484375,0.0,0.0
1774368500.0379825,80.5,1259.1484375,0.0,0.0
1774368500.1551838,87.8,1259.15625,0.0,0.0
1774368500.2732286,31.7,1259.04296875,0.0,4.08984375
1774368500.3903787,15.0,1259.234375,7.80859375,1.984375
1774368500.5078673,17.1,1259.390625,9.69921875,0.0
1774368500.6255605,17.5,1259.41015625,8.8984375,0.0
1774368500.7496984,15.0,1258.96484375,10.0390625,0.0
1774368500.8672438,17.1,1259.078125,9.18359375,0.0
1774368500.985003,15.0,1258.9453125,9.0859375,0.0
1774368501.1026287,15.0,1259.1015625,9.51171875,0.0
1774368501.2202063,16.7,1258.87109375,8.7109375,0.0
1774368501.3376179,15.0,1259.19140625,9.63671875,0.0
1774368501.4551609,17.1,1259.06640625,8.8984375,0.0
1774368501.5726976,15.0,1259.0078125,9.82421875,0.0
1774368501.6898685,17.1,1259.04296875,8.7734375,0.0
1774368501.807646,17.1,1259.0703125,9.69921875,0.0
1774368501.9249501,12.5,1258.98828125,8.8984375,0.0
1774368502.0423434,14.6,1258.5546875,9.69921875,0.0
1774368502.159656,17.5,1258.44921875,8.7734375,0.0
1774368502.2773716,15.4,1258.375,9.69921875,0.0
1774368502.394374,12.8,1258.390625,8.7734375,0.0
1774368502.511803,15.4,1258.49609375,9.57421875,0.0
1774368502.6292744,15.0,1258.3125,8.8984375,0.0
1774368502.746731,12.8,1258.3125,9.69921875,0.0
1774368502.864236,21.4,1258.265625,8.8984375,0.0
1774368502.981932,15.4,1258.62109375,9.69921875,0.0
1774368503.1003177,15.0,1258.49609375,9.0234375,0.0
1774368503.2178023,15.0,1258.46484375,9.4140625,0.0
1774368503.3350334,23.1,1260.375,8.30859375,0.0
1774368503.4532812,17.1,1261.25390625,9.82421875,0.0
1774368503.5708835,17.1,1261.3671875,8.8984375,0.0
1774368503.6883602,15.4,1261.5234375,9.4140625,0.0
1774368503.806119,17.5,1270.49609375,9.30859375,0.0
1774368503.9237459,12.8,1278.875,8.9609375,0.0
1774368504.0412989,15.4,1288.21484375,9.51171875,0.0
1774368504.1598074,15.4,1297.109375,8.6640625,0.0
1774368504.279289,27.5,1382.98046875,0.0,0.0
1774368504.3982108,25.0,1481.47265625,0.0,0.0
1774368504.5173054,29.3,1579.96484375,0.0,0.0
1774368504.6351006,17.9,1611.234375,7.93359375,0.0
1774368504.7527387,19.5,1619.0859375,9.69921875,0.0
1774368504.8753324,28.2,1669.78515625,0.58984375,0.0
1774368504.9951882,30.0,1708.15234375,0.0,0.0
1774368505.115165,25.6,1746.41796875,0.0,0.0
1774368505.2352939,25.6,1781.38671875,0.0,0.0
1774368505.3554099,30.0,1819.2265625,0.0,0.0
1774368505.4755385,27.5,1855.609375,0.0,0.0
1774368505.5955539,28.2,1896.1484375,0.0,0.0
1774368505.7153342,35.0,1935.30078125,0.0,0.0
1774368505.8339856,31.7,1497.70703125,0.0,0.0
1774368505.9520864,25.0,1351.55078125,0.0,0.0
1774368506.070341,27.5,1351.53125,0.0,0.0
1774368506.1899207,29.3,1351.61328125,0.0,0.0
1774368506.309311,25.0,1357.859375,0.0,0.0
1774368506.4277048,26.8,1397.859375,0.0,0.0
1774368506.5462136,25.6,1435.859375,0.0,0.0
1774368506.6650903,25.6,1473.859375,0.0,0.0
1774368506.7832186,25.0,1512.10546875,0.0,0.0
1774368506.9016666,29.3,1550.10546875,0.0,0.0
1774368507.0203369,25.6,1588.10546875,0.0,0.0
1774368507.138784,25.6,1628.34375,0.0,0.0
1774368507.255607,30.0,1351.6171875,0.0,0.0
1774368507.372633,29.3,1351.62109375,0.0,0.0
1774368507.5030205,67.5,1351.62109375,0.0,0.0
1774368507.6204953,100.0,1351.62109375,0.0,0.0
1774368507.751396,100.0,1351.62109375,0.0,0.0
1774368507.8825505,100.0,1351.62109375,0.0,0.0
1774368508.013243,100.0,1351.8671875,0.0,0.0
1774368508.143935,100.0,1351.859375,0.0,0.0
1774368508.2752223,100.0,1351.859375,0.0,0.0
1774368508.4060316,100.0,1351.859375,0.0,0.0
1774368508.5368488,100.0,1352.10546875,0.0,0.0
1774368508.6679204,100.0,1352.10546875,0.0,0.0
1774368508.7868602,100.0,1352.10546875,0.0,0.0
1774368508.918252,100.0,1352.10546875,0.0,0.0
1774368509.0479374,100.0,1352.10546875,0.0,0.0
1774368509.1778672,100.0,1352.10546875,0.0,0.0
1774368509.303348,100.0,1352.10546875,0.0,0.0
1774368509.4337828,100.0,1352.10546875,0.0,0.0
1774368509.5511723,77.5,1372.10546875,0.0,0.0
1774368509.6684923,29.3,1394.10546875,0.0,0.0
1774368509.7859104,27.5,1418.109375,0.0,0.0
1774368509.9032586,25.6,1442.109375,0.0,0.0
1774368510.020474,30.0,1466.109375,0.0,0.0
1774368510.1379683,27.5,1490.1171875,0.0,0.0
1774368510.2559807,25.0,1514.36328125,0.0,0.0
1774368510.3731678,25.0,1538.36328125,0.0,0.0
1774368510.4901416,27.5,1562.36328125,0.0,0.0
1774368510.607727,26.8,1586.36328125,0.0,0.0
1774368510.7250097,27.5,1608.36328125,0.0,0.0
1774368510.8421998,28.2,1632.609375,0.0,0.0
1774368510.959636,25.6,1656.609375,0.0,0.0
1774368511.0781832,26.8,1672.53515625,0.0,0.0
1774368511.1968358,29.3,1692.98046875,0.0,0.0
1774368511.3157914,27.5,1713.6875,0.0,0.0
1774368511.4348624,25.6,1734.21484375,0.0,0.0
1774368511.553404,28.6,1754.47265625,0.0,0.0
1774368511.6718357,27.5,1775.69921875,0.0,0.0
1774368511.7906876,27.5,1795.71875,0.0,0.0
1774368511.9095654,27.5,1816.17578125,0.0,0.0
1774368512.0281537,28.2,1836.85546875,0.0,0.0
1774368512.1469939,29.3,1857.1640625,0.0,0.0
1774368512.2658505,26.8,1877.7890625,0.0,0.0
1774368512.3845644,27.5,1898.59765625,0.0,0.0
1774368512.5032449,27.5,1919.5078125,0.0,0.0
1774368512.6220167,27.5,1940.375,0.0,0.0
1774368512.775798,45.2,1955.4765625,0.0,0.0
1774368512.9160283,100.0,1955.96875,0.0,0.0
1774368513.0338526,78.9,1422.87109375,0.0,0.0
1774368513.153628,25.0,1422.12109375,0.0,0.0
1774368513.2730727,26.8,1526.125,0.0,0.0
1774368513.3931024,27.5,1630.125,0.0,0.0
1774368513.5163558,27.5,1693.2109375,0.0,0.0
1774368513.6390738,25.6,1753.15234375,0.0,0.0
1774368513.7622056,28.2,1814.5625,0.0,0.0
1774368513.8853683,30.0,1877.63671875,0.0,0.0
1774368514.0086,23.7,1940.39453125,0.0,0.0
1774368514.2138906,83.3,1955.6328125,0.0,0.0
1774368514.4145167,100.0,1956.125,0.0,0.0
1774368514.6023579,100.0,1956.125,0.0,0.0
1774368514.7593713,100.0,1956.125,0.0,0.0
1774368514.8778727,61.5,1423.0234375,0.0,0.0
1774368514.9969149,25.0,1351.87109375,0.0,0.0
1774368515.1158822,29.3,1352.07421875,0.0,0.0
1774368515.23425,27.5,1352.56640625,0.0,0.0
1774368515.3529224,25.0,1352.56640625,0.0,0.0
1774368515.4993474,27.5,1352.56640625,0.0,0.0
1774368515.6306372,100.0,1352.56640625,0.0,0.0
1774368515.755788,100.0,1352.56640625,0.0,0.0
1774368515.8909585,85.7,1352.56640625,0.0,0.0
1774368516.007782,100.0,1352.56640625,0.0,0.0
1774368516.139805,100.0,1352.56640625,0.0,0.0
1774368516.2908905,80.5,1352.56640625,0.0,0.0
1774368516.4203851,100.0,1352.56640625,0.0,0.0
1774368516.5515807,100.0,1352.56640625,0.0,0.0
1774368516.6880608,78.0,1352.56640625,0.0,0.0
1774368516.8191376,100.0,1352.56640625,0.0,0.0
1774368516.9509463,100.0,1352.56640625,0.0,0.0
1774368517.086759,80.0,1352.56640625,0.0,0.0
1774368517.2166693,100.0,1352.32421875,0.0,0.0
1774368517.3471618,100.0,1352.32421875,0.0,0.0
1774368517.4825602,80.5,1352.32421875,0.0,0.0
1774368517.6125524,100.0,1352.32421875,0.0,0.0
1774368517.74357,100.0,1352.32421875,0.0,0.0
1774368517.8772237,77.5,1352.32421875,0.0,0.0
1774368518.0084562,100.0,1352.32421875,0.0,0.0
1774368518.1258447,100.0,1352.3203125,0.0,0.0
1774368518.2452984,92.7,1352.33203125,0.0,0.0
1774368518.377002,97.5,1352.33203125,0.0,0.0
1774368518.5065362,100.0,1352.33203125,0.0,0.0
1774368518.6345637,100.0,1352.33203125,0.0,0.0
1774368518.7700348,78.6,1352.33203125,0.0,0.0
1774368518.8996196,100.0,1352.33203125,0.0,0.0
1774368519.0263293,100.0,1352.33203125,0.0,0.0
1774368519.161326,76.2,1352.33203125,0.0,0.0
1774368519.2787035,70.0,1352.5703125,0.0,0.0
1774368519.3958328,27.5,1352.546875,0.359375,6.07421875
1774368519.5133727,10.8,1352.42578125,9.82421875,0.0
1774368519.6305206,17.5,1352.21484375,8.6484375,0.0
1774368519.748203,17.5,1351.5078125,9.69921875,0.0
1774368519.865516,15.0,1351.421875,8.7734375,0.0
1774368519.98293,15.0,1351.56640625,9.69921875,0.0
1774368520.100374,17.1,1351.9453125,8.7734375,0.0
1774368520.2180955,12.5,1352.0,9.82421875,0.0
1774368520.3351452,12.8,1352.01953125,8.8984375,0.0
1774368520.4525635,15.8,1352.30078125,9.69921875,0.0
1774368520.570207,17.5,1352.19921875,8.8984375,0.0
1774368520.687724,14.6,1352.234375,9.82421875,0.0
1774368520.8053064,15.4,1351.94921875,8.7734375,0.0
1774368520.9229758,13.2,1352.23046875,9.7890625,0.0
1774368521.0407033,12.8,1352.25,8.93359375,0.0
1774368521.1582317,15.0,1351.76171875,9.2890625,0.0
1774368521.276123,15.4,1352.15625,9.30859375,0.0
1774368521.3937297,14.6,1352.15234375,8.9609375,0.0
1774368521.511188,12.8,1352.28125,9.76171875,0.0
1774368521.6283834,19.5,1352.0390625,8.4609375,0.0
1774368521.746019,17.5,1352.1015625,9.88671875,0.0
1774368521.863352,12.5,1352.22265625,8.7734375,0.0
1774368521.9808755,15.0,1352.1640625,9.82421875,0.0
1774368522.0984545,17.5,1352.0390625,8.7734375,0.0
1774368522.2161024,14.6,1351.9375,9.69921875,0.0
1774368522.3330514,17.5,1351.98046875,8.5234375,0.0
1774368522.4508555,19.0,1352.37109375,9.69921875,0.0
1774368522.5684721,14.6,1352.41796875,8.8984375,0.0
1774368522.6860156,12.8,1352.92578125,9.69921875,0.0
1774368522.8032906,19.5,1353.58984375,8.7734375,0.0
1774368522.9209769,19.0,1353.359375,9.82421875,0.0
1774368523.038336,12.8,1353.421875,8.8984375,0.0
1774368523.1557806,10.8,1353.29296875,9.69921875,0.0
1774368523.2747884,21.4,1366.7109375,6.5390625,0.0
1774368523.3936915,25.0,1460.7109375,0.0,0.0
1774368523.5122445,27.5,1550.95703125,0.0,0.0
1774368523.6311777,25.6,1643.203125,0.0,0.0
1774368523.749103,15.4,1657.40625,8.68359375,0.0
1774368523.8665,17.5,1657.26171875,9.5390625,0.0
1774368523.9848177,25.6,1679.57421875,0.0,0.0
1774368524.1045804,27.5,1716.125,0.0,0.0
1774368524.2243683,25.6,1755.3828125,0.0,0.0
1774368524.3442342,28.2,1793.53515625,0.0,0.0
1774368524.4652112,30.8,1834.80859375,0.0,0.0
1774368524.585131,25.0,1873.65234375,0.0,0.0
1774368524.7044919,28.9,1901.9609375,0.0,0.0
1774368524.8239608,29.3,1923.77734375,0.0,0.0
1774368524.9437687,25.0,1946.41796875,0.0,0.0
1774368525.0639877,26.3,1970.74609375,0.0,0.0
1774368525.1825655,27.5,1369.28125,0.0,0.0
1774368525.300972,25.0,1369.765625,0.0,0.0
1774368525.4201107,26.8,1370.01171875,0.0,0.0
1774368525.5393329,27.5,1370.01171875,0.0,0.0
1774368525.6573348,27.5,1370.01171875,0.0,0.0
1774368525.7752686,27.5,1370.01171875,0.0,0.0
1774368525.8931763,29.3,1370.01171875,0.0,0.0
1774368526.0112588,27.5,1370.01171875,0.0,0.0
1774368526.1283238,25.0,1066.2421875,0.0,0.0
1774368526.2584844,89.7,1066.2421875,0.0,0.0
1774368526.3888748,100.0,1066.2421875,0.0,0.0
1774368526.5187511,100.0,1066.2421875,0.0,0.0
1774368526.6490817,100.0,1066.2421875,0.0,0.0
1774368526.779817,100.0,1066.24609375,0.0,0.0
1774368526.9018705,100.0,1066.24609375,0.0,0.0
1774368527.0322728,100.0,1066.24609375,0.0,0.0
1774368527.1616395,100.0,1066.24609375,0.0,0.0
1774368527.291662,100.0,1066.24609375,0.0,0.0
1774368527.4129238,100.0,1078.73828125,0.0,0.0
1774368527.5301228,26.3,1112.73828125,0.0,0.0
1774368527.6476562,27.5,1144.984375,0.0,0.0
1774368527.7654352,25.0,1178.984375,0.0,0.0
1774368527.8827152,25.0,1210.984375,0.0,0.0
1774368528.0004973,29.3,1243.23046875,0.0,0.0
1774368528.1181192,27.5,1277.23046875,0.0,0.0
1774368528.235484,25.6,1309.23046875,0.0,0.0
1774368528.35306,27.5,1343.23046875,0.0,0.0
1774368528.470643,28.2,1375.4765625,0.0,0.0
1774368528.6060185,42.5,1399.4765625,0.0,0.0
1774368528.7422779,100.0,1078.984375,0.0,0.0
1774368528.8617725,27.5,1197.4765625,0.0,0.0
1774368528.9818227,25.0,1303.72265625,0.0,0.0
1774368529.1701405,34.9,1399.96875,0.0,0.0
1774368529.3911374,100.0,1399.96875,0.0,0.0
1774368529.5335362,100.0,1077.0,0.0,0.0
1774368529.6512575,35.9,1067.0,0.0,0.0
1774368529.7697923,25.6,1067.0,0.0,0.0
1774368529.9074104,26.8,1067.0,0.0,0.0
1774368530.0291607,100.0,1067.0,0.0,0.0
1774368530.1616066,100.0,1066.984375,0.0,0.0
1774368530.2907379,80.0,1066.984375,0.0,0.0
1774368530.4161935,100.0,1066.984375,0.0,0.0
1774368530.5467484,100.0,1066.984375,0.0,0.0
1774368530.6816635,76.2,1066.984375,0.0,0.0
1774368530.809576,97.6,1066.984375,0.0,0.0
1774368530.94046,100.0,1066.984375,0.0,0.0
1774368531.065662,80.0,1066.984375,0.0,0.0
1774368531.19488,85.7,1066.984375,0.0,0.0
1774368531.324574,100.0,1066.984375,0.0,0.0
1774368531.441637,100.0,1066.984375,0.0,0.0
1774368531.5728278,74.4,1066.984375,0.0,0.0
1774368531.7030866,100.0,1066.984375,0.0,0.0
1774368531.8348343,100.0,1066.984375,0.0,0.0
1774368531.968729,73.2,1066.984375,0.0,0.0
1774368532.0995917,97.4,1066.984375,0.0,0.0
1774368532.2310135,100.0,1066.9921875,0.0,0.0
1774368532.3647475,78.6,1066.9921875,0.0,0.0
1774368532.4955692,100.0,1066.9921875,0.0,0.0
1774368532.6262352,100.0,1066.9921875,0.0,0.0
1774368532.7446327,78.6,1066.9921875,0.0,0.0
1774368532.8617892,90.0,1066.9921875,0.0,0.0
1774368532.99197,100.0,1066.9921875,0.0,0.0
1774368533.1187239,100.0,1066.9921875,0.0,0.0
1774368533.2522883,78.0,1066.9921875,0.0,0.0
1774368533.3817422,100.0,1066.9921875,0.0,0.0
1774368533.511028,100.0,1066.9921875,0.0,0.0
1774368533.6403933,73.2,1066.9921875,0.0,0.0
1774368533.7573054,73.2,1066.9921875,0.0,0.0
1774368533.8748367,26.8,1067.1171875,0.0,3.6328125
1774368533.9913404,17.5,1065.93359375,4.484375,2.44140625
1774368534.1090853,10.3,1065.9140625,7.07421875,0.0
1774368534.2266734,15.4,1065.98828125,8.8984375,0.0
1774368534.34436,19.5,1065.8515625,9.69921875,0.0
1774368534.4621444,15.0,1066.0625,9.0234375,0.0
1774368534.5804565,12.8,1066.03515625,9.4140625,0.0
1774368534.6979928,13.2,1066.0546875,9.30859375,0.0
1774368534.8159728,15.0,1065.84375,8.9609375,0.0
1774368534.933791,12.8,1066.0859375,9.51171875,0.0
1774368535.051185,14.6,1066.14453125,8.8984375,0.0
1774368535.1687005,19.0,1066.3359375,9.69921875,0.0
1774368535.2863235,15.0,1066.2421875,8.8984375,0.0
1774368535.403975,12.8,1066.265625,9.82421875,0.0
1774368535.5210302,20.0,1066.46875,8.5234375,0.0
1774368535.6389227,12.8,1066.3671875,9.69921875,0.0
1774368535.7565064,15.0,1066.26953125,8.8984375,0.0
1774368535.8740366,14.6,1066.421875,9.82421875,0.0
1774368535.991358,15.0,1066.44140625,8.8984375,0.0
1774368536.1092126,15.0,1066.21484375,9.69921875,0.0
1774368536.2266834,15.0,1065.91796875,8.8984375,0.0
1774368536.344222,15.4,1066.03515625,9.82421875,0.0
1774368536.462011,17.5,1065.9921875,8.8984375,0.0
1774368536.5796652,17.1,1071.50390625,9.6640625,0.0
1774368536.6972885,19.5,1078.17578125,8.80859375,0.0
1774368536.8150356,17.5,1089.125,9.4140625,0.0
1774368536.9327965,15.4,1099.1015625,9.18359375,0.0
1774368537.0504487,13.2,1107.68359375,9.0546875,0.0
1774368537.168358,19.5,1117.74609375,9.54296875,0.0
1774368537.2860687,15.0,1126.203125,8.7734375,0.0
1774368537.4038541,15.4,1136.27734375,9.82421875,0.0
1774368537.5213885,17.9,1145.59765625,8.7734375,0.0
1774368537.6393504,15.4,1154.69140625,9.57421875,0.0
1774368537.7569149,15.0,1164.05078125,8.7734375,0.0
1774368537.875788,20.0,1199.8046875,5.46484375,0.0
1774368537.9953058,27.5,1298.05078125,0.0,0.0
1774368538.1147535,26.8,1398.26953125,0.0,0.0
1774368538.2327154,27.9,1475.0,2.109375,0.0
1774368538.350518,17.1,1485.3828125,9.44921875,0.0
1774368538.470001,19.5,1503.35546875,6.6640625,0.0
1774368538.5879636,25.0,1558.30859375,0.0,0.0
1774368538.7057414,29.3,1613.29296875,0.0,0.0
1774368538.8250213,30.0,1666.61328125,0.0,0.0
1774368538.9450428,30.0,1698.46875,0.0,0.0
1774368539.0680726,30.8,1736.875,0.0,0.0
1774368539.188659,52.5,1778.4296875,0.0,0.0
1774368539.308477,38.5,1817.3125,0.0,0.0
1774368539.4278655,25.6,1223.80078125,0.0,0.0
1774368539.546273,27.5,1224.046875,0.0,0.0
1774368539.6656737,28.6,1224.046875,0.0,0.0
1774368539.7851095,30.0,1224.5390625,0.0,0.0
1774368539.9038107,27.5,1250.53125,0.0,0.0
1774368540.0257533,26.8,1290.77734375,0.0,0.0
1774368540.144363,23.7,1330.77734375,0.0,0.0
1774368540.2626944,28.2,1369.0234375,0.0,0.0
1774368540.3812952,29.3,1407.0234375,0.0,0.0
1774368540.4997644,26.8,1445.0234375,0.0,0.0
1774368540.6180885,30.0,1483.26953125,0.0,0.0
1774368540.7367992,27.5,1521.26953125,0.0,0.0
1774368540.855786,28.6,1527.26953125,0.0,0.0
1774368540.9872465,40.0,1527.26953125,0.0,0.0
1774368541.1130676,100.0,1527.26953125,0.0,0.0
1774368541.2445786,100.0,1527.26953125,0.0,0.0
1774368541.376457,100.0,1527.26953125,0.0,0.0
1774368541.4941545,100.0,1527.515625,0.0,0.0
1774368541.6253667,100.0,1527.515625,0.0,0.0
1774368541.7553241,100.0,1527.515625,0.0,0.0
1774368541.8861148,100.0,1527.515625,0.0,0.0
1774368542.0095448,100.0,1527.515625,0.0,0.0
1774368542.140513,100.0,1527.51953125,0.0,0.0
1774368542.275068,100.0,1527.51953125,0.0,0.0
1774368542.4052315,100.0,1527.51953125,0.0,0.0
1774368542.5344214,100.0,1527.51953125,0.0,0.0
1774368542.6635838,100.0,1527.765625,0.0,0.0
1774368542.7848911,100.0,1527.765625,0.0,0.0
1774368542.907746,100.0,1527.765625,0.0,0.0
1774368543.0370169,100.0,1527.765625,0.0,0.0
1774368543.1541114,65.9,1549.0078125,0.0,0.0
1774368543.2719007,23.1,1571.0078125,0.0,0.0
1774368543.389218,25.6,1595.0078125,0.0,0.0
1774368543.5077183,25.6,1614.29296875,0.0,0.0
1774368543.6265464,25.6,1635.078125,0.0,0.0
1774368543.745201,26.8,1654.82421875,0.0,0.0
1774368543.8638844,27.5,1674.8984375,0.0,0.0
1774368543.9826813,25.6,1695.96484375,0.0,0.0
1774368544.1013594,27.5,1714.1640625,0.0,0.0
1774368544.2199519,26.3,1733.99609375,0.0,0.0
1774368544.3387644,27.5,1754.75,0.0,0.0
1774368544.457742,28.6,1774.875,0.0,0.0
1774368544.5763745,25.6,1795.140625,0.0,0.0
1774368544.6951556,25.6,1814.59375,0.0,0.0
1774368544.813954,29.3,1833.89453125,0.0,0.0
1774368544.9327586,25.0,1852.8828125,0.0,0.0
1774368545.0517485,28.2,1871.23828125,0.0,0.0
1774368545.1706786,27.5,1890.83203125,0.0,0.0
1774368545.2902179,26.8,1909.67578125,0.0,0.0
1774368545.4092174,31.7,1923.58984375,0.0,0.0
1774368545.528356,27.5,1941.8046875,0.0,0.0
1774368545.6477964,25.0,1960.33984375,0.0,0.0
1774368545.766628,25.0,1980.27734375,0.0,0.0
1774368545.8848865,29.3,1999.73046875,0.0,0.0
1774368546.0039725,27.5,2016.87890625,0.0,0.0
1774368546.1226983,25.6,2036.109375,0.0,0.0
1774368546.2415948,31.0,2055.2265625,0.0,0.0
1774368546.3606887,27.5,2074.21484375,0.0,0.0
1774368546.479928,27.5,2093.2578125,0.0,0.0
1774368546.5986526,23.1,2112.55078125,0.0,0.0
1774368546.7528148,29.3,2131.53515625,0.0,0.0
1774368546.903218,100.0,2132.0,0.0,0.0
1774368547.020571,87.8,1805.3515625,0.0,0.0
1774368547.1395075,25.6,1529.125,0.0,0.0
1774368547.259366,27.5,1627.5546875,0.0,0.0
1774368547.3814363,26.8,1695.4453125,0.0,0.0
1774368547.5041778,25.6,1743.37109375,0.0,0.0
1774368547.6262233,28.2,1810.25390625,0.0,0.0
1774368547.7484913,27.5,1874.84375,0.0,0.0
1774368547.8716626,26.8,1935.484375,0.0,0.0
1774368547.9943686,26.3,1996.35546875,0.0,0.0
1774368548.1173992,29.3,2057.46484375,0.0,0.0
1774368548.2406032,26.8,2119.79296875,0.0,0.0
1774368548.4428449,95.0,2132.1953125,0.0,0.0
1774368548.627074,100.0,2132.62890625,0.0,0.0
1774368548.808575,100.0,2133.3671875,0.0,0.0
1774368548.9893377,100.0,2133.3671875,0.0,0.0
1774368549.1087735,60.5,1781.9453125,0.0,0.0
1774368549.2272327,25.0,1528.73828125,0.0,0.0
1774368549.3458815,30.0,1529.23046875,0.0,0.0
1774368549.4651015,27.5,1529.23046875,0.0,0.0
1774368549.5838704,25.0,1529.4765625,0.0,0.0
1774368549.702442,29.3,1529.4765625,0.0,0.0
1774368549.826395,62.5,1529.4765625,0.0,0.0
1774368549.9525838,100.0,1529.4765625,0.0,0.0
1774368550.072245,92.7,1529.4765625,0.0,0.0
1774368550.2095563,95.1,1529.3984375,0.0,0.0
1774368550.3356495,100.0,1529.3984375,0.0,0.0
1774368550.4675748,100.0,1529.3984375,0.0,0.0
1774368550.5990934,84.6,1529.3984375,0.0,0.0
1774368550.7290027,100.0,1529.3984375,0.0,0.0
1774368550.8606436,100.0,1529.3984375,0.0,0.0
1774368550.9930475,80.5,1529.3984375,0.0,0.0
1774368551.1226907,100.0,1529.3984375,0.0,0.0
1774368551.2531679,100.0,1529.3984375,0.0,0.0
1774368551.3890986,80.0,1529.3984375,0.0,0.0
1774368551.5190585,97.6,1529.3984375,0.0,0.0
1774368551.638059,100.0,1529.3984375,0.0,0.0
1774368551.7690594,80.5,1529.3984375,0.0,0.0
1774368551.9028792,92.5,1529.3984375,0.0,0.0
1774368552.0336068,100.0,1529.3984375,0.0,0.0
1774368552.1574104,79.5,1529.4375,0.0,0.0
1774368552.2898445,92.5,1529.4375,0.0,0.0
1774368552.4205654,100.0,1529.4375,0.0,0.0
1774368552.5399284,92.5,1529.4375,0.0,0.0
1774368552.6729357,90.2,1529.4375,0.0,0.0
1774368552.8050585,100.0,1529.4375,0.0,0.0
1774368552.9420168,100.0,1529.4375,0.0,0.0
1774368553.0744572,76.9,1529.4375,0.0,0.0
1774368553.205378,100.0,1529.44140625,0.0,0.0
1774368553.3373349,100.0,1529.44140625,0.0,0.0
1774368553.4694047,80.5,1529.19921875,0.0,0.0
1774368553.5863407,55.0,1529.19921875,0.0,0.0
1774368553.7033536,28.2,1528.9296875,1.734375,6.07421875
1774368553.8210118,15.0,1528.7109375,9.44921875,0.0
1774368553.9383185,17.1,1528.609375,8.8984375,0.0
1774368554.0557604,17.5,1528.8046875,9.69921875,0.0
1774368554.17337,15.4,1529.13671875,8.8984375,0.0
1774368554.2909122,12.8,1529.38671875,9.82421875,0.0
1774368554.408361,17.5,1529.203125,8.7734375,0.0
1774368554.5262167,7.7,1529.62109375,3.46484375,0.0
1774368554.6445713,15.0,1529.4375,9.43359375,0.0
1774368554.762038,14.6,1529.43359375,8.8359375,0.0
1774368554.8794124,17.1,1529.5,9.76171875,0.0
1774368554.997195,12.8,1529.49609375,8.7734375,0.0
1774368555.1148257,14.6,1529.078125,9.82421875,0.0
1774368555.2318618,19.0,1528.890625,8.3984375,0.0
1774368555.3495884,15.0,1528.80078125,9.44921875,0.0
1774368555.4670725,15.0,1528.4921875,8.8984375,0.0
1774368555.5847113,20.9,1528.87890625,9.57421875,0.0
1774368555.7021754,15.4,1528.91015625,8.8984375,0.0
1774368555.8201702,12.8,1528.90234375,9.69921875,0.0
1774368555.9373453,15.0,1528.81640625,8.8984375,0.0
1774368556.0552356,15.0,1529.203125,9.57421875,0.0
1774368556.1726112,17.5,1528.89453125,8.7734375,0.0
1774368556.2902195,16.7,1529.03125,9.82421875,0.0
1774368556.4075136,15.4,1529.3359375,8.8984375,0.0
1774368556.5265174,12.5,1529.09375,9.82421875,0.0
1774368556.6442697,16.7,1529.16796875,8.8984375,0.0
1774368556.7619529,19.0,1529.02734375,9.82421875,0.0
1774368556.8798082,17.5,1528.9921875,8.8984375,0.0
1774368556.9976902,17.5,1529.21484375,9.4140625,0.0
1774368557.1153598,17.1,1528.89453125,9.18359375,0.0
1774368557.233378,12.8,1529.62890625,9.0859375,0.0
1774368557.3511412,15.0,1529.625,9.51171875,0.0
1774368557.4686542,15.4,1529.69140625,8.8984375,0.0
1774368557.5862029,17.9,1529.69921875,9.69921875,0.0
1774368557.7052643,23.1,1587.72265625,2.21484375,0.0
1774368557.8271236,25.0,1668.0234375,0.0,0.0
1774368557.9485917,30.0,1720.78515625,0.0,0.0
1774368558.0708463,27.5,1775.828125,0.0,0.0
1774368558.1892776,26.2,1828.12109375,1.234375,0.0
1774368558.3067434,12.5,1829.015625,9.69921875,0.0
1774368558.4258416,15.4,1829.55859375,7.2890625,0.0
1774368558.5457597,28.2,1864.515625,0.0,0.0
1774368558.6657038,25.0,1902.92578125,0.0,0.0
1774368558.7856967,28.2,1937.76171875,0.0,0.0
1774368558.9058323,31.7,1970.96875,0.0,0.0
1774368559.0267434,26.8,2006.23828125,0.0,0.0
1774368559.147084,30.0,2041.51171875,0.0,0.0
1774368559.2671852,27.5,2077.37890625,0.0,0.0
1774368559.3882098,25.0,2112.859375,0.0,0.0
1774368559.5064979,26.8,1940.6953125,0.0,0.0
1774368559.6247625,30.0,1351.8203125,0.0,0.0
1774368559.7432,27.5,1351.8203125,0.0,0.0
1774368559.8626046,26.8,1352.06640625,0.0,0.0
1774368559.9821146,27.5,1352.06640625,0.0,0.0
1774368560.1008344,25.6,1378.19921875,0.0,0.0
1774368560.2195516,25.0,1416.19921875,0.0,0.0
1774368560.3379421,26.8,1454.19921875,0.0,0.0
1774368560.4566548,27.5,1494.19921875,0.0,0.0
1774368560.5751433,27.5,1532.4453125,0.0,0.0
1774368560.6934927,26.8,1570.4453125,0.0,0.0
1774368560.8117478,27.5,1610.4453125,0.0,0.0
1774368560.9305096,27.5,1648.69140625,0.0,0.0
1774368561.0477846,26.8,1352.2109375,0.0,0.0
1774368561.1902323,37.2,1352.19921875,0.0,0.0
1774368561.312811,100.0,1352.19921875,0.0,0.0
1774368561.4421139,100.0,1352.19921875,0.0,0.0
1774368561.5711784,100.0,1352.19921875,0.0,0.0
1774368561.7009928,100.0,1352.19921875,0.0,0.0
1774368561.8321543,100.0,1352.19921875,0.0,0.0
1774368561.958432,100.0,1352.19921875,0.0,0.0
1774368562.0886853,100.0,1352.19921875,0.0,0.0
1774368562.219736,100.0,1352.203125,0.0,0.0
1774368562.3501856,100.0,1352.203125,0.0,0.0
1774368562.4771242,100.0,1352.203125,0.0,0.0
1774368562.6081278,100.0,1352.203125,0.0,0.0
1774368562.7268128,100.0,1352.203125,0.0,0.0
1774368562.8560266,100.0,1352.203125,0.0,0.0
1774368562.9873633,100.0,1352.203125,0.0,0.0
1774368563.117861,100.0,1352.203125,0.0,0.0
1774368563.2353473,97.5,1365.1875,0.0,0.0
1774368563.352825,25.6,1389.1875,0.0,0.0
1774368563.4706483,26.8,1413.1875,0.0,0.0
1774368563.5879626,25.0,1437.1875,0.0,0.0
1774368563.7053883,27.5,1461.1875,0.0,0.0
1774368563.8228295,28.6,1485.1875,0.0,0.0
1774368563.9400494,27.5,1509.1875,0.0,0.0
1774368564.0574002,25.6,1533.43359375,0.0,0.0
1774368564.1747634,25.6,1557.43359375,0.0,0.0
1774368564.2920628,28.6,1581.43359375,0.0,0.0
1774368564.4094784,29.3,1605.43359375,0.0,0.0
1774368564.5269637,27.5,1627.43359375,0.0,0.0
1774368564.64501,26.8,1651.6796875,0.0,0.0
1774368564.7623541,27.5,1675.92578125,0.0,0.0
1774368564.879398,27.5,1700.171875,0.0,0.0
1774368564.9970503,29.3,1724.171875,0.0,0.0
1774368565.1143134,25.6,1748.171875,0.0,0.0
1774368565.232432,28.2,1761.0078125,0.0,0.0
1774368565.3506033,29.3,1782.62890625,0.0,0.0
1774368565.468645,25.0,1803.3203125,0.0,0.0
1774368565.587569,27.5,1823.76171875,0.0,0.0
1774368565.7065225,29.3,1844.48046875,0.0,0.0
1774368565.825489,25.0,1865.359375,0.0,0.0
1774368565.9441965,27.5,1883.8125,0.0,0.0
1774368566.062856,30.0,1904.74609375,0.0,0.0
1774368566.1817982,29.3,1925.01171875,0.0,0.0
1774368566.3006825,23.1,1945.2890625,0.0,0.0
1774368566.452874,71.8,1955.48046875,0.0,0.0
1774368566.582768,100.0,1956.14453125,0.0,0.0
1774368566.7026143,61.9,1360.34375,0.0,0.0
1774368566.8223464,31.0,1464.58984375,0.0,0.0
1774368566.9419587,31.7,1568.8359375,0.0,0.0
1774368567.061844,25.6,1671.08203125,0.0,0.0
1774368567.1839726,25.6,1762.45703125,0.0,0.0
1774368567.3062353,28.2,1818.50390625,0.0,0.0
1774368567.4292705,29.3,1876.3046875,0.0,0.0
1774368567.5520353,25.0,1936.7890625,0.0,0.0
1774368567.763137,82.5,1955.859375,0.0,0.0
1774368568.0064871,100.0,1956.10546875,0.0,0.0
1774368568.2439024,100.0,1956.50390625,0.0,0.0
1774368568.3723493,86.7,1512.18359375,0.0,0.0
1774368568.49114,35.0,1351.6796875,0.0,0.0
1774368568.6101246,27.5,1352.171875,0.0,0.0
1774368568.729099,26.8,1352.171875,0.0,0.0
1774368568.8476954,27.5,1352.171875,0.0,0.0
1774368568.9724538,29.3,1352.171875,0.0,0.0
1774368569.1030157,80.0,1352.171875,0.0,0.0
1774368569.223339,100.0,1352.09375,0.0,0.0
1774368569.3702095,80.5,1352.09375,0.0,0.0
1774368569.500774,97.6,1352.33984375,0.0,0.0
1774368569.6318283,100.0,1352.33984375,0.0,0.0
1774368569.7651472,78.0,1352.33984375,0.0,0.0
1774368569.8964226,97.4,1352.33984375,0.0,0.0
1774368570.0267687,100.0,1352.33984375,0.0,0.0
1774368570.1616364,72.5,1352.33203125,0.0,0.0
1774368570.295371,90.2,1352.33203125,0.0,0.0
1774368570.4383805,100.0,1352.33203125,0.0,0.0
1774368570.5689204,75.0,1352.33203125,0.0,0.0
1774368570.6979706,92.3,1352.33203125,0.0,0.0
1774368570.8280692,100.0,1352.33203125,0.0,0.0
1774368570.947774,92.3,1352.578125,0.0,0.0
1774368571.0806723,97.4,1352.578125,0.0,0.0
1774368571.2106836,100.0,1352.58203125,0.0,0.0
1774368571.3426273,100.0,1352.58203125,0.0,0.0
1774368571.476044,85.4,1352.58203125,0.0,0.0
1774368571.6020403,100.0,1352.58203125,0.0,0.0
1774368571.7340643,100.0,1352.58203125,0.0,0.0
1774368571.8685744,82.5,1352.58203125,0.0,0.0
1774368571.998872,100.0,1352.58203125,0.0,0.0
1774368572.1307993,100.0,1352.58203125,0.0,0.0
1774368572.258827,82.9,1352.58203125,0.0,0.0
1774368572.3890598,100.0,1352.58203125,0.0,0.0
1774368572.5366108,100.0,1352.58203125,0.0,0.0
1774368572.6806457,72.5,1352.58203125,0.0,0.0
1774368572.7980828,57.5,1352.58203125,0.0,0.0
1774368572.9158816,25.6,1351.828125,2.109375,6.07421875
1774368573.0335975,12.5,1351.86328125,9.69921875,0.0
1774368573.1512115,19.0,1351.8671875,8.8984375,0.0
1774368573.2690527,15.0,1351.59765625,9.6640625,0.0
1774368573.386672,17.1,1351.8203125,9.05859375,0.0
1774368573.5041704,19.5,1351.76953125,9.1640625,0.0
1774368573.6219368,17.5,1351.86328125,9.30859375,0.0
1774368573.7398572,15.0,1351.984375,8.9609375,0.0
1774368573.8573701,15.0,1351.921875,9.76171875,0.0
1774368573.9747617,15.0,1351.921875,8.7734375,0.0
1774368574.0925686,19.0,1351.96875,9.82421875,0.0
1774368574.2099776,12.8,1351.83984375,8.6484375,0.0
1774368574.3276336,15.0,1352.234375,9.69921875,0.0
1774368574.4450378,17.5,1352.03125,8.8984375,0.0
1774368574.5626523,15.0,1351.3125,9.69921875,0.0
1774368574.6799345,15.8,1351.73046875,8.8984375,0.0
1774368574.7978408,15.0,1351.62109375,9.69921875,0.0
1774368574.9155035,14.6,1351.671875,8.5234375,0.0
1774368575.0330882,14.6,1351.69140625,9.69921875,0.0
1774368575.1502802,17.5,1352.04296875,8.6484375,0.0
1774368575.2681596,19.0,1351.9609375,9.69921875,0.0
1774368575.3855019,15.0,1351.99609375,8.7734375,0.0
1774368575.5031753,17.1,1351.8203125,9.69921875,0.0
1774368575.6210883,18.6,1351.92578125,8.8984375,0.0
1774368575.7389827,14.6,1351.59375,9.69921875,0.0
1774368575.8589234,13.2,1351.984375,9.1484375,0.0
1774368575.976885,20.9,1352.265625,9.4140625,0.0
1774368576.0946836,15.0,1352.1640625,9.30859375,0.0
1774368576.2124372,12.5,1351.6875,8.9609375,0.0
1774368576.3299916,17.1,1351.80859375,9.51171875,0.0
1774368576.4478176,13.2,1351.74609375,9.0234375,0.0
1774368576.5654695,13.2,1351.93359375,9.69921875,0.0
1774368576.6828418,17.5,1351.72265625,8.8984375,0.0
1774368576.8020895,20.0,1381.00390625,5.33984375,0.0
1774368576.9217641,27.5,1479.00390625,0.0,0.0
1774368577.041197,25.6,1575.25,0.0,0.0
1774368577.1593003,25.0,1655.16015625,2.484375,0.0
1774368577.2772949,15.0,1655.15234375,9.6640625,0.0
1774368577.3950994,17.1,1657.3515625,6.07421875,0.0
1774368577.5129085,29.3,1711.59765625,0.0,0.0
1774368577.6323135,27.5,1759.9921875,0.0,0.0
1774368577.7522366,26.8,1799.55859375,0.0,0.0
1774368577.8720055,27.5,1839.68359375,0.0,0.0
1774368577.9921756,28.2,1879.140625,0.0,0.0
1774368578.11257,25.0,1916.046875,0.0,0.0
1774368578.2316556,25.0,1949.3515625,0.0,0.0
1774368578.3500834,27.5,1597.515625,0.0,0.0
1774368578.4686785,27.5,1369.9765625,0.0,0.0
1774368578.586996,27.5,1369.9765625,0.0,0.0
1774368578.7064497,30.0,1369.9765625,0.0,0.0
1774368578.8246546,27.5,1369.9765625,0.0,0.0
1774368578.9433854,25.0,1408.05078125,0.0,0.0
1774368579.0617912,25.6,1446.36328125,0.0,0.0
1774368579.180364,27.5,1484.61328125,0.0,0.0
1774368579.2989469,26.8,1524.61328125,0.0,0.0
1774368579.417299,26.8,1562.61328125,0.0,0.0
1774368579.5359287,25.6,1602.859375,0.0,0.0
1774368579.6580057,29.3,1641.10546875,0.0,0.0
1774368579.774896,25.0,1370.625,0.0,0.0
1774368579.893674,31.0,1370.87109375,0.0,0.0
1774368580.023842,60.0,1370.87109375,0.0,0.0
1774368580.1539283,100.0,1370.859375,0.0,0.0
1774368580.2840817,100.0,1370.859375,0.0,0.0
1774368580.4032104,100.0,1370.859375,0.0,0.0
1774368580.5381153,100.0,1370.859375,0.0,0.0
1774368580.6687975,100.0,1370.859375,0.0,0.0
1774368580.7960904,100.0,1370.859375,0.0,0.0
1774368580.9146233,100.0,1370.859375,0.0,0.0
1774368581.0325792,95.2,1370.859375,0.0,0.0
1774368581.1499166,100.0,1370.859375,0.0,0.0
1774368581.2803442,100.0,1370.859375,0.0,0.0
1774368581.4150562,100.0,1370.859375,0.0,0.0
1774368581.545736,100.0,1370.859375,0.0,0.0
1774368581.6728065,100.0,1370.859375,0.0,0.0
1774368581.8002512,100.0,1370.859375,0.0,0.0
1774368581.9315035,100.0,1370.859375,0.0,0.0
1774368582.0492811,86.8,1389.10546875,0.0,0.0
1774368582.1667116,25.0,1411.10546875,0.0,0.0
1774368582.28413,29.3,1435.10546875,0.0,0.0
1774368582.4015527,25.6,1459.10546875,0.0,0.0
1774368582.5189047,25.0,1483.10546875,0.0,0.0
1774368582.6361911,28.2,1507.3515625,0.0,0.0
1774368582.7536633,25.6,1531.3515625,0.0,0.0
1774368582.8713336,25.0,1555.3515625,0.0,0.0
1774368582.9889328,25.0,1579.3515625,0.0,0.0
1774368583.1063344,29.3,1603.3515625,0.0,0.0
1774368583.2239985,28.6,1627.3515625,0.0,0.0
1774368583.3414009,25.0,1651.59765625,0.0,0.0
1774368583.459927,27.5,1673.59765625,0.0,0.0
1774368583.5780294,27.5,1688.89453125,0.0,0.0
1774368583.6960592,25.6,1710.109375,0.0,0.0
1774368583.8139281,25.6,1731.421875,0.0,0.0
1774368583.93206,29.3,1752.75,0.0,0.0
1774368584.05036,25.0,1774.19140625,0.0,0.0
1774368584.168313,26.8,1793.93359375,0.0,0.0
1774368584.28598,29.3,1815.14453125,0.0,0.0
1774368584.4041598,27.5,1836.87890625,0.0,0.0
1774368584.5220742,25.0,1857.0703125,0.0,0.0
1774368584.63996,27.5,1878.1015625,0.0,0.0
1774368584.758059,25.6,1899.6875,0.0,0.0
1774368584.876966,23.1,1919.5390625,0.0,0.0
1774368584.9956517,27.5,1939.93359375,0.0,0.0
1774368585.1149242,29.3,1960.640625,0.0,0.0
1774368585.2578926,57.1,1973.1640625,0.0,0.0
1774368585.3986914,100.0,1973.65625,0.0,0.0
1774368585.5157356,77.5,1439.2890625,0.0,0.0
1774368585.6357348,27.5,1435.20703125,0.0,0.0
1774368585.755407,25.0,1539.20703125,0.0,0.0
1774368585.875287,28.2,1643.453125,0.0,0.0
1774368585.9982047,28.2,1713.1171875,0.0,0.0
1774368586.1213076,27.5,1780.9140625,0.0,0.0
1774368586.2442136,26.8,1849.0546875,0.0,0.0
1774368586.366559,27.5,1916.9296875,0.0,0.0
1774368586.6652055,37.2,1974.10546875,0.0,0.0
1774368586.8502905,95.1,1974.59765625,0.0,0.0
1774368587.0581243,100.0,1974.84375,0.0,0.0
1774368587.2226582,100.0,1975.1875,0.0,0.0
1774368587.3407764,57.1,1371.06640625,0.0,0.0
1774368587.4589272,26.8,1370.09765625,0.0,0.0
1774368587.5771275,29.3,1370.09765625,0.0,0.0
1774368587.6956172,27.5,1370.09765625,0.0,0.0
1774368587.8141396,25.6,1370.09765625,0.0,0.0
1774368587.957316,43.5,1370.58984375,0.0,0.0
1774368588.0875828,100.0,1370.58984375,0.0,0.0
1774368588.2139804,100.0,1370.49609375,0.0,0.0
1774368588.3451815,80.0,1370.49609375,0.0,0.0
1774368588.4745767,100.0,1370.49609375,0.0,0.0
1774368588.605266,100.0,1370.49609375,0.0,0.0
1774368588.7384577,69.2,1370.49609375,0.0,0.0
1774368588.8704677,100.0,1370.49609375,0.0,0.0
1774368588.9880548,100.0,1370.49609375,0.0,0.0
1774368589.1181118,78.0,1370.49609375,0.0,0.0
1774368589.250525,95.0,1370.49609375,0.0,0.0
1774368589.3811283,100.0,1370.49609375,0.0,0.0
1774368589.5008597,92.3,1370.5,0.0,0.0
1774368589.6377616,97.4,1370.5,0.0,0.0
1774368589.763672,100.0,1370.5,0.0,0.0
1774368589.8997805,100.0,1370.5,0.0,0.0
1774368590.0494537,80.5,1370.5,0.0,0.0
1774368590.183587,100.0,1370.74609375,0.0,0.0
1774368590.3128815,100.0,1370.74609375,0.0,0.0
1774368590.4491355,67.5,1370.74609375,0.0,0.0
1774368590.5753725,100.0,1370.9921875,0.0,0.0
1774368590.709361,100.0,1370.9921875,0.0,0.0
1774368590.8431737,71.8,1370.9921875,0.0,0.0
1774368590.9853666,100.0,1370.9921875,0.0,0.0
1774368591.116883,100.0,1370.98828125,0.0,0.0
1774368591.2485864,77.5,1370.984375,0.0,0.0
1774368591.381603,95.1,1370.984375,0.0,0.0
1774368591.5128815,100.0,1370.984375,0.0,0.0
1774368591.630883,77.5,1370.984375,0.0,0.0
1774368591.7564743,92.7,1370.984375,0.0,0.0
1774368591.8760839,33.3,1370.984375,0.0,0.0
1774368591.9940267,17.5,1370.421875,6.07421875,6.07421875
1774368592.111771,14.6,1370.2890625,9.05859375,0.0
1774368592.2296624,17.1,1370.16796875,9.1640625,0.0
1774368592.3478868,17.1,1370.3515625,9.43359375,0.0
1774368592.4654634,15.0,1370.1015625,8.8359375,0.0
1774368592.5830207,15.4,1370.34765625,9.76171875,0.0
1774368592.7008276,15.0,1370.67578125,8.7734375,0.0
1774368592.8183868,12.5,1370.23046875,9.69921875,0.0
1774368592.9361084,13.2,1370.390625,8.7734375,0.0
1774368593.0542371,15.0,1370.54296875,9.82421875,0.0
1774368593.1717546,10.8,1370.58203125,8.7734375,0.0
1774368593.2894738,12.5,1370.6015625,9.82421875,0.0
1774368593.406868,15.0,1370.52734375,8.7734375,0.0
1774368593.5247447,12.5,1370.41796875,9.82421875,0.0
1774368593.642142,15.0,1370.4765625,8.8984375,0.0
1774368593.7596853,15.4,1370.3515625,9.69921875,0.0
1774368593.8775957,15.4,1370.5546875,8.8984375,0.0
1774368593.9952593,10.3,1370.5390625,9.82421875,0.0
1774368594.1128483,17.5,1370.71875,8.8984375,0.0
1774368594.2306526,13.2,1370.59765625,9.4140625,0.0
1774368594.348542,15.0,1370.28515625,9.18359375,0.0
1774368594.4660456,14.6,1370.578125,9.0859375,0.0
1774368594.5838878,17.1,1370.1015625,9.51171875,0.0
1774368594.701636,12.5,1370.46875,8.8984375,0.0
1774368594.819201,15.4,1369.984375,9.82421875,0.0
1774368594.9367235,19.5,1370.1796875,8.7734375,0.0
1774368595.054838,15.4,1370.10546875,9.69921875,0.0
1774368595.1722388,15.0,1370.0546875,8.6484375,0.0
1774368595.2898405,17.5,1370.4453125,9.82421875,0.0
1774368595.4072626,13.2,1370.34765625,8.7734375,0.0
1774368595.5253334,15.0,1370.25390625,9.69921875,0.0
1774368595.642594,10.8,1370.59765625,8.8984375,0.0
1774368595.760569,15.0,1370.7578125,9.82421875,0.0
1774368595.8802035,29.3,1444.0234375,0.83984375,0.0
1774368595.9999282,26.8,1540.0234375,0.0,0.0
1774368596.119325,29.3,1638.01953125,0.0,0.0
1774368596.2382283,22.0,1670.16796875,6.07421875,0.0
1774368596.356032,15.4,1670.26171875,8.93359375,0.0
1774368596.475997,25.0,1683.9921875,3.21484375,0.0
1774368596.5973856,27.5,1718.0390625,0.0,0.0
1774368596.7182758,23.1,1754.359375,0.0,0.0
1774368596.8388567,29.3,1789.86328125,0.0,0.0
1774368596.9589555,30.0,1825.203125,0.0,0.0
1774368597.079922,29.3,1861.9140625,0.0,0.0
1774368597.200668,27.5,1897.71875,0.0,0.0
1774368597.3207347,30.0,1929.12890625,0.0,0.0
1774368597.440983,27.5,1964.6328125,0.0,0.0
1774368597.560126,27.5,1419.9609375,0.0,0.0
1774368597.67875,25.0,1369.79296875,0.0,0.0
1774368597.7979596,27.5,1370.0390625,0.0,0.0
1774368597.9180138,30.0,1370.0390625,0.0,0.0
1774368598.0368228,26.8,1385.8671875,0.0,0.0
1774368598.1555748,29.3,1426.25,0.0,0.0
1774368598.2743754,27.5,1464.49609375,0.0,0.0
1774368598.3931563,28.6,1504.7421875,0.0,0.0
1774368598.511968,27.5,1542.98828125,0.0,0.0
1774368598.6308167,29.3,1581.234375,0.0,0.0
1774368598.7498825,28.6,1619.234375,0.0,0.0
1774368598.8685963,25.0,1659.234375,0.0,0.0
1774368598.9857032,27.5,1370.75390625,0.0,0.0
1774368599.1030502,29.3,1370.75390625,0.0,0.0
1774368599.2258825,92.9,1370.75390625,0.0,0.0
1774368599.3579376,100.0,1370.75390625,0.0,0.0
1774368599.48974,100.0,1370.75390625,0.0,0.0
1774368599.6213312,100.0,1370.75390625,0.0,0.0
1774368599.7508478,100.0,1370.75390625,0.0,0.0
1774368599.880798,100.0,1370.75390625,0.0,0.0
1774368600.0021439,100.0,1370.75390625,0.0,0.0
1774368600.1328433,100.0,1370.75390625,0.0,0.0
1774368600.264038,100.0,1370.75390625,0.0,0.0
1774368600.3957357,100.0,1370.75390625,0.0,0.0
1774368600.5274775,100.0,1370.75390625,0.0,0.0
1774368600.6589756,100.0,1370.75390625,0.0,0.0
1774368600.7902718,100.0,1370.75390625,0.0,0.0
1774368600.9212542,100.0,1370.75390625,0.0,0.0
1774368601.0529716,100.0,1371.0,0.0,0.0
1774368601.1835084,100.0,1371.4921875,0.0,0.0
1774368601.3015242,45.0,1397.984375,0.0,0.0
1774368601.4193025,25.6,1422.23046875,0.0,0.0
1774368601.536896,27.5,1446.23046875,0.0,0.0
1774368601.6543283,23.1,1470.23046875,0.0,0.0
1774368601.7717776,27.5,1494.23046875,0.0,0.0
1774368601.8894107,27.5,1518.23046875,0.0,0.0
1774368602.007016,26.8,1542.23046875,0.0,0.0
1774368602.124379,27.5,1566.4765625,0.0,0.0
1774368602.2419066,27.5,1590.4765625,0.0,0.0
1774368602.3596852,23.1,1614.4765625,0.0,0.0
1774368602.477034,25.0,1638.4765625,0.0,0.0
1774368602.5943444,25.6,1662.4765625,0.0,0.0
1774368602.7121358,27.5,1686.72265625,0.0,0.0
1774368602.8296444,25.0,1710.72265625,0.0,0.0
1774368602.947185,28.2,1732.72265625,0.0,0.0
1774368603.0648503,30.0,1756.72265625,0.0,0.0
1774368603.1831021,23.7,1774.23828125,0.0,0.0
1774368603.3012447,26.8,1795.26171875,0.0,0.0
1774368603.420309,27.5,1816.6484375,0.0,0.0
1774368603.5393405,25.6,1837.83984375,0.0,0.0
1774368603.658239,25.6,1857.35546875,0.0,0.0
1774368603.777042,30.0,1878.00390625,0.0,0.0
1774368603.8961167,29.3,1896.859375,0.0,0.0
1774368604.014931,23.7,1916.78125,0.0,0.0
1774368604.1337497,31.0,1937.47265625,0.0,0.0
1774368604.2528348,30.0,1958.06640625,0.0,0.0
1774368604.4032,46.3,1973.2265625,0.0,0.0
1774368604.538467,100.0,1973.92578125,0.0,0.0
1774368604.657274,78.0,1368.99609375,0.0,0.0
1774368604.7771702,29.3,1457.8515625,0.0,0.0
1774368604.8971713,26.8,1562.09765625,0.0,0.0
1774368605.016994,29.3,1664.34375,0.0,0.0
1774368605.1371155,27.5,1766.6640625,0.0,0.0
1774368605.2607694,25.0,1821.62890625,0.0,0.0
1774368605.3835661,25.6,1881.15234375,0.0,0.0
1774368605.5061939,28.2,1939.89453125,0.0,0.0
1774368605.7153482,63.4,1973.64453125,0.0,0.0
1774368605.9023023,95.0,1974.36328125,0.0,0.0
1774368606.1140056,100.0,1974.85546875,0.0,0.0
1774368606.271991,100.0,1974.73046875,0.0,0.0
1774368606.39386,74.4,1461.328125,0.0,0.0
1774368606.51325,27.5,1369.78125,0.0,0.0
1774368606.6325874,25.0,1369.78125,0.0,0.0
1774368606.7515585,25.6,1370.2734375,0.0,0.0
1774368606.8707607,27.5,1370.2734375,0.0,0.0
1774368606.993674,29.3,1370.2734375,0.0,0.0
1774368607.1232796,92.5,1370.1640625,0.0,0.0
1774368607.253904,100.0,1370.1640625,0.0,0.0
1774368607.3835282,65.0,1370.1640625,0.0,0.0
1774368607.5130212,87.5,1370.1640625,0.0,0.0
1774368607.6422763,100.0,1370.1640625,0.0,0.0
1774368607.760031,88.1,1370.1640625,0.0,0.0
1774368607.8952138,90.0,1370.1640625,0.0,0.0
1774368608.0376647,100.0,1370.1640625,0.0,0.0
1774368608.1700723,100.0,1370.171875,0.0,0.0
1774368608.3089535,76.9,1370.171875,0.0,0.0
1774368608.4387434,100.0,1370.171875,0.0,0.0
1774368608.5839353,100.0,1370.171875,0.0,0.0
1774368608.7166836,75.0,1370.171875,0.0,0.0
1774368608.8469641,100.0,1370.171875,0.0,0.0
1774368608.979792,100.0,1370.171875,0.0,0.0
1774368609.1142097,82.1,1370.171875,0.0,0.0
1774368609.2438586,100.0,1370.171875,0.0,0.0
1774368609.3751636,100.0,1370.171875,0.0,0.0
1774368609.5091565,78.6,1370.171875,0.0,0.0
1774368609.6401727,97.5,1370.171875,0.0,0.0
1774368609.7585838,100.0,1370.171875,0.0,0.0
1774368609.8864102,77.5,1370.171875,0.0,0.0
1774368610.018681,95.1,1370.171875,0.0,0.0
1774368610.1497107,100.0,1370.171875,0.0,0.0
1774368610.269922,92.9,1370.171875,0.0,0.0
1774368610.4036021,92.7,1370.171875,0.0,0.0
1774368610.5340252,100.0,1370.171875,0.0,0.0
1774368610.6653428,100.0,1370.171875,0.0,0.0
1774368610.7969978,79.5,1370.171875,0.0,0.0
1774368610.9142742,45.0,1370.171875,0.0,0.0
1774368611.0322952,25.0,1370.3046875,3.984375,6.07421875
1774368611.1502197,12.8,1370.375,8.7734375,0.0
1774368611.267996,15.0,1370.39453125,9.82421875,0.0
1774368611.3852308,15.4,1370.421875,8.7734375,0.0
1774368611.5032218,17.5,1370.203125,9.69921875,0.0
1774368611.6206138,14.6,1370.34765625,8.8984375,0.0
1774368611.7383423,17.1,1370.13671875,9.69921875,0.0
1774368611.8561153,15.4,1370.51953125,8.8984375,0.0
1774368611.9739633,13.2,1369.66796875,9.82421875,0.0
1774368612.0918498,15.8,1369.68359375,8.7734375,0.0
1774368612.209763,17.5,1369.91015625,9.82421875,0.0
1774368612.3277786,17.1,1369.9921875,8.7734375,0.0
1774368612.4456027,15.0,1370.2109375,9.6640625,0.0
1774368612.5635266,21.4,1370.68359375,9.05859375,0.0
1774368612.681269,15.0,1371.13671875,9.1640625,0.0
1774368612.7988465,19.5,1371.07421875,9.43359375,0.0
1774368612.9165444,19.5,1370.734375,8.8359375,0.0
1774368613.034615,17.5,1370.67578125,9.51171875,0.0
1774368613.1522825,15.4,1370.609375,8.7734375,0.0
1774368613.270007,15.8,1370.7421875,9.82421875,0.0
1774368613.388086,17.1,1370.77734375,8.8984375,0.0
1774368613.5061293,10.3,1370.67578125,9.69921875,0.0
1774368613.6235206,17.1,1370.82421875,8.8984375,0.0
1774368613.7415426,19.5,1370.37890625,9.82421875,0.0
1774368613.8590894,12.8,1370.796875,8.7734375,0.0
1774368613.9769423,12.5,1370.6875,9.69921875,0.0
1774368614.0943992,21.4,1370.41796875,8.8984375,0.0
1774368614.2125342,17.5,1370.546875,9.82421875,0.0
1774368614.330265,13.2,1370.8671875,8.8984375,0.0
1774368614.448074,13.2,1370.9765625,9.69921875,0.0
1774368614.5660653,15.4,1371.16015625,9.0234375,0.0
1774368614.6840508,15.0,1371.40234375,9.4140625,0.0
1774368614.8017547,14.6,1371.6640625,9.30859375,0.0
1774368614.9208477,22.5,1423.421875,2.83984375,0.0
1774368615.0406187,27.5,1519.66796875,0.0,0.0
1774368615.1601422,25.0,1617.63671875,0.0,0.0
1774368615.2778654,22.5,1675.47265625,4.734375,0.0
1774368615.395322,13.2,1675.76953125,8.7734375,0.0
1774368615.5130765,19.5,1689.83203125,4.71484375,0.0
1774368615.6332502,32.5,1729.19921875,0.0,0.0
1774368615.7536647,27.5,1766.50390625,0.0,0.0
1774368615.8740304,25.0,1804.8515625,0.0,0.0
1774368615.99421,27.5,1840.87109375,0.0,0.0
1774368616.1148047,36.6,1880.4609375,0.0,0.0
1774368616.2431693,30.8,1920.921875,0.0,0.0
1774368616.3636022,29.3,1952.82421875,0.0,0.0
1774368616.481916,30.0,1973.71875,0.0,0.0
1774368616.599926,27.5,1390.93359375,0.0,0.0
1774368616.718245,26.8,1369.66796875,0.0,0.0
1774368616.8372002,27.5,1370.16015625,0.0,0.0
1774368616.957228,30.0,1370.16015625,0.0,0.0
1774368617.0765748,27.5,1388.33984375,0.0,0.0
1774368617.1949778,26.8,1428.51953125,0.0,0.0
1774368617.3135433,31.0,1466.51953125,0.0,0.0
1774368617.432416,27.5,1504.765625,0.0,0.0
1774368617.5509484,26.8,1544.765625,0.0,0.0
1774368617.6694276,27.5,1582.765625,0.0,0.0
1774368617.7884796,27.5,1621.01171875,0.0,0.0
1774368617.9073908,26.8,1661.01171875,0.0,0.0
1774368618.0245705,25.6,1370.28515625,0.0,0.0
1774368618.1540406,25.6,1370.2734375,0.0,0.0
1774368618.281607,100.0,1370.2734375,0.0,0.0
1774368618.4121048,100.0,1370.2734375,0.0,0.0
1774368618.5436447,100.0,1370.2734375,0.0,0.0
1774368618.6746,100.0,1370.2734375,0.0,0.0
1774368618.8056889,100.0,1370.2734375,0.0,0.0
1774368618.936402,100.0,1370.51953125,0.0,0.0
1774368619.0679107,100.0,1370.51953125,0.0,0.0
1774368619.1987293,100.0,1370.51953125,0.0,0.0
1774368619.3300488,100.0,1370.51953125,0.0,0.0
1774368619.4612586,100.0,1370.51953125,0.0,0.0
1774368619.5919485,100.0,1370.51953125,0.0,0.0
1774368619.7229724,100.0,1370.51953125,0.0,0.0
1774368619.8419464,100.0,1370.51953125,0.0,0.0
1774368619.973455,100.0,1370.51953125,0.0,0.0
1774368620.1047812,100.0,1370.5234375,0.0,0.0
1774368620.2223191,80.5,1386.5234375,0.0,0.0
1774368620.339985,25.0,1410.5234375,0.0,0.0
1774368620.4576418,25.0,1434.5234375,0.0,0.0
1774368620.5755723,27.5,1458.5234375,0.0,0.0
1774368620.693256,27.5,1480.76953125,0.0,0.0
1774368620.8106837,27.5,1504.76953125,0.0,0.0
1774368620.9281378,30.0,1528.76953125,0.0,0.0
1774368621.0469594,29.3,1552.76953125,0.0,0.0
1774368621.164405,26.8,1576.78515625,0.0,0.0
1774368621.2818701,29.3,1601.03125,0.0,0.0
1774368621.3995764,27.5,1625.03125,0.0,0.0
1774368621.5178514,26.8,1649.03125,0.0,0.0
1774368621.6353118,26.8,1673.03125,0.0,0.0
1774368621.7525692,27.5,1697.03125,0.0,0.0
1774368621.8700626,25.6,1717.21875,0.0,0.0
1774368621.9881,25.0,1736.73828125,0.0,0.0
1774368622.1064065,28.2,1757.8359375,0.0,0.0
1774368622.224709,29.3,1779.33984375,0.0,0.0
1774368622.342871,26.8,1800.6171875,0.0,0.0
1774368622.4610345,31.0,1821.96484375,0.0,0.0
1774368622.5800776,28.2,1843.44921875,0.0,0.0
1774368622.6993215,27.5,1862.26171875,0.0,0.0
1774368622.8183904,25.0,1882.27734375,0.0,0.0
1774368622.9372587,30.0,1903.3046875,0.0,0.0
1774368623.0563467,27.5,1923.41015625,0.0,0.0
1774368623.1751997,26.8,1943.37109375,0.0,0.0
1774368623.2940578,29.3,1964.17578125,0.0,0.0
1774368623.4319692,70.0,1973.875,0.0,0.0
1774368623.5662036,100.0,1973.875,0.0,0.0
1774368623.684589,67.5,1369.3828125,0.0,0.0
1774368623.8045688,29.3,1461.99609375,0.0,0.0
1774368623.9248946,25.6,1565.99609375,0.0,0.0
1774368624.0469842,25.0,1668.2421875,0.0,0.0
1774368624.1696463,28.2,1748.0078125,0.0,0.0
1774368624.2932374,31.0,1806.79296875,0.0,0.0
1774368624.4166546,23.1,1868.0078125,0.0,0.0
1774368624.5401425,30.0,1929.95703125,0.0,0.0
1774368624.7829375,51.3,1973.72265625,0.0,0.0
1774368624.974792,100.0,1973.96875,0.0,0.0
1774368625.1865137,100.0,1973.88671875,0.0,0.0
1774368625.3425148,100.0,1974.37890625,0.0,0.0
1774368625.4615216,75.0,1410.28125,0.0,0.0
1774368625.5795827,25.6,1368.06640625,0.0,0.0
1774368625.6978714,27.5,1368.06640625,0.0,0.0
1774368625.816093,27.5,1368.06640625,0.0,0.0
1774368625.9347076,25.0,1368.06640625,0.0,0.0
1774368626.0571477,31.0,1368.01171875,0.0,0.0
1774368626.1820462,95.0,1368.2578125,0.0,0.0
1774368626.3170657,100.0,1368.2578125,0.0,0.0
1774368626.4504235,80.0,1368.2578125,0.0,0.0
1774368626.5832212,100.0,1368.2578125,0.0,0.0
1774368626.7162516,100.0,1368.2578125,0.0,0.0
1774368626.850482,70.0,1368.50390625,0.0,0.0
1774368626.9817247,97.6,1368.50390625,0.0,0.0
1774368627.1131363,100.0,1368.50390625,0.0,0.0
1774368627.2459865,75.0,1368.50390625,0.0,0.0
1774368627.3805077,92.7,1368.50390625,0.0,0.0
1774368627.4980435,100.0,1368.50390625,0.0,0.0
1774368627.6175404,90.2,1368.50390625,0.0,0.0
1774368627.7507725,97.5,1368.50390625,0.0,0.0
1774368627.872622,100.0,1368.50390625,0.0,0.0
1774368628.004598,100.0,1368.50390625,0.0,0.0
1774368628.1386611,80.0,1368.4921875,0.0,0.0
1774368628.269013,100.0,1368.4921875,0.0,0.0
1774368628.400895,100.0,1368.4921875,0.0,0.0
1774368628.5412912,75.6,1368.4921875,0.0,0.0
1774368628.6669652,100.0,1368.4921875,0.0,0.0
1774368628.7969427,100.0,1368.4921875,0.0,0.0
1774368628.9298759,75.0,1368.4921875,0.0,0.0
1774368629.0599718,82.1,1368.4921875,0.0,0.0
1774368629.1856956,100.0,1368.49609375,0.0,0.0
1774368629.3150737,100.0,1368.49609375,0.0,0.0
1774368629.4342077,70.0,1368.49609375,0.0,0.0
1774368629.5642035,90.2,1368.49609375,0.0,0.0
1774368629.6936052,100.0,1368.49609375,0.0,0.0
1774368629.8290057,87.5,1368.49609375,0.0,0.0
1774368629.959151,92.5,1368.49609375,0.0,0.0
1774368630.0779788,25.6,1368.49609375,0.0,2.359375
1774368630.1952684,19.5,1368.26953125,7.05859375,3.71484375
1774368630.3133485,13.2,1367.67578125,9.69921875,0.0
1774368630.4306622,15.0,1367.71875,8.7734375,0.0
1774368630.5485306,19.5,1367.73046875,9.69921875,0.0
1774368630.6661627,19.5,1367.5390625,8.8984375,0.0
1774368630.7839408,16.7,1367.30078125,9.69921875,0.0
1774368630.9049747,15.4,1367.7421875,9.2734375,0.0
1774368631.022971,17.1,1367.7265625,9.69921875,0.0
1774368631.1410754,17.5,1367.94140625,9.0234375,0.0
1774368631.2587154,17.1,1367.78515625,9.2890625,0.0
1774368631.3762877,17.1,1367.72265625,9.30859375,0.0
1774368631.494151,17.1,1367.96484375,8.9609375,0.0
1774368631.6119864,15.0,1367.90625,9.63671875,0.0
1774368631.729636,17.5,1367.78125,8.8984375,0.0
1774368631.8474987,15.0,1367.84765625,9.69921875,0.0
1774368631.965305,12.5,1368.00390625,8.8984375,0.0
1774368632.0832028,12.8,1368.02734375,9.69921875,0.0
1774368632.2007914,17.5,1367.94921875,8.8984375,0.0
1774368632.3189352,13.2,1368.08203125,9.57421875,0.0
1774368632.4365027,15.0,1367.8671875,8.7734375,0.0
1774368632.5547318,15.4,1367.91015625,9.69921875,0.0
1774368632.6724517,15.4,1367.82421875,8.7734375,0.0
1774368632.7902803,10.5,1367.8359375,9.82421875,0.0
1774368632.9081826,15.4,1367.77734375,8.8984375,0.0
1774368633.0263484,13.2,1367.7734375,9.82421875,0.0
1774368633.144476,16.7,1367.85546875,8.8984375,0.0
1774368633.262362,15.0,1367.70703125,9.6640625,0.0
1774368633.3804784,15.4,1367.765625,9.18359375,0.0
1774368633.4986615,12.8,1368.74609375,9.0859375,0.0
1774368633.6165745,12.5,1369.1796875,9.63671875,0.0
1774368633.73482,12.8,1369.66796875,8.8984375,0.0
1774368633.8528745,16.7,1369.60546875,9.82421875,0.0
1774368633.9716074,10.3,1369.88671875,8.0390625,0.0
1774368634.0911703,29.3,1463.609375,0.0,0.0
1774368634.2106173,31.0,1561.85546875,0.0,0.0
1774368634.3301706,26.8,1660.1015625,0.0,0.0
1774368634.4481385,17.5,1674.55078125,8.55859375,0.0
1774368634.566258,15.4,1674.3984375,9.6640625,0.0
1774368634.68491,25.6,1710.74609375,0.0,0.0
1774368634.8052263,26.8,1746.66015625,0.0,0.0
1774368634.9257627,26.3,1781.9453125,0.0,0.0
1774368635.0464692,29.3,1817.46484375,0.0,0.0
1774368635.1669455,29.3,1853.25390625,0.0,0.0
1774368635.2875702,30.0,1890.28515625,0.0,0.0
1774368635.4082816,27.5,1926.1171875,0.0,0.0
1774368635.5291321,25.0,1958.9921875,0.0,0.0
1774368635.6477044,25.0,1534.72265625,0.0,0.0
1774368635.7662723,27.5,1370.6171875,0.0,0.0
1774368635.8851368,29.3,1370.6171875,0.0,0.0
1774368636.0048933,25.0,1370.6171875,0.0,0.0
1774368636.1237907,28.2,1378.4765625,0.0,0.0
1774368636.2427328,27.5,1416.4765625,0.0,0.0
1774368636.361533,26.8,1454.72265625,0.0,0.0
1774368636.4801824,29.3,1492.96875,0.0,0.0
1774368636.5989773,27.5,1531.21484375,0.0,0.0
1774368636.7180274,27.5,1569.4609375,0.0,0.0
1774368636.8367093,25.0,1607.4609375,0.0,0.0
1774368636.9552753,29.3,1645.4609375,0.0,0.0
1774368637.0729365,27.5,1370.984375,0.0,0.0
1774368637.1900582,25.6,1370.96875,0.0,0.0
1774368637.3205092,60.0,1370.96875,0.0,0.0
1774368637.4515793,100.0,1370.96875,0.0,0.0
1774368637.5828004,100.0,1370.96875,0.0,0.0
1774368637.7139494,100.0,1370.96875,0.0,0.0
1774368637.8454747,100.0,1370.96875,0.0,0.0
1774368637.9764547,100.0,1370.96875,0.0,0.0
1774368638.1075995,100.0,1370.96875,0.0,0.0
1774368638.2387874,100.0,1370.96875,0.0,0.0
1774368638.3700697,100.0,1370.96875,0.0,0.0
1774368638.5013561,100.0,1370.96875,0.0,0.0
1774368638.632425,100.0,1370.96875,0.0,0.0
1774368638.7630823,100.0,1370.96875,0.0,0.0
1774368638.8941793,100.0,1370.96875,0.0,0.0
1774368639.0251858,100.0,1370.96875,0.0,0.0
1774368639.1563873,100.0,1370.96875,0.0,0.0
1774368639.2740154,100.0,1375.953125,0.0,0.0
1774368639.3917584,45.0,1398.4453125,0.0,0.0
1774368639.5094264,27.5,1422.4453125,0.0,0.0
1774368639.6269808,23.1,1446.69140625,0.0,0.0
1774368639.744473,27.5,1470.69140625,0.0,0.0
1774368639.8623865,27.5,1494.69140625,0.0,0.0
1774368639.9807808,25.0,1518.69140625,0.0,0.0
1774368640.0985868,25.0,1542.69140625,0.0,0.0
1774368640.2160666,25.6,1564.703125,0.0,0.0
1774368640.333868,27.5,1588.94921875,0.0,0.0
1774368640.4513896,25.0,1612.94921875,0.0,0.0
1774368640.568942,29.3,1636.94921875,0.0,0.0
1774368640.6866734,25.6,1660.94921875,0.0,0.0
1774368640.8045187,26.8,1684.94921875,0.0,0.0
1774368640.922064,29.3,1709.1953125,0.0,0.0
1774368641.039925,27.5,1733.1953125,0.0,0.0
1774368641.1619935,25.6,1757.1953125,0.0,0.0
1774368641.2824445,25.0,1771.3828125,0.0,0.0
1774368641.4016936,29.3,1788.74609375,0.0,0.0
1774368641.520181,26.3,1810.31640625,0.0,0.0
1774368641.6383688,25.6,1830.66015625,0.0,0.0
1774368641.7565725,29.3,1852.33203125,0.0,0.0
1774368641.87495,26.8,1873.9609375,0.0,0.0
1774368641.9939525,26.8,1894.22265625,0.0,0.0
1774368642.113214,29.3,1911.203125,0.0,0.0
1774368642.2324076,27.5,1931.09765625,0.0,0.0
1774368642.3517945,25.6,1950.97265625,0.0,0.0
1774368642.4865246,26.8,1971.25390625,0.0,0.0
1774368642.6359458,100.0,1973.9609375,0.0,0.0
1774368642.762893,100.0,1512.20703125,0.0,0.0
1774368642.882509,29.3,1426.51171875,0.0,0.0
1774368643.0023806,30.0,1529.00390625,0.0,0.0
1774368643.1221066,29.3,1629.55859375,0.0,0.0
1774368643.2423298,26.8,1733.8046875,0.0,0.0
1774368643.3650842,29.3,1798.55078125,0.0,0.0
1774368643.4888225,30.0,1853.3515625,0.0,0.0
1774368643.6117141,27.5,1911.62109375,0.0,0.0
1774368643.779043,25.0,1969.1640625,0.0,0.0
1774368643.9957929,100.0,1974.0859375,0.0,0.0
1774368644.187315,100.0,1974.4921875,0.0,0.0
1774368644.4042714,97.4,1975.23046875,0.0,0.0
1774368644.5241337,90.2,1544.6640625,0.0,0.0
1774368644.6442957,25.6,1370.93359375,0.0,0.0
1774368644.7637749,25.0,1370.9296875,0.0,0.0
1774368644.8830147,28.2,1371.17578125,0.0,0.0
1774368645.002198,29.3,1371.66796875,0.0,0.0
1774368645.130949,28.6,1371.52734375,0.0,0.0
1774368645.2613602,85.4,1371.52734375,0.0,0.0
1774368645.378316,100.0,1371.52734375,0.0,0.0
1774368645.5054336,78.0,1371.52734375,0.0,0.0
1774368645.6540737,95.0,1371.52734375,0.0,0.0
1774368645.7711928,100.0,1371.52734375,0.0,0.0
1774368645.9040387,93.5,1371.52734375,0.0,0.0
1774368646.0373154,95.0,1371.52734375,0.0,0.0
1774368646.1638064,100.0,1371.52734375,0.0,0.0
1774368646.296102,100.0,1371.52734375,0.0,0.0
1774368646.445907,72.5,1371.52734375,0.0,0.0
1774368646.5764992,100.0,1371.52734375,0.0,0.0
1774368646.7091486,100.0,1371.52734375,0.0,0.0
1774368646.8583343,80.0,1371.52734375,0.0,0.0
1774368646.9901848,100.0,1371.52734375,0.0,0.0
1774368647.123236,100.0,1371.52734375,0.0,0.0
1774368647.2578788,82.1,1371.52734375,0.0,0.0
1774368647.3892317,100.0,1371.52734375,0.0,0.0
1774368647.521541,100.0,1371.52734375,0.0,0.0
1774368647.671249,77.5,1371.52734375,0.0,0.0
1774368647.801127,100.0,1371.52734375,0.0,0.0
1774368647.9331563,100.0,1371.52734375,0.0,0.0
1774368648.0829313,79.5,1371.52734375,0.0,0.0
1774368648.2002263,100.0,1371.52734375,0.0,0.0
1774368648.3171067,100.0,1371.52734375,0.0,0.0
1774368648.4509926,79.5,1371.52734375,0.0,0.0
1774368648.5941546,97.8,1371.52734375,0.0,0.0
1774368648.7276502,100.0,1371.52734375,0.0,0.0
1774368648.8619647,77.5,1371.52734375,0.0,0.0
1774368648.9803858,73.8,1371.52734375,0.0,0.0
1774368649.0982327,25.0,1370.71875,0.359375,6.07421875
1774368649.2163403,15.4,1370.515625,9.69921875,0.0
1774368649.3342052,17.5,1370.5546875,8.8984375,0.0
1774368649.4526305,14.6,1370.33203125,9.82421875,0.0
1774368649.5700562,19.5,1370.00390625,8.8984375,0.0
1774368649.6877677,10.8,1370.0234375,9.69921875,0.0
1774368649.8054621,15.4,1370.07421875,9.0234375,0.0
1774368649.9233057,12.5,1369.95703125,9.69921875,0.0
1774368650.041284,15.4,1369.90625,8.8984375,0.0
1774368650.1595519,15.8,1369.77734375,9.82421875,0.0
1774368650.2776248,12.8,1369.796875,8.8984375,0.0
1774368650.3954108,17.1,1370.56640625,9.5390625,0.0
1774368650.5136268,12.8,1370.34375,9.18359375,0.0
1774368650.6316707,12.8,1370.37890625,9.0859375,0.0
1774368650.7495723,12.8,1370.27734375,9.51171875,0.0
1774368650.8671918,10.5,1370.08203125,8.7109375,0.0
1774368650.9852405,15.0,1370.01953125,9.88671875,0.0
1774368651.1030073,12.8,1369.8359375,8.8984375,0.0
1774368651.220889,19.5,1369.734375,9.82421875,0.0
1774368651.338569,17.1,1369.8828125,8.8984375,0.0
1774368651.4567704,18.6,1370.28125,9.82421875,0.0
1774368651.5741184,17.1,1370.30078125,8.8984375,0.0
1774368651.6921747,15.0,1370.21484375,9.82421875,0.0
1774368651.810056,19.5,1370.11328125,8.8984375,0.0
1774368651.9279475,10.8,1370.1484375,9.69921875,0.0
1774368652.0458267,15.8,1369.5546875,9.0234375,0.0
1774368652.1639965,17.5,1369.43359375,9.5390625,0.0
1774368652.2819278,12.8,1369.65625,9.18359375,0.0
1774368652.3997328,19.5,1369.3671875,9.0859375,0.0
1774368652.5175881,13.2,1369.5546875,9.63671875,0.0
1774368652.635796,14.6,1369.55078125,8.8984375,0.0
1774368652.7537303,12.8,1369.56640625,9.69921875,0.0
1774368652.8712912,13.2,1369.84375,8.7734375,0.0
1774368652.9911728,17.9,1397.91015625,5.46484375,0.0
1774368653.1106772,25.0,1496.05078125,0.0,0.0
1774368653.2300904,30.0,1590.296875,0.0,0.0
1774368653.3483028,26.3,1674.78515625,2.234375,0.0
1774368653.46624,12.5,1674.80859375,9.82421875,0.0
1774368653.5844047,19.5,1677.2265625,6.1640625,0.0
1774368653.7041762,31.7,1730.27734375,0.0,0.0
1774368653.8250153,27.5,1763.12109375,0.0,0.0
1774368653.945889,27.5,1800.359375,0.0,0.0
1774368654.0661507,30.0,1836.18359375,0.0,0.0
1774368654.1872337,30.0,1874.0,0.0,0.0
1774368654.308183,25.0,1909.42578125,0.0,0.0
1774368654.428829,28.2,1946.28125,0.0,0.0
1774368654.549546,30.8,1676.60546875,0.0,0.0
1774368654.6684554,25.0,1374.81640625,0.0,0.0
1774368654.78681,25.6,1374.81640625,0.0,0.0
1774368654.9064987,30.0,1375.0625,0.0,0.0
1774368655.024968,29.3,1375.0625,0.0,0.0
1774368655.1435006,25.6,1374.6484375,0.0,0.0
1774368655.261885,30.0,1374.6484375,0.0,0.0
1774368655.3804688,25.6,1374.6484375,0.0,0.0
1774368655.4992058,26.8,1374.6484375,0.0,0.0
1774368655.6174984,27.5,1374.6484375,0.0,0.0
1774368655.736107,25.6,1374.6484375,0.0,0.0
1774368655.8546848,25.6,1374.6484375,0.0,0.0
1774368655.9718804,28.6,1070.953125,0.0,0.0
1774368656.0892596,27.5,1070.953125,0.0,0.0
1774368656.2204573,97.5,1070.92578125,0.0,0.0
1774368656.3510966,100.0,1070.92578125,0.0,0.0
1774368656.4822636,100.0,1070.92578125,0.0,0.0
1774368656.6139061,95.0,1070.93359375,0.0,0.0
1774368656.7454283,100.0,1070.93359375,0.0,0.0
1774368656.8808827,100.0,1070.9375,0.0,0.0
1774368657.0125582,100.0,1070.9375,0.0,0.0
1774368657.1436398,100.0,1070.93359375,0.0,0.0
1774368657.275263,100.0,1070.93359375,0.0,0.0
1774368657.393129,100.0,1070.93359375,0.0,0.0
1774368657.5226011,100.0,1070.93359375,0.0,0.0
1774368657.6529431,100.0,1070.93359375,0.0,0.0
1774368657.7836607,100.0,1070.93359375,0.0,0.0
1774368657.9151905,100.0,1070.93359375,0.0,0.0
1774368658.0462158,100.0,1070.93359375,0.0,0.0
1774368658.1764948,100.0,1074.93359375,0.0,0.0
1774368658.2957706,35.9,1100.93359375,0.0,0.0
1774368658.4135723,25.0,1125.1796875,0.0,0.0
1774368658.5310233,25.0,1149.1796875,0.0,0.0
1774368658.6484118,27.5,1173.1796875,0.0,0.0
1774368658.7664125,25.6,1197.1796875,0.0,0.0
1774368658.8840725,25.0,1219.1796875,0.0,0.0
1774368659.0016892,28.2,1243.1796875,0.0,0.0
1774368659.1195438,25.6,1267.42578125,0.0,0.0
1774368659.2374969,25.0,1291.42578125,0.0,0.0
1774368659.3551714,27.5,1317.42578125,0.0,0.0
1774368659.4731827,26.8,1339.42578125,0.0,0.0
1774368659.5909953,25.6,1363.42578125,0.0,0.0
1774368659.7087278,25.0,1387.671875,0.0,0.0
1774368659.8262787,29.3,1411.671875,0.0,0.0
1774368659.9441137,27.5,1435.671875,0.0,0.0
1774368660.061802,25.0,1459.671875,0.0,0.0
1774368660.1792226,25.6,1483.671875,0.0,0.0
1774368660.2970095,25.6,1507.91796875,0.0,0.0
1774368660.4148815,23.1,1531.91796875,0.0,0.0
1774368660.5324414,28.6,1555.91796875,0.0,0.0
1774368660.6502595,25.6,1579.91796875,0.0,0.0
1774368660.7680635,26.8,1603.91796875,0.0,0.0
1774368660.885633,25.0,1628.1640625,0.0,0.0
1774368661.0031674,29.3,1652.1640625,0.0,0.0
1774368661.1216705,29.3,1676.1640625,0.0,0.0
1774368661.273004,100.0,1677.39453125,0.0,0.0
1774368661.40649,100.0,1072.6875,0.0,0.0
1774368661.5262558,30.0,1186.93359375,0.0,0.0
1774368661.6502836,27.5,1291.1796875,0.0,0.0
1774368661.7698433,25.6,1399.42578125,0.0,0.0
1774368661.8894892,28.2,1501.671875,0.0,0.0
1774368662.0096102,30.0,1606.41015625,0.0,0.0
1774368662.2220213,50.0,1677.6328125,0.0,0.0
1774368662.4426095,100.0,1677.6328125,0.0,0.0
1774368662.6524684,100.0,1677.9296875,0.0,0.0
1774368662.798337,100.0,1677.9296875,0.0,0.0
1774368662.917581,62.5,1072.92578125,0.0,0.0
1774368663.0363379,28.2,1112.83203125,0.0,0.0
1774368663.1550684,25.6,1125.046875,0.0,0.0
1774368663.273344,26.8,1125.046875,0.0,0.0
1774368663.3918352,27.5,1077.78515625,0.0,0.0
1774368663.527027,29.3,1136.8984375,0.0,0.0
1774368663.6575456,100.0,1136.8984375,0.0,0.0
1774368663.789581,100.0,1136.8984375,0.0,0.0
1774368663.937963,81.0,1136.8984375,0.0,0.0
1774368664.0685349,100.0,1136.8984375,0.0,0.0
1774368664.1905046,100.0,1136.8984375,0.0,0.0
1774368664.3295584,80.5,1136.8984375,0.0,0.0
1774368664.4603324,100.0,1136.8984375,0.0,0.0
1774368664.5960617,100.0,1136.8984375,0.0,0.0
1774368664.7234075,75.0,1136.8984375,0.0,0.0
1774368664.868453,100.0,1136.8984375,0.0,0.0
1774368664.998753,100.0,1136.8984375,0.0,0.0
1774368665.13318,78.0,1136.8984375,0.0,0.0
1774368665.2609606,97.5,1136.8984375,0.0,0.0
1774368665.3916984,100.0,1136.8984375,0.0,0.0
1774368665.5266068,75.0,1137.14453125,0.0,0.0
1774368665.6600568,95.1,1137.14453125,0.0,0.0
1774368665.792075,100.0,1137.14453125,0.0,0.0
1774368665.923948,78.0,1137.14453125,0.0,0.0
1774368666.0570312,100.0,1137.14453125,0.0,0.0
1774368666.188349,100.0,1137.390625,0.0,0.0
1774368666.3272789,90.0,1137.390625,0.0,0.0
1774368666.4602377,100.0,1137.390625,0.0,0.0
1774368666.5907733,100.0,1137.390625,0.0,0.0
1774368666.7106278,90.7,1137.390625,0.0,0.0
1774368666.8446915,97.5,1137.390625,0.0,0.0
1774368666.9750566,100.0,1139.9375,0.0,0.0
1774368667.1080937,100.0,1139.9140625,0.0,0.0
1774368667.2379773,85.0,1138.47265625,0.0,0.0
1774368667.35578,41.0,1138.4609375,0.0,0.0
1774368667.4741437,18.4,1138.48046875,4.109375,6.07421875
1774368667.5916495,16.7,1138.38671875,8.8984375,0.0
1774368667.7099855,17.1,1138.2890625,9.82421875,0.0
1774368667.8276498,13.2,1138.3125,8.7734375,0.0
1774368667.9455109,12.8,1137.23828125,9.82421875,0.0
1774368668.0630484,17.5,1137.2890625,8.8984375,0.0
1774368668.1812103,15.0,1137.41796875,9.69921875,0.0
1774368668.299146,12.8,1137.3671875,9.0234375,0.0
1774368668.4170895,15.4,1137.37109375,9.69921875,0.0
1774368668.5352476,17.5,1136.8828125,9.0234375,0.0
1774368668.6534653,10.8,1136.80078125,9.4140625,0.0
1774368668.7713711,15.4,1136.984375,9.30859375,0.0
1774368668.8895302,15.0,1136.98046875,8.9609375,0.0
1774368669.0076015,15.0,1141.1953125,9.63671875,0.0
1774368669.125556,12.5,1148.98046875,8.8984375,0.0
1774368669.2436883,15.4,1157.57421875,9.69921875,0.0
1774368669.3617516,17.5,1165.87890625,8.7734375,0.0
1774368669.4799037,17.1,1175.2265625,9.82421875,0.0
1774368669.5974562,15.4,1184.46484375,8.7734375,0.0
1774368669.7159078,12.8,1193.4375,9.82421875,0.0
1774368669.8337293,15.4,1202.80859375,8.8984375,0.0
1774368669.9516869,13.2,1214.01953125,9.69921875,0.0
1774368670.0700386,19.5,1221.65234375,9.0234375,0.0
1774368670.1881282,17.5,1231.25,9.69921875,0.0
1774368670.306168,15.4,1241.37890625,8.8984375,0.0
1774368670.4241009,19.5,1249.5859375,9.69921875,0.0
1774368670.5422025,17.5,1259.46484375,9.0234375,0.0
1774368670.660265,15.0,1268.4140625,9.2890625,0.0
1774368670.778154,17.1,1277.73828125,9.30859375,0.0
1774368670.8963208,17.1,1287.09375,8.9609375,0.0
1774368671.0145843,12.8,1295.21875,9.63671875,0.0
1774368671.1324198,17.5,1305.36328125,8.8984375,0.0
1774368671.2506642,15.8,1315.3671875,9.69921875,0.0
1774368671.370428,26.8,1377.18359375,2.08984375,0.0
1774368671.4898083,26.8,1473.18359375,0.0,0.0
1774368671.6090918,26.3,1563.4296875,0.0,0.0
1774368671.7273843,22.5,1625.328125,4.484375,0.0
1774368671.8448586,15.0,1633.70703125,8.7734375,0.0
1774368671.963576,22.5,1667.19140625,4.96484375,0.0
1774368672.0844834,29.3,1698.1875,0.0,0.0
1774368672.206132,25.6,1735.58203125,0.0,0.0
1774368672.3265119,25.6,1772.56640625,0.0,0.0
1774368672.4470496,39.0,1811.1796875,0.0,0.0
1774368672.5685534,56.1,1848.17578125,0.0,0.0
1774368672.6888428,29.3,1888.0859375,0.0,0.0
1774368672.8096182,34.1,1927.70703125,0.0,0.0
1774368672.93025,38.5,1967.1953125,0.0,0.0
1774368673.0489318,23.1,1370.0625,0.0,0.0
1774368673.167557,27.5,1370.171875,0.0,0.0
1774368673.2873273,28.2,1370.65625,0.0,0.0
1774368673.407884,25.0,1370.65625,0.0,0.0
1774368673.5266724,28.6,1398.90234375,0.0,0.0
1774368673.6451392,27.5,1436.90234375,0.0,0.0
1774368673.7639887,29.3,1476.90234375,0.0,0.0
1774368673.8827293,25.0,1515.1484375,0.0,0.0
1774368674.0015492,31.0,1555.1484375,0.0,0.0
1774368674.1204817,25.6,1593.1484375,0.0,0.0
1774368674.2394142,27.5,1631.39453125,0.0,0.0
1774368674.3581512,25.0,1669.39453125,0.0,0.0
1774368674.4755135,27.5,1673.609375,0.0,0.0
1774368674.607429,41.5,1673.609375,0.0,0.0
1774368674.7381608,100.0,1673.609375,0.0,0.0
1774368674.8696847,100.0,1673.609375,0.0,0.0
1774368675.001467,100.0,1673.609375,0.0,0.0
1774368675.1321938,100.0,1673.609375,0.0,0.0
1774368675.2637928,100.0,1673.609375,0.0,0.0
1774368675.3953178,100.0,1673.609375,0.0,0.0
1774368675.5268838,100.0,1673.609375,0.0,0.0
1774368675.6581666,100.0,1673.609375,0.0,0.0
1774368675.7750428,100.0,1673.84765625,0.0,0.0
1774368675.9053586,100.0,1673.84765625,0.0,0.0
1774368676.0315833,100.0,1673.84765625,0.0,0.0
1774368676.1626124,100.0,1673.85546875,0.0,0.0
1774368676.2816267,100.0,1673.85546875,0.0,0.0
1774368676.4126441,100.0,1673.85546875,0.0,0.0
1774368676.551737,100.0,1673.85546875,0.0,0.0
1774368676.669656,84.6,1693.0859375,0.0,0.0
1774368676.7873414,25.6,1717.33203125,0.0,0.0
1774368676.9048762,30.0,1739.33203125,0.0,0.0
1774368677.024201,27.5,1754.51171875,0.0,0.0
1774368677.1433268,25.0,1774.5234375,0.0,0.0
1774368677.2623549,26.3,1795.21875,0.0,0.0
1774368677.3815234,30.0,1815.69921875,0.0,0.0
1774368677.5009255,25.0,1836.15234375,0.0,0.0
1774368677.6200109,26.8,1856.75390625,0.0,0.0
1774368677.7392287,26.3,1877.20703125,0.0,0.0
1774368677.858285,27.5,1898.13671875,0.0,0.0
1774368677.9774537,25.0,1918.34765625,0.0,0.0
1774368678.0965848,28.2,1938.765625,0.0,0.0
1774368678.215615,25.6,1959.73046875,0.0,0.0
1774368678.334752,27.5,1979.8671875,0.0,0.0
1774368678.4541306,31.7,2000.2734375,0.0,0.0
1774368678.5731916,27.5,2021.25,0.0,0.0
1774368678.692692,23.1,2042.01171875,0.0,0.0
1774368678.8117528,25.6,2061.8359375,0.0,0.0
1774368678.9305468,27.5,2082.7265625,0.0,0.0
1774368679.0497699,31.0,2102.484375,0.0,0.0
1774368679.169132,25.0,2121.36328125,0.0,0.0
1774368679.2884047,31.0,2140.515625,0.0,0.0
1774368679.40766,29.3,2160.078125,0.0,0.0
1774368679.5273402,26.8,2179.0078125,0.0,0.0
1774368679.6466556,25.0,2198.3359375,0.0,0.0
1774368679.7661707,31.7,2218.10546875,0.0,0.0
1774368679.8855133,29.3,2237.2109375,0.0,0.0
1774368680.0046947,23.7,2256.1875,0.0,0.0
1774368680.1359417,27.5,2275.84765625,0.0,0.0
1774368680.273021,100.0,2277.81640625,0.0,0.0
1774368680.403938,100.0,2145.3828125,0.0,0.0
1774368680.5214958,27.5,1725.77734375,0.0,0.0
1774368680.642029,27.5,1749.5546875,0.0,0.0
1774368680.7653604,27.5,1807.9375,0.0,0.0
1774368680.8890073,27.5,1869.84765625,0.0,0.0
1774368681.0123575,30.0,1931.78125,0.0,0.0
1774368681.135938,27.5,1994.30859375,0.0,0.0
1774368681.2593672,26.8,2057.56640625,0.0,0.0
1774368681.3827658,29.3,2109.0,0.0,0.0
1774368681.506494,30.0,2168.07421875,0.0,0.0
1774368681.630351,26.8,2230.85546875,0.0,0.0
1774368681.8813603,48.8,2277.5703125,0.0,0.0
1774368682.082926,100.0,2278.0625,0.0,0.0
1774368682.2801702,100.0,2278.7421875,0.0,0.0
1774368682.4328961,100.0,2278.98828125,0.0,0.0
1774368682.550986,63.2,2087.09765625,0.0,0.0
1774368682.6699383,27.5,1693.51953125,0.0,0.0
1774368682.7906651,26.8,1674.046875,0.0,0.0
1774368682.9087832,27.5,1674.29296875,0.0,0.0
1774368683.0271711,27.5,1674.78515625,0.0,0.0
1774368683.1463017,26.8,1674.76953125,0.0,0.0
1774368683.287072,34.1,1638.76953125,0.0,0.0
1774368683.4173727,100.0,1638.76953125,0.0,0.0
1774368683.5495565,100.0,1638.76953125,0.0,0.0
1774368683.6967008,77.5,1638.76953125,0.0,0.0
1774368683.8269584,100.0,1638.76953125,0.0,0.0
1774368683.9593308,100.0,1638.76953125,0.0,0.0
1774368684.0792456,78.9,1638.76953125,0.0,0.0
1774368684.2240932,100.0,1638.76953125,0.0,0.0
1774368684.354708,100.0,1638.76953125,0.0,0.0
1774368684.4852908,78.0,1638.76953125,0.0,0.0
1774368684.616868,100.0,1638.76953125,0.0,0.0
1774368684.7476263,100.0,1638.76953125,0.0,0.0
1774368684.8814561,77.5,1638.76953125,0.0,0.0
1774368685.0130875,97.5,1638.76953125,0.0,0.0
1774368685.145661,100.0,1638.76953125,0.0,0.0
1774368685.271819,80.0,1638.76953125,0.0,0.0
1774368685.4051437,95.0,1638.76953125,0.0,0.0
1774368685.532741,100.0,1638.76953125,0.0,0.0
1774368685.675273,82.5,1638.76953125,0.0,0.0
1774368685.80887,92.5,1638.76953125,0.0,0.0
1774368685.94183,100.0,1638.76953125,0.0,0.0
1774368686.0767882,80.5,1638.76953125,0.0,0.0
1774368686.2094376,90.0,1638.76953125,0.0,0.0
1774368686.3416343,100.0,1638.76953125,0.0,0.0
1774368686.4752593,75.6,1638.76953125,0.0,0.0
1774368686.620245,97.5,1638.76953125,0.0,0.0
1774368686.7502744,100.0,1638.76953125,0.0,0.0
1774368686.884867,83.3,1638.76953125,0.0,0.0
1774368687.0031295,95.0,1638.76953125,0.0,0.0
1774368687.1213121,27.5,1638.76953125,0.0,2.3203125
1774368687.2387958,15.8,1637.98046875,7.05859375,3.75390625
1774368687.3570774,19.0,1638.0078125,9.82421875,0.0
1774368687.4745936,15.0,1637.90625,8.7734375,0.0
1774368687.5925126,17.1,1638.05859375,9.82421875,0.0
1774368687.7102513,15.8,1638.29296875,8.7734375,0.0
1774368687.8285248,14.6,1638.17578125,9.82421875,0.0
1774368687.9464164,17.1,1638.1796875,8.8984375,0.0
1774368688.0644987,10.5,1638.25,9.32421875,0.0
1774368688.1827013,17.5,1638.046875,8.8984375,0.0
1774368688.300495,15.4,1638.0546875,9.82421875,0.0
1774368688.418266,15.4,1638.0078125,8.8984375,0.0
1774368688.5363297,17.1,1637.9140625,9.4140625,0.0
1774368688.6544974,18.6,1637.75,9.30859375,0.0
1774368688.7723927,14.6,1637.65234375,8.9609375,0.0
1774368688.890464,15.0,1637.6328125,9.63671875,0.0
1774368689.0083625,15.4,1637.75390625,8.8984375,0.0
1774368689.1261537,13.2,1637.78515625,9.82421875,0.0
1774368689.2437751,15.0,1637.828125,8.6484375,0.0
1774368689.3618314,12.8,1638.0,9.82421875,0.0
1774368689.4792843,14.6,1637.81640625,8.7734375,0.0
1774368689.597132,17.1,1637.859375,9.82421875,0.0
1774368689.7147017,19.5,1637.7265625,8.7734375,0.0
1774368689.8328314,15.4,1637.67578125,9.69921875,0.0
1774368689.950259,17.1,1637.69140625,8.7734375,0.0
1774368690.0686128,15.0,1637.84765625,9.82421875,0.0
1774368690.1865203,15.0,1637.73828125,8.7734375,0.0
1774368690.3044086,17.1,1637.7578125,9.82421875,0.0
1774368690.4222658,17.9,1637.734375,8.8984375,0.0
1774368690.540378,12.8,1637.98828125,9.57421875,0.0
1774368690.6582963,14.6,1638.09765625,9.0234375,0.0
1774368690.77612,15.0,1637.96875,9.2890625,0.0
1774368690.89426,15.4,1637.9296875,9.30859375,0.0
1774368691.012519,12.8,1638.16015625,8.9140625,0.0
1774368691.1311133,25.6,1638.09765625,0.0,0.0
1774368691.2501705,31.0,1638.09765625,0.0,0.0
1774368691.3683298,22.0,1638.05078125,6.07421875,0.0
1774368691.4861565,16.7,1638.0703125,9.05859375,0.0
1774368691.6041794,25.6,1672.60546875,3.08984375,0.0
1774368691.722471,27.5,1724.60546875,0.0,0.0
1774368691.8430908,28.6,1765.53515625,0.0,0.0
1774368691.9635754,29.3,1805.140625,0.0,0.0
1774368692.0843084,27.5,1843.99609375,0.0,0.0
1774368692.20475,27.5,1883.984375,0.0,0.0
1774368692.3250918,25.6,1922.3046875,0.0,0.0
1774368692.4456656,30.0,1962.09375,0.0,0.0
1774368692.564748,25.6,1689.12109375,0.0,0.0
1774368692.683052,25.6,1673.94140625,0.0,0.0
1774368692.8026958,29.3,1674.43359375,0.0,0.0
1774368692.9226124,29.3,1674.43359375,0.0,0.0
1774368693.0416799,27.5,1674.43359375,0.0,0.0
1774368693.1601143,25.0,1674.40234375,0.0,0.0
1774368693.278243,25.6,1674.40234375,0.0,0.0
1774368693.3968198,27.5,1674.40234375,0.0,0.0
1774368693.5150669,25.6,1674.6484375,0.0,0.0
1774368693.6332715,27.5,1674.6484375,0.0,0.0
1774368693.7518287,25.6,1674.6484375,0.0,0.0
1774368693.8691714,26.8,1371.0078125,0.0,0.0
1774368693.9863427,27.5,1371.0078125,0.0,0.0
1774368694.116204,82.9,1370.95703125,0.0,0.0
1774368694.2415895,100.0,1370.95703125,0.0,0.0
1774368694.3717399,100.0,1370.95703125,0.0,0.0
1774368694.5020406,100.0,1370.95703125,0.0,0.0
1774368694.6323793,100.0,1370.95703125,0.0,0.0
1774368694.7633462,100.0,1370.765625,0.0,0.0
1774368694.8941507,100.0,1370.765625,0.0,0.0
1774368695.0254643,100.0,1370.765625,0.0,0.0
1774368695.1528907,100.0,1370.7109375,0.0,0.0
1774368695.2837994,100.0,1370.7109375,0.0,0.0
1774368695.4148178,100.0,1370.7109375,0.0,0.0
1774368695.5461676,100.0,1370.7109375,0.0,0.0
1774368695.67703,100.0,1370.7109375,0.0,0.0
1774368695.8087156,100.0,1370.7109375,0.0,0.0
1774368695.9397573,100.0,1370.7109375,0.0,0.0
1774368696.0698936,100.0,1374.7109375,0.0,0.0
1774368696.1874173,37.5,1400.96484375,0.0,0.0
1774368696.3070548,25.0,1425.2109375,0.0,0.0
1774368696.424638,26.8,1449.2109375,0.0,0.0
1774368696.5421762,29.3,1473.2109375,0.0,0.0
1774368696.6598022,25.6,1497.2109375,0.0,0.0
1774368696.77769,23.1,1521.2109375,0.0,0.0
1774368696.895267,23.1,1545.2109375,0.0,0.0
1774368697.0128489,27.5,1569.45703125,0.0,0.0
1774368697.1305995,27.5,1593.45703125,0.0,0.0
1774368697.2482069,26.8,1617.45703125,0.0,0.0
1774368697.365727,29.3,1641.45703125,0.0,0.0
1774368697.4833717,27.5,1665.45703125,0.0,0.0
1774368697.6011755,27.5,1685.4453125,0.0,0.0
1774368697.720297,28.2,1704.015625,0.0,0.0
1774368697.840478,29.3,1725.01953125,0.0,0.0
1774368697.9597611,29.3,1745.1875,0.0,0.0
1774368698.079006,25.6,1765.3203125,0.0,0.0
1774368698.1979065,29.3,1785.9296875,0.0,0.0
1774368698.3195405,27.5,1806.48046875,0.0,0.0
1774368698.4385366,23.1,1827.55078125,0.0,0.0
1774368698.5576189,31.7,1848.1796875,0.0,0.0
1774368698.676975,27.5,1869.4921875,0.0,0.0
1774368698.7962189,26.8,1889.9609375,0.0,0.0
1774368698.9151325,27.5,1910.57421875,0.0,0.0
1774368699.0342698,29.3,1931.578125,0.0,0.0
1774368699.15345,27.5,1951.96484375,0.0,0.0
1774368699.2854507,25.6,1972.10546875,0.0,0.0
1774368699.4219027,100.0,1974.56640625,0.0,0.0
1774368699.552432,100.0,1618.4375,0.0,0.0
1774368699.672038,25.6,1405.875,0.0,0.0
1774368699.7916887,29.3,1512.61328125,0.0,0.0
1774368699.9116938,29.3,1620.859375,0.0,0.0
1774368700.0357144,25.0,1704.375,0.0,0.0
1774368700.1589777,26.8,1765.72265625,0.0,0.0
1774368700.2827158,31.0,1827.6796875,0.0,0.0
1774368700.404886,30.0,1891.0703125,0.0,0.0
1774368700.5277512,26.8,1952.1640625,0.0,0.0
1774368700.7499616,82.5,1974.3828125,0.0,0.0
1774368700.9678464,100.0,1974.62890625,0.0,0.0
1774368701.1444106,100.0,1974.875,0.0,0.0
1774368701.2790456,100.0,1974.88671875,0.0,0.0
1774368701.3968692,70.0,1514.7265625,0.0,0.0
1774368701.5163193,27.5,1370.2578125,0.0,0.0
1774368701.6363895,27.5,1370.50390625,0.0,0.0
1774368701.7564142,25.6,1370.50390625,0.0,0.0
1774368701.8746734,26.8,1370.50390625,0.0,0.0
1774368702.0038445,30.0,1370.50390625,0.0,0.0
1774368702.1303136,95.0,1370.43359375,0.0,0.0
1774368702.2478814,100.0,1370.6796875,0.0,0.0
1774368702.3815746,77.5,1370.6796875,0.0,0.0
1774368702.514608,94.7,1370.6796875,0.0,0.0
1774368702.6461983,100.0,1370.6796875,0.0,0.0
1774368702.7792537,78.6,1370.6796875,0.0,0.0
1774368702.9118323,97.5,1370.92578125,0.0,0.0
1774368703.0421734,100.0,1370.92578125,0.0,0.0
1774368703.1618512,92.3,1370.92578125,0.0,0.0
1774368703.2947614,94.9,1370.91796875,0.0,0.0
1774368703.425057,100.0,1370.91796875,0.0,0.0
1774368703.5575867,100.0,1370.91796875,0.0,0.0
1774368703.6902094,82.5,1370.91796875,0.0,0.0
1774368703.8219419,100.0,1370.91796875,0.0,0.0
1774368703.9544017,100.0,1371.1640625,0.0,0.0
1774368704.1053233,78.0,1371.1640625,0.0,0.0
1774368704.2494156,100.0,1371.1640625,0.0,0.0
1774368704.3799222,100.0,1371.1640625,0.0,0.0
1774368704.518285,75.0,1371.1640625,0.0,0.0
1774368704.646159,100.0,1371.1640625,0.0,0.0
1774368704.765486,100.0,1371.1640625,0.0,0.0
1774368704.9137661,82.5,1371.1640625,0.0,0.0
1774368705.045891,100.0,1371.1640625,0.0,0.0
1774368705.177741,100.0,1371.1640625,0.0,0.0
1774368705.309849,82.5,1371.1640625,0.0,0.0
1774368705.4396632,100.0,1371.1640625,0.0,0.0
1774368705.5583274,100.0,1371.1640625,0.0,0.0
1774368705.6927757,78.0,1371.1640625,0.0,0.0
1774368705.810441,87.5,1371.1640625,0.0,0.0
1774368705.9282992,25.0,1371.1640625,0.0,3.4140625
1774368706.0456493,19.5,1370.375,7.55859375,2.66015625
1774368706.1637115,15.0,1370.25390625,9.57421875,0.0
1774368706.2814965,15.4,1370.33203125,8.8984375,0.0
1774368706.3992805,13.2,1370.11328125,9.82421875,0.0
1774368706.5173538,17.5,1370.328125,8.8984375,0.0
1774368706.635419,15.0,1370.33984375,9.82421875,0.0
1774368706.753238,10.8,1370.203125,8.8984375,0.0
1774368706.870978,13.2,1370.3203125,9.4140625,0.0
1774368706.989038,17.5,1370.28125,9.30859375,0.0
1774368707.1068466,14.6,1370.30078125,8.9609375,0.0
1774368707.2247388,19.0,1370.26171875,9.63671875,0.0
1774368707.3427649,19.0,1370.16015625,8.8984375,0.0
1774368707.461004,14.6,1370.12109375,9.82421875,0.0
1774368707.5787032,12.8,1370.0078125,8.6484375,0.0
1774368707.696427,17.9,1370.07421875,9.82421875,0.0
1774368707.8140774,19.0,1370.26171875,8.8984375,0.0
1774368707.9319391,12.5,1370.65625,9.69921875,0.0
1774368708.0492895,17.5,1370.703125,8.8984375,0.0
1774368708.1674006,17.1,1370.3828125,9.69921875,0.0
1774368708.2850745,15.0,1370.5703125,8.8984375,0.0
1774368708.4029183,15.0,1370.4453125,9.82421875,0.0
1774368708.5209079,17.5,1370.3984375,8.8984375,0.0
1774368708.6392896,12.8,1370.37890625,9.7890625,0.0
1774368708.7571268,19.0,1369.61328125,8.93359375,0.0
1774368708.8748314,19.5,1370.07421875,9.2890625,0.0
1774368708.9928763,17.5,1370.13671875,9.30859375,0.0
1774368709.1106415,15.0,1369.88671875,8.9609375,0.0
1774368709.228514,19.0,1370.09375,9.63671875,0.0
1774368709.3464575,15.0,1370.21484375,8.8984375,0.0
1774368709.4645364,14.6,1370.15234375,9.82421875,0.0
1774368709.58202,12.8,1370.1875,8.7734375,0.0
1774368709.7001374,13.2,1370.1796875,9.82421875,0.0
1774368709.8205295,17.1,1371.1171875,7.6640625,0.0
1774368709.9398477,25.0,1469.609375,0.0,0.0
1774368710.0595834,31.0,1565.88671875,0.0,0.0
1774368710.1795,30.0,1664.078125,0.015625,0.0
1774368710.297269,15.0,1670.76171875,9.29296875,0.0
1774368710.4153101,17.1,1671.46484375,8.9140625,0.0
1774368710.5366817,29.3,1699.7890625,0.0,0.0
1774368710.6572373,25.0,1740.5078125,0.0,0.0
1774368710.7775264,30.0,1781.1015625,0.0,0.0
1774368710.8981304,25.6,1821.78515625,0.0,0.0
1774368711.0197184,26.8,1862.9765625,0.0,0.0
1774368711.139803,27.5,1903.69140625,0.0,0.0
1774368711.2594974,28.2,1943.39453125,0.0,0.0
1774368711.3784986,27.5,1974.421875,0.0,0.0
1774368711.4970233,27.5,1369.65625,0.0,0.0
1774368711.6155567,30.0,1370.39453125,0.0,0.0
1774368711.7356508,27.5,1370.39453125,0.0,0.0
1774368711.8556812,25.6,1370.39453125,0.0,0.0
1774368711.9743624,25.0,1398.59375,0.0,0.0
1774368712.093408,27.5,1436.70703125,0.0,0.0
1774368712.212242,27.5,1476.70703125,0.0,0.0
1774368712.3310516,26.8,1514.70703125,0.0,0.0
1774368712.449597,27.5,1552.953125,0.0,0.0
1774368712.5686367,27.5,1590.953125,0.0,0.0
1774368712.6872702,25.0,1629.19921875,0.0,0.0
1774368712.8057942,29.3,1667.4453125,0.0,0.0
1774368712.9230776,27.5,1673.69140625,0.0,0.0
1774368713.0613334,32.6,1673.69140625,0.0,0.0
1774368713.1867535,100.0,1673.69140625,0.0,0.0
1774368713.3176458,100.0,1673.69140625,0.0,0.0
1774368713.4482784,100.0,1673.69140625,0.0,0.0
1774368713.579021,100.0,1673.69140625,0.0,0.0
1774368713.6976397,100.0,1673.9375,0.0,0.0
1774368713.8295488,100.0,1673.9375,0.0,0.0
1774368713.9599311,100.0,1673.9375,0.0,0.0
1774368714.0896735,100.0,1673.9375,0.0,0.0
1774368714.2191477,100.0,1673.9375,0.0,0.0
1774368714.3369703,100.0,1673.9375,0.0,0.0
1774368714.4684155,100.0,1673.9375,0.0,0.0
1774368714.599833,100.0,1673.9375,0.0,0.0
1774368714.731401,100.0,1673.9375,0.0,0.0
1774368714.8586657,100.0,1673.9375,0.0,0.0
1774368714.9768617,100.0,1673.9375,0.0,0.0
1774368715.106626,100.0,1673.94140625,0.0,0.0
1774368715.2241652,67.5,1695.41796875,0.0,0.0
1774368715.3418143,25.6,1719.41796875,0.0,0.0
1774368715.4598308,26.8,1741.41796875,0.0,0.0
1774368715.5774424,25.0,1765.41796875,0.0,0.0
1774368715.6954215,25.6,1789.6640625,0.0,0.0
1774368715.8155499,27.5,1806.54296875,0.0,0.0
1774368715.9345407,25.0,1826.05859375,0.0,0.0
1774368716.053525,28.2,1846.41015625,0.0,0.0
1774368716.172842,27.5,1867.125,0.0,0.0
1774368716.291423,26.8,1884.3046875,0.0,0.0
1774368716.4107082,28.2,1902.53515625,0.0,0.0
1774368716.5298724,29.3,1921.9453125,0.0,0.0
1774368716.6492918,26.8,1940.6953125,0.0,0.0
1774368716.7686663,23.7,1960.6015625,0.0,0.0
1774368716.8879695,25.6,1979.734375,0.0,0.0
1774368717.0072215,25.6,1999.37109375,0.0,0.0
1774368717.1262956,25.6,2018.10546875,0.0,0.0
1774368717.2455115,27.5,2036.74609375,0.0,0.0
1774368717.3650858,27.5,2055.97265625,0.0,0.0
1774368717.4845035,23.1,2074.67578125,0.0,0.0
1774368717.6037548,25.6,2094.234375,0.0,0.0
1774368717.7232084,31.7,2113.48828125,0.0,0.0
1774368717.8423479,27.5,2133.8828125,0.0,0.0
1774368717.9618156,26.8,2151.828125,0.0,0.0
1774368718.0809927,28.2,2171.33984375,0.0,0.0
1774368718.2003055,27.5,2190.49609375,0.0,0.0
1774368718.3197541,23.7,2208.9375,0.0,0.0
1774368718.4391963,30.0,2228.25,0.0,0.0
1774368718.5585673,29.3,2247.26171875,0.0,0.0
1774368718.6784663,27.5,2266.390625,0.0,0.0
1774368718.8264704,56.1,2278.60546875,0.0,0.0
1774368718.958331,100.0,2279.09765625,0.0,0.0
1774368719.0762267,70.7,1900.43359375,0.0,0.0
1774368719.1958637,25.0,1705.515625,0.0,0.0
1774368719.3155527,29.3,1809.76171875,0.0,0.0
1774368719.4385755,30.0,1870.53515625,0.0,0.0
1774368719.5622656,26.8,1932.765625,0.0,0.0
1774368719.685864,27.5,1995.6328125,0.0,0.0
1774368719.8094718,31.7,2059.3671875,0.0,0.0
1774368719.9332418,27.5,2121.703125,0.0,0.0
1774368720.055485,27.5,2179.91796875,0.0,0.0
1774368720.178624,29.3,2230.234375,0.0,0.0
1774368720.436267,40.5,2278.23046875,0.0,0.0
1774368720.6663847,100.0,2278.87109375,0.0,0.0
1774368720.8706975,100.0,2278.87109375,0.0,0.0
1774368721.0243971,97.5,2279.36328125,0.0,0.0
1774368721.144601,46.3,1838.03125,0.0,0.0
1774368721.2643538,29.3,1673.08203125,0.0,0.0
1774368721.3840683,25.0,1673.08203125,0.0,0.0
1774368721.5033996,27.5,1673.08203125,0.0,0.0
1774368721.6224523,27.5,1673.08203125,0.0,0.0
1774368721.7501855,28.6,1673.08203125,0.0,0.0
1774368721.8805408,82.9,1673.08203125,0.0,0.0
1774368722.0063047,100.0,1673.08203125,0.0,0.0
1774368722.1381428,78.6,1672.9765625,0.0,0.0
1774368722.2718365,92.7,1672.9765625,0.0,0.0
1774368722.3932724,100.0,1672.9765625,0.0,0.0
1774368722.5407674,87.5,1672.9765625,0.0,0.0
1774368722.674323,95.0,1672.9765625,0.0,0.0
1774368722.8065991,100.0,1672.9765625,0.0,0.0
1774368722.9394934,78.6,1672.9765625,0.0,0.0
1774368723.0686219,97.6,1672.9765625,0.0,0.0
1774368723.20089,100.0,1672.734375,0.0,0.0
1774368723.3321972,87.2,1672.73046875,0.0,0.0
1774368723.4651132,95.0,1672.73046875,0.0,0.0
1774368723.5964408,100.0,1672.73046875,0.0,0.0
1774368723.7204492,100.0,1672.73046875,0.0,0.0
1774368723.855215,85.0,1672.73046875,0.0,0.0
1774368723.9945881,100.0,1672.73046875,0.0,0.0
1774368724.1138976,100.0,1672.73046875,0.0,0.0
1774368724.259645,82.1,1672.7421875,0.0,0.0
1774368724.3923147,100.0,1672.7421875,0.0,0.0
1774368724.524434,100.0,1672.7421875,0.0,0.0
1774368724.6577537,82.9,1672.98828125,0.0,0.0
1774368724.7977033,100.0,1672.98828125,0.0,0.0
1774368724.9301436,100.0,1673.234375,0.0,0.0
1774368725.0803988,79.5,1673.234375,0.0,0.0
1774368725.2113268,100.0,1673.2265625,0.0,0.0
1774368725.3433986,100.0,1673.2265625,0.0,0.0
1774368725.4792397,75.6,1673.2265625,0.0,0.0
1774368725.6048062,42.5,1673.2265625,0.0,0.0
1774368725.7228599,23.8,1673.390625,4.109375,6.07421875
1774368725.840928,15.0,1673.328125,9.44921875,0.0
1774368725.9588542,15.0,1673.22265625,9.44921875,0.0
1774368726.076526,19.0,1672.578125,9.19921875,0.0
1774368726.1943629,14.6,1672.8671875,9.44921875,0.0
1774368726.312182,16.7,1672.65234375,9.96484375,0.0
1774368726.430202,12.8,1672.890625,9.859375,0.0
1774368726.5481813,17.1,1673.15234375,9.44921875,0.0
1774368726.6660457,14.6,1673.0625,9.44921875,0.0
1774368726.7840114,15.4,1672.8359375,9.32421875,0.0
1774368726.9022455,15.4,1673.109375,9.44921875,0.0
1774368727.0202239,17.1,1672.89453125,9.57421875,0.0
1774368727.1381428,15.0,1672.62109375,9.44921875,0.0
1774368727.2561066,19.5,1672.75,9.57421875,0.0
1774368727.374233,10.5,1672.50390625,9.57421875,0.0
1774368727.4920435,17.5,1672.640625,9.44921875,0.0
1774368727.6094167,19.0,1672.6171875,9.32421875,0.0
1774368727.7270918,17.1,1672.60546875,9.57421875,0.0
1774368727.8448164,13.2,1672.44921875,9.83984375,0.0
1774368727.9625,17.5,1672.22265625,9.984375,0.0
1774368728.0805998,12.8,1672.3515625,9.44921875,0.0
1774368728.1983016,15.0,1672.45703125,9.44921875,0.0
1774368728.316096,21.4,1672.58203125,9.44921875,0.0
1774368728.4341211,15.4,1672.58203125,9.57421875,0.0
1774368728.5524638,13.2,1672.7109375,9.44921875,0.0
1774368728.6702645,14.6,1672.7109375,9.57421875,0.0
1774368728.787973,20.9,1672.73046875,9.44921875,0.0
1774368728.9060376,14.6,1672.71875,9.44921875,0.0
1774368729.0239751,15.0,1672.96484375,9.44921875,0.0
1774368729.1413863,17.5,1672.94921875,9.44921875,0.0
1774368729.2602196,13.2,1672.9921875,9.57421875,0.0
1774368729.3780866,14.6,1673.02734375,9.60546875,0.0
1774368729.49595,17.1,1673.30078125,10.21875,0.0
1774368729.6139948,17.5,1673.2109375,9.57421875,0.0
1774368729.7321177,13.2,1673.2421875,9.44921875,0.0
1774368729.8499873,15.4,1673.15234375,9.57421875,0.0
1774368729.967933,13.5,1673.05859375,9.44921875,0.0
1774368730.0860016,12.8,1673.3046875,9.57421875,0.0
1774368730.2038898,14.6,1673.0546875,9.44921875,0.0
1774368730.3218532,15.8,1672.93359375,9.44921875,0.0
1774368730.440053,13.2,1672.90625,9.44921875,0.0
1774368730.5581708,10.5,1672.93359375,9.44921875,0.0
1774368730.676004,13.2,1672.7890625,9.57421875,0.0
1774368730.7935224,17.1,1672.890625,9.44921875,0.0
1774368730.9119632,10.5,1672.9765625,9.44921875,0.0
1774368731.0298488,12.5,1672.97265625,10.08984375,0.0
1774368731.1478148,13.2,1673.7421875,9.734375,0.0
1774368731.26581,17.1,1674.23828125,9.57421875,0.0
1774368731.3836968,15.0,1674.1171875,9.57421875,0.0
1774368731.5015278,20.0,1674.1171875,9.44921875,0.0
1774368731.6196861,15.0,1674.4921875,9.57421875,0.0
1774368731.7378888,16.7,1674.86328125,9.44921875,0.0
1774368731.8557115,16.7,1675.109375,9.57421875,0.0
1774368731.9737296,17.1,1675.48046875,9.44921875,0.0
1774368732.093183,20.5,1696.36328125,6.21484375,0.0
1774368732.2128482,25.0,1794.36328125,0.0,0.0
1774368732.3343816,30.0,1858.05078125,0.0,0.0
1774368732.456415,28.2,1900.69140625,0.0,0.0
1774368732.582048,26.8,1949.6171875,0.0,0.0
1774368732.7048564,27.5,1998.68359375,0.0,0.0
1774368732.8267665,31.7,2049.953125,0.0,0.0
1774368732.9492743,35.0,2099.79296875,0.0,0.0
1774368733.0719922,28.2,2148.50390625,0.0,0.0
1774368733.1910434,26.3,2188.4296875,3.609375,0.0
1774368733.3102508,19.5,2188.61328125,9.57421875,0.0
1774368733.4291813,17.5,2189.40625,9.44921875,0.0
1774368733.5489945,15.8,2189.61328125,8.33984375,0.0
1774368733.6695063,28.2,2213.7734375,0.0,0.0
1774368733.7904844,47.5,2252.30078125,0.0,0.0
1774368733.9109728,40.5,2289.2265625,0.0,0.0
1774368734.0339317,32.5,2328.5390625,0.0,0.0
1774368734.1536381,30.0,2358.0390625,0.0,0.0
1774368734.2737546,27.5,2386.25390625,0.0,0.0
1774368734.3946621,30.0,2420.4453125,0.0,0.0
1774368734.5153682,29.3,2452.75390625,0.0,0.0
1774368734.6362166,25.6,2490.640625,0.0,0.0
1774368734.7571948,28.2,2526.27734375,0.0,0.0
1774368734.878221,30.0,2563.5546875,0.0,0.0
1774368734.9991357,25.6,2599.66015625,0.0,0.0
1774368735.1204438,25.6,2634.18359375,0.0,0.0
1774368735.240772,30.0,2671.69140625,0.0,0.0
1774368735.3594918,30.0,2703.69921875,0.0,0.0
1774368735.4782526,28.2,2307.46484375,0.0,0.0
1774368735.595944,29.3,1889.4140625,0.0,0.0
1774368735.714797,27.5,1663.55859375,0.0,0.0
1774368735.8332322,29.3,1663.3125,0.0,0.0
1774368735.9516444,29.3,1663.3125,0.0,0.0
1774368736.0713987,27.5,1663.3125,0.0,0.0
1774368736.1913226,25.6,1663.26953125,0.0,0.0
1774368736.3095949,27.5,1663.26953125,0.0,0.0
1774368736.4287114,29.3,1699.515625,0.0,0.0
1774368736.5477738,27.5,1739.515625,0.0,0.0
1774368736.6665175,27.5,1777.515625,0.0,0.0
1774368736.7851849,30.0,1815.515625,0.0,0.0
1774368736.9043481,27.5,1855.76171875,0.0,0.0
1774368737.0229695,25.6,1893.76171875,0.0,0.0
1774368737.1413655,30.0,1931.76171875,0.0,0.0
1774368737.2603748,29.3,1970.0078125,0.0,0.0
1774368737.3804524,25.0,1997.9921875,0.0,0.0
1774368737.4996643,29.3,2019.2265625,0.0,0.0
1774368737.6204135,27.5,2041.33203125,0.0,0.0
1774368737.741056,27.5,2070.23828125,0.0,0.0
1774368737.862652,28.2,2097.296875,0.0,0.0
1774368737.9839866,30.0,2126.2109375,0.0,0.0
1774368738.1047165,27.5,2153.21875,0.0,0.0
1774368738.2228508,25.0,1871.23828125,0.0,0.0
1774368738.3400602,29.3,1871.73046875,0.0,0.0
1774368738.4575255,27.5,1872.22265625,0.0,0.0
1774368738.5897858,53.8,1873.0234375,0.0,0.0
1774368738.721783,100.0,1873.02734375,0.0,0.0
1774368738.8524258,100.0,1873.02734375,0.0,0.0
1774368738.9692848,100.0,1873.02734375,0.0,0.0
1774368739.0946321,100.0,1873.11328125,0.0,0.0
1774368739.2241352,100.0,1873.11328125,0.0,0.0
1774368739.354419,100.0,1873.11328125,0.0,0.0
1774368739.4859138,100.0,1873.11328125,0.0,0.0
1774368739.6182353,100.0,1873.11328125,0.0,0.0
1774368739.7493303,100.0,1873.359375,0.0,0.0
1774368739.8787222,100.0,1873.359375,0.0,0.0
1774368740.0081215,100.0,1873.359375,0.0,0.0
1774368740.138149,100.0,1873.3671875,0.0,0.0
1774368740.261527,100.0,1873.3671875,0.0,0.0
1774368740.3922849,100.0,1873.3671875,0.0,0.0
1774368740.5231164,100.0,1873.3671875,0.0,0.0
1774368740.65246,100.0,1873.3671875,0.0,0.0
1774368740.7818537,100.0,1873.3671875,0.0,0.0
1774368740.9123545,100.0,1873.3671875,0.0,0.0
1774368741.0441966,100.0,1873.3671875,0.0,0.0
1774368741.1760716,100.0,1873.3671875,0.0,0.0
1774368741.3017008,100.0,1873.3671875,0.0,0.0
1774368741.4310224,100.0,1873.3671875,0.0,0.0
1774368741.5603774,100.0,1873.3671875,0.0,0.0
1774368741.690471,100.0,1873.3671875,0.0,0.0
1774368741.8231652,100.0,1873.3671875,0.0,0.0
1774368741.9411128,100.0,1881.3671875,0.0,0.0
1774368742.058762,37.5,1907.3671875,0.0,0.0
1774368742.1764975,29.3,1935.3671875,0.0,0.0
1774368742.2943754,25.0,1961.61328125,0.0,0.0
1774368742.4122694,27.5,1989.61328125,0.0,0.0
1774368742.5300198,30.0,2015.61328125,0.0,0.0
1774368742.648287,25.0,2043.61328125,0.0,0.0
1774368742.7659495,25.0,2069.61328125,0.0,0.0
1774368742.8839588,27.5,2097.859375,0.0,0.0
1774368743.0018134,26.8,2123.859375,0.0,0.0
1774368743.1195445,26.8,2149.86328125,0.0,0.0
1774368743.2383084,29.3,2174.28125,0.0,0.0
1774368743.357641,27.5,2196.6015625,0.0,0.0
1774368743.4768872,25.6,2219.0546875,0.0,0.0
1774368743.5960464,27.5,2241.8125,0.0,0.0
1774368743.7154288,25.6,2264.96484375,0.0,0.0
1774368743.8348742,25.0,2287.97265625,0.0,0.0
1774368743.9540036,27.5,2310.2421875,0.0,0.0
1774368744.0730903,27.5,2333.109375,0.0,0.0
1774368744.192379,27.5,2357.05859375,0.0,0.0
1774368744.3114026,23.1,2379.125,0.0,0.0
1774368744.4304583,29.3,2401.953125,0.0,0.0
1774368744.5497143,29.3,2425.15234375,0.0,0.0
1774368744.6691148,25.6,2447.4453125,0.0,0.0
1774368744.7881632,26.8,2470.53125,0.0,0.0
1774368744.907538,27.5,2493.37109375,0.0,0.0
1774368745.0267591,27.5,2516.921875,0.0,0.0
1774368745.1458352,26.8,2538.62890625,0.0,0.0
1774368745.2648628,29.3,2561.76171875,0.0,0.0
1774368745.3840308,27.5,2584.99609375,0.0,0.0
1774368745.503171,27.5,2607.51953125,0.0,0.0
1774368745.6222196,28.2,2630.59375,0.0,0.0
1774368745.7414048,25.6,2653.7109375,0.0,0.0
1774368745.8606834,25.0,2676.8671875,0.0,0.0
1774368745.9797897,28.6,2699.3359375,0.0,0.0
1774368746.0987697,29.3,2721.83203125,0.0,0.0
1774368746.217856,29.3,2745.375,0.0,0.0
1774368746.3369687,25.0,2767.8203125,0.0,0.0
1774368746.456149,29.3,2790.9296875,0.0,0.0
1774368746.5758457,29.3,2812.0078125,0.0,0.0
1774368746.6956036,27.5,2833.2265625,0.0,0.0
1774368746.8149488,26.8,2854.74609375,0.0,0.0
1774368746.93431,28.2,2875.29296875,0.0,0.0
1774368747.0539558,25.6,2896.9921875,0.0,0.0
1774368747.192468,80.5,2903.83984375,0.0,0.0
1774368747.3417583,100.0,2904.578125,0.0,0.0
1774368747.4739127,100.0,2904.578125,0.0,0.0
1774368747.591521,61.0,2330.109375,0.0,0.0
1774368747.7091942,25.6,1913.9453125,0.0,0.0
1774368747.8292367,29.3,1944.203125,0.0,0.0
1774368747.9502563,25.0,2054.203125,0.0,0.0
1774368748.0704567,28.6,2164.44921875,0.0,0.0
1774368748.1941447,31.7,2225.28125,0.0,0.0
1774368748.3180306,31.0,2289.0234375,0.0,0.0
1774368748.4416487,27.5,2353.72265625,0.0,0.0
1774368748.5653522,30.8,2416.96484375,0.0,0.0
1774368748.6891718,28.2,2481.87890625,0.0,0.0
1774368748.81249,25.0,2547.03125,0.0,0.0
1774368748.936098,25.6,2610.27734375,0.0,0.0
1774368749.0602942,28.2,2673.91015625,0.0,0.0
1774368749.1838348,29.3,2737.578125,0.0,0.0
1774368749.3075185,25.0,2802.44140625,0.0,0.0
1774368749.430602,29.3,2866.796875,0.0,0.0
1774368749.6349337,61.9,2903.84765625,0.0,0.0
1774368749.8506525,100.0,2904.09375,0.0,0.0
1774368750.071793,100.0,2904.33984375,0.0,0.0
1774368750.2675645,100.0,2904.61328125,0.0,0.0
1774368750.48897,100.0,2904.61328125,0.0,0.0
1774368750.6751232,100.0,2905.10546875,0.0,0.0
1774368750.8065042,87.5,2554.3125,0.0,0.0
1774368750.924382,30.8,2128.3046875,0.0,0.0
1774368751.042609,27.5,1875.5625,0.0,0.0
1774368751.1620574,29.3,1875.46875,0.0,0.0
1774368751.2809398,25.0,1875.46875,0.0,0.0
1774368751.3991115,28.2,1875.46875,0.0,0.0
1774368751.5185523,30.0,1875.46875,0.0,0.0
1774368751.6369998,26.8,1875.46875,0.0,0.0
1774368751.7561133,27.5,1875.46875,0.0,0.0
1774368751.8751476,27.5,1875.46875,0.0,0.0
1774368752.026434,36.4,1801.375,0.0,0.0
1774368752.1574008,100.0,1801.2578125,0.0,0.0
1774368752.2768474,87.5,1801.50390625,0.0,0.0
1774368752.4104302,87.8,1801.26171875,0.0,0.0
1774368752.5327377,100.0,1801.26171875,0.0,0.0
1774368752.6650898,100.0,1801.26171875,0.0,0.0
1774368752.8155627,77.5,1801.26171875,0.0,0.0
1774368752.9460433,100.0,1801.26171875,0.0,0.0
1774368753.0781407,100.0,1801.26171875,0.0,0.0
1774368753.2193027,77.5,1801.265625,0.0,0.0
1774368753.3498144,100.0,1801.265625,0.0,0.0
1774368753.4843981,100.0,1801.265625,0.0,0.0
1774368753.617204,82.5,1801.265625,0.0,0.0
1774368753.7473116,100.0,1801.265625,0.0,0.0
1774368753.8783932,100.0,1801.265625,0.0,0.0
1774368754.0125992,78.0,1801.265625,0.0,0.0
1774368754.1450002,97.5,1801.2890625,0.0,0.0
1774368754.2772262,100.0,1801.2890625,0.0,0.0
1774368754.4241302,75.0,1801.2890625,0.0,0.0
1774368754.5558155,100.0,1801.2890625,0.0,0.0
1774368754.6880405,100.0,1801.2890625,0.0,0.0
1774368754.8223548,65.9,1801.2890625,0.0,0.0
1774368754.9539833,97.6,1801.2890625,0.0,0.0
1774368755.086143,100.0,1801.2890625,0.0,0.0
1774368755.2166457,79.1,1801.2890625,0.0,0.0
1774368755.349871,97.5,1801.2890625,0.0,0.0
1774368755.4807427,100.0,1801.2890625,0.0,0.0
1774368755.6008332,90.0,1801.2890625,0.0,0.0
1774368755.7341888,95.1,1801.2890625,0.0,0.0
1774368755.8647137,100.0,1801.2890625,0.0,0.0
1774368755.9970329,100.0,1801.2890625,0.0,0.0
1774368756.1217642,82.1,1801.29296875,0.0,0.0
1774368756.252575,100.0,1801.29296875,0.0,0.0
1774368756.3836982,100.0,1801.29296875,0.0,0.0
1774368756.5239773,80.0,1801.29296875,0.0,0.0
1774368756.6544013,100.0,1801.29296875,0.0,0.0
1774368756.7867439,100.0,1801.29296875,0.0,0.0
1774368756.9212046,70.7,1801.29296875,0.0,0.0
1774368757.0525253,95.1,1801.29296875,0.0,0.0
1774368757.1843505,100.0,1801.29296875,0.0,0.0
1774368757.318495,77.5,1801.30078125,0.0,0.0
1774368757.449698,97.6,1801.546875,0.0,0.0
1774368757.5800598,100.0,1801.546875,0.0,0.0
1774368757.698781,79.5,1801.546875,0.0,0.0
1774368757.8311107,97.6,1801.79296875,0.0,0.0
1774368757.9621017,100.0,1801.79296875,0.0,0.0
1774368758.086266,100.0,1801.79296875,0.0,0.0
1774368758.2164443,87.2,1801.79296875,0.0,0.0
1774368758.3348193,35.0,1801.79296875,0.0,0.0
1774368758.4533627,26.8,1801.79296875,0.0,0.0
1774368758.571646,23.8,1801.03515625,5.109375,10.32421875
1774368758.6892447,15.4,1800.7890625,8.6484375,0.0
1774368758.8071291,15.0,1800.4375,9.82421875,0.0
1774368758.9250495,17.5,1800.45703125,8.8984375,0.0
1774368759.043273,15.4,1800.4921875,9.82421875,0.0
1774368759.161179,15.0,1800.3515625,8.8984375,0.0
1774368759.2791097,17.9,1800.3515625,9.5390625,0.0
1774368759.3972404,21.4,1800.34765625,9.18359375,0.0
1774368759.5164967,14.6,1800.33203125,9.0859375,0.0
1774368759.6343842,15.0,1800.5390625,9.63671875,0.0
1774368759.752457,17.5,1800.6953125,8.5859375,0.0
1774368759.870439,14.6,1800.71484375,9.51171875,0.0
1774368759.9882627,12.5,1800.73828125,8.7734375,0.0
1774368760.106139,17.1,1800.87890625,9.82421875,0.0
1774368760.2243156,12.5,1800.8125,8.8984375,0.0
1774368760.3518083,12.8,1800.73828125,10.57421875,0.0
1774368760.4695914,17.5,1800.80859375,9.0234375,0.0
1774368760.5875635,22.0,1800.83984375,9.69921875,0.0
1774368760.7057161,17.5,1800.8046875,8.8984375,0.0
1774368760.8236365,12.5,1800.6875,9.7890625,0.0
1774368760.941482,15.4,1801.12890625,8.93359375,0.0
1774368761.0597608,15.0,1801.1328125,9.2890625,0.0
1774368761.1779768,12.8,1801.12109375,9.43359375,0.0
1774368761.2957895,13.2,1801.44140625,8.8359375,0.0
1774368761.4139092,19.5,1801.37890625,9.76171875,0.0
1774368761.531933,19.0,1801.40234375,8.8984375,0.0
1774368761.649851,12.5,1801.0703125,9.69921875,0.0
1774368761.767564,17.9,1801.23046875,8.7734375,0.0
1774368761.885509,15.4,1801.2578125,9.82421875,0.0
1774368762.0030766,12.5,1801.17578125,8.7734375,0.0
1774368762.1213071,19.5,1812.32421875,9.82421875,0.0
1774368762.2392557,17.5,1819.41015625,8.8984375,0.0
1774368762.3574944,14.6,1830.25,9.69921875,0.0
1774368762.4770103,23.1,1902.859375,0.83984375,0.0
1774368762.5971475,30.0,1998.859375,0.0,0.0
1774368762.7171586,27.5,2097.10546875,0.0,0.0
1774368762.8349986,20.0,2140.796875,6.30859375,0.0
1774368762.952918,15.4,2150.26171875,9.69921875,0.0
1774368763.073374,24.4,2183.00390625,2.21484375,0.0
1774368763.1938703,25.6,2223.12890625,0.0,0.0
1774368763.314272,28.2,2263.87109375,0.0,0.0
1774368763.4347126,31.0,2305.2421875,0.0,0.0
1774368763.5558453,29.3,2346.4765625,0.0,0.0
1774368763.676244,26.8,2387.42578125,0.0,0.0
1774368763.7968228,30.0,2428.44921875,0.0,0.0
1774368763.9178846,27.5,2469.83984375,0.0,0.0
1774368764.037109,27.5,1971.03515625,0.0,0.0
1774368764.1556048,30.0,1673.76171875,0.0,0.0
1774368764.2744615,26.3,1672.83203125,0.0,0.0
1774368764.3947628,28.6,1672.83203125,0.0,0.0
1774368764.514392,25.6,1672.83203125,0.0,0.0
1774368764.6328387,30.0,1701.0234375,0.0,0.0
1774368764.7517262,27.5,1739.0234375,0.0,0.0
1774368764.8703012,26.8,1778.97265625,0.0,0.0
1774368764.9888134,28.2,1817.21875,0.0,0.0
1774368765.1075873,27.5,1857.21875,0.0,0.0
1774368765.2263834,26.8,1895.21875,0.0,0.0
1774368765.3449159,31.0,1933.21875,0.0,0.0
1774368765.462267,27.5,1430.2578125,0.0,0.0
1774368765.5795982,25.6,1430.015625,0.0,0.0
1774368765.7091634,75.6,1430.015625,0.0,0.0
1774368765.8395307,100.0,1430.26171875,0.0,0.0
1774368765.9696944,100.0,1430.26171875,0.0,0.0
1774368766.0996282,100.0,1430.1796875,0.0,0.0
1774368766.2261567,100.0,1430.1796875,0.0,0.0
1774368766.343091,100.0,1430.1796875,0.0,0.0
1774368766.4722636,100.0,1430.1796875,0.0,0.0
1774368766.6016269,100.0,1430.1796875,0.0,0.0
1774368766.7312229,100.0,1430.1796875,0.0,0.0
1774368766.8566618,100.0,1430.1796875,0.0,0.0
1774368766.9733562,100.0,1430.1796875,0.0,0.0
1774368767.103834,100.0,1430.1796875,0.0,0.0
1774368767.2341564,100.0,1430.1796875,0.0,0.0
1774368767.3520534,100.0,1430.1796875,0.0,0.0
1774368767.4828296,100.0,1430.42578125,0.0,0.0
1774368767.604678,100.0,1438.42578125,0.0,0.0
1774368767.7223423,34.1,1466.42578125,0.0,0.0
1774368767.8402324,25.6,1492.42578125,0.0,0.0
1774368767.9581816,26.8,1518.42578125,0.0,0.0
1774368768.0758464,25.6,1544.671875,0.0,0.0
1774368768.193855,27.5,1570.91796875,0.0,0.0
1774368768.311627,27.5,1598.91796875,0.0,0.0
1774368768.4293733,25.6,1624.91796875,0.0,0.0
1774368768.5469663,30.0,1650.91796875,0.0,0.0
1774368768.6646607,29.3,1677.1640625,0.0,0.0
1774368768.7824326,23.1,1703.1640625,0.0,0.0
1774368768.9000738,27.5,1729.1640625,0.0,0.0
1774368769.0177872,25.6,1755.1640625,0.0,0.0
1774368769.1358643,26.8,1781.1640625,0.0,0.0
1774368769.2534904,26.8,1807.41015625,0.0,0.0
1774368769.3711846,27.5,1833.41015625,0.0,0.0
1774368769.489849,29.3,1856.0234375,0.0,0.0
1774368769.6081975,27.5,1866.51953125,0.0,0.0
1774368769.726411,30.0,1888.54296875,0.0,0.0
1774368769.8448985,29.3,1910.91015625,0.0,0.0
1774368769.9632072,25.0,1933.4609375,0.0,0.0
1774368770.0814323,29.3,1956.5625,0.0,0.0
1774368770.2317505,48.7,1972.484375,0.0,0.0
1774368770.3624907,100.0,1972.484375,0.0,0.0
1774368770.4821703,61.9,1446.48046875,0.0,0.0
1774368770.601841,29.3,1546.97265625,0.0,0.0
1774368770.722052,27.5,1651.46484375,0.0,0.0
1774368770.8426232,25.0,1755.7109375,0.0,0.0
1774368770.9630754,27.5,1859.7109375,0.0,0.0
1774368771.0866091,27.5,1912.234375,0.0,0.0
1774368771.262996,27.5,1970.55078125,0.0,0.0
1774368771.430448,100.0,1972.51953125,0.0,0.0
1774368771.6268227,100.0,1972.98046875,0.0,0.0
1774368771.8236544,100.0,1973.47265625,0.0,0.0
1774368771.9427087,80.0,1476.375,0.0,0.0
1774368772.062277,31.7,1427.84765625,0.0,0.0
1774368772.1809304,25.0,1427.890625,0.0,0.0
1774368772.29938,26.8,1427.890625,0.0,0.0
1774368772.4181898,27.5,1427.890625,0.0,0.0
1774368772.5394094,50.0,1427.890625,0.0,0.0
1774368772.6873875,100.0,1427.890625,0.0,0.0
1774368772.8222415,80.0,1427.890625,0.0,0.0
1774368772.9543567,95.1,1427.890625,0.0,0.0
1774368773.0736399,100.0,1427.890625,0.0,0.0
1774368773.1939003,92.3,1427.890625,0.0,0.0
1774368773.3408499,94.9,1427.890625,0.0,0.0
1774368773.471613,100.0,1427.890625,0.0,0.0
1774368773.5911934,100.0,1427.890625,0.0,0.0
1774368773.7273355,85.4,1427.890625,0.0,0.0
1774368773.857906,100.0,1427.890625,0.0,0.0
1774368773.9900057,100.0,1427.890625,0.0,0.0
1774368774.1234963,82.9,1427.890625,0.0,0.0
1774368774.2537644,100.0,1427.890625,0.0,0.0
1774368774.3858337,100.0,1427.890625,0.0,0.0
1774368774.5343492,80.0,1427.890625,0.0,0.0
1774368774.6518085,100.0,1427.890625,0.0,0.0
1774368774.7867143,100.0,1427.890625,0.0,0.0
1774368774.9207654,73.8,1427.890625,0.0,0.0
1774368775.0510132,97.5,1427.890625,0.0,0.0
1774368775.1787276,100.0,1427.89453125,0.0,0.0
1774368775.3135974,70.7,1427.89453125,0.0,0.0
1774368775.4423606,92.7,1427.89453125,0.0,0.0
1774368775.5646021,100.0,1427.89453125,0.0,0.0
1774368775.6881466,100.0,1427.89453125,0.0,0.0
1774368775.8229702,84.6,1428.140625,0.0,0.0
1774368775.944626,100.0,1428.140625,0.0,0.0
1774368776.075343,100.0,1428.14453125,0.0,0.0
1774368776.2164028,70.7,1428.14453125,0.0,0.0
1774368776.3344023,58.5,1428.14453125,0.0,0.0
1774368776.4521651,25.6,1427.265625,1.859375,6.07421875
1774368776.5699773,15.4,1427.45703125,9.44921875,0.0
1774368776.6882305,8.1,1427.54296875,9.35546875,0.0
1774368776.8061957,12.5,1427.54296875,10.30859375,0.0
1774368776.9239058,15.4,1427.421875,9.734375,0.0
1774368777.0419936,17.1,1427.30078125,9.57421875,0.0
1774368777.160008,14.6,1427.5703125,9.44921875,0.0
1774368777.27786,19.5,1427.35546875,9.57421875,0.0
1774368777.396095,15.0,1427.3828125,9.44921875,0.0
1774368777.5141833,10.5,1427.53515625,9.44921875,0.0
1774368777.6322021,15.4,1427.44140625,9.44921875,0.0
1774368777.7503345,15.4,1427.30859375,9.44921875,0.0
1774368777.8686924,8.1,1427.59765625,9.57421875,0.0
1774368777.986522,16.7,1427.4453125,9.44921875,0.0
1774368778.1039498,15.4,1427.6484375,9.32421875,0.0
1774368778.2218585,10.5,1427.625,9.44921875,0.0
1774368778.3396804,10.3,1427.47265625,9.96484375,0.0
1774368778.45769,19.0,1427.59765625,10.109375,0.0
1774368778.5758832,17.5,1427.59765625,9.44921875,0.0
1774368778.693996,12.5,1427.609375,9.57421875,0.0
1774368778.812048,17.1,1427.60546875,9.57421875,0.0
1774368778.930247,12.8,1427.48046875,9.57421875,0.0
1774368779.048541,19.5,1427.36328125,9.44921875,0.0
1774368779.1665003,12.8,1427.40234375,9.57421875,0.0
1774368779.2846873,19.5,1427.5234375,9.57421875,0.0
1774368779.402847,14.6,1427.7109375,9.44921875,0.0
1774368779.5206518,16.7,1427.65234375,9.57421875,0.0
1774368779.638269,17.9,1427.78515625,9.44921875,0.0
1774368779.7557182,17.5,1427.640625,9.32421875,0.0
1774368779.873547,12.5,1427.46875,9.32421875,0.0
1774368779.9912477,12.8,1427.96875,10.21484375,0.0
1774368780.1092224,15.4,1427.84765625,9.859375,0.0
1774368780.2272642,17.5,1427.84765625,9.44921875,0.0
1774368780.3449695,17.1,1427.5703125,9.57421875,0.0
1774368780.46256,15.0,1427.9453125,9.19921875,0.0
1774368780.580781,20.9,1427.9453125,9.44921875,0.0
1774368780.6985512,15.0,1427.83984375,9.57421875,0.0
1774368780.816262,17.5,1427.9921875,9.44921875,0.0
1774368780.9346294,17.1,1427.8984375,9.44921875,0.0
1774368781.052658,18.6,1427.9296875,9.32421875,0.0
1774368781.170393,15.0,1427.63671875,9.57421875,0.0
1774368781.287929,17.1,1427.74609375,9.32421875,0.0
1774368781.4057512,15.4,1427.2109375,9.35546875,0.0
1774368781.5234003,12.5,1427.3359375,10.30859375,0.0
1774368781.6411366,19.0,1427.21484375,9.734375,0.0
1774368781.7591748,15.4,1427.21875,9.57421875,0.0
1774368781.8770695,15.0,1427.09765625,9.44921875,0.0
1774368781.995021,13.2,1433.46875,9.44921875,0.0
1774368782.1131058,17.5,1443.3203125,9.57421875,0.0
1774368782.2310677,17.1,1453.421875,9.44921875,0.0
1774368782.3489394,15.0,1461.26953125,9.19921875,0.0
1774368782.4670165,19.5,1471.609375,9.44921875,0.0
1774368782.5851994,19.0,1481.484375,9.44921875,0.0
1774368782.7028985,12.8,1489.67578125,9.44921875,0.0
1774368782.8218875,21.4,1500.953125,8.46484375,0.0
1774368782.9413767,27.5,1598.4296875,0.0,0.0
1774368783.0609727,25.0,1698.67578125,0.0,0.0
1774368783.1800587,27.5,1794.8203125,0.0,0.0
1774368783.301045,29.3,1889.4296875,0.0,0.0
1774368783.4238386,26.8,1937.11328125,0.0,0.0
1774368783.5438018,27.5,1993.58984375,0.0,0.0
1774368783.6627278,22.0,2019.72265625,6.984375,0.0
1774368783.7817779,21.4,2028.7734375,9.32421875,0.0
1774368783.9008927,17.5,2037.96875,9.32421875,0.0
1774368784.0226939,25.0,2060.84765625,5.33984375,0.0
1774368784.142936,31.0,2106.05859375,0.0,0.0
1774368784.2667592,27.5,2140.8984375,0.0,0.0
1774368784.3872488,26.8,2181.0390625,0.0,0.0
1774368784.5094461,30.0,2215.2265625,0.0,0.0
1774368784.6301773,29.3,2251.57421875,0.0,0.0
1774368784.7504077,31.0,2285.8359375,0.0,0.0
1774368784.8703866,33.3,2322.1015625,0.0,0.0
1774368784.9911437,30.0,2357.45703125,0.0,0.0
1774368785.115349,26.8,2392.80859375,0.0,0.0
1774368785.2351549,27.5,2430.5234375,0.0,0.0
1774368785.3569396,27.5,2466.12109375,0.0,0.0
1774368785.4772115,28.2,2502.62109375,0.0,0.0
1774368785.5972815,25.0,2538.15234375,0.0,0.0
1774368785.717636,27.5,2574.58984375,0.0,0.0
1774368785.837989,30.0,2609.671875,0.0,0.0
1774368785.9586966,26.8,1959.30078125,0.0,0.0
1774368786.0770922,26.8,1672.109375,0.0,0.0
1774368786.1969528,27.5,1672.109375,0.0,0.0
1774368786.3152823,27.5,1672.109375,0.0,0.0
1774368786.43453,25.0,1672.109375,0.0,0.0
1774368786.554069,29.3,1672.109375,0.0,0.0
1774368786.6741455,29.3,1672.6015625,0.0,0.0
1774368786.792671,26.8,1693.09375,0.0,0.0
1774368786.9115002,25.6,1731.09375,0.0,0.0
1774368787.0303028,27.5,1771.09375,0.0,0.0
1774368787.1491873,25.6,1809.09375,0.0,0.0
1774368787.2676575,26.8,1849.09375,0.0,0.0
1774368787.3864498,27.5,1887.09375,0.0,0.0
1774368787.5052845,31.0,1925.33984375,0.0,0.0
1774368787.6238093,25.6,1965.33984375,0.0,0.0
1774368787.7421794,26.3,2003.33984375,0.0,0.0
1774368787.8609283,25.6,2041.5859375,0.0,0.0
1774368787.9794023,23.1,2081.5859375,0.0,0.0
1774368788.0978386,28.2,2119.5859375,0.0,0.0
1774368788.218379,28.2,2144.578125,0.0,0.0
1774368788.3392272,23.1,2173.80859375,0.0,0.0
1774368788.4572868,27.5,1914.12109375,0.0,0.0
1774368788.574037,25.6,1914.578125,0.0,0.0
1774368788.6912477,27.5,1914.82421875,0.0,0.0
1774368788.8221102,75.0,1914.99609375,0.0,0.0
1774368788.9523535,100.0,1914.99609375,0.0,0.0
1774368789.0817914,100.0,1915.0234375,0.0,0.0
1774368789.2071218,100.0,1915.26953125,0.0,0.0
1774368789.3445258,100.0,1915.26953125,0.0,0.0
1774368789.4743872,100.0,1915.26953125,0.0,0.0
1774368789.6065128,100.0,1915.26953125,0.0,0.0
1774368789.7255328,100.0,1915.26953125,0.0,0.0
1774368789.8566735,100.0,1915.26953125,0.0,0.0
1774368789.98675,100.0,1915.26953125,0.0,0.0
1774368790.1160448,100.0,1915.2578125,0.0,0.0
1774368790.2452142,100.0,1915.2578125,0.0,0.0
1774368790.361968,100.0,1915.2578125,0.0,0.0
1774368790.4880192,100.0,1915.2578125,0.0,0.0
1774368790.6192842,100.0,1915.2578125,0.0,0.0
1774368790.7510722,100.0,1915.2578125,0.0,0.0
1774368790.8772979,100.0,1915.2578125,0.0,0.0
1774368791.0071511,100.0,1915.2578125,0.0,0.0
1774368791.1365836,100.0,1915.2578125,0.0,0.0
1774368791.26639,100.0,1915.2578125,0.0,0.0
1774368791.3979573,100.0,1915.2578125,0.0,0.0
1774368791.5247993,100.0,1915.2578125,0.0,0.0
1774368791.6500428,100.0,1915.2578125,0.0,0.0
1774368791.779103,95.0,1915.50390625,0.0,0.0
1774368791.9004045,97.5,1915.50390625,0.0,0.0
1774368792.0257375,100.0,1915.50390625,0.0,0.0
1774368792.1550202,100.0,1915.50390625,0.0,0.0
1774368792.272064,81.4,1935.50390625,0.0,0.0
1774368792.3898075,26.8,1959.50390625,0.0,0.0
1774368792.5073817,25.0,1985.50390625,0.0,0.0
1774368792.6252012,27.5,2013.50390625,0.0,0.0
1774368792.7430477,26.8,2039.50390625,0.0,0.0
1774368792.8606195,29.3,2065.50390625,0.0,0.0
1774368792.978339,27.5,2093.50390625,0.0,0.0
1774368793.096415,25.6,2119.50390625,0.0,0.0
1774368793.2140431,26.8,2145.50390625,0.0,0.0
1774368793.3315513,30.0,2173.75,0.0,0.0
1774368793.4506142,27.5,2195.05859375,0.0,0.0
1774368793.5697708,26.8,2217.546875,0.0,0.0
1774368793.6887581,26.8,2240.37109375,0.0,0.0
1774368793.8077884,29.3,2263.4453125,0.0,0.0
1774368793.926726,27.5,2286.68359375,0.0,0.0
1774368794.045621,26.8,2308.96484375,0.0,0.0
1774368794.1645238,29.3,2332.09375,0.0,0.0
1774368794.2834218,27.5,2354.625,0.0,0.0
1774368794.402386,25.0,2377.33203125,0.0,0.0
1774368794.5211952,29.3,2400.23828125,0.0,0.0
1774368794.6401563,27.5,2423.265625,0.0,0.0
1774368794.7599096,26.8,2445.46875,0.0,0.0
1774368794.8788009,25.0,2468.59375,0.0,0.0
1774368794.9974127,30.0,2491.73046875,0.0,0.0
1774368795.1169066,27.5,2513.95703125,0.0,0.0
1774368795.2357395,26.8,2536.4296875,0.0,0.0
1774368795.3545456,29.3,2559.1875,0.0,0.0
1774368795.4735432,29.3,2582.01953125,0.0,0.0
1774368795.5927064,26.8,2604.78515625,0.0,0.0
1774368795.711583,27.5,2627.34765625,0.0,0.0
1774368795.830588,29.3,2650.48046875,0.0,0.0
1774368795.949664,27.5,2673.77734375,0.0,0.0
1774368796.068538,26.8,2695.93359375,0.0,0.0
1774368796.187594,27.5,2716.45703125,0.0,0.0
1774368796.30688,27.5,2738.0859375,0.0,0.0
1774368796.426187,26.8,2757.95703125,0.0,0.0
1774368796.5454483,27.5,2778.20703125,0.0,0.0
1774368796.6645763,28.2,2799.08203125,0.0,0.0
1774368796.7847004,25.0,2820.2421875,0.0,0.0
1774368796.9039836,25.0,2840.78515625,0.0,0.0
1774368797.0231087,28.2,2862.54296875,0.0,0.0
1774368797.1423602,29.3,2883.5,0.0,0.0
1774368797.2615657,26.8,2904.08203125,0.0,0.0
1774368797.3806987,28.2,2924.9375,0.0,0.0
1774368797.5410094,37.8,2945.375,0.0,0.0
1774368797.6906447,100.0,2945.5234375,0.0,0.0
1774368797.818933,100.0,2945.5234375,0.0,0.0
1774368797.9490519,87.2,2534.86328125,0.0,0.0
1774368798.0673556,27.5,2109.3359375,0.0,0.0
1774368798.1870017,25.6,1944.84375,0.0,0.0
1774368798.3068638,29.3,2047.04296875,0.0,0.0
1774368798.4270682,29.3,2151.78125,0.0,0.0
1774368798.5493047,28.6,2208.53515625,0.0,0.0
1774368798.6717315,27.5,2273.26171875,0.0,0.0
1774368798.7923872,28.2,2337.03125,0.0,0.0
1774368798.9126892,29.3,2400.01171875,0.0,0.0
1774368799.0343053,25.6,2461.6484375,0.0,0.0
1774368799.1573079,30.0,2517.58203125,0.0,0.0
1774368799.280643,30.0,2579.64453125,0.0,0.0
1774368799.4040933,25.0,2641.69921875,0.0,0.0
1774368799.5275013,27.5,2703.75,0.0,0.0
1774368799.6508343,29.3,2767.171875,0.0,0.0
1774368799.7739706,27.5,2829.26171875,0.0,0.0
1774368799.8964381,26.8,2891.08203125,0.0,0.0
1774368800.1174204,38.1,2945.73828125,0.0,0.0
1774368800.3625808,100.0,2946.26953125,0.0,0.0
1774368800.5667665,97.5,2946.515625,0.0,0.0
1774368800.7823753,100.0,2947.0078125,0.0,0.0
1774368801.0022063,100.0,2947.5,0.0,0.0
1774368801.2053895,97.4,2947.5,0.0,0.0
1774368801.327301,87.8,2586.23828125,0.0,0.0
1774368801.4449532,30.0,2159.06640625,0.0,0.0
1774368801.5630999,25.6,1916.94921875,0.0,0.0
1774368801.6816206,31.7,1917.44140625,0.0,0.0
1774368801.8003623,27.5,1917.93359375,0.0,0.0
1774368801.9188805,26.8,1917.93359375,0.0,0.0
1774368802.0382335,25.0,1917.93359375,0.0,0.0
1774368802.1572561,25.6,1917.86328125,0.0,0.0
1774368802.2762399,29.3,1917.86328125,0.0,0.0
1774368802.3961437,25.0,1917.87109375,0.0,0.0
1774368802.5185976,33.3,1670.16015625,0.0,0.0
1774368802.6484494,97.6,1669.72265625,0.0,0.0
1774368802.7778707,100.0,1669.72265625,0.0,0.0
1774368802.907233,67.5,1669.56640625,0.0,0.0
1774368803.0344598,90.0,1669.56640625,0.0,0.0
1774368803.1638174,100.0,1669.56640625,0.0,0.0
1774368803.2864234,90.0,1669.56640625,0.0,0.0
1774368803.4135816,92.7,1669.56640625,0.0,0.0
1774368803.543524,100.0,1669.56640625,0.0,0.0
1774368803.6626384,100.0,1669.56640625,0.0,0.0
1774368803.7978597,81.0,1669.56640625,0.0,0.0
1774368803.9301686,100.0,1669.56640625,0.0,0.0
1774368804.0633736,100.0,1669.56640625,0.0,0.0
1774368804.1977568,78.6,1669.56640625,0.0,0.0
1774368804.3304498,100.0,1669.56640625,0.0,0.0
1774368804.4617474,100.0,1669.56640625,0.0,0.0
1774368804.609313,80.0,1669.56640625,0.0,0.0
1774368804.7413456,100.0,1669.56640625,0.0,0.0
1774368804.8889658,100.0,1669.56640625,0.0,0.0
1774368805.0424848,70.7,1669.56640625,0.0,0.0
1774368805.1603603,100.0,1669.56640625,0.0,0.0
1774368805.29115,100.0,1669.37109375,0.0,0.0
1774368805.4218163,75.6,1669.37109375,0.0,0.0
1774368805.5513701,87.2,1669.37109375,0.0,0.0
1774368805.676881,100.0,1669.37109375,0.0,0.0
1774368805.8031468,100.0,1669.37109375,0.0,0.0
1774368805.9221964,74.4,1669.6171875,0.0,0.0
1774368806.0554042,100.0,1669.6171875,0.0,0.0
1774368806.1876278,100.0,1669.56640625,0.0,0.0
1774368806.321928,75.0,1669.56640625,0.0,0.0
1774368806.439283,95.1,1669.56640625,0.0,0.0
1774368806.571803,100.0,1669.56640625,0.0,0.0
1774368806.701501,79.5,1669.56640625,0.0,0.0
1774368806.8297296,92.5,1669.56640625,0.0,0.0
1774368806.9615068,100.0,1669.56640625,0.0,0.0
1774368807.092228,90.0,1669.56640625,0.0,0.0
1774368807.2273273,95.0,1669.56640625,0.0,0.0
1774368807.3586907,100.0,1669.56640625,0.0,0.0
1774368807.4782355,90.5,1669.56640625,0.0,0.0
1774368807.622935,100.0,1669.56640625,0.0,0.0
1774368807.7538178,100.0,1669.56640625,0.0,0.0
1774368807.8733075,97.6,1669.56640625,0.0,0.0
1774368808.0028162,86.8,1669.56640625,0.0,0.0
1774368808.1339417,100.0,1669.56640625,0.0,0.0
1774368808.2658224,100.0,1669.56640625,0.0,0.0
1774368808.4106822,79.5,1669.56640625,0.0,0.0
1774368808.5423484,100.0,1669.56640625,0.0,0.0
1774368808.6735933,100.0,1669.56640625,0.0,0.0
1774368808.8168204,78.0,1669.56640625,0.0,0.0
1774368808.934568,43.6,1669.56640625,0.0,0.0
1774368809.053473,27.5,1669.56640625,0.0,0.0
1774368809.1714034,26.8,1669.50390625,2.484375,10.32421875
1774368809.2894254,17.1,1668.76171875,9.6640625,0.0
1774368809.4073024,13.2,1668.76953125,8.80859375,0.0
1774368809.5250864,14.6,1668.62109375,9.4140625,0.0
1774368809.6431534,15.4,1668.66015625,9.18359375,0.0
1774368809.7611535,10.0,1668.59375,2.96484375,0.0
1774368809.8790689,12.8,1668.859375,9.43359375,0.0
1774368809.9968586,17.5,1668.5234375,8.8359375,0.0
1774368810.114734,17.5,1668.4453125,9.63671875,0.0
1774368810.232508,20.0,1669.25390625,8.7734375,0.0
1774368810.3505259,17.9,1669.1953125,9.57421875,0.0
1774368810.4684825,15.4,1669.0703125,8.8984375,0.0
1774368810.5865278,15.0,1669.2578125,9.69921875,0.0
1774368810.7043264,18.6,1669.51171875,8.7734375,0.0
1774368810.8221128,15.4,1668.62109375,9.44921875,0.0
1774368810.9400308,16.7,1668.4140625,8.7734375,0.0
1774368811.0579064,14.6,1672.4375,9.82421875,0.0
1774368811.1753988,15.8,1680.234375,8.6484375,0.0
1774368811.2934656,17.5,1690.83203125,9.69921875,0.0
1774368811.4114034,17.5,1698.69140625,7.8984375,0.0
1774368811.5293064,17.9,1708.69140625,9.82421875,0.0
1774368811.647015,19.5,1717.19140625,8.6484375,0.0
1774368811.7653084,17.1,1726.66796875,9.69921875,0.0
1774368811.8828833,15.0,1735.53515625,8.7734375,0.0
1774368812.000832,20.0,1745.12890625,9.69921875,0.0
1774368812.1185172,17.5,1753.8828125,8.8984375,0.0
1774368812.2367122,17.1,1763.09765625,9.82421875,0.0
1774368812.3542886,15.4,1772.2265625,8.6484375,0.0
1774368812.4723032,17.5,1783.4375,9.82421875,0.0
1774368812.590411,15.0,1790.578125,8.8984375,0.0
1774368812.708277,15.0,1801.40625,9.69921875,0.0
1774368812.8266225,19.5,1809.05078125,8.8984375,0.0
1774368812.9448237,19.5,1819.43359375,9.69921875,0.0
1774368813.062693,15.4,1829.27734375,8.8984375,0.0
1774368813.1821594,24.4,1882.02734375,3.33984375,0.0
1774368813.3018477,27.5,1978.02734375,0.0,0.0
1774368813.421327,26.8,2076.2734375,0.0,0.0
1774368813.540432,29.3,2133.25,3.734375,0.0
1774368813.6593566,22.0,2143.1640625,8.7734375,0.0
1774368813.780353,15.8,2161.62109375,5.71484375,0.0
1774368813.9006503,23.7,2200.91015625,0.0,0.0
1774368814.0213594,27.5,2241.2578125,0.0,0.0
1774368814.141903,27.5,2281.98828125,0.0,0.0
1774368814.262536,26.8,2321.2109375,0.0,0.0
1774368814.3816352,30.0,2361.55859375,0.0,0.0
1774368814.5018997,27.5,2399.1796875,0.0,0.0
1774368814.62256,26.8,2438.21875,0.0,0.0
1774368814.7427607,31.7,2479.52734375,0.0,0.0
1774368814.8615122,29.3,1954.32421875,0.0,0.0
1774368814.9806676,23.1,1642.49609375,0.0,0.0
1774368815.0992298,26.8,1642.33984375,0.0,0.0
1774368815.2186127,30.0,1642.33984375,0.0,0.0
1774368815.3371289,27.5,1642.33203125,0.0,0.0
1774368815.4573033,27.5,1676.82421875,0.0,0.0
1774368815.57611,28.2,1714.82421875,0.0,0.0
1774368815.6949778,29.3,1754.82421875,0.0,0.0
1774368815.8139913,26.8,1792.82421875,0.0,0.0
1774368815.9326658,25.6,1830.82421875,0.0,0.0
1774368816.0517938,27.5,1871.0703125,0.0,0.0
1774368816.170802,25.6,1909.0703125,0.0,0.0
1774368816.290367,27.5,1821.0703125,0.0,0.0
1774368816.4074087,27.5,1429.828125,0.0,0.0
1774368816.541352,37.2,1430.07421875,0.0,0.0
1774368816.6709986,100.0,1430.07421875,0.0,0.0
1774368816.793196,100.0,1430.07421875,0.0,0.0
1774368816.9248412,100.0,1430.07421875,0.0,0.0
1774368817.0516152,100.0,1430.07421875,0.0,0.0
1774368817.18283,100.0,1429.88671875,0.0,0.0
1774368817.314257,100.0,1429.88671875,0.0,0.0
1774368817.4418614,100.0,1429.88671875,0.0,0.0
1774368817.5731158,100.0,1429.88671875,0.0,0.0
1774368817.704377,100.0,1429.88671875,0.0,0.0
1774368817.835697,100.0,1429.88671875,0.0,0.0
1774368817.9669807,100.0,1429.88671875,0.0,0.0
1774368818.0838377,100.0,1429.88671875,0.0,0.0
1774368818.213289,100.0,1429.88671875,0.0,0.0
1774368818.343746,100.0,1429.88671875,0.0,0.0
1774368818.4744482,100.0,1429.88671875,0.0,0.0
1774368818.604899,100.0,1433.88671875,0.0,0.0
1774368818.72259,31.7,1462.1328125,0.0,0.0
1774368818.8402379,29.3,1484.1328125,0.0,0.0
1774368818.9580274,27.5,1508.1328125,0.0,0.0
1774368819.076257,25.0,1532.1328125,0.0,0.0
1774368819.1939046,23.1,1556.14453125,0.0,0.0
1774368819.3118389,27.5,1580.14453125,0.0,0.0
1774368819.4296844,27.5,1604.390625,0.0,0.0
1774368819.5473216,26.8,1628.390625,0.0,0.0
1774368819.6649895,29.3,1652.390625,0.0,0.0
1774368819.7826583,28.2,1676.390625,0.0,0.0
1774368819.9004653,26.8,1700.390625,0.0,0.0
1774368820.017904,27.5,1724.63671875,0.0,0.0
1774368820.1356432,27.5,1748.63671875,0.0,0.0
1774368820.2535973,25.0,1772.63671875,0.0,0.0
1774368820.3713527,25.0,1796.63671875,0.0,0.0
1774368820.488753,31.7,1819.73046875,0.0,0.0
1774368820.6065793,27.5,1843.73046875,0.0,0.0
1774368820.723988,26.8,1867.9765625,0.0,0.0
1774368820.8421643,27.5,1882.84375,0.0,0.0
1774368820.960511,27.5,1904.390625,0.0,0.0
1774368821.078686,25.0,1925.41796875,0.0,0.0
1774368821.1968484,31.0,1946.203125,0.0,0.0
1774368821.315185,27.5,1967.7421875,0.0,0.0
1774368821.4341512,28.6,1989.0546875,0.0,0.0
1774368821.5524113,25.6,2010.078125,0.0,0.0
1774368821.6827774,27.5,2032.07421875,0.0,0.0
1774368821.8447456,100.0,2033.55078125,0.0,0.0
1774368821.9660149,94.9,1481.109375,0.0,0.0
1774368822.0856762,25.0,1502.8515625,0.0,0.0
1774368822.2052112,28.2,1607.09765625,0.0,0.0
1774368822.3253102,27.5,1711.34375,0.0,0.0
1774368822.4451764,25.0,1815.58984375,0.0,0.0
1774368822.5654788,30.0,1900.85546875,0.0,0.0
1774368822.6876612,27.5,1965.796875,0.0,0.0
1774368822.9294515,27.5,2032.5859375,0.0,0.0
1774368823.1524472,100.0,2033.53515625,0.0,0.0
1774368823.3591678,100.0,2033.53515625,0.0,0.0
1774368823.5071347,100.0,2033.78125,0.0,0.0
1774368823.6248965,69.0,1512.8203125,0.0,0.0
1774368823.744173,28.2,1426.8828125,0.0,0.0
1774368823.8637118,25.0,1426.8828125,0.0,0.0
1774368823.9827797,26.8,1426.8828125,0.0,0.0
1774368824.1017973,27.5,1427.328125,0.0,0.0
1774368824.243674,28.2,1427.328125,0.0,0.0
1774368824.3665142,100.0,1427.328125,0.0,0.0
1774368824.4987667,100.0,1427.328125,0.0,0.0
1774368824.651654,77.5,1427.328125,0.0,0.0
1774368824.7826996,100.0,1427.328125,0.0,0.0
1774368824.914935,100.0,1427.328125,0.0,0.0
1774368825.0509374,78.6,1427.328125,0.0,0.0
1774368825.1807725,100.0,1427.328125,0.0,0.0
1774368825.313823,100.0,1427.328125,0.0,0.0
1774368825.456296,82.5,1427.328125,0.0,0.0
1774368825.586118,100.0,1427.328125,0.0,0.0
1774368825.7172184,100.0,1427.57421875,0.0,0.0
1774368825.8558235,75.0,1427.57421875,0.0,0.0
1774368825.9879878,100.0,1427.57421875,0.0,0.0
1774368826.1307776,100.0,1427.57421875,0.0,0.0
1774368826.266314,78.6,1427.57421875,0.0,0.0
1774368826.3963099,100.0,1427.57421875,0.0,0.0
1774368826.5292888,100.0,1427.57421875,0.0,0.0
1774368826.6772027,79.5,1427.57421875,0.0,0.0
1774368826.8013856,100.0,1427.57421875,0.0,0.0
1774368826.932835,100.0,1427.57421875,0.0,0.0
1774368827.0649736,80.0,1427.57421875,0.0,0.0
1774368827.1978288,92.7,1427.57421875,0.0,0.0
1774368827.3311925,100.0,1427.57421875,0.0,0.0
1774368827.4780347,80.0,1427.57421875,0.0,0.0
1774368827.6094077,97.5,1427.57421875,0.0,0.0
1774368827.7420285,100.0,1427.57421875,0.0,0.0
1774368827.885484,78.0,1427.57421875,0.0,0.0
1774368828.0038686,72.5,1427.57421875,0.0,0.0
1774368828.1210594,25.0,1426.98828125,0.359375,6.07421875
1774368828.2389143,15.0,1426.75390625,10.625,0.0
1774368828.3571174,15.4,1426.87890625,9.31640625,0.0
1774368828.475721,10.5,1426.78125,9.56640625,0.0
1774368828.593587,12.8,1426.8984375,9.44140625,0.0
1774368828.7111757,17.5,1426.7890625,9.44140625,0.0
1774368828.8293533,15.0,1427.09375,9.70703125,0.0
1774368828.9474068,20.5,1427.10546875,10.234375,0.0
1774368829.0654962,17.5,1427.234375,9.44140625,0.0
1774368829.183793,15.8,1427.3671875,9.44140625,0.0
1774368829.3017535,16.7,1427.2578125,9.56640625,0.0
1774368829.4192815,17.5,1427.25,9.44140625,0.0
1774368829.53742,15.0,1427.203125,10.33203125,0.0
1774368829.6555407,15.0,1426.97265625,9.484375,0.0
1774368829.773481,10.5,1426.7421875,9.44140625,0.0
1774368829.8911748,19.0,1426.96875,9.31640625,0.0
1774368830.0093412,16.7,1427.0625,9.19140625,0.0
1774368830.1271293,12.5,1427.07421875,9.34765625,0.0
1774368830.245106,17.1,1426.84375,10.46875,0.0
1774368830.363323,13.2,1426.8515625,9.44140625,0.0
1774368830.4815388,14.6,1426.73828125,9.56640625,0.0
1774368830.5996852,12.8,1426.75390625,9.56640625,0.0
1774368830.7174377,17.9,1426.96875,8.44140625,0.0
1774368830.8358328,16.7,1426.93359375,10.625,0.0
1774368830.9538677,19.0,1426.87109375,9.31640625,0.0
1774368831.071869,19.0,1426.640625,9.44140625,0.0
1774368831.1899843,15.0,1426.734375,9.19140625,0.0
1774368831.3079183,12.5,1426.609375,9.44140625,0.0
1774368831.42574,17.1,1427.11328125,9.70703125,0.0
1774368831.543992,15.0,1426.92578125,10.109375,0.0
1774368831.6623101,15.0,1427.05859375,9.44140625,0.0
1774368831.780208,15.0,1427.07421875,9.31640625,0.0
1774368831.8983,17.5,1427.20703125,9.44140625,0.0
1774368832.0159736,17.1,1427.07421875,9.44140625,0.0
1774368832.13387,15.0,1427.15625,10.5,0.0
1774368832.2518005,15.0,1427.0390625,9.56640625,0.0
1774368832.3697443,13.2,1427.18359375,9.44140625,0.0
1774368832.487698,15.0,1427.30859375,9.44140625,0.0
1774368832.6055522,17.5,1427.0625,9.31640625,0.0
1774368832.7235725,15.0,1427.21875,9.31640625,0.0
1774368832.8417435,12.5,1426.82421875,10.625,0.0
1774368832.9598129,12.8,1426.83203125,9.44140625,0.0
1774368833.077747,17.5,1426.72265625,9.44140625,0.0
1774368833.196028,15.4,1430.41015625,9.56640625,0.0
1774368833.3137915,17.1,1438.38671875,9.31640625,0.0
1774368833.4317815,15.0,1448.8203125,9.95703125,0.0
1774368833.5500486,15.4,1458.4296875,10.109375,0.0
1774368833.6684692,12.8,1468.90234375,9.56640625,0.0
1774368833.7866545,13.2,1478.7578125,9.44140625,0.0
1774368833.9048939,17.5,1488.859375,9.44140625,0.0
1774368834.0226958,13.2,1498.453125,9.31640625,0.0
1774368834.1409543,14.6,1508.2578125,10.5,0.0
1774368834.2589722,15.4,1518.4765625,9.06640625,0.0
1774368834.3772442,17.5,1528.4609375,9.44140625,0.0
1774368834.4957623,12.5,1536.5625,9.44140625,0.0
1774368834.6139224,17.9,1545.69140625,9.44140625,0.0
1774368834.7321641,15.0,1556.3515625,9.47265625,0.0
1774368834.8505883,14.6,1566.3359375,10.46875,0.0
1774368834.968708,12.5,1576.3125,9.56640625,0.0
1774368835.0867171,15.8,1586.41796875,9.44140625,0.0
1774368835.2050636,19.5,1594.51953125,9.31640625,0.0
1774368835.3248236,12.8,1608.2421875,7.95703125,0.0
1774368835.4445481,30.0,1706.48828125,0.0,0.0
1774368835.5648117,29.3,1802.734375,0.0,0.0
1774368835.6857998,26.8,1900.98046875,0.0,0.0
1774368835.8085976,30.0,1952.80078125,0.0,0.0
1774368835.9320776,30.0,2007.9609375,0.0,0.0
1774368836.0540342,27.5,2065.421875,0.0,0.0
1774368836.1768608,29.3,2121.66015625,0.0,0.0
1774368836.299583,30.0,2170.15625,0.0,0.0
1774368836.4191988,17.9,2191.31640625,7.109375,0.0
1774368836.5386946,22.0,2200.890625,8.94140625,0.0
1774368836.6571271,17.9,2209.625,8.81640625,0.0
1774368836.7770627,17.9,2218.578125,10.125,0.0
1774368836.897887,22.5,2257.4609375,0.08203125,0.0
1774368837.018507,27.5,2291.26171875,0.0,0.0
1774368837.1401365,30.0,2327.23046875,0.0,0.0
1774368837.2609577,27.5,2365.296875,0.0,0.0
1774368837.3818843,26.3,2400.94921875,0.0,0.0
1774368837.5012589,53.8,2439.828125,0.0,0.0
1774368837.6225383,32.5,2473.015625,0.0,0.0
1774368837.7433617,29.3,2511.046875,0.0,0.0
1774368837.8645287,28.2,2546.48828125,0.0,0.0
1774368837.9853375,27.5,2582.83203125,0.0,0.0
1774368838.1063159,30.0,2621.39453125,0.0,0.0
1774368838.2269433,31.7,2658.17578125,0.0,0.0
1774368838.347151,30.0,2691.84375,0.0,0.0
1774368838.4651814,33.3,2713.53515625,0.0,0.0
1774368838.5820575,27.5,2714.47265625,0.0,0.0
1774368838.7025285,27.5,2733.70703125,0.0,0.0
1774368838.8238165,31.0,2767.41796875,0.0,0.0
1774368838.9443974,25.0,2802.21484375,0.0,0.0
1774368839.0642762,27.5,2836.2265625,0.0,0.0
1774368839.18588,29.3,2872.40625,0.0,0.0
1774368839.3041422,27.5,2099.98046875,0.0,0.0
1774368839.4221253,26.8,1612.89453125,0.0,0.0
1774368839.5409138,27.5,1402.67578125,0.0,0.0
1774368839.6600451,27.5,1438.625,0.0,0.0
1774368839.778957,25.0,1474.87109375,0.0,0.0
1774368839.8977985,30.0,1510.87109375,0.0,0.0
1774368840.0179563,27.5,1523.1171875,0.0,0.0
1774368840.1381848,25.0,1523.1328125,0.0,0.0
1774368840.2576833,26.8,1523.14453125,0.0,0.0
1774368840.3764722,29.3,1405.9140625,0.0,0.0
1774368840.4956012,29.3,1443.9140625,0.0,0.0
1774368840.6143425,23.1,1481.9140625,0.0,0.0
1774368840.7332315,29.3,1522.16015625,0.0,0.0
1774368840.8523595,29.3,1560.16015625,0.0,0.0
1774368840.9715848,29.3,1599.49609375,0.0,0.0
1774368841.0904324,26.8,1637.45703125,0.0,0.0
1774368841.2095292,27.5,1677.70703125,0.0,0.0
1774368841.3286278,29.3,1715.70703125,0.0,0.0
1774368841.4475558,25.0,1753.70703125,0.0,0.0
1774368841.56629,30.0,1791.953125,0.0,0.0
1774368841.6852736,29.3,1831.953125,0.0,0.0
1774368841.8043914,26.8,1869.953125,0.0,0.0
1774368841.9231737,25.6,1910.19921875,0.0,0.0
1774368842.0424454,27.5,1948.4453125,0.0,0.0
1774368842.159945,25.6,1659.71875,0.0,0.0
1774368842.2772536,25.0,1659.73046875,0.0,0.0
1774368842.394387,29.3,1659.73046875,0.0,0.0
1774368842.520848,42.5,1659.73046875,0.0,0.0
1774368842.6506524,100.0,1659.73046875,0.0,0.0
1774368842.7760928,100.0,1659.73046875,0.0,0.0
1774368842.9020529,100.0,1659.73046875,0.0,0.0
1774368843.0277653,100.0,1659.73046875,0.0,0.0
1774368843.1532197,100.0,1659.71875,0.0,0.0
1774368843.2792864,100.0,1659.71875,0.0,0.0
1774368843.4132025,100.0,1659.71875,0.0,0.0
1774368843.5439134,100.0,1659.71875,0.0,0.0
1774368843.6706507,100.0,1659.71875,0.0,0.0
1774368843.7932816,100.0,1659.71875,0.0,0.0
1774368843.9287133,100.0,1659.96484375,0.0,0.0
1774368844.0550354,100.0,1659.72265625,0.0,0.0
1774368844.1815295,100.0,1659.75,0.0,0.0
1774368844.316378,100.0,1659.75,0.0,0.0
1774368844.4418902,100.0,1659.75,0.0,0.0
1774368844.5683794,100.0,1659.75,0.0,0.0
1774368844.6991293,100.0,1659.75,0.0,0.0
1774368844.8297691,100.0,1659.75,0.0,0.0
1774368844.9596329,100.0,1659.75,0.0,0.0
1774368845.0822036,100.0,1659.76171875,0.0,0.0
1774368845.2094085,100.0,1659.75390625,0.0,0.0
1774368845.3356798,100.0,1659.75390625,0.0,0.0
1774368845.4584806,100.0,1659.75390625,0.0,0.0
1774368845.5856354,100.0,1659.75390625,0.0,0.0
1774368845.7121289,100.0,1659.75390625,0.0,0.0
1774368845.8388574,100.0,1659.75390625,0.0,0.0
1774368845.9691136,100.0,1660.0,0.0,0.0
1774368846.09901,100.0,1660.0,0.0,0.0
1774368846.2172163,100.0,1659.7578125,0.0,0.0
1774368846.348025,100.0,1659.7578125,0.0,0.0
1774368846.4657578,92.3,1680.00390625,0.0,0.0
1774368846.5836618,28.2,1714.00390625,0.0,0.0
1774368846.7015514,25.6,1748.00390625,0.0,0.0
1774368846.8199728,25.0,1782.25,0.0,0.0
1774368846.9375644,23.7,1816.25,0.0,0.0
1774368847.055112,26.3,1850.25,0.0,0.0
1774368847.1728346,29.3,1884.49609375,0.0,0.0
1774368847.290376,25.0,1918.49609375,0.0,0.0
1774368847.4081242,27.5,1952.49609375,0.0,0.0
1774368847.5260365,27.5,1986.49609375,0.0,0.0
1774368847.6438782,26.8,2020.7421875,0.0,0.0
1774368847.7622085,25.6,2043.3125,0.0,0.0
1774368847.8808358,27.5,2071.6015625,0.0,0.0
1774368847.9995701,23.1,2100.40234375,0.0,0.0
1774368848.1175342,25.6,2127.50390625,0.0,0.0
1774368848.2359447,30.0,2151.5390625,0.0,0.0
1774368848.354546,27.5,2179.484375,0.0,0.0
1774368848.4729204,26.8,2207.34765625,0.0,0.0
1774368848.5912642,27.5,2236.453125,0.0,0.0
1774368848.709483,27.5,2266.14453125,0.0,0.0
1774368848.8280044,25.6,2290.55859375,0.0,0.0
1774368848.94635,27.5,2318.78515625,0.0,0.0
1774368849.065787,28.2,2345.11328125,0.0,0.0
1774368849.1851707,25.6,2373.265625,0.0,0.0
1774368849.3043332,26.8,2400.04296875,0.0,0.0
1774368849.4235117,28.2,2425.88671875,0.0,0.0
1774368849.542825,27.5,2453.8359375,0.0,0.0
1774368849.661956,26.8,2480.4140625,0.0,0.0
1774368849.781066,28.2,2508.0,0.0,0.0
1774368849.9003217,30.0,2535.30078125,0.0,0.0
1774368850.0197158,26.8,2562.59765625,0.0,0.0
1774368850.1385496,26.8,2590.56640625,0.0,0.0
1774368850.2579763,28.2,2617.87109375,0.0,0.0
1774368850.3773167,27.5,2646.30078125,0.0,0.0
1774368850.496483,26.8,2673.07421875,0.0,0.0
1774368850.6155941,30.0,2700.73046875,0.0,0.0
1774368850.7348325,27.5,2728.4140625,0.0,0.0
1774368850.8540506,26.8,2755.875,0.0,0.0
1774368850.9730666,27.5,2783.61328125,0.0,0.0
1774368851.092559,30.0,2810.96484375,0.0,0.0
1774368851.24256,70.0,2822.79296875,0.0,0.0
1774368851.3797493,100.0,2823.53125,0.0,0.0
1774368851.5279994,100.0,2823.7421875,0.0,0.0
1774368851.6462483,90.2,2340.0703125,0.0,0.0
1774368851.7636511,25.0,1908.52734375,0.0,0.0
1774368851.883238,29.3,1669.9375,0.0,0.0
1774368852.0031397,27.5,1771.9375,0.0,0.0
1774368852.1234832,26.8,1878.01171875,0.0,0.0
1774368852.2429893,23.7,1978.2578125,0.0,0.0
1774368852.3649762,31.0,2066.984375,0.0,0.0
1774368852.4877517,28.2,2129.0703125,0.0,0.0
1774368852.610147,25.6,2194.3984375,0.0,0.0
1774368852.7322645,29.3,2261.296875,0.0,0.0
1774368852.854791,28.2,2326.984375,0.0,0.0
1774368852.977421,27.5,2390.66015625,0.0,0.0
1774368853.100325,26.8,2451.99609375,0.0,0.0
1774368853.2231464,30.0,2512.66796875,0.0,0.0
1774368853.345836,29.3,2574.97265625,0.0,0.0
1774368853.4690278,25.0,2636.91015625,0.0,0.0
1774368853.592539,28.2,2698.33984375,0.0,0.0
1774368853.716199,30.0,2759.86328125,0.0,0.0
1774368853.9246328,25.6,2823.1875,0.0,0.0
1774368854.1412346,100.0,2823.6796875,0.0,0.0
1774368854.3225188,100.0,2823.765625,0.0,0.0
1774368854.5206852,100.0,2824.50390625,0.0,0.0
1774368854.7249959,100.0,2824.50390625,0.0,0.0
1774368854.9355426,100.0,2824.50390625,0.0,0.0
1774368855.1446128,100.0,2824.50390625,0.0,0.0
1774368855.2679813,87.8,2824.50390625,0.0,0.0
1774368855.385908,52.5,2314.0859375,0.0,0.0
1774368855.5036013,25.0,1888.921875,0.0,0.0
1774368855.622334,26.8,1690.9375,0.0,0.0
1774368855.7421486,27.5,1744.875,0.0,0.0
1774368855.860824,29.3,1774.56640625,0.0,0.0
1774368855.9801445,25.0,1798.2890625,0.0,0.0
1774368856.0984914,30.0,1798.2890625,0.0,0.0
1774368856.2182548,27.5,1798.3203125,0.0,0.0
1774368856.3366508,25.0,1798.3203125,0.0,0.0
1774368856.4539936,31.7,1705.296875,0.0,0.0
1774368856.5735,29.3,1731.4375,0.0,0.0
1774368856.6983833,26.8,1772.14453125,0.0,0.0
1774368856.8319948,58.5,1810.8828125,0.0,0.0
1774368856.9555392,100.0,1810.8828125,0.0,0.0
1774368857.0902371,82.5,1810.8828125,0.0,0.0
1774368857.2240062,97.6,1810.8828125,0.0,0.0
1774368857.356008,100.0,1810.8828125,0.0,0.0
1774368857.479824,80.0,1810.8828125,0.0,0.0
1774368857.6149132,92.7,1810.8828125,0.0,0.0
1774368857.760711,100.0,1810.8828125,0.0,0.0
1774368857.889982,72.5,1811.12890625,0.0,0.0
1774368858.0310535,90.2,1811.12890625,0.0,0.0
1774368858.161678,100.0,1811.12890625,0.0,0.0
1774368858.281372,95.1,1811.12890625,0.0,0.0
1774368858.4216547,92.5,1811.12890625,0.0,0.0
1774368858.5569148,100.0,1811.12890625,0.0,0.0
1774368858.6851745,100.0,1811.375,0.0,0.0
1774368858.8329167,85.4,1811.375,0.0,0.0
1774368858.964052,100.0,1811.375,0.0,0.0
1774368859.0879068,100.0,1811.37890625,0.0,0.0
1774368859.2364807,86.8,1811.37890625,0.0,0.0
1774368859.367195,100.0,1811.37890625,0.0,0.0
1774368859.4867496,100.0,1811.37890625,0.0,0.0
1774368859.6220477,85.4,1811.625,0.0,0.0
1774368859.7393942,100.0,1811.625,0.0,0.0
1774368859.88444,100.0,1811.625,0.0,0.0
1774368860.0355794,80.0,1811.62890625,0.0,0.0
1774368860.1657104,100.0,1811.6328125,0.0,0.0
1774368860.2971756,100.0,1811.6328125,0.0,0.0
1774368860.446698,73.2,1811.6328125,0.0,0.0
1774368860.5689192,100.0,1811.6328125,0.0,0.0
1774368860.7014108,100.0,1811.6328125,0.0,0.0
1774368860.8336842,82.5,1811.6328125,0.0,0.0
1774368860.9635653,100.0,1811.6328125,0.0,0.0
1774368861.0963855,100.0,1811.6328125,0.0,0.0
1774368861.230564,72.5,1812.15625,0.0,0.0
1774368861.361704,100.0,1812.15625,0.0,0.0
1774368861.4943123,100.0,1812.15625,0.0,0.0
1774368861.625143,76.2,1812.15625,0.0,0.0
1774368861.7594063,95.0,1812.15625,0.0,0.0
1774368861.9055765,100.0,1812.15625,0.0,0.0
1774368862.039092,78.0,1812.15625,0.0,0.0
1774368862.170524,100.0,1812.15625,0.0,0.0
1774368862.3004124,100.0,1812.15625,0.0,0.0
1774368862.4283538,82.9,1812.15625,0.0,0.0
1774368862.5669086,95.0,1812.15625,0.0,0.0
1774368862.696416,100.0,1812.15625,0.0,0.0
1774368862.8183508,97.6,1812.15625,0.0,0.0
1774368862.9440606,83.3,1812.15625,0.0,0.0
1774368863.0613337,43.6,1812.15625,0.0,0.0
1774368863.181077,25.0,1812.16015625,0.0,0.0
1774368863.3012815,22.5,1811.984375,3.359375,11.69140625
1774368863.4189122,12.8,1811.390625,8.8359375,0.0
1774368863.5368586,19.5,1811.59765625,9.51171875,0.0
1774368863.6546826,15.4,1811.5078125,8.8984375,0.0
1774368863.7723887,16.7,1811.2109375,9.69921875,0.0
1774368863.8899267,15.4,1811.25390625,8.7734375,0.0
1774368864.0077703,17.1,1811.6015625,9.69921875,0.0
1774368864.1251767,15.0,1811.62890625,8.6484375,0.0
1774368864.242751,17.1,1811.796875,9.82421875,0.0
1774368864.360173,19.5,1811.859375,8.7734375,0.0
1774368864.4778073,15.0,1811.65625,9.69921875,0.0
1774368864.5949543,17.5,1811.6015625,8.8984375,0.0
1774368864.7127545,15.0,1811.88671875,9.57421875,0.0
1774368864.8304617,12.5,1811.61328125,8.7734375,0.0
1774368864.948083,19.0,1816.23046875,9.69921875,0.0
1774368865.0657487,15.8,1824.3515625,8.7734375,0.0
1774368865.1835432,17.5,1834.203125,9.82421875,0.0
1774368865.3011148,12.8,1844.09765625,8.7734375,0.0
1774368865.4186234,13.2,1854.1015625,9.69921875,0.0
1774368865.536684,15.4,1861.50390625,8.8984375,0.0
1774368865.654343,12.8,1872.4375,9.6640625,0.0
1774368865.7722068,20.5,1879.94921875,8.80859375,0.0
1774368865.8898177,17.5,1890.28515625,9.4140625,0.0
1774368866.008224,17.1,1899.921875,9.30859375,0.0
1774368866.1258256,12.8,1908.2109375,8.9609375,0.0
1774368866.2437427,19.5,1918.55078125,9.38671875,0.0
1774368866.3616004,15.4,1926.64453125,8.8359375,0.0
1774368866.4792871,13.2,1936.3984375,9.76171875,0.0
1774368866.5968835,17.5,1945.47265625,8.7734375,0.0
1774368866.714766,15.4,1954.86328125,9.57421875,0.0
1774368866.8323894,15.0,1963.84765625,8.7734375,0.0
1774368866.950082,21.4,1972.828125,9.69921875,0.0
1774368867.06783,15.4,1981.69921875,8.7734375,0.0
1774368867.1873627,17.5,2018.375,5.33984375,0.0
1774368867.3070016,27.5,2112.62109375,0.0,0.0
1774368867.4289598,28.2,2167.13671875,0.0,0.0
1774368867.5504627,27.5,2224.8125,0.0,0.0
1774368867.671349,27.5,2281.08203125,0.015625,0.0
1774368867.7899425,17.5,2295.34375,9.29296875,0.0
1774368867.9089239,15.4,2305.1640625,8.9140625,0.0
1774368868.0286367,25.0,2345.515625,0.0,0.0
1774368868.1486707,27.5,2385.7578125,0.0,0.0
1774368868.2689693,28.2,2426.6875,0.0,0.0
1774368868.3896832,23.1,2467.40234375,0.0,0.0
1774368868.5098093,29.3,2507.8828125,0.0,0.0
1774368868.6299138,29.3,2548.46484375,0.0,0.0
1774368868.7497206,25.6,2589.87890625,0.0,0.0
1774368868.8694715,27.5,2629.4921875,0.0,0.0
1774368868.9879746,28.2,2296.390625,0.0,0.0
1774368869.105951,27.5,1922.25390625,0.0,0.0
1774368869.224264,26.8,1726.9453125,0.0,0.0
1774368869.3425202,27.5,1727.4375,0.0,0.0
1774368869.4621112,29.3,1727.4375,0.0,0.0
1774368869.5814295,25.6,1729.37109375,0.0,0.0
1774368869.699734,23.1,1767.37109375,0.0,0.0
1774368869.8181233,29.3,1805.37109375,0.0,0.0
1774368869.93689,29.3,1843.37109375,0.0,0.0
1774368870.0562804,25.6,1874.35546875,0.0,0.0
1774368870.1753483,28.2,1902.81640625,0.0,0.0
1774368870.293823,27.5,1933.0078125,0.0,0.0
1774368870.413293,25.0,1963.375,0.0,0.0
1774368870.5324676,25.6,1993.91796875,0.0,0.0
1774368870.6546488,28.2,2024.26953125,0.0,0.0
1774368870.7719064,29.3,1443.19921875,0.0,0.0
1774368870.8882096,35.0,1443.19921875,0.0,0.0
1774368871.0182805,100.0,1443.4453125,0.0,0.0
1774368871.1488132,100.0,1443.41796875,0.0,0.0
1774368871.2788339,100.0,1443.421875,0.0,0.0
1774368871.4054968,100.0,1443.421875,0.0,0.0
1774368871.536565,100.0,1443.421875,0.0,0.0
1774368871.667429,100.0,1443.421875,0.0,0.0
1774368871.7982292,100.0,1443.421875,0.0,0.0
1774368871.9169917,100.0,1443.421875,0.0,0.0
1774368872.0348547,100.0,1443.421875,0.0,0.0
1774368872.164812,100.0,1443.41796875,0.0,0.0
1774368872.2949371,100.0,1443.6640625,0.0,0.0
1774368872.4250004,100.0,1443.421875,0.0,0.0
1774368872.5549886,100.0,1443.421875,0.0,0.0
1774368872.6734262,100.0,1443.421875,0.0,0.0
1774368872.804438,100.0,1443.421875,0.0,0.0
1774368872.9345238,100.0,1445.66796875,0.0,0.0
1774368873.0524628,45.0,1471.6640625,0.0,0.0
1774368873.1699662,25.0,1495.6640625,0.0,0.0
1774368873.287189,27.5,1519.6640625,0.0,0.0
1774368873.4047892,29.3,1543.6640625,0.0,0.0
1774368873.5223079,25.6,1567.91015625,0.0,0.0
1774368873.6396027,26.8,1591.91015625,0.0,0.0
1774368873.7570906,29.3,1615.91015625,0.0,0.0
1774368873.8747573,27.5,1639.91015625,0.0,0.0
1774368873.992194,27.5,1661.91015625,0.0,0.0
1774368874.1094704,28.2,1685.91015625,0.0,0.0
1774368874.2269888,25.6,1710.15625,0.0,0.0
1774368874.3442764,26.8,1734.15625,0.0,0.0
1774368874.4615586,29.3,1758.15625,0.0,0.0
1774368874.579138,25.6,1782.15625,0.0,0.0
1774368874.6968153,29.3,1806.15625,0.0,0.0
1774368874.8141735,26.8,1830.40234375,0.0,0.0
1774368874.9321098,25.6,1854.40234375,0.0,0.0
1774368875.0494773,27.5,1878.40234375,0.0,0.0
1774368875.1667194,25.0,1902.40625,0.0,0.0
1774368875.28394,29.3,1926.40625,0.0,0.0
1774368875.4014192,26.8,1950.65234375,0.0,0.0
1774368875.5186772,25.0,1974.65234375,0.0,0.0
1774368875.6359174,29.3,1998.65234375,0.0,0.0
1774368875.7533379,27.5,2022.65234375,0.0,0.0
1774368875.8715274,23.1,2040.66796875,0.0,0.0
1774368876.02052,77.5,2048.91796875,0.0,0.0
1774368876.1529493,100.0,2048.921875,0.0,0.0
1774368876.2734776,45.0,1529.29296875,0.0,0.0
1774368876.3930643,26.8,1637.5390625,0.0,0.0
1774368876.5126069,27.5,1745.78515625,0.0,0.0
1774368876.6324708,27.5,1854.03125,0.0,0.0
1774368876.7519429,25.0,1964.27734375,0.0,0.0
1774368876.9421308,27.5,2048.4453125,0.0,0.0
1774368877.1326993,100.0,2049.39453125,0.0,0.0
1774368877.3330784,100.0,2049.87890625,0.0,0.0
1774368877.5335474,100.0,2050.125,0.0,0.0
1774368877.6535773,92.7,1443.29296875,0.0,0.0
1774368877.7717848,31.7,1443.29296875,0.0,0.0
1774368877.8915532,28.2,1443.29296875,0.0,0.0
1774368878.0098057,27.5,1443.5390625,0.0,0.0
1774368878.1289449,25.0,1443.515625,0.0,0.0
1774368878.2649386,34.2,1336.671875,0.0,0.0
1774368878.391789,100.0,1336.671875,0.0,0.0
1774368878.5111156,100.0,1336.59765625,0.0,0.0
1774368878.647411,87.5,1336.59765625,0.0,0.0
1774368878.791767,100.0,1336.59765625,0.0,0.0
1774368878.9130502,100.0,1336.59765625,0.0,0.0
1774368879.0473604,77.5,1336.59375,0.0,0.0
1774368879.1744194,100.0,1336.59375,0.0,0.0
1774368879.2937717,100.0,1336.59375,0.0,0.0
1774368879.4425294,79.5,1336.59375,0.0,0.0
1774368879.5727587,100.0,1336.59375,0.0,0.0
1774368879.704311,100.0,1336.59375,0.0,0.0
1774368879.8396854,74.4,1336.59375,0.0,0.0
1774368879.9693022,100.0,1336.59375,0.0,0.0
1774368880.1019568,100.0,1336.59375,0.0,0.0
1774368880.2475874,72.5,1336.59765625,0.0,0.0
1774368880.3780026,100.0,1336.59765625,0.0,0.0
1774368880.5079713,100.0,1336.59765625,0.0,0.0
1774368880.6399508,79.5,1336.59765625,0.0,0.0
1774368880.7724001,92.5,1336.59765625,0.0,0.0
1774368880.9054832,100.0,1336.59765625,0.0,0.0
1774368881.0506117,78.0,1336.59765625,0.0,0.0
1774368881.194793,97.4,1336.59765625,0.0,0.0
1774368881.3148324,100.0,1336.59765625,0.0,0.0
1774368881.4618554,80.4,1336.59765625,0.0,0.0
1774368881.5917826,97.4,1336.59765625,0.0,0.0
1774368881.722339,100.0,1336.84375,0.0,0.0
1774368881.8408349,78.0,1336.84375,0.0,0.0
1774368881.967151,90.0,1336.84375,0.0,0.0
1774368882.0852478,29.3,1336.8359375,0.0,2.1328125
1774368882.202604,17.9,1336.5234375,7.859375,3.94140625
1774368882.320421,19.0,1336.59375,9.38671875,0.0
1774368882.4381008,12.8,1336.65234375,9.51171875,0.0
1774368882.5558648,13.2,1336.71875,9.26171875,0.0
1774368882.6737669,15.0,1336.78515625,9.51171875,0.0
1774368882.7915194,12.8,1336.6015625,9.51171875,0.0
1774368882.9094307,19.5,1336.6640625,9.51171875,0.0
1774368883.0271747,17.1,1336.7265625,9.51171875,0.0
1774368883.1454268,15.0,1336.796875,9.2890625,0.0
1774368883.262995,19.0,1335.62890625,9.26171875,0.0
1774368883.380224,12.8,1335.6953125,9.26171875,0.0
1774368883.4978347,17.1,1335.63671875,9.27734375,0.0
1774368883.6152987,12.5,1335.69921875,9.26171875,0.0
1774368883.732694,15.0,1335.640625,9.35546875,0.0
1774368883.8503118,16.7,1335.5859375,9.51171875,0.0
1774368883.9676707,12.8,1335.37890625,9.38671875,0.0
1774368884.0848439,19.0,1335.484375,9.38671875,0.0
1774368884.2020833,12.8,1335.51171875,9.38671875,0.0
1774368884.3195896,10.3,1335.578125,9.38671875,0.0
1774368884.4367192,12.8,1335.515625,9.38671875,0.0
1774368884.5540555,10.5,1335.7890625,9.38671875,0.0
1774368884.6714158,12.8,1335.69140625,9.51171875,0.0
1774368884.7885537,12.5,1335.4140625,9.38671875,0.0
1774368884.9057913,15.0,1335.640625,9.38671875,0.0
1774368885.0235538,17.5,1335.92578125,9.51171875,0.0
1774368885.1412046,12.5,1335.57421875,9.51171875,0.0
1774368885.2588649,17.5,1335.890625,9.51171875,0.0
1774368885.3769002,17.1,1335.74609375,9.51171875,0.0
1774368885.4948242,8.1,1335.81640625,9.51171875,0.0
1774368885.6126215,16.7,1335.6796875,9.51171875,0.0
1774368885.7304754,17.1,1335.4375,9.51171875,0.0
1774368885.848473,17.1,1335.5234375,9.51171875,0.0
1774368885.9662187,19.0,1335.83203125,9.51171875,0.0
1774368886.0841165,15.4,1335.78515625,9.51171875,0.0
1774368886.2022738,15.4,1339.6171875,9.51171875,0.0
1774368886.3199346,19.0,1349.65234375,9.63671875,0.0
1774368886.437659,17.9,1357.9296875,9.38671875,0.0
1774368886.5557766,17.5,1367.734375,9.38671875,0.0
1774368886.6736066,15.4,1377.6328125,9.38671875,0.0
1774368886.7916307,12.8,1385.6640625,9.38671875,0.0
1774368886.9098363,15.4,1395.453125,9.51171875,0.0
1774368887.0277553,15.4,1405.484375,9.63671875,0.0
1774368887.1458745,13.2,1415.51953125,9.38671875,0.0
1774368887.2641573,17.9,1425.9765625,9.51171875,0.0
1774368887.382267,17.5,1436.16796875,9.51171875,0.0
1774368887.5002894,15.0,1446.08203125,9.51171875,0.0
1774368887.6181762,21.4,1456.48046875,9.51171875,0.0
1774368887.7366557,15.4,1464.64453125,9.51171875,0.0
1774368887.8551552,14.6,1474.41796875,9.63671875,0.0
1774368887.9747658,22.5,1537.6875,1.65234375,0.0
1774368888.0942564,27.5,1633.6875,0.0,0.0
1774368888.2143393,29.3,1731.8984375,0.0,0.0
1774368888.3337796,26.2,1830.13671875,0.0,0.0
1774368888.4530058,27.5,1930.3828125,0.015625,0.0
1774368888.5708768,15.4,1950.08984375,9.24609375,0.0
1774368888.688819,17.1,1958.37109375,9.27734375,0.0
1774368888.807073,15.0,1968.28125,9.24609375,0.0
1774368888.9257057,29.3,2028.953125,0.0,0.0
1774368889.0465975,31.7,2071.91796875,0.0,0.0
1774368889.1672282,28.6,2111.48046875,0.0,0.0
1774368889.2873538,30.0,2150.59765625,0.0,0.0
1774368889.4077907,30.0,2191.0078125,0.0,0.0
1774368889.5284145,26.8,2228.68359375,0.0,0.0
1774368889.6488492,28.2,2264.41015625,0.0,0.0
1774368889.7695756,27.5,2299.04296875,0.0,0.0
1774368889.8903158,25.6,2335.86328125,0.0,0.0
1774368890.0109847,26.8,2370.41015625,0.0,0.0
1774368890.131768,29.3,2405.8671875,0.0,0.0
1774368890.2520819,29.3,2442.43359375,0.0,0.0
1774368890.3723276,26.8,2477.15625,0.0,0.0
1774368890.4917188,28.2,1719.4375,0.0,0.0
1774368890.6104171,27.5,1719.4453125,0.0,0.0
1774368890.7291028,26.8,1719.4453125,0.0,0.0
1774368890.8489118,25.6,1719.4453125,0.0,0.0
1774368890.96917,29.3,1719.4453125,0.0,0.0
1774368891.0876486,29.3,1719.50390625,0.0,0.0
1774368891.2060714,25.6,1719.50390625,0.0,0.0
1774368891.3244135,27.5,1719.50390625,0.0,0.0
1774368891.4429739,27.5,1719.50390625,0.0,0.0
1774368891.5612664,27.5,1719.50390625,0.0,0.0
1774368891.6796505,26.3,1719.50390625,0.0,0.0
1774368891.7979789,27.5,1719.50390625,0.0,0.0
1774368891.9168234,25.0,1719.50390625,0.0,0.0
1774368892.0351295,27.5,1719.50390625,0.0,0.0
1774368892.1535094,29.3,1719.49609375,0.0,0.0
1774368892.2720127,27.5,1719.49609375,0.0,0.0
1774368892.3902118,25.0,1719.49609375,0.0,0.0
1774368892.5072377,28.2,1415.84375,0.0,0.0
1774368892.6245291,27.5,1415.84375,0.0,0.0
1774368892.741549,25.0,1415.84375,0.0,0.0
1774368892.871891,82.5,1415.84375,0.0,0.0
1774368893.001295,100.0,1415.84375,0.0,0.0
1774368893.1325371,100.0,1415.71875,0.0,0.0
1774368893.2627249,100.0,1415.71875,0.0,0.0
1774368893.3795516,100.0,1415.71875,0.0,0.0
1774368893.5087218,100.0,1415.71875,0.0,0.0
1774368893.6385672,100.0,1415.71875,0.0,0.0
1774368893.7664292,100.0,1415.71875,0.0,0.0
1774368893.8984993,100.0,1415.71875,0.0,0.0
1774368894.0278618,100.0,1415.71875,0.0,0.0
1774368894.149443,100.0,1415.71875,0.0,0.0
1774368894.2811818,100.0,1415.71875,0.0,0.0
1774368894.411209,100.0,1415.71875,0.0,0.0
1774368894.5407724,100.0,1415.71875,0.0,0.0
1774368894.657557,100.0,1415.4765625,0.0,0.0
1774368894.7877648,100.0,1415.4765625,0.0,0.0
1774368894.9192305,100.0,1415.4765625,0.0,0.0
1774368895.049784,100.0,1415.4765625,0.0,0.0
1774368895.1750915,100.0,1415.47265625,0.0,0.0
1774368895.3049593,100.0,1415.47265625,0.0,0.0
1774368895.441913,100.0,1415.47265625,0.0,0.0
1774368895.578084,94.9,1415.96484375,0.0,0.0
1774368895.7072766,92.3,1416.2109375,0.0,0.0
1774368895.8378513,100.0,1416.45703125,0.0,0.0
1774368895.9614208,100.0,1418.70703125,0.0,0.0
1774368896.078915,48.7,1454.703125,0.0,0.0
1774368896.1977503,29.3,1488.69140625,0.0,0.0
1774368896.3154743,29.3,1522.9375,0.0,0.0
1774368896.4329767,25.6,1556.9375,0.0,0.0
1774368896.5507686,30.0,1590.9375,0.0,0.0
1774368896.6685877,29.3,1622.9375,0.0,0.0
1774368896.7863636,26.8,1657.18359375,0.0,0.0
1774368896.9038894,27.5,1691.18359375,0.0,0.0
1774368897.0216422,25.6,1725.18359375,0.0,0.0
1774368897.1396937,25.6,1759.18359375,0.0,0.0
1774368897.2571564,27.5,1793.4296875,0.0,0.0
1774368897.3750017,29.3,1827.4296875,0.0,0.0
1774368897.4929445,31.0,1861.67578125,0.0,0.0
1774368897.6106758,28.6,1895.67578125,0.0,0.0
1774368897.728401,31.0,1927.921875,0.0,0.0
1774368897.8460107,27.5,1961.921875,0.0,0.0
1774368897.9638767,26.8,1995.921875,0.0,0.0
1774368898.082073,28.2,2024.6328125,0.0,0.0
1774368898.2015536,27.5,2051.0234375,0.0,0.0
1774368898.321746,25.0,2078.75390625,0.0,0.0
1774368898.440987,27.5,2106.51953125,0.0,0.0
1774368898.5599916,28.2,2134.26953125,0.0,0.0
1774368898.6796443,27.5,2161.4609375,0.0,0.0
1774368898.7989376,25.6,2188.9140625,0.0,0.0
1774368898.9181774,29.3,2216.48046875,0.0,0.0
1774368899.0375736,27.5,2244.1328125,0.0,0.0
1774368899.1570427,26.8,2271.5859375,0.0,0.0
1774368899.276202,27.5,2298.984375,0.0,0.0
1774368899.3956332,27.5,2327.265625,0.0,0.0
1774368899.546849,70.0,2339.2734375,0.0,0.0
1774368899.692704,100.0,2339.765625,0.0,0.0
1774368899.8320205,98.0,1693.640625,0.0,0.0
1774368899.9533308,32.5,1417.5,0.0,0.0
1774368900.0734768,27.5,1520.18359375,0.0,0.0
1774368900.1933737,27.5,1622.4296875,0.0,0.0
1774368900.3126352,27.5,1726.921875,0.0,0.0
1774368900.4327278,25.6,1831.16796875,0.0,0.0
1774368900.5524366,25.0,1937.4140625,0.0,0.0
1774368900.674148,29.3,2028.65234375,0.0,0.0
1774368900.7964547,28.2,2087.3671875,0.0,0.0
1774368900.9198217,25.6,2148.90234375,0.0,0.0
1774368901.044029,25.0,2209.4609375,0.0,0.0
1774368901.1671736,28.2,2270.3671875,0.0,0.0
1774368901.290655,27.5,2333.32421875,0.0,0.0
1774368901.5179157,92.7,2339.73046875,0.0,0.0
1774368901.75008,100.0,2340.22265625,0.0,0.0
1774368901.9700587,100.0,2340.22265625,0.0,0.0
1774368902.158763,100.0,2340.28515625,0.0,0.0
1774368902.3047147,100.0,2340.28515625,0.0,0.0
1774368902.4292624,100.0,2340.53125,0.0,0.0
1774368902.5471683,48.8,1544.77734375,0.0,0.0
1774368902.6660602,26.8,1447.46875,0.0,0.0
1774368902.7840676,27.5,1487.8984375,0.0,0.0
1774368902.903633,29.3,1508.60546875,0.0,0.0
1774368903.0224483,25.6,1508.60546875,0.0,0.0
1774368903.1405852,28.2,1509.09765625,0.0,0.0
1774368903.2599647,27.5,1509.09765625,0.0,0.0
1774368903.3785224,26.8,1460.20703125,0.0,0.0
1774368903.5025053,29.3,1507.65234375,0.0,0.0
1774368903.622695,82.9,1520.390625,0.0,0.0
1774368903.756961,100.0,1520.390625,0.0,0.0
1774368903.890909,75.0,1520.63671875,0.0,0.0
1774368904.0332885,95.6,1520.63671875,0.0,0.0
1774368904.1672723,100.0,1520.63671875,0.0,0.0
1774368904.3295126,80.0,1520.63671875,0.0,0.0
1774368904.4595518,100.0,1520.63671875,0.0,0.0
1774368904.590487,100.0,1520.63671875,0.0,0.0
1774368904.7246344,76.2,1520.63671875,0.0,0.0
1774368904.8548107,97.4,1520.63671875,0.0,0.0
1774368904.9862862,100.0,1520.63671875,0.0,0.0
1774368905.1181812,76.7,1520.63671875,0.0,0.0
1774368905.2518814,95.1,1520.63671875,0.0,0.0
1774368905.3825448,100.0,1520.63671875,0.0,0.0
1774368905.5186734,83.3,1520.63671875,0.0,0.0
1774368905.6461208,97.6,1520.63671875,0.0,0.0
1774368905.7689035,100.0,1520.63671875,0.0,0.0
1774368905.8881247,97.5,1520.63671875,0.0,0.0
1774368906.0242162,89.7,1520.63671875,0.0,0.0
1774368906.1547418,100.0,1520.63671875,0.0,0.0
1774368906.2868245,100.0,1520.63671875,0.0,0.0
1774368906.4203434,82.9,1520.8828125,0.0,0.0
1774368906.5501735,100.0,1520.8828125,0.0,0.0
1774368906.6810057,100.0,1520.8828125,0.0,0.0
1774368906.8292494,69.2,1520.8828125,0.0,0.0
1774368906.959584,100.0,1520.8828125,0.0,0.0
1774368907.0910769,100.0,1520.8828125,0.0,0.0
1774368907.2250607,74.4,1520.8828125,0.0,0.0
1774368907.3549254,100.0,1520.8828125,0.0,0.0
1774368907.4832685,100.0,1520.8828125,0.0,0.0
1774368907.6146085,80.0,1520.8828125,0.0,0.0
1774368907.748449,92.9,1520.8828125,0.0,0.0
1774368907.8671227,100.0,1520.8828125,0.0,0.0
1774368908.022526,82.6,1520.8828125,0.0,0.0
1774368908.1562264,94.9,1520.88671875,0.0,0.0
1774368908.2875392,100.0,1520.88671875,0.0,0.0
1774368908.4203458,77.5,1520.88671875,0.0,0.0
1774368908.5383203,92.5,1520.88671875,0.0,0.0
1774368908.6557324,27.5,1520.88671875,0.0,0.0
1774368908.7732651,27.5,1521.28125,1.484375,9.26171875
1774368908.891252,15.0,1520.8828125,9.82421875,0.0
1774368909.0096982,12.5,1520.82421875,8.8984375,0.0
1774368909.1282487,12.8,1520.9453125,9.82421875,0.0
1774368909.2464488,17.5,1520.90234375,9.0234375,0.0
1774368909.3643382,15.0,1520.875,9.5390625,0.0
1774368909.4820888,17.5,1520.94140625,9.05859375,0.0
1774368909.5999815,17.5,1520.9375,9.1796875,0.0
1774368909.7178833,15.0,1521.2109375,9.41796875,0.0
1774368909.8355618,19.0,1521.12109375,8.8359375,0.0
1774368909.9536,15.4,1521.28125,9.88671875,0.0
1774368910.0718951,14.6,1521.5078125,8.6484375,0.0
1774368910.189665,14.6,1521.25,9.69921875,0.0
1774368910.3074188,15.4,1521.41015625,8.8984375,0.0
1774368910.4255664,15.0,1521.43359375,9.69921875,0.0
1774368910.542878,12.8,1521.59765625,8.8984375,0.0
1774368910.6605752,19.5,1530.62890625,9.69921875,0.0
1774368910.7780974,17.5,1539.50390625,8.7734375,0.0
1774368910.8959284,15.4,1550.59375,9.69921875,0.0
1774368911.0135849,19.5,1558.09765625,8.8984375,0.0
1774368911.1314,17.1,1568.87890625,9.69921875,0.0
1774368911.2496595,15.0,1576.26953125,8.8984375,0.0
1774368911.3672516,15.4,1586.35546875,9.69921875,0.0
1774368911.4856126,15.4,1596.6171875,8.8984375,0.0
1774368911.603373,15.4,1604.078125,9.57421875,0.0
1774368911.7211862,15.0,1614.734375,9.0234375,0.0
1774368911.838861,19.5,1623.078125,9.2890625,0.0
1774368911.9568784,15.0,1632.83203125,9.18359375,0.0
1774368912.0745277,12.5,1641.4140625,9.0546875,0.0
1774368912.1923275,21.4,1650.99609375,9.41796875,0.0
1774368912.3101974,15.4,1660.83984375,8.8359375,0.0
1774368912.4285197,15.0,1670.8984375,9.76171875,0.0
1774368912.5461595,12.8,1679.05078125,8.7734375,0.0
1774368912.6659653,22.5,1707.0546875,5.71484375,0.0
1774368912.7858229,26.8,1805.30078125,0.0,0.0
1774368912.9050882,25.0,1903.30078125,0.0,0.0
1774368913.0225406,27.5,1989.77734375,1.484375,0.0
1774368913.140443,17.5,1999.49609375,9.82421875,0.0
1774368913.2596073,13.2,2015.3671875,6.9140625,0.0
1774368913.3777215,29.3,2074.3515625,0.0,0.0
1774368913.4979248,27.5,2111.97265625,0.0,0.0
1774368913.6186671,25.0,2152.7578125,0.0,0.0
1774368913.7385266,29.3,2193.078125,0.0,0.0
1774368913.8588529,31.0,2234.16015625,0.0,0.0
1774368913.9793026,29.3,2273.73046875,0.0,0.0
1774368914.1006336,26.8,2310.27734375,0.0,0.0
1774368914.2196145,27.5,2040.76953125,0.0,0.0
1774368914.337527,27.5,1604.95703125,0.0,0.0
1774368914.455877,27.5,1579.97265625,0.0,0.0
1774368914.5748978,30.0,1579.97265625,0.0,0.0
1774368914.694389,27.5,1579.97265625,0.0,0.0
1774368914.8137522,26.8,1599.93359375,0.0,0.0
1774368914.9321363,26.8,1637.93359375,0.0,0.0
1774368915.0508406,27.5,1675.93359375,0.0,0.0
1774368915.16942,29.3,1713.86328125,0.0,0.0
1774368915.287874,23.1,1753.86328125,0.0,0.0
1774368915.4063394,31.7,1792.109375,0.0,0.0
1774368915.5248656,25.6,1830.109375,0.0,0.0
1774368915.6431253,26.8,1870.109375,0.0,0.0
1774368915.7600892,27.5,1882.35546875,0.0,0.0
1774368915.8895586,26.8,1882.35546875,0.0,0.0
1774368916.0085254,100.0,1882.35546875,0.0,0.0
1774368916.1391668,100.0,1882.8515625,0.0,0.0
1774368916.2705388,100.0,1883.34375,0.0,0.0
1774368916.3894844,100.0,1883.34375,0.0,0.0
1774368916.5206444,100.0,1883.34375,0.0,0.0
1774368916.6481688,100.0,1883.34375,0.0,0.0
1774368916.7788625,100.0,1883.34375,0.0,0.0
1774368916.90981,100.0,1883.34375,0.0,0.0
1774368917.0395193,100.0,1883.34375,0.0,0.0
1774368917.166309,100.0,1883.34375,0.0,0.0
1774368917.2968163,100.0,1883.34375,0.0,0.0
1774368917.4148977,100.0,1883.34375,0.0,0.0
1774368917.5458102,100.0,1883.34375,0.0,0.0
1774368917.6760402,100.0,1883.34375,0.0,0.0
1774368917.7947865,100.0,1883.34375,0.0,0.0
1774368917.9125407,90.2,1900.08203125,0.0,0.0
1774368918.0298307,26.8,1924.08203125,0.0,0.0
1774368918.146793,29.3,1948.08203125,0.0,0.0
1774368918.2648401,31.0,1963.984375,0.0,0.0
1774368918.382716,25.6,1984.671875,0.0,0.0
1774368918.5005736,30.0,2005.73046875,0.0,0.0
1774368918.6186395,27.5,2027.125,0.0,0.0
1774368918.7366316,28.6,2048.3046875,0.0,0.0
1774368918.8544936,27.5,2069.37109375,0.0,0.0
1774368918.9726331,29.3,2091.00390625,0.0,0.0
1774368919.0906882,25.0,2112.0859375,0.0,0.0
1774368919.208582,27.5,2132.8984375,0.0,0.0
1774368919.326399,28.2,2154.4296875,0.0,0.0
1774368919.4445496,27.5,2175.81640625,0.0,0.0
1774368919.5632145,25.0,2196.23046875,0.0,0.0
1774368919.6818051,29.3,2216.58203125,0.0,0.0
1774368919.800592,27.5,2237.07421875,0.0,0.0
1774368919.919522,25.6,2257.69140625,0.0,0.0
1774368920.0382452,25.0,2277.3359375,0.0,0.0
1774368920.1570873,29.3,2297.71484375,0.0,0.0
1774368920.2760565,25.6,2318.66015625,0.0,0.0
1774368920.3946407,25.0,2338.4609375,0.0,0.0
1774368920.513281,31.0,2358.9375,0.0,0.0
1774368920.6320617,25.6,2379.1796875,0.0,0.0
1774368920.7509625,25.6,2398.31640625,0.0,0.0
1774368920.869669,28.2,2417.51953125,0.0,0.0
1774368920.9888256,27.5,2436.9375,0.0,0.0
1774368921.1082566,26.8,2455.73046875,0.0,0.0
1774368921.2270617,27.5,2473.71875,0.0,0.0
1774368921.3740413,52.5,2487.4765625,0.0,0.0
1774368921.502478,100.0,2487.72265625,0.0,0.0
1774368921.6199121,81.0,2233.54296875,0.0,0.0
1774368921.7385952,27.5,1883.87890625,0.0,0.0
1774368921.8609734,29.3,1965.28515625,0.0,0.0
1774368921.983524,23.1,2030.05859375,0.0,0.0
1774368922.1060205,28.2,2098.11328125,0.0,0.0
1774368922.228592,29.3,2166.7265625,0.0,0.0
1774368922.3514082,25.6,2232.7734375,0.0,0.0
1774368922.4740582,25.6,2292.97265625,0.0,0.0
1774368922.596991,30.0,2353.39453125,0.0,0.0
1774368922.7198012,27.5,2415.171875,0.0,0.0
1774368922.8425553,25.6,2476.9375,0.0,0.0
1774368923.0425274,100.0,2487.37890625,0.0,0.0
1774368923.2500072,100.0,2488.0234375,0.0,0.0
1774368923.49409,100.0,2488.515625,0.0,0.0
1774368923.6360998,92.5,2488.52734375,0.0,0.0
1774368923.75387,35.9,2046.87109375,0.0,0.0
1774368923.872903,25.6,1884.1796875,0.0,0.0
1774368923.9916523,28.2,1884.671875,0.0,0.0
1774368924.1108274,27.5,1884.56640625,0.0,0.0
1774368924.2295923,26.8,1884.56640625,0.0,0.0
1774368924.3582277,25.6,1847.41796875,0.0,0.0
1774368924.4878206,92.3,1799.48046875,0.0,0.0
1774368924.6197896,100.0,1799.48046875,0.0,0.0
1774368924.7539864,74.4,1799.48046875,0.0,0.0
1774368924.88596,97.6,1799.48046875,0.0,0.0
1774368925.0188684,100.0,1799.48046875,0.0,0.0
1774368925.153089,72.5,1799.3984375,0.0,0.0
1774368925.2859437,97.5,1799.3984375,0.0,0.0
1774368925.4159439,100.0,1799.3984375,0.0,0.0
1774368925.5476422,77.5,1799.3984375,0.0,0.0
1774368925.6802464,95.0,1799.3984375,0.0,0.0
1774368925.7971044,100.0,1799.3984375,0.0,0.0
1774368925.9165165,97.5,1799.3984375,0.0,0.0
1774368926.0645573,90.0,1799.3984375,0.0,0.0
1774368926.195946,100.0,1799.3984375,0.0,0.0
1774368926.3173685,100.0,1799.40234375,0.0,0.0
1774368926.4486916,82.9,1799.40234375,0.0,0.0
1774368926.582479,100.0,1799.40234375,0.0,0.0
1774368926.7144048,100.0,1799.40234375,0.0,0.0
1774368926.86586,78.6,1799.40234375,0.0,0.0
1774368926.9877286,100.0,1799.40234375,0.0,0.0
1774368927.119635,100.0,1799.6328125,0.0,0.0
1774368927.2524598,76.9,1799.6328125,0.0,0.0
1774368927.3825915,100.0,1799.87890625,0.0,0.0
1774368927.5133247,100.0,1799.87890625,0.0,0.0
1774368927.6472127,78.0,1799.87890625,0.0,0.0
1774368927.7772002,100.0,1799.87890625,0.0,0.0
1774368927.9138432,100.0,1799.87890625,0.0,0.0
1774368928.0528586,77.5,1799.87890625,0.0,0.0
1774368928.1700735,72.5,1799.87890625,0.0,0.0
1774368928.286775,28.2,1799.23828125,0.484375,6.07421875
1774368928.4045796,19.5,1799.1171875,9.69921875,0.0
1774368928.5217123,8.1,1799.03125,8.5234375,0.0
1774368928.6392264,17.1,1799.3046875,9.69921875,0.0
1774368928.7566109,15.4,1799.46875,8.7734375,0.0
1774368928.8743246,16.7,1799.3671875,9.82421875,0.0
1774368928.9914253,15.4,1799.4140625,8.7734375,0.0
1774368929.1093483,13.2,1798.6875,9.69921875,0.0
1774368929.2268035,17.1,1798.953125,8.7734375,0.0
1774368929.3443308,13.2,1798.875,9.82421875,0.0
1774368929.4615734,15.4,1798.93359375,8.7734375,0.0
1774368929.5793138,17.5,1798.94921875,9.69921875,0.0
1774368929.6967938,12.5,1798.88671875,8.8984375,0.0
1774368929.8142695,20.9,1799.24609375,9.82421875,0.0
1774368929.9319932,17.5,1799.20703125,8.8984375,0.0
1774368930.0495322,13.2,1799.1796875,9.5390625,0.0
1774368930.1669645,15.8,1799.03515625,9.05859375,0.0
1774368930.2846763,17.1,1799.2421875,9.1640625,0.0
1774368930.402883,12.5,1799.109375,9.43359375,0.0
1774368930.5203815,12.8,1799.18359375,8.8359375,0.0
1774368930.638138,13.2,1799.24609375,9.76171875,0.0
1774368930.755891,10.8,1799.1171875,8.7734375,0.0
1774368930.8733923,12.8,1799.18359375,9.69921875,0.0
1774368930.990658,17.1,1799.46484375,8.7734375,0.0
1774368931.10823,17.1,1799.37109375,9.82421875,0.0
1774368931.225379,15.4,1799.16796875,8.7734375,0.0
1774368931.3428702,15.4,1799.03515625,9.69921875,0.0
1774368931.4602988,17.5,1799.11328125,8.7734375,0.0
1774368931.5781255,12.8,1798.8828125,9.82421875,0.0
1774368931.6952374,10.5,1798.8125,8.7734375,0.0
1774368931.8130865,15.4,1798.69921875,9.69921875,0.0
1774368931.9308677,15.4,1798.890625,8.8984375,0.0
1774368932.0484514,17.1,1798.7578125,9.69921875,0.0
1774368932.1664135,22.5,1799.015625,6.5390625,0.0
1774368932.2856176,29.3,1799.26171875,0.0,0.0
1774368932.4046216,25.0,1799.26171875,0.0,0.0
1774368932.521901,17.5,1799.859375,6.93359375,0.0
1774368932.6397815,14.6,1798.85546875,9.57421875,0.0
1774368932.7578437,22.5,1826.4375,1.71484375,0.0
1774368932.8758743,25.0,1878.4375,0.0,0.0
1774368932.9940612,27.5,1932.68359375,0.0,0.0
1774368933.1135552,27.5,1967.8984375,0.0,0.0
1774368933.2338767,25.6,2006.4453125,0.0,0.0
1774368933.353656,30.0,2045.5703125,0.0,0.0
1774368933.4737105,27.5,2085.1875,0.0,0.0
1774368933.5919409,25.6,1880.89453125,0.0,0.0
1774368933.7102861,28.2,1651.37890625,0.0,0.0
1774368933.8287644,27.5,1651.37890625,0.0,0.0
1774368933.9486907,25.0,1651.37890625,0.0,0.0
1774368934.0668812,25.6,1651.37890625,0.0,0.0
1774368934.1849086,30.0,1651.95703125,0.0,0.0
1774368934.3033276,29.3,1651.95703125,0.0,0.0
1774368934.421491,25.6,1651.95703125,0.0,0.0
1774368934.5396485,28.2,1651.95703125,0.0,0.0
1774368934.6579502,27.5,1651.95703125,0.0,0.0
1774368934.7763348,25.0,1651.95703125,0.0,0.0
1774368934.8948913,27.5,1651.95703125,0.0,0.0
1774368935.0119932,29.3,1348.26171875,0.0,0.0
1774368935.1444812,42.5,1348.234375,0.0,0.0
1774368935.271359,100.0,1348.234375,0.0,0.0
1774368935.4094768,95.1,1348.234375,0.0,0.0
1774368935.5440228,100.0,1348.47265625,0.0,0.0
1774368935.670167,100.0,1348.23046875,0.0,0.0
1774368935.8008628,100.0,1348.23046875,0.0,0.0
1774368935.9272308,100.0,1348.23046875,0.0,0.0
1774368936.0581183,100.0,1348.234375,0.0,0.0
1774368936.176244,97.5,1348.23046875,0.0,0.0
1774368936.3074944,100.0,1348.23046875,0.0,0.0
1774368936.438831,100.0,1348.23046875,0.0,0.0
1774368936.567884,100.0,1348.23046875,0.0,0.0
1774368936.6932278,100.0,1348.23046875,0.0,0.0
1774368936.8223257,100.0,1347.98828125,0.0,0.0
1774368936.9387357,100.0,1347.98828125,0.0,0.0
1774368937.067978,100.0,1347.98828125,0.0,0.0
1774368937.196947,100.0,1347.984375,0.0,0.0
1774368937.3135548,77.5,1368.23046875,0.0,0.0
1774368937.4320626,27.5,1390.23046875,0.0,0.0
1774368937.5494847,27.5,1414.23046875,0.0,0.0
1774368937.6666884,26.8,1438.23046875,0.0,0.0
1774368937.7838094,29.3,1462.23046875,0.0,0.0
1774368937.9015675,27.5,1486.23046875,0.0,0.0
1774368938.0188856,27.5,1510.23046875,0.0,0.0
1774368938.1360953,30.0,1534.23046875,0.0,0.0
1774368938.2536206,25.0,1558.23046875,0.0,0.0
1774368938.3732772,25.0,1582.23046875,0.0,0.0
1774368938.4904976,29.3,1606.96875,0.0,0.0
1774368938.609011,28.6,1630.96875,0.0,0.0
1774368938.726269,27.5,1654.96875,0.0,0.0
1774368938.8435562,25.0,1678.96875,0.0,0.0
1774368938.9610915,27.5,1703.21484375,0.0,0.0
1774368939.0786028,27.5,1725.21484375,0.0,0.0
1774368939.196079,28.6,1749.21484375,0.0,0.0
1774368939.3133593,29.3,1773.21484375,0.0,0.0
1774368939.430832,27.5,1797.21484375,0.0,0.0
1774368939.5489573,26.8,1814.73046875,0.0,0.0
1774368939.6667898,25.6,1836.01953125,0.0,0.0
1774368939.7848544,27.5,1857.60546875,0.0,0.0
1774368939.9027276,25.6,1878.5703125,0.0,0.0
1774368940.0207253,25.0,1899.8828125,0.0,0.0
1774368940.1392856,27.5,1919.9765625,0.0,0.0
1774368940.2582788,25.6,1941.0625,0.0,0.0
1774368940.4007304,61.0,1952.5234375,0.0,0.0
1774368940.5310404,100.0,1953.015625,0.0,0.0
1774368940.6505303,78.0,1352.9609375,0.0,0.0
1774368940.7709053,28.6,1456.9609375,0.0,0.0
1774368940.8901677,25.6,1563.10546875,0.0,0.0
1774368941.0098147,27.5,1665.3515625,0.0,0.0
1774368941.1292694,27.5,1771.47265625,0.0,0.0
1774368941.2515411,25.6,1844.46875,0.0,0.0
1774368941.3727882,30.0,1911.78515625,0.0,0.0
1774368941.582013,51.2,1952.78515625,0.0,0.0
1774368941.7331412,100.0,1953.76953125,0.0,0.0
1774368941.9137042,97.6,1953.76953125,0.0,0.0
1774368942.0944848,100.0,1954.26171875,0.0,0.0
1774368942.2321956,94.0,1458.265625,0.0,0.0
1774368942.3522778,37.5,1350.03125,0.0,0.0
1774368942.4712958,26.8,1350.03125,0.0,0.0
1774368942.5901058,30.0,1350.03125,0.0,0.0
1774368942.7088249,27.5,1350.27734375,0.0,0.0
1774368942.83761,26.8,1212.37109375,0.0,0.0
1774368942.9543273,87.2,1212.37109375,0.0,0.0
1774368943.0860693,100.0,1212.51953125,0.0,0.0
1774368943.2121232,80.5,1212.2734375,0.0,0.0
1774368943.3306124,97.6,1212.2734375,0.0,0.0
1774368943.4614182,100.0,1212.2734375,0.0,0.0
1774368943.5806975,92.5,1212.2734375,0.0,0.0
1774368943.7132072,95.1,1212.2734375,0.0,0.0
1774368943.8302178,100.0,1212.2734375,0.0,0.0
1774368943.9616344,100.0,1212.2734375,0.0,0.0
1774368944.0950572,80.0,1212.2734375,0.0,0.0
1774368944.2114449,100.0,1212.2734375,0.0,0.0
1774368944.3423223,100.0,1212.2734375,0.0,0.0
1774368944.4704616,75.6,1212.2734375,0.0,0.0
1774368944.603931,92.7,1212.2734375,0.0,0.0
1774368944.7297528,100.0,1212.2734375,0.0,0.0
1774368944.8641665,85.4,1212.2734375,0.0,0.0
1774368944.9967668,100.0,1212.2734375,0.0,0.0
1774368945.1279426,100.0,1212.2734375,0.0,0.0
1774368945.2619128,80.0,1212.2734375,0.0,0.0
1774368945.3939621,100.0,1212.2734375,0.0,0.0
1774368945.5252426,100.0,1212.2734375,0.0,0.0
1774368945.6654677,85.4,1212.2734375,0.0,0.0
1774368945.7895937,97.5,1212.2734375,0.0,0.0
1774368945.9213212,100.0,1212.2734375,0.0,0.0
1774368946.0405967,92.7,1212.2734375,0.0,0.0
1774368946.1753209,92.5,1212.2734375,0.0,0.0
1774368946.3147256,100.0,1212.2734375,0.0,0.0
1774368946.4334056,100.0,1212.2734375,0.0,0.0
1774368946.5802917,78.9,1212.2734375,0.0,0.0
1774368946.6977136,37.5,1212.51953125,0.0,0.0
1774368946.8153334,23.1,1212.6796875,5.234375,6.07421875
1774368946.9326296,17.1,1213.03515625,8.7734375,0.0
1774368947.0499954,15.0,1212.91015625,9.69921875,0.0
1774368947.1675608,15.0,1212.9453125,8.6484375,0.0
1774368947.2851539,12.8,1212.6953125,9.69921875,0.0
1774368947.4024208,12.8,1212.8515625,8.8984375,0.0
1774368947.520067,13.2,1212.83203125,9.69921875,0.0
1774368947.6375308,17.5,1212.796875,8.7734375,0.0
1774368947.7547386,10.5,1212.89453125,9.5390625,0.0
1774368947.8720186,17.5,1212.83203125,9.05859375,0.0
1774368947.9895117,12.8,1212.70703125,9.1796875,0.0
1774368948.1067712,12.8,1212.6484375,9.41796875,0.0
1774368948.224049,17.5,1212.76953125,8.8359375,0.0
1774368948.3415978,13.2,1212.8359375,9.76171875,0.0
1774368948.459081,12.5,1212.83203125,8.5234375,0.0
1774368948.5764732,16.7,1212.79296875,9.82421875,0.0
1774368948.6938517,15.8,1212.70703125,8.7734375,0.0
1774368948.8113816,12.8,1212.7109375,9.82421875,0.0
1774368948.928403,15.0,1212.62890625,8.7734375,0.0
1774368949.0458796,17.5,1211.7890625,9.69921875,0.0
1774368949.163021,17.1,1212.078125,8.7734375,0.0
1774368949.2803826,17.1,1212.0078125,9.82421875,0.0
1774368949.3972323,15.8,1212.51953125,8.6484375,0.0
1774368949.514913,17.5,1222.48828125,9.69921875,0.0
1774368949.6319332,21.4,1230.72265625,8.7734375,0.0
1774368949.7493858,19.5,1240.4453125,9.69921875,0.0
1774368949.866713,20.0,1248.92578125,8.6484375,0.0
1774368949.9844577,15.0,1260.52734375,9.69921875,0.0
1774368950.101923,15.0,1267.3125,8.8984375,0.0
1774368950.2197118,17.5,1278.31640625,9.69921875,0.0
1774368950.3374326,17.5,1285.71875,8.7734375,0.0
1774368950.4546728,15.0,1296.28515625,9.69921875,0.0
1774368950.572136,19.5,1306.3125,8.8984375,0.0
1774368950.6909997,23.1,1356.421875,3.33984375,0.0
1774368950.8099508,28.6,1452.66796875,0.0,0.0
1774368950.929075,25.6,1548.66796875,0.0,0.0
1774368951.0467148,24.4,1616.01953125,3.984375,0.0
1774368951.1640832,15.0,1624.828125,8.5234375,0.0
1774368951.2816541,17.9,1655.3203125,5.71484375,0.0
1774368951.3998368,25.6,1707.3203125,0.0,0.0
1774368951.517688,29.3,1759.56640625,0.0,0.0
1774368951.6373794,25.0,1802.671875,0.0,0.0
1774368951.7573602,28.2,1841.6015625,0.0,0.0
1774368951.8776515,30.0,1882.03125,0.0,0.0
1774368951.997723,26.8,1921.83203125,0.0,0.0
1774368952.1175435,30.0,1958.8359375,0.0,0.0
1774368952.2367191,29.3,1361.60546875,0.0,0.0
1774368952.3550203,27.5,1361.84375,0.0,0.0
1774368952.4740667,26.8,1361.84375,0.0,0.0
1774368952.593079,31.0,1361.84375,0.0,0.0
1774368952.7114277,27.5,1392.02734375,0.0,0.0
1774368952.8295124,27.5,1430.02734375,0.0,0.0
1774368952.947721,30.0,1468.02734375,0.0,0.0
1774368953.0662816,29.3,1506.2734375,0.0,0.0
1774368953.1845467,25.0,1544.3515625,0.0,0.0
1774368953.3025606,25.0,1582.3515625,0.0,0.0
1774368953.4209101,29.3,1620.59765625,0.0,0.0
1774368953.5392845,26.8,1658.59765625,0.0,0.0
1774368953.656047,25.0,1664.59765625,0.0,0.0
1774368953.7865176,34.1,1664.59765625,0.0,0.0
1774368953.9154859,100.0,1664.875,0.0,0.0
1774368954.045168,100.0,1664.875,0.0,0.0
1774368954.1749306,100.0,1664.84375,0.0,0.0
1774368954.305341,100.0,1664.84375,0.0,0.0
1774368954.4362667,100.0,1664.84375,0.0,0.0
1774368954.5666902,100.0,1664.84375,0.0,0.0
1774368954.693056,100.0,1664.84375,0.0,0.0
1774368954.8199265,100.0,1664.84375,0.0,0.0
1774368954.9505177,100.0,1665.08984375,0.0,0.0
1774368955.069719,100.0,1665.08984375,0.0,0.0
1774368955.1966696,100.0,1665.08984375,0.0,0.0
1774368955.3273172,100.0,1665.08984375,0.0,0.0
1774368955.4578974,100.0,1665.08984375,0.0,0.0
1774368955.5817797,100.0,1665.08984375,0.0,0.0
1774368955.7121675,100.0,1665.08984375,0.0,0.0
1774368955.8296845,84.6,1683.828125,0.0,0.0
1774368955.9472904,23.1,1705.828125,0.0,0.0
1774368956.0642855,26.8,1729.828125,0.0,0.0
1774368956.181046,31.0,1753.828125,0.0,0.0
1774368956.2981617,25.6,1778.07421875,0.0,0.0
1774368956.415078,26.8,1802.07421875,0.0,0.0
1774368956.5332687,29.3,1819.71484375,0.0,0.0
1774368956.6517897,26.3,1840.23046875,0.0,0.0
1774368956.7699976,25.0,1860.734375,0.0,0.0
1774368956.8881876,27.5,1881.0078125,0.0,0.0
1774368957.006457,27.5,1901.7578125,0.0,0.0
1774368957.1252089,25.0,1921.44140625,0.0,0.0
1774368957.2433965,25.6,1941.6953125,0.0,0.0
1774368957.3613603,29.3,1962.98046875,0.0,0.0
1774368957.4798267,25.6,1983.1640625,0.0,0.0
1774368957.598183,26.8,2002.984375,0.0,0.0
1774368957.7164505,29.3,2022.58203125,0.0,0.0
1774368957.8351653,27.5,2041.08203125,0.0,0.0
1774368957.9538782,25.6,2060.0625,0.0,0.0
1774368958.0725565,27.5,2079.11328125,0.0,0.0
1774368958.1915262,27.5,2098.47265625,0.0,0.0
1774368958.3101292,27.5,2118.140625,0.0,0.0
1774368958.4286926,28.6,2137.0234375,0.0,0.0
1774368958.5468512,26.3,2156.1015625,0.0,0.0
1774368958.6655047,27.5,2175.88671875,0.0,0.0
1774368958.7837336,25.0,2193.38671875,0.0,0.0
1774368958.9053214,27.5,2212.54296875,0.0,0.0
1774368959.0242894,29.3,2231.29296875,0.0,0.0
1774368959.142896,26.8,2249.9921875,0.0,0.0
1774368959.2904787,26.8,2269.234375,0.0,0.0
1774368959.4265552,100.0,2270.21875,0.0,0.0
1774368959.54432,97.6,2013.11328125,0.0,0.0
1774368959.6621368,27.5,1667.41015625,0.0,0.0
1774368959.7815886,27.5,1764.921875,0.0,0.0
1774368959.9039872,27.5,1831.85546875,0.0,0.0
1774368960.026489,26.8,1892.06640625,0.0,0.0
1774368960.1492624,31.7,1950.68359375,0.0,0.0
1774368960.2732785,37.5,2010.421875,0.0,0.0
1774368960.3960075,25.6,2071.25,0.0,0.0
1774368960.5186305,25.0,2132.3828125,0.0,0.0
1774368960.6401818,30.0,2195.64453125,0.0,0.0
1774368960.762075,27.5,2257.421875,0.0,0.0
1774368960.9633327,85.4,2269.65625,0.0,0.0
1774368961.105549,95.3,2270.44140625,0.0,0.0
1774368961.2960732,97.6,2270.44140625,0.0,0.0
1774368961.4740853,100.0,2270.6875,0.0,0.0
1774368961.5953016,92.9,2009.1640625,0.0,0.0
1774368961.7126813,25.6,1665.515625,0.0,0.0
1774368961.8304775,27.5,1666.0078125,0.0,0.0
1774368961.9491725,26.8,1666.0078125,0.0,0.0
1774368962.0671809,26.3,1666.140625,0.0,0.0
1774368962.1856706,28.2,1666.140625,0.0,0.0
1774368962.3040853,40.0,1666.6328125,0.0,0.0
1774368962.4200659,97.4,1666.6328125,0.0,0.0
1774368962.549509,100.0,1666.6328125,0.0,0.0
1774368962.6783688,65.0,1666.6328125,0.0,0.0
1774368962.8032835,87.5,1666.6328125,0.0,0.0
1774368962.9335358,100.0,1666.6328125,0.0,0.0
1774368963.065794,79.5,1666.6328125,0.0,0.0
1774368963.1896791,97.6,1666.63671875,0.0,0.0
1774368963.319646,100.0,1666.63671875,0.0,0.0
1774368963.4383266,97.5,1666.63671875,0.0,0.0
1774368963.5727856,87.8,1666.63671875,0.0,0.0
1774368963.7019238,100.0,1666.63671875,0.0,0.0
1774368963.832789,100.0,1666.63671875,0.0,0.0
1774368963.9732835,71.8,1666.63671875,0.0,0.0
1774368964.1030135,100.0,1666.63671875,0.0,0.0
1774368964.2234206,100.0,1666.63671875,0.0,0.0
1774368964.353023,69.2,1666.63671875,0.0,0.0
1774368964.483019,97.5,1666.63671875,0.0,0.0
1774368964.6129222,100.0,1666.63671875,0.0,0.0
1774368964.7427387,77.5,1666.63671875,0.0,0.0
1774368964.8758702,92.5,1666.63671875,0.0,0.0
1774368965.0060081,100.0,1666.63671875,0.0,0.0
1774368965.1395361,82.1,1666.63671875,0.0,0.0
1774368965.2707896,100.0,1666.63671875,0.0,0.0
1774368965.4009483,100.0,1666.8828125,0.0,0.0
1774368965.5205564,90.0,1666.8828125,0.0,0.0
1774368965.6521611,97.5,1666.8828125,0.0,0.0
1774368965.7815926,100.0,1666.8828125,0.0,0.0
1774368965.9127893,100.0,1666.8828125,0.0,0.0
1774368966.0475285,75.0,1666.8828125,0.0,0.0
1774368966.1641567,48.8,1666.8828125,0.0,0.0
1774368966.2815974,24.4,1667.015625,3.609375,6.07421875
1774368966.3985302,15.0,1667.171875,8.7734375,0.0
1774368966.5155318,17.1,1666.9453125,9.69921875,0.0
1774368966.6326833,17.5,1667.22265625,8.7734375,0.0
1774368966.749909,15.0,1666.99609375,9.57421875,0.0
1774368966.8667426,15.4,1667.02734375,8.7734375,0.0
1774368966.9840171,17.5,1666.92578125,9.69921875,0.0
1774368967.100949,15.4,1666.90625,8.6484375,0.0
1774368967.217972,10.8,1666.6875,9.69921875,0.0
1774368967.3344603,15.4,1666.8515625,8.7734375,0.0
1774368967.4517202,16.7,1666.30078125,9.57421875,0.0
1774368967.5683353,12.5,1666.34765625,8.7734375,0.0
1774368967.68527,12.8,1666.58984375,9.57421875,0.0
1774368967.8019881,17.5,1666.85546875,8.8984375,0.0
1774368967.9189816,10.5,1666.88671875,9.69921875,0.0
1774368968.0356266,17.5,1666.78515625,8.7734375,0.0
1774368968.1528623,10.5,1666.4453125,9.57421875,0.0
1774368968.2696104,15.0,1666.13671875,8.5234375,0.0
1774368968.3867044,14.6,1666.1484375,9.44921875,0.0
1774368968.5048094,15.4,1666.546875,8.8984375,0.0
1774368968.6221514,12.8,1666.4921875,9.69921875,0.0
1774368968.738983,17.1,1666.515625,8.7734375,0.0
1774368968.8558557,20.9,1666.63671875,9.69921875,0.0
1774368968.9731114,13.2,1666.7109375,8.7734375,0.0
1774368969.0901382,14.6,1666.5859375,9.69921875,0.0
1774368969.2070498,23.8,1666.61328125,8.8984375,0.0
1774368969.3243787,17.5,1666.63671875,9.6640625,0.0
1774368969.4413831,17.1,1666.61328125,8.80859375,0.0
1774368969.5583668,22.0,1666.44140625,9.4140625,0.0
1774368969.6757302,21.4,1666.38671875,9.05859375,0.0
1774368969.792988,12.5,1666.13671875,9.1796875,0.0
1774368969.9100034,14.6,1666.44921875,9.41796875,0.0
1774368970.0272944,15.0,1666.5703125,8.8359375,0.0
1774368970.1457927,15.4,1666.18359375,6.02734375,0.0
1774368970.2639241,29.3,1666.18359375,0.0,0.0
1774368970.381858,28.2,1666.18359375,0.0,0.0
1774368970.4990828,12.8,1666.1484375,9.05859375,0.0
1774368970.6161184,14.6,1666.23046875,9.1640625,0.0
1774368970.7334666,29.3,1703.11328125,0.0,0.0
1774368970.8510408,25.6,1757.11328125,0.0,0.0
1774368970.9687467,26.8,1811.359375,0.0,0.0
1774368971.088334,27.5,1844.49609375,0.0,0.0
1774368971.207426,28.2,1883.20703125,0.0,0.0
1774368971.3271222,28.2,1923.42578125,0.0,0.0
1774368971.4463098,27.5,1961.03515625,0.0,0.0
1774368971.564987,27.5,1684.27734375,0.0,0.0
1774368971.6828616,27.5,1684.265625,0.0,0.0
1774368971.8016305,26.8,1684.265625,0.0,0.0
1774368971.920287,30.0,1684.51171875,0.0,0.0
1774368972.038075,27.5,1684.51171875,0.0,0.0
1774368972.1558487,25.0,1684.37890625,0.0,0.0
1774368972.273362,25.0,1684.625,0.0,0.0
1774368972.391073,29.3,1684.625,0.0,0.0
1774368972.5090063,29.3,1684.625,0.0,0.0
1774368972.6265168,26.8,1684.625,0.0,0.0
1774368972.7440588,29.3,1684.625,0.0,0.0
1774368972.860589,27.5,1381.65625,0.0,0.0
1774368972.9768739,25.6,1381.65625,0.0,0.0
1774368973.105289,75.0,1381.640625,0.0,0.0
1774368973.231176,100.0,1381.88671875,0.0,0.0
1774368973.3686912,100.0,1381.88671875,0.0,0.0
1774368973.4866483,100.0,1381.88671875,0.0,0.0
1774368973.6169922,100.0,1381.88671875,0.0,0.0
1774368973.7466264,100.0,1381.88671875,0.0,0.0
1774368973.864203,100.0,1381.88671875,0.0,0.0
1774368973.999061,100.0,1381.88671875,0.0,0.0
1774368974.1282477,100.0,1381.890625,0.0,0.0
1774368974.2501385,100.0,1381.890625,0.0,0.0
1774368974.379392,100.0,1381.890625,0.0,0.0
1774368974.5090537,100.0,1381.890625,0.0,0.0
1774368974.6384075,100.0,1381.890625,0.0,0.0
1774368974.755782,100.0,1381.890625,0.0,0.0
1774368974.885924,100.0,1381.890625,0.0,0.0
1774368975.0160074,100.0,1381.890625,0.0,0.0
1774368975.1330216,85.4,1398.390625,0.0,0.0
1774368975.250239,26.8,1422.390625,0.0,0.0
1774368975.366978,25.0,1446.390625,0.0,0.0
1774368975.4839826,27.5,1470.390625,0.0,0.0
1774368975.6007242,27.5,1494.63671875,0.0,0.0
1774368975.7174466,25.6,1518.63671875,0.0,0.0
1774368975.8341053,28.2,1542.63671875,0.0,0.0
1774368975.9510968,27.5,1566.63671875,0.0,0.0
1774368976.0678215,23.1,1590.63671875,0.0,0.0
1774368976.1844978,27.5,1614.8828125,0.0,0.0
1774368976.3013241,29.3,1638.8828125,0.0,0.0
1774368976.4184322,25.0,1662.8828125,0.0,0.0
1774368976.5351694,26.8,1686.8828125,0.0,0.0
1774368976.652295,27.5,1708.8828125,0.0,0.0
1774368976.7692366,25.6,1733.12890625,0.0,0.0
1774368976.8859696,23.1,1757.12890625,0.0,0.0
1774368977.0024772,25.6,1781.12890625,0.0,0.0
1774368977.1193638,27.5,1805.12890625,0.0,0.0
1774368977.2360015,25.6,1829.12890625,0.0,0.0
1774368977.353288,30.0,1844.1171875,0.0,0.0
1774368977.471692,31.0,1863.63671875,0.0,0.0
1774368977.5898578,25.0,1884.2734375,0.0,0.0
1774368977.7079055,29.3,1904.421875,0.0,0.0
1774368977.826137,25.6,1924.7890625,0.0,0.0
1774368977.944483,25.0,1944.80078125,0.0,0.0
1774368978.0624309,26.8,1965.63671875,0.0,0.0
1774368978.2029932,35.7,1984.0,0.0,0.0
1774368978.3516734,100.0,1984.47265625,0.0,0.0
1774368978.4697316,87.5,1379.265625,0.0,0.0
1774368978.588668,27.5,1474.41796875,0.0,0.0
1774368978.7080364,27.5,1580.6640625,0.0,0.0
1774368978.8272617,25.0,1690.91015625,0.0,0.0
1774368978.946223,25.0,1797.15625,0.0,0.0
1774368979.068032,29.3,1871.55078125,0.0,0.0
1774368979.1898742,30.0,1932.7109375,0.0,0.0
1774368979.4090385,39.0,1983.71484375,0.0,0.0
1774368979.5995522,100.0,1984.9296875,0.0,0.0
1774368979.7882295,100.0,1985.421875,0.0,0.0
1774368979.9679298,100.0,1985.66796875,0.0,0.0
1774368980.0844326,74.4,1478.6484375,0.0,0.0
1774368980.2034736,32.5,1382.203125,0.0,0.0
1774368980.3219643,27.5,1381.7109375,0.0,0.0
1774368980.440634,29.3,1381.7109375,0.0,0.0
1774368980.5588355,29.3,1381.95703125,0.0,0.0
1774368980.6841094,28.6,1381.7109375,0.0,0.0
1774368980.8151515,94.9,1381.7109375,0.0,0.0
1774368980.9458518,100.0,1381.7109375,0.0,0.0
1774368981.083034,73.2,1381.6015625,0.0,0.0
1774368981.2143905,100.0,1381.6015625,0.0,0.0
1774368981.3481257,100.0,1381.6015625,0.0,0.0
1774368981.4813383,74.4,1381.6015625,0.0,0.0
1774368981.6128619,97.6,1381.6015625,0.0,0.0
1774368981.7463174,100.0,1381.6015625,0.0,0.0
1774368981.8789666,76.2,1381.6015625,0.0,0.0
1774368982.0091882,97.6,1381.6015625,0.0,0.0
1774368982.139399,100.0,1381.6015625,0.0,0.0
1774368982.269955,77.5,1381.6015625,0.0,0.0
1774368982.3983874,95.1,1381.6015625,0.0,0.0
1774368982.5294347,100.0,1381.6015625,0.0,0.0
1774368982.6571946,80.5,1381.6015625,0.0,0.0
1774368982.7829227,92.5,1381.6015625,0.0,0.0
1774368982.913047,100.0,1381.6015625,0.0,0.0
1774368983.033618,100.0,1381.6015625,0.0,0.0
1774368983.170242,77.5,1381.6015625,0.0,0.0
1774368983.2903976,100.0,1381.6015625,0.0,0.0
1774368983.4199755,100.0,1381.84765625,0.0,0.0
1774368983.5593088,73.2,1381.84765625,0.0,0.0
1774368983.6900816,100.0,1381.84765625,0.0,0.0
1774368983.8144305,100.0,1381.84765625,0.0,0.0
1774368983.947823,78.0,1381.84765625,0.0,0.0
1774368984.0770943,97.6,1381.84765625,0.0,0.0
1774368984.2071698,100.0,1381.84375,0.0,0.0
1774368984.3416932,75.6,1382.94140625,0.0,0.0
1774368984.4588363,87.8,1382.94140625,0.0,0.0
1774368984.5760937,29.3,1382.94140625,0.0,2.484375
1774368984.6933017,20.0,1382.0234375,7.984375,3.58984375
1774368984.810398,12.8,1381.92578125,9.44921875,0.0
1774368984.9273813,19.5,1380.453125,9.32421875,0.0
1774368985.0448632,15.0,1380.33203125,9.44921875,0.0
1774368985.162961,14.6,1380.31640625,9.57421875,0.0
1774368985.2811294,13.2,1380.19140625,9.57421875,0.0
1774368985.399678,17.5,1380.35546875,9.57421875,0.0
1774368985.5169895,10.5,1380.42578125,9.44921875,0.0
1774368985.6335866,15.0,1380.796875,9.32421875,0.0
1774368985.750455,17.1,1381.12109375,9.32421875,0.0
1774368985.8677769,16.7,1380.66015625,10.21484375,0.0
1774368985.984851,15.0,1380.515625,9.609375,0.0
1774368986.101793,17.5,1380.5234375,9.44921875,0.0
1774368986.2191393,17.5,1380.41796875,9.44921875,0.0
1774368986.3384988,16.7,1380.28515625,9.69921875,0.0
1774368986.4558146,19.0,1380.28515625,9.32421875,0.0
1774368986.5729864,17.1,1380.171875,8.82421875,0.0
1774368986.6907294,15.4,1380.30859375,9.44921875,0.0
1774368986.8076653,14.6,1380.6015625,9.07421875,0.0
1774368986.9245756,13.2,1380.73046875,9.32421875,0.0
1774368987.0415688,15.0,1380.71484375,9.32421875,0.0
1774368987.158647,10.3,1380.625,9.73046875,0.0
1774368987.2759347,15.0,1380.6328125,10.21875,0.0
1774368987.3933678,15.0,1381.125,9.57421875,0.0
1774368987.5106902,15.0,1381.00390625,9.44921875,0.0
1774368987.629196,17.5,1381.4609375,9.57421875,0.0
1774368987.746793,17.5,1381.87109375,9.44921875,0.0
1774368987.8647413,19.0,1382.2421875,9.44921875,0.0
1774368987.9820864,14.6,1382.2421875,9.57421875,0.0
1774368988.0991404,17.1,1382.49609375,9.32421875,0.0
1774368988.216618,17.5,1382.375,9.44921875,0.0
1774368988.3339562,17.5,1382.375,9.44921875,0.0
1774368988.450891,15.4,1382.50390625,9.44921875,0.0
1774368988.5680327,16.7,1382.23828125,9.32421875,0.0
1774368988.68527,12.8,1382.3203125,9.60546875,0.0
1774368988.8024468,19.5,1382.328125,10.30859375,0.0
1774368988.9200423,15.0,1382.453125,9.484375,0.0
1774368989.0377443,15.0,1382.328125,9.44921875,0.0
1774368989.1550753,15.0,1388.46875,9.44921875,0.0
1774368989.2727919,21.4,1398.67578125,9.44921875,0.0
1774368989.3901174,17.1,1409.01953125,9.07421875,0.0
1774368989.5076368,15.0,1416.89453125,9.44921875,0.0
1774368989.6256566,17.5,1427.09375,9.44921875,0.0
1774368989.743415,17.5,1437.19140625,9.32421875,0.0
1774368989.8610165,15.0,1447.296875,9.69921875,0.0
1774368989.977809,15.4,1455.2421875,9.32421875,0.0
1774368990.0952678,15.0,1465.09375,9.32421875,0.0
1774368990.2127945,12.5,1474.78515625,10.08984375,0.0
1774368990.3298023,17.5,1484.875,9.609375,0.0
1774368990.4476917,17.1,1492.97265625,9.44921875,0.0
1774368990.5654602,17.5,1503.06640625,9.44921875,0.0
1774368990.6829176,19.0,1513.18359375,9.44921875,0.0
1774368990.799955,17.5,1523.02734375,9.44921875,0.0
1774368990.91749,15.4,1531.00390625,9.44921875,0.0
1774368991.0353346,17.9,1565.78125,5.08984375,0.0
1774368991.1548202,32.5,1594.01171875,0.0,0.0
1774368991.2763348,31.0,1610.96484375,0.0,0.0
1774368991.3961549,27.5,1645.453125,0.0,0.0
1774368991.5170033,25.6,1674.08984375,0.0,0.0
1774368991.6381254,26.3,1704.31640625,0.0,0.0
1774368991.7585537,29.3,1750.51171875,0.0,0.0
1774368991.8797715,35.9,1801.7578125,0.0,0.0
1774368992.0008545,39.0,1856.05078125,0.0,0.0
1774368992.121587,25.6,1908.03515625,0.0,0.0
1774368992.2424226,27.5,1954.31640625,0.0,0.0
1774368992.3629098,32.5,2002.36328125,0.0,0.0
1774368992.481537,27.5,2047.96875,1.859375,0.0
1774368992.599286,22.0,2059.625,9.07421875,0.0
1774368992.7173526,20.5,2067.3046875,9.71484375,0.0
1774368992.8367553,20.5,2076.9453125,10.109375,0.0
1774368992.9571745,27.5,2118.5859375,0.21484375,0.0
1774368993.0770693,32.5,2155.734375,0.0,0.0
1774368993.1998482,47.5,2193.328125,0.0,0.0
1774368993.326722,27.5,2230.4921875,0.0,0.0
1774368993.4463048,29.3,2269.28515625,0.0,0.0
1774368993.5661788,31.7,2308.5,0.0,0.0
1774368993.6862423,28.2,2345.9296875,0.0,0.0
1774368993.8058133,29.3,2383.25,0.0,0.0
1774368993.9250453,29.3,2419.03125,0.0,0.0
1774368994.0452275,32.5,2456.1328125,0.0,0.0
1774368994.1647682,29.3,2497.24609375,0.0,0.0
1774368994.2842312,31.7,2535.90234375,0.0,0.0
1774368994.404752,28.2,2571.9140625,0.0,0.0
1774368994.5246437,26.3,2611.26171875,0.0,0.0
1774368994.6445477,32.5,2652.6171875,0.0,0.0
1774368994.7623281,27.5,2269.125,0.0,0.0
1774368994.8805807,25.0,1840.5078125,0.0,0.0
1774368994.998204,25.6,1840.5078125,0.0,0.0
1774368995.1157882,26.3,1840.25,0.0,0.0
1774368995.2343583,27.5,1840.49609375,0.0,0.0
1774368995.3530989,28.6,1840.49609375,0.0,0.0
1774368995.4718575,27.5,1840.49609375,0.0,0.0
1774368995.5900998,27.5,1856.98828125,0.0,0.0
1774368995.7080336,25.0,1896.98828125,0.0,0.0
1774368995.8257627,25.6,1934.98828125,0.0,0.0
1774368995.9437726,28.2,1972.98828125,0.0,0.0
1774368996.0625017,25.0,2010.98828125,0.0,0.0
1774368996.180396,26.8,2050.98828125,0.0,0.0
1774368996.2989035,25.6,2082.0390625,0.0,0.0
1774368996.418319,31.0,2111.05859375,0.0,0.0
1774368996.5377817,26.8,2139.171875,0.0,0.0
1774368996.657387,28.2,2167.44921875,0.0,0.0
1774368996.7770872,25.6,2196.30859375,0.0,0.0
1774368996.8967533,25.0,2224.640625,0.0,0.0
1774368997.0166125,27.5,2253.41796875,0.0,0.0
1774368997.1367059,29.3,2282.16796875,0.0,0.0
1774368997.2566745,25.0,2311.46484375,0.0,0.0
1774368997.3763835,29.3,2339.46875,0.0,0.0
1774368997.4933276,28.2,2353.44921875,0.0,0.0
1774368997.609933,27.5,2353.94140625,0.0,0.0
1774368997.7262692,26.8,2353.94140625,0.0,0.0
1774368997.857426,85.7,2354.43359375,0.0,0.0
1774368997.9865232,100.0,2354.43359375,0.0,0.0
1774368998.1165898,95.1,2354.4140625,0.0,0.0
1774368998.2453718,100.0,2354.66015625,0.0,0.0
1774368998.374353,100.0,2354.90625,0.0,0.0
1774368998.4953322,100.0,2354.90625,0.0,0.0
1774368998.6245093,100.0,2354.90625,0.0,0.0
1774368998.7408364,92.3,2354.90625,0.0,0.0
1774368998.8694541,100.0,2354.90625,0.0,0.0
1774368998.999192,100.0,2354.90625,0.0,0.0
1774368999.1302917,100.0,2354.90625,0.0,0.0
1774368999.2536838,100.0,2354.9296875,0.0,0.0
1774368999.383558,100.0,2354.9296875,0.0,0.0
1774368999.5123599,100.0,2354.9296875,0.0,0.0
1774368999.6416483,100.0,2354.9296875,0.0,0.0
1774368999.7712872,100.0,2354.9296875,0.0,0.0
1774368999.9000425,100.0,2354.9296875,0.0,0.0
1774369000.030855,95.1,2354.9296875,0.0,0.0
1774369000.1610816,100.0,2354.9296875,0.0,0.0
1774369000.29005,100.0,2354.9296875,0.0,0.0
1774369000.410936,100.0,2354.9296875,0.0,0.0
1774369000.5397494,100.0,2354.9296875,0.0,0.0
1774369000.6689897,100.0,2354.9296875,0.0,0.0
1774369000.7995608,100.0,2354.9296875,0.0,0.0
1774369000.9307435,100.0,2354.9296875,0.0,0.0
1774369001.0485938,100.0,2354.9296875,0.0,0.0
1774369001.1774886,100.0,2354.9296875,0.0,0.0
1774369001.2961085,84.6,2368.77734375,0.0,0.0
1774369001.4146423,27.5,2391.58984375,0.0,0.0
1774369001.5333517,29.3,2414.53515625,0.0,0.0
1774369001.6519902,27.5,2437.25,0.0,0.0
1774369001.7705026,27.5,2460.5234375,0.0,0.0
1774369001.8892026,29.3,2482.890625,0.0,0.0
1774369002.008065,27.5,2506.3203125,0.0,0.0
1774369002.126371,25.0,2528.2109375,0.0,0.0
1774369002.2445743,29.3,2550.97265625,0.0,0.0
1774369002.3631132,25.6,2573.734375,0.0,0.0
1774369002.4814436,29.3,2596.58203125,0.0,0.0
1774369002.5997646,26.3,2619.35546875,0.0,0.0
1774369002.718292,29.3,2642.45703125,0.0,0.0
1774369002.8369706,23.1,2665.3125,0.0,0.0
1774369002.9552627,25.6,2688.06640625,0.0,0.0
1774369003.0744507,28.2,2711.125,0.0,0.0
1774369003.193361,29.3,2734.62109375,0.0,0.0
1774369003.3121166,28.2,2752.11328125,0.0,0.0
1774369003.4308674,50.0,2764.9375,0.0,0.0
1774369003.548827,53.7,2784.328125,0.0,0.0
1774369003.6679358,27.5,2795.0390625,0.0,0.0
1774369003.786402,30.0,2809.41015625,0.0,0.0
1774369003.906642,28.2,2825.0390625,0.0,0.0
1774369004.02769,31.0,2840.13671875,0.0,0.0
1774369004.1466954,28.2,2863.66015625,0.0,0.0
1774369004.2657514,30.0,2886.62109375,0.0,0.0
1774369004.3848264,27.5,2903.66796875,0.0,0.0
1774369004.5040576,29.3,2917.0625,0.0,0.0
1774369004.6224365,28.2,2933.23828125,0.0,0.0
1774369004.7411532,31.7,2947.57421875,0.0,0.0
1774369004.8597698,27.5,2962.51171875,0.0,0.0
1774369004.9784956,30.0,2983.9296875,0.0,0.0
1774369005.0973957,28.2,3005.9453125,0.0,0.0
1774369005.216183,29.3,3027.75,0.0,0.0
1774369005.3348107,29.3,3049.7421875,0.0,0.0
1774369005.4525378,30.0,3069.671875,0.0,0.0
1774369005.5695448,25.6,3073.57421875,0.0,0.0
1774369005.6879823,25.0,3076.1796875,0.0,0.0
1774369005.8062396,27.5,3098.875,0.0,0.0
1774369005.92507,25.6,3118.43359375,0.0,0.0
1774369006.0437002,25.6,3138.94140625,0.0,0.0
1774369006.1621513,30.0,3159.55859375,0.0,0.0
1774369006.2809565,35.9,3182.015625,0.0,0.0
1774369006.3992245,28.2,3203.59375,0.0,0.0
1774369006.5175257,31.7,3226.29296875,0.0,0.0
1774369006.6363888,32.5,3250.76953125,0.0,0.0
1774369006.7553468,50.0,3272.05078125,0.0,0.0
1774369006.8741279,28.2,3295.53125,0.0,0.0
1774369006.9929187,25.6,3318.01953125,0.0,0.0
1774369007.1132483,27.5,3337.63671875,0.0,0.0
1774369007.23189,25.0,3355.77734375,0.0,0.0
1774369007.350721,27.5,3373.83203125,0.0,0.0
1774369007.486842,58.5,3386.21484375,0.0,0.0
1774369007.6347747,100.0,3386.70703125,0.0,0.0
1774369007.7774029,100.0,3386.70703125,0.0,0.0
1774369007.894544,82.9,3188.46875,0.0,0.0
1774369008.0116062,25.0,2733.484375,0.0,0.0
1774369008.1290743,25.6,2360.46484375,0.0,0.0
1774369008.248287,29.3,2444.67578125,0.0,0.0
1774369008.3700721,25.6,2503.83203125,0.0,0.0
1774369008.4898114,26.8,2562.1171875,0.0,0.0
1774369008.6122963,30.0,2616.65234375,0.0,0.0
1774369008.733722,30.0,2681.73828125,0.0,0.0
1774369008.856581,25.0,2737.66015625,0.0,0.0
1774369008.9793134,30.0,2798.81640625,0.0,0.0
1774369009.1023703,27.5,2854.203125,0.0,0.0
1774369009.2254162,28.6,2913.78125,0.0,0.0
1774369009.346919,27.5,2968.61328125,0.0,0.0
1774369009.46974,31.0,3029.6015625,0.0,0.0
1774369009.5917084,27.5,3090.48046875,0.0,0.0
1774369009.7136507,27.5,3149.72265625,0.0,0.0
1774369009.83428,26.3,3214.046875,0.0,0.0
1774369009.9568076,31.0,3271.54296875,0.0,0.0
1774369010.0796158,26.8,3333.84765625,0.0,0.0
1774369010.2888203,38.6,3386.23828125,0.0,0.0
1774369010.4861944,100.0,3386.6484375,0.0,0.0
1774369010.6879985,100.0,3387.140625,0.0,0.0
1774369010.898476,100.0,3387.140625,0.0,0.0
1774369011.105383,100.0,3387.55859375,0.0,0.0
1774369011.2465153,100.0,3387.98828125,0.0,0.0
1774369011.3966408,97.5,3387.98828125,0.0,0.0
1774369011.5137994,80.5,3203.64453125,0.0,0.0
1774369011.6309235,31.7,2776.40625,0.0,0.0
1774369011.749543,27.5,2360.21484375,0.0,0.0
1774369011.8679307,25.0,2358.5078125,0.0,0.0
1774369011.9855456,30.0,2358.5078125,0.0,0.0
1774369012.1053007,27.5,2358.40234375,0.0,0.0
1774369012.2240286,26.8,2358.40234375,0.0,0.0
1774369012.341289,25.0,2358.40234375,0.0,0.0
1774369012.4594126,27.5,2358.40234375,0.0,0.0
1774369012.5777028,27.5,2358.40234375,0.0,0.0
1774369012.708889,25.0,2358.40234375,0.0,0.0
1774369012.8390026,90.0,2358.40234375,0.0,0.0
1774369012.955859,100.0,2358.40234375,0.0,0.0
1774369013.0845041,78.0,2358.40234375,0.0,0.0
1774369013.2157598,95.1,2358.6484375,0.0,0.0
1774369013.346528,100.0,2358.6484375,0.0,0.0
1774369013.4729986,100.0,2358.6484375,0.0,0.0
1774369013.6072419,87.2,2358.6484375,0.0,0.0
1774369013.7492907,100.0,2358.6484375,0.0,0.0
1774369013.8809307,100.0,2358.6484375,0.0,0.0
1774369014.0247064,85.0,2358.40625,0.0,0.0
1774369014.140916,100.0,2358.40625,0.0,0.0
1774369014.2724528,100.0,2358.40625,0.0,0.0
1774369014.4260883,78.0,2358.40625,0.0,0.0
1774369014.5558188,100.0,2358.40625,0.0,0.0
1774369014.6746967,100.0,2358.40625,0.0,0.0
1774369014.8098383,80.5,2358.40625,0.0,0.0
1774369014.9389067,100.0,2358.40625,0.0,0.0
1774369015.066448,100.0,2358.40625,0.0,0.0
1774369015.1975129,76.2,2358.41015625,0.0,0.0
1774369015.3288147,97.5,2358.65625,0.0,0.0
1774369015.4596736,100.0,2358.65625,0.0,0.0
1774369015.5882256,77.5,2358.65625,0.0,0.0
1774369015.718883,92.3,2358.65625,0.0,0.0
1774369015.836894,100.0,2358.65625,0.0,0.0
1774369015.9557722,95.1,2358.65625,0.0,0.0
1774369016.0912547,90.5,2358.65625,0.0,0.0
1774369016.2207322,100.0,2358.65625,0.0,0.0
1774369016.3522494,100.0,2358.65625,0.0,0.0
1774369016.486794,80.0,2358.65625,0.0,0.0
1774369016.6168354,100.0,2358.65625,0.0,0.0
1774369016.7420657,100.0,2358.65625,0.0,0.0
1774369016.8758104,78.6,2358.65625,0.0,0.0
1774369016.9933145,100.0,2358.65625,0.0,0.0
1774369017.125452,100.0,2358.65625,0.0,0.0
1774369017.2722938,74.4,2358.65625,0.0,0.0
1774369017.4130523,92.5,2358.65625,0.0,0.0
1774369017.5419152,100.0,2358.65625,0.0,0.0
1774369017.6717448,82.5,2358.65625,0.0,0.0
1774369017.8059137,97.5,2358.65625,0.0,0.0
1774369017.9364495,100.0,2358.65625,0.0,0.0
1774369018.055567,90.2,2358.65625,0.0,0.0
1774369018.1881676,95.1,2358.65625,0.0,0.0
1774369018.3177114,100.0,2358.65625,0.0,0.0
1774369018.4491158,100.0,2358.65625,0.0,0.0
1774369018.5976117,80.5,2358.65625,0.0,0.0
1774369018.7279792,100.0,2358.65625,0.0,0.0
1774369018.8596418,100.0,2358.65625,0.0,0.0
1774369018.994472,79.5,2358.65625,0.0,0.0
1774369019.1109748,47.5,2358.66015625,0.0,0.0
1774369019.2301161,27.5,2358.90625,0.0,0.0
1774369019.3473296,24.4,2358.97265625,2.859375,10.32421875
1774369019.4644315,15.4,2358.38671875,9.2890625,0.0
1774369019.5818057,15.0,2358.28515625,9.18359375,0.0
1774369019.6989453,14.6,2358.1953125,9.0546875,0.0
1774369019.816082,19.0,2358.45703125,9.41796875,0.0
1774369019.933375,12.8,2358.3125,8.8359375,0.0
1774369020.0510504,14.6,2358.453125,9.76171875,0.0
1774369020.1680355,15.4,2358.25390625,8.7734375,0.0
1774369020.2848845,17.5,2358.2265625,9.57421875,0.0
1774369020.4027104,19.5,2358.61328125,8.6484375,0.0
1774369020.519868,12.5,2358.57421875,9.69921875,0.0
1774369020.6368384,15.4,2358.6328125,8.6484375,0.0
1774369020.7541509,16.7,2358.5703125,9.57421875,0.0
1774369020.8712463,10.5,2358.12890625,8.6484375,0.0
1774369020.988418,17.1,2358.05859375,9.57421875,0.0
1774369021.1055381,12.8,2358.36328125,8.6484375,0.0
1774369021.2230947,12.5,2358.29296875,9.69921875,0.0
1774369021.339911,17.1,2358.3515625,8.7734375,0.0
1774369021.4568622,19.0,2358.28515625,9.57421875,0.0
1774369021.5736034,14.6,2358.3828125,8.3984375,0.0
1774369021.6906025,14.6,2358.1875,9.69921875,0.0
1774369021.8075554,17.5,2358.37109375,8.6484375,0.0
1774369021.924846,17.1,2358.296875,9.69921875,0.0
1774369022.0416548,15.4,2358.359375,8.7734375,0.0
1774369022.158681,17.9,2358.36328125,9.69921875,0.0
1774369022.2756035,17.5,2358.3046875,8.7734375,0.0
1774369022.3931127,12.5,2358.22265625,9.69921875,0.0
1774369022.5098283,12.5,2358.29296875,8.7734375,0.0
1774369022.6271935,15.0,2358.453125,9.69921875,0.0
1774369022.7441332,17.1,2358.28125,8.6484375,0.0
1774369022.8612866,12.5,2358.31640625,9.82421875,0.0
1774369022.9779928,19.5,2358.51953125,8.6484375,0.0
1774369023.095514,10.8,2358.30078125,9.69921875,0.0
1774369023.2139874,15.0,2358.26171875,6.7890625,0.0
1774369023.3325527,29.3,2358.5078125,0.0,0.0
1774369023.450963,30.0,2358.5078125,0.0,0.0
1774369023.5681932,20.0,2358.5546875,6.30859375,0.0
1774369023.6854258,12.8,2358.51953125,9.69921875,0.0
1774369023.8030992,23.1,2381.7265625,2.21484375,0.0
1774369023.9208727,26.8,2433.7265625,0.0,0.0
1774369024.0384126,26.8,2485.7265625,0.0,0.0
1774369024.158338,31.0,2522.453125,0.0,0.0
1774369024.2783585,29.3,2563.0,0.0,0.0
1774369024.398295,28.6,2600.94140625,0.0,0.0
1774369024.5180676,31.0,2638.51171875,0.0,0.0
1774369024.636595,27.5,2622.44921875,0.0,0.0
1774369024.7536192,25.0,2285.4921875,0.0,0.0
1774369024.8712676,25.0,1964.1640625,0.0,0.0
1774369024.9891071,27.5,1964.41015625,0.0,0.0
1774369025.1081781,27.5,1964.2578125,0.0,0.0
1774369025.2257903,28.6,1964.2578125,0.0,0.0
1774369025.343169,28.2,1964.2578125,0.0,0.0
1774369025.461228,28.2,1964.2578125,0.0,0.0
1774369025.5788462,25.0,1964.2578125,0.0,0.0
1774369025.6963627,30.0,1964.2578125,0.0,0.0
1774369025.8141224,25.6,1964.2578125,0.0,0.0
1774369025.9316747,26.8,1964.2578125,0.0,0.0
1774369026.0493724,27.5,1964.2578125,0.0,0.0
1774369026.1663194,27.5,1565.1328125,0.0,0.0
1774369026.2829924,26.8,1448.1953125,0.0,0.0
1774369026.3995886,29.3,1448.1953125,0.0,0.0
1774369026.5335536,92.5,1448.44140625,0.0,0.0
1774369026.6648743,100.0,1448.44140625,0.0,0.0
1774369026.7943046,100.0,1448.44140625,0.0,0.0
1774369026.9251935,100.0,1448.44140625,0.0,0.0
1774369027.052144,100.0,1448.44140625,0.0,0.0
1774369027.1827507,100.0,1448.3828125,0.0,0.0
1774369027.3133378,100.0,1448.3828125,0.0,0.0
1774369027.4409244,100.0,1448.3828125,0.0,0.0
1774369027.5714288,100.0,1448.3828125,0.0,0.0
1774369027.6983142,100.0,1448.3828125,0.0,0.0
1774369027.8292513,100.0,1448.3828125,0.0,0.0
1774369027.9469378,100.0,1448.3828125,0.0,0.0
1774369028.0632133,97.6,1448.3828125,0.0,0.0
1774369028.1793075,95.0,1448.3828125,0.0,0.0
1774369028.3164585,95.0,1448.3828125,0.0,0.0
1774369028.443491,100.0,1448.3828125,0.0,0.0
1774369028.5641215,90.0,1464.3828125,0.0,0.0
1774369028.6833413,25.0,1486.3828125,0.0,0.0
1774369028.800145,25.0,1512.3828125,0.0,0.0
1774369028.9173317,27.5,1536.3828125,0.0,0.0
1774369029.0342908,25.0,1560.3828125,0.0,0.0
1774369029.1510766,25.6,1584.62890625,0.0,0.0
1774369029.2677596,27.5,1608.62890625,0.0,0.0
1774369029.3847024,27.5,1632.62890625,0.0,0.0
1774369029.5015166,25.6,1656.63671875,0.0,0.0
1774369029.6183918,27.5,1680.8828125,0.0,0.0
1774369029.7355793,27.5,1704.8828125,0.0,0.0
1774369029.8524973,23.7,1727.12890625,0.0,0.0
1774369029.9693701,27.5,1751.12890625,0.0,0.0
1774369030.0882583,30.0,1767.921875,0.0,0.0
1774369030.2060997,25.0,1784.703125,0.0,0.0
1774369030.323555,25.0,1804.68359375,0.0,0.0
1774369030.4407375,27.5,1826.01953125,0.0,0.0
1774369030.558364,29.3,1846.98046875,0.0,0.0
1774369030.6757112,25.6,1867.3515625,0.0,0.0
1774369030.7931175,27.5,1888.578125,0.0,0.0
1774369030.910917,27.5,1908.74609375,0.0,0.0
1774369031.0283327,27.5,1928.94140625,0.0,0.0
1774369031.1459534,28.2,1949.94921875,0.0,0.0
1774369031.2634842,27.5,1971.45703125,0.0,0.0
1774369031.3813076,25.0,1992.0,0.0,0.0
1774369031.4986854,25.0,2013.26953125,0.0,0.0
1774369031.61699,29.3,2033.578125,0.0,0.0
1774369031.7542644,36.6,2050.5546875,0.0,0.0
1774369031.8902328,100.0,2050.5546875,0.0,0.0
1774369032.0080626,97.6,1630.08984375,0.0,0.0
1774369032.1272492,28.2,1476.14453125,0.0,0.0
1774369032.2461576,25.0,1580.14453125,0.0,0.0
1774369032.3651257,27.5,1682.63671875,0.0,0.0
1774369032.4859264,27.5,1780.40625,0.0,0.0
1774369032.6085172,28.6,1839.1328125,0.0,0.0
1774369032.7293682,27.5,1903.3515625,0.0,0.0
1774369032.8508887,28.2,1968.921875,0.0,0.0
1774369032.972574,26.8,2034.75,0.0,0.0
1774369033.168247,90.0,2050.734375,0.0,0.0
1774369033.4021637,100.0,2051.0859375,0.0,0.0
1774369033.6386926,100.0,2051.33203125,0.0,0.0
1774369033.7798376,97.4,1716.3671875,0.0,0.0
1774369033.89748,37.5,1444.67578125,0.0,0.0
1774369034.01558,25.6,1444.921875,0.0,0.0
1774369034.133408,26.8,1444.92578125,0.0,0.0
1774369034.251085,27.5,1444.92578125,0.0,0.0
1774369034.3694232,29.3,1444.92578125,0.0,0.0
1774369034.4992962,42.5,1444.92578125,0.0,0.0
1774369034.629287,100.0,1444.92578125,0.0,0.0
1774369034.754996,100.0,1444.92578125,0.0,0.0
1774369034.8894653,75.0,1444.92578125,0.0,0.0
1774369035.0201147,100.0,1445.171875,0.0,0.0
1774369035.1516473,100.0,1445.171875,0.0,0.0
1774369035.2844112,78.0,1445.171875,0.0,0.0
1774369035.4136682,100.0,1445.171875,0.0,0.0
1774369035.546594,100.0,1445.171875,0.0,0.0
1774369035.680241,81.0,1445.171875,0.0,0.0
1774369035.797331,100.0,1445.171875,0.0,0.0
1774369035.927146,100.0,1445.171875,0.0,0.0
1774369036.0776706,80.5,1445.1875,0.0,0.0
1774369036.2091389,92.3,1445.19140625,0.0,0.0
1774369036.3388946,100.0,1445.19140625,0.0,0.0
1774369036.4709182,85.7,1445.19140625,0.0,0.0
1774369036.602416,95.2,1445.19140625,0.0,0.0
1774369036.7188315,100.0,1445.19140625,0.0,0.0
1774369036.8405452,100.0,1445.19140625,0.0,0.0
1774369036.9743416,77.5,1445.19140625,0.0,0.0
1774369037.104507,100.0,1445.19140625,0.0,0.0
1774369037.2359776,100.0,1445.19140625,0.0,0.0
1774369037.3553405,79.5,1445.19140625,0.0,0.0
1774369037.497889,100.0,1445.19140625,0.0,0.0
1774369037.626857,100.0,1445.19140625,0.0,0.0
1774369037.765163,71.4,1445.19140625,0.0,0.0
1774369037.8973033,100.0,1445.19140625,0.0,0.0
1774369038.040305,100.0,1445.19140625,0.0,0.0
1774369038.179185,75.0,1445.19921875,0.0,0.0
1774369038.3083951,51.3,1445.19921875,0.0,0.0
1774369038.4255197,23.7,1445.31640625,2.609375,6.07421875
1774369038.5427759,13.2,1445.34765625,9.5390625,0.0
1774369038.6600423,19.5,1445.3671875,8.93359375,0.0
1774369038.7772198,17.5,1445.27734375,9.2890625,0.0
1774369038.8946714,19.5,1445.27734375,9.18359375,0.0
1774369039.0124109,17.1,1445.17578125,9.0546875,0.0
1774369039.1296694,15.0,1445.30078125,9.54296875,0.0
1774369039.2470279,12.8,1445.2109375,8.7109375,0.0
1774369039.364374,15.0,1445.35546875,9.76171875,0.0
1774369039.4814858,12.8,1445.2890625,8.7734375,0.0
1774369039.5987365,12.8,1445.41015625,9.69921875,0.0
1774369039.7160053,15.0,1444.90625,8.7734375,0.0
1774369039.8333218,12.5,1444.953125,9.82421875,0.0
1774369039.9501357,17.1,1445.140625,8.7734375,0.0
1774369040.0676594,12.8,1444.9375,9.69921875,0.0
1774369040.184375,12.8,1444.609375,8.7734375,0.0
1774369040.3015144,17.1,1444.89453125,9.69921875,0.0
1774369040.418468,13.2,1445.21484375,8.8984375,0.0
1774369040.5361524,14.6,1445.24609375,9.69921875,0.0
1774369040.6532445,18.6,1445.2109375,8.8984375,0.0
1774369040.7707007,17.1,1445.10546875,9.69921875,0.0
1774369040.888371,15.4,1445.203125,8.7734375,0.0
1774369041.0055559,15.0,1445.2109375,9.82421875,0.0
1774369041.1227577,15.4,1445.078125,8.7734375,0.0
1774369041.2401602,19.0,1444.953125,9.5390625,0.0
1774369041.3572686,17.1,1444.94921875,9.05859375,0.0
1774369041.474236,15.4,1445.05859375,9.1640625,0.0
1774369041.591572,13.2,1445.03515625,9.18359375,0.0
1774369041.7088914,10.5,1444.9453125,9.0546875,0.0
1774369041.825997,15.0,1445.0859375,9.41796875,0.0
1774369041.943565,19.0,1445.1171875,8.8359375,0.0
1774369042.0609941,12.8,1444.890625,9.63671875,0.0
1774369042.1780891,14.6,1444.921875,8.6484375,0.0
1774369042.29703,21.4,1469.65234375,5.96484375,0.0
1774369042.416075,27.5,1568.125,0.0,0.0
1774369042.5352542,25.0,1664.125,0.0,0.0
1774369042.6523387,29.3,1748.62109375,1.734375,0.0
1774369042.770043,17.1,1748.90234375,9.69921875,0.0
1774369042.8887982,15.0,1748.91015625,6.7890625,0.0
1774369043.0082402,25.6,1792.48046875,0.0,0.0
1774369043.1269546,29.3,1834.6328125,0.0,0.0
1774369043.2461517,27.5,1877.3515625,0.0,0.0
1774369043.3649697,26.8,1920.1484375,0.0,0.0
1774369043.4829738,29.3,1962.6484375,0.0,0.0
1774369043.6019657,29.3,2005.171875,0.0,0.0
1774369043.7206006,25.0,2047.66015625,0.0,0.0
1774369043.8385105,27.5,1339.203125,0.0,0.0
1774369043.9565659,30.0,1338.71875,0.0,0.0
1774369044.0762074,25.0,1338.6328125,0.0,0.0
1774369044.195312,25.0,1338.87890625,0.0,0.0
1774369044.3131814,30.0,1338.87890625,0.0,0.0
1774369044.4312932,27.5,1338.87890625,0.0,0.0
1774369044.549084,28.6,1338.87890625,0.0,0.0
1774369044.6667252,27.5,1338.87890625,0.0,0.0
1774369044.784638,27.5,1338.87890625,0.0,0.0
1774369044.90224,28.6,1338.87890625,0.0,0.0
1774369045.0199454,29.3,1338.87890625,0.0,0.0
1774369045.136707,27.5,1338.87109375,0.0,0.0
1774369045.2536197,25.0,1338.87109375,0.0,0.0
1774369045.3755324,64.1,1338.87109375,0.0,0.0
1774369045.5111237,100.0,1339.36328125,0.0,0.0
1774369045.6415763,100.0,1339.36328125,0.0,0.0
1774369045.771558,100.0,1339.36328125,0.0,0.0
1774369045.9039066,100.0,1339.36328125,0.0,0.0
1774369046.0341034,100.0,1339.36328125,0.0,0.0
1774369046.164087,100.0,1339.36328125,0.0,0.0
1774369046.2955284,100.0,1339.36328125,0.0,0.0
1774369046.4259088,100.0,1339.36328125,0.0,0.0
1774369046.556145,100.0,1339.36328125,0.0,0.0
1774369046.6865366,100.0,1339.36328125,0.0,0.0
1774369046.8174741,100.0,1339.36328125,0.0,0.0
1774369046.9493701,100.0,1339.36328125,0.0,0.0
1774369047.0797615,100.0,1339.36328125,0.0,0.0
1774369047.2102265,100.0,1339.36328125,0.0,0.0
1774369047.3287842,100.0,1343.36328125,0.0,0.0
1774369047.4458745,45.0,1367.36328125,0.0,0.0
1774369047.5632744,27.5,1391.609375,0.0,0.0
1774369047.6827505,27.5,1415.609375,0.0,0.0
1774369047.7998664,28.6,1439.85546875,0.0,0.0
1774369047.9181347,27.5,1463.85546875,0.0,0.0
1774369048.0353167,27.5,1487.85546875,0.0,0.0
1774369048.1523998,25.0,1511.859375,0.0,0.0
1774369048.2694113,27.5,1535.859375,0.0,0.0
1774369048.3864965,27.5,1560.10546875,0.0,0.0
1774369048.505556,30.2,1584.10546875,0.0,0.0
1774369048.622578,29.3,1608.10546875,0.0,0.0
1774369048.7397048,27.5,1632.10546875,0.0,0.0
1774369048.8570535,26.8,1656.10546875,0.0,0.0
1774369048.9740314,26.8,1680.3515625,0.0,0.0
1774369049.0911834,29.3,1704.3515625,0.0,0.0
1774369049.2083125,27.5,1728.3515625,0.0,0.0
1774369049.325431,25.6,1752.3515625,0.0,0.0
1774369049.4425182,25.6,1776.3515625,0.0,0.0
1774369049.5597901,31.0,1800.3515625,0.0,0.0
1774369049.6768074,26.8,1824.59765625,0.0,0.0
1774369049.7943115,29.3,1842.88671875,0.0,0.0
1774369049.9130366,27.5,1864.04296875,0.0,0.0
1774369050.030954,25.0,1882.55859375,0.0,0.0
1774369050.1485658,25.6,1903.38671875,0.0,0.0
1774369050.266489,28.2,1925.20703125,0.0,0.0
1774369050.4024901,42.9,1941.91796875,0.0,0.0
1774369050.5551991,100.0,1942.41015625,0.0,0.0
1774369050.674521,82.1,1341.81640625,0.0,0.0
1774369050.7940216,30.0,1444.5546875,0.0,0.0
1774369050.9134715,26.8,1548.5546875,0.0,0.0
1774369051.032736,29.3,1651.046875,0.0,0.0
1774369051.152975,27.5,1755.29296875,0.0,0.0
1774369051.2751746,25.0,1855.3125,0.0,0.0
1774369051.3973186,25.6,1917.66796875,0.0,0.0
1774369051.611587,76.7,1942.421875,0.0,0.0
1774369051.8455641,100.0,1942.66796875,0.0,0.0
1774369052.045919,100.0,1942.87890625,0.0,0.0
1774369052.1993093,100.0,1943.62890625,0.0,0.0
1774369052.3184218,51.3,1337.01171875,0.0,0.0
1774369052.4376404,27.5,1337.2578125,0.0,0.0
1774369052.556951,27.5,1337.2578125,0.0,0.0
1774369052.6746032,25.6,1337.2578125,0.0,0.0
1774369052.8026419,31.7,1337.2578125,0.0,0.0
1774369052.9322553,97.5,1337.2578125,0.0,0.0
1774369053.0620737,100.0,1337.2578125,0.0,0.0
1774369053.191061,75.6,1337.203125,0.0,0.0
1774369053.3206284,83.3,1337.203125,0.0,0.0
1774369053.4372478,100.0,1337.203125,0.0,0.0
1774369053.5543292,97.5,1337.203125,0.0,0.0
1774369053.6889977,78.0,1337.203125,0.0,0.0
1774369053.817893,100.0,1337.203125,0.0,0.0
1774369053.9470363,100.0,1337.203125,0.0,0.0
1774369054.079954,75.6,1337.203125,0.0,0.0
1774369054.2099724,85.0,1337.203125,0.0,0.0
1774369054.3388767,100.0,1337.203125,0.0,0.0
1774369054.456832,88.1,1337.203125,0.0,0.0
1774369054.591489,92.5,1337.203125,0.0,0.0
1774369054.7128305,100.0,1337.203125,0.0,0.0
1774369054.8400593,100.0,1337.203125,0.0,0.0
1774369054.9705875,76.9,1337.203125,0.0,0.0
1774369055.1012979,100.0,1337.203125,0.0,0.0
1774369055.2307832,100.0,1337.203125,0.0,0.0
1774369055.3474267,82.5,1337.203125,0.0,0.0
1774369055.4798825,87.8,1337.203125,0.0,0.0
1774369055.6106462,100.0,1337.203125,0.0,0.0
1774369055.732121,100.0,1337.203125,0.0,0.0
1774369055.8631132,80.5,1337.203125,0.0,0.0
1774369055.9920883,100.0,1339.2421875,0.0,0.0
1774369056.1175692,100.0,1338.9921875,0.0,0.0
1774369056.2510238,75.6,1337.7578125,0.0,0.0
1774369056.3909123,97.8,1337.76171875,0.0,0.0
1774369056.5095356,100.0,1337.76171875,0.0,0.0
1774369056.6434658,75.0,1337.76171875,0.0,0.0
1774369056.760383,89.5,1337.76171875,0.0,0.0
1774369056.8779,25.6,1337.76171875,0.0,2.8828125
1774369056.9947774,15.0,1337.7109375,7.18359375,3.19140625
1774369057.112009,17.1,1337.171875,9.82421875,0.0
1774369057.2290473,19.0,1337.09765625,8.7734375,0.0
1774369057.3466225,14.6,1337.234375,9.82421875,0.0
1774369057.4637983,17.5,1337.17578125,8.8984375,0.0
1774369057.5813468,19.0,1337.04296875,9.69921875,0.0
1774369057.6988096,17.1,1336.3828125,8.7734375,0.0
1774369057.8160844,15.4,1336.36328125,9.82421875,0.0
1774369057.9332724,17.9,1336.4296875,8.7734375,0.0
1774369058.0506995,10.5,1336.3046875,9.5390625,0.0
1774369058.1680136,19.0,1336.046875,9.18359375,0.0
1774369058.2852528,15.4,1336.23046875,9.0390625,0.0
1774369058.4027562,15.4,1336.3828125,9.18359375,0.0
1774369058.5203283,12.8,1336.41796875,9.0546875,0.0
1774369058.637603,17.1,1336.24609375,9.54296875,0.0
1774369058.7549665,15.0,1336.48828125,8.7109375,0.0
1774369058.8724709,19.5,1336.3046875,9.76171875,0.0
1774369058.9895997,12.8,1336.4296875,8.8984375,0.0
1774369059.1069472,12.8,1336.0234375,9.69921875,0.0
1774369059.2243876,15.0,1336.08984375,8.6484375,0.0
1774369059.3417835,14.6,1335.94140625,9.69921875,0.0
1774369059.4586837,17.5,1336.03125,8.7734375,0.0
1774369059.5761726,19.0,1335.84765625,9.69921875,0.0
1774369059.693213,12.8,1336.015625,8.7734375,0.0
1774369059.8105485,12.5,1335.91015625,9.69921875,0.0
1774369059.9275508,15.0,1335.95703125,8.8984375,0.0
1774369060.045002,15.0,1335.72265625,9.69921875,0.0
1774369060.162217,15.0,1336.0625,8.8984375,0.0
1774369060.2795906,17.1,1335.9375,9.82421875,0.0
1774369060.397058,17.1,1336.13671875,8.7734375,0.0
1774369060.514399,15.0,1336.125,9.82421875,0.0
1774369060.631844,17.5,1336.0546875,8.7734375,0.0
1774369060.7492497,15.0,1335.94140625,9.5390625,0.0
1774369060.8684106,26.8,1417.55078125,0.0,0.0
1774369060.9873667,29.3,1514.04296875,0.0,0.0
1774369061.1066916,29.3,1611.02734375,0.0,0.0
1774369061.2237983,22.0,1641.3359375,7.05859375,0.0
1774369061.3411353,15.4,1641.35546875,9.69921875,0.0
1774369061.458555,25.6,1684.6640625,1.46484375,0.0
1774369061.5762239,31.7,1738.91015625,0.0,0.0
1774369061.693786,25.6,1789.15625,0.0,0.0
1774369061.8114195,27.5,1843.40234375,0.0,0.0
1774369061.9309375,27.5,1882.015625,0.0,0.0
1774369062.050988,26.8,1915.01953125,0.0,0.0
1774369062.170333,27.5,1953.8359375,0.0,0.0
1774369062.2882996,27.5,1524.0078125,0.0,0.0
1774369062.406459,27.5,1373.40234375,0.0,0.0
1774369062.5245266,26.8,1373.40234375,0.0,0.0
1774369062.643598,30.0,1373.6484375,0.0,0.0
1774369062.7620301,25.6,1379.78515625,0.0,0.0
1774369062.8802588,27.5,1419.78515625,0.0,0.0
1774369062.9983,30.0,1457.78515625,0.0,0.0
1774369063.1167238,29.3,1495.90234375,0.0,0.0
1774369063.2351396,26.8,1536.1484375,0.0,0.0
1774369063.3530793,26.8,1574.1484375,0.0,0.0
1774369063.4717,29.3,1612.1484375,0.0,0.0
1774369063.589871,29.3,1650.39453125,0.0,0.0
1774369063.706487,27.5,1676.39453125,0.0,0.0
1774369063.8230016,31.0,1676.39453125,0.0,0.0
1774369063.9522896,70.7,1676.640625,0.0,0.0
1774369064.0822623,100.0,1676.640625,0.0,0.0
1774369064.2126005,100.0,1676.640625,0.0,0.0
1774369064.3426785,100.0,1676.640625,0.0,0.0
1774369064.4647565,100.0,1676.640625,0.0,0.0
1774369064.5951,100.0,1676.640625,0.0,0.0
1774369064.725534,100.0,1676.88671875,0.0,0.0
1774369064.856004,100.0,1676.88671875,0.0,0.0
1774369064.9864035,100.0,1676.88671875,0.0,0.0
1774369065.10482,100.0,1676.90234375,0.0,0.0
1774369065.2353034,100.0,1676.90234375,0.0,0.0
1774369065.3658054,100.0,1676.90234375,0.0,0.0
1774369065.4967813,100.0,1676.90234375,0.0,0.0
1774369065.6237798,100.0,1676.90234375,0.0,0.0
1774369065.75424,100.0,1676.90234375,0.0,0.0
1774369065.8840418,100.0,1680.37890625,0.0,0.0
1774369066.0017884,37.5,1706.37890625,0.0,0.0
1774369066.119427,26.8,1724.8203125,0.0,0.0
1774369066.2375805,27.5,1746.7421875,0.0,0.0
1774369066.3555832,26.8,1765.84375,0.0,0.0
1774369066.4732718,27.5,1785.734375,0.0,0.0
1774369066.5909612,28.2,1806.9140625,0.0,0.0
1774369066.7088513,25.6,1828.1875,0.0,0.0
1774369066.8265333,25.0,1848.84765625,0.0,0.0
1774369066.9442854,31.0,1870.36328125,0.0,0.0
1774369067.0624564,27.5,1890.4140625,0.0,0.0
1774369067.1805003,26.8,1910.47265625,0.0,0.0
1774369067.2982616,25.0,1931.71484375,0.0,0.0
1774369067.4163911,27.5,1953.41796875,0.0,0.0
1774369067.5344937,27.5,1974.53515625,0.0,0.0
1774369067.6529748,29.3,1994.8203125,0.0,0.0
1774369067.7708786,28.2,2016.44140625,0.0,0.0
1774369067.8897398,28.2,2034.4375,0.0,0.0
1774369068.0080438,26.8,2054.90625,0.0,0.0
1774369068.1260865,27.5,2072.47265625,0.0,0.0
1774369068.2445698,27.5,2092.48046875,0.0,0.0
1774369068.363609,26.8,2112.80078125,0.0,0.0
1774369068.4818804,27.5,2132.828125,0.0,0.0
1774369068.600058,30.0,2153.02734375,0.0,0.0
1774369068.7185311,27.5,2174.03515625,0.0,0.0
1774369068.8368566,26.8,2193.25390625,0.0,0.0
1774369068.9552453,27.5,2213.1640625,0.0,0.0
1774369069.0737317,27.5,2233.796875,0.0,0.0
1774369069.1921403,27.5,2253.0234375,0.0,0.0
1774369069.3103673,26.3,2273.19921875,0.0,0.0
1774369069.4526143,72.5,2282.81640625,0.0,0.0
1774369069.5854304,100.0,2282.81640625,0.0,0.0
1774369069.7023242,65.0,1970.37109375,0.0,0.0
1774369069.8212733,27.5,1697.78125,0.0,0.0
1774369069.9416263,25.6,1768.65625,0.0,0.0
1774369070.0638587,25.0,1825.19140625,0.0,0.0
1774369070.1860394,30.0,1884.19140625,0.0,0.0
1774369070.3090892,27.5,1944.05859375,0.0,0.0
1774369070.431672,26.8,2004.1328125,0.0,0.0
1774369070.5546985,31.7,2063.53125,0.0,0.0
1774369070.6770508,30.0,2124.34765625,0.0,0.0
1774369070.7994883,25.0,2184.484375,0.0,0.0
1774369070.9214864,25.6,2244.1171875,0.0,0.0
1774369071.1824625,59.5,2282.74609375,0.0,0.0
1774369071.3976657,100.0,2283.40234375,0.0,0.0
1774369071.6101017,100.0,2284.140625,0.0,0.0
1774369071.7485147,100.0,2284.140625,0.0,0.0
1774369071.8663201,45.0,1928.44140625,0.0,0.0
1774369071.985642,29.3,1679.16796875,0.0,0.0
1774369072.104183,25.6,1679.04296875,0.0,0.0
1774369072.2225099,28.2,1679.04296875,0.0,0.0
1774369072.3411222,29.3,1679.53515625,0.0,0.0
1774369072.4605176,25.0,1679.53515625,0.0,0.0
1774369072.584408,67.5,1679.53515625,0.0,0.0
1774369072.7103732,92.7,1679.78125,0.0,0.0
1774369072.8312404,100.0,1679.78125,0.0,0.0
1774369072.9617746,65.0,1679.78125,0.0,0.0
1774369073.0932999,100.0,1679.78125,0.0,0.0
1774369073.2261274,100.0,1679.7734375,0.0,0.0
1774369073.361682,73.2,1679.7734375,0.0,0.0
1774369073.492806,97.5,1679.7734375,0.0,0.0
1774369073.6236792,100.0,1679.7734375,0.0,0.0
1774369073.7548614,77.5,1679.7734375,0.0,0.0
1774369073.8885624,90.7,1679.7734375,0.0,0.0
1774369074.0229197,100.0,1679.7734375,0.0,0.0
1774369074.1698737,76.9,1679.7734375,0.0,0.0
1774369074.3019032,97.6,1679.7734375,0.0,0.0
1774369074.4319563,100.0,1679.7734375,0.0,0.0
1774369074.563867,77.5,1679.7734375,0.0,0.0
1774369074.69764,92.7,1679.7734375,0.0,0.0
1774369074.8300378,100.0,1679.7734375,0.0,0.0
1774369074.9641557,81.0,1679.7734375,0.0,0.0
1774369075.0980473,92.5,1679.7734375,0.0,0.0
1774369075.2314544,100.0,1679.7734375,0.0,0.0
1774369075.3680696,81.4,1679.7734375,0.0,0.0
1774369075.5002394,90.0,1679.7734375,0.0,0.0
1774369075.6303442,100.0,1679.7734375,0.0,0.0
1774369075.7496035,92.9,1679.7734375,0.0,0.0
1774369075.8827336,92.7,1679.7734375,0.0,0.0
1774369076.0123408,100.0,1679.7734375,0.0,0.0
1774369076.143942,100.0,1679.78125,0.0,0.0
1774369076.2766404,79.5,1679.78125,0.0,0.0
1774369076.393465,45.0,1679.78125,0.0,0.0
1774369076.510868,23.1,1680.0390625,3.734375,6.07421875
1774369076.6279697,16.7,1679.94921875,8.7734375,0.0
1774369076.7452974,15.0,1679.96875,9.69921875,0.0
1774369076.8624635,15.0,1680.12109375,8.7734375,0.0
1774369076.98006,14.6,1680.01953125,9.82421875,0.0
1774369077.0969462,15.4,1679.62109375,8.7734375,0.0
1774369077.2145402,19.5,1679.89453125,9.69921875,0.0
1774369077.3315763,15.0,1679.81640625,8.7734375,0.0
1774369077.448857,16.7,1679.83203125,9.69921875,0.0
1774369077.565622,17.5,1679.7578125,8.6484375,0.0
1774369077.683102,17.5,1679.90625,9.69921875,0.0
1774369077.8000686,15.0,1680.07421875,8.7734375,0.0
1774369077.9173925,19.0,1679.8359375,9.69921875,0.0
1774369078.0347362,19.0,1679.78125,8.8984375,0.0
1774369078.1523027,18.6,1679.8984375,9.69921875,0.0
1774369078.2695787,17.1,1679.7734375,8.5234375,0.0
1774369078.3872414,17.5,1680.08203125,9.69921875,0.0
1774369078.504997,15.0,1680.04296875,8.8984375,0.0
1774369078.622513,12.8,1679.6640625,9.69921875,0.0
1774369078.7399962,17.9,1679.46875,8.8984375,0.0
1774369078.8575542,17.1,1679.75,9.4140625,0.0
1774369078.9749298,17.1,1679.57421875,9.18359375,0.0
1774369079.0921552,15.4,1680.03515625,9.0546875,0.0
1774369079.2097156,15.4,1680.1484375,9.54296875,0.0
1774369079.3269968,12.8,1680.09375,8.7109375,0.0
1774369079.4443398,15.0,1679.91015625,9.76171875,0.0
1774369079.561785,13.2,1680.03125,8.8984375,0.0
1774369079.679733,19.5,1679.7265625,9.69921875,0.0
1774369079.7967267,12.5,1680.2265625,8.8984375,0.0
1774369079.9141588,17.1,1680.0390625,9.69921875,0.0
1774369080.031342,17.5,1680.08203125,8.7734375,0.0
1774369080.148824,15.0,1679.96875,9.82421875,0.0
1774369080.2656796,15.4,1680.01953125,8.6484375,0.0
1774369080.3843815,22.0,1679.8359375,4.71484375,0.0
1774369080.5028584,25.0,1679.8359375,0.0,0.0
1774369080.6206226,32.6,1679.8359375,0.234375,0.0
1774369080.738109,19.0,1679.90625,9.69921875,0.0
1774369080.8562496,14.6,1680.02734375,8.2890625,0.0
1774369080.9738164,25.6,1722.03125,0.0,0.0
1774369081.093175,27.5,1755.0234375,0.0,0.0
1774369081.2137365,28.2,1788.6328125,0.0,0.0
1774369081.3331478,26.8,1824.07421875,0.0,0.0
1774369081.4526381,28.2,1858.4921875,0.0,0.0
1774369081.5720353,30.0,1896.83984375,0.0,0.0
1774369081.69192,27.5,1934.390625,0.0,0.0
1774369081.811283,28.2,1973.56640625,0.0,0.0
1774369081.9294326,27.5,1677.1640625,0.0,0.0
1774369082.047839,25.0,1677.1640625,0.0,0.0
1774369082.1667697,27.5,1677.6640625,0.0,0.0
1774369082.286101,31.0,1677.6640625,0.0,0.0
1774369082.404308,27.5,1677.6640625,0.0,0.0
1774369082.5220695,25.6,1677.6640625,0.0,0.0
1774369082.639858,31.7,1677.6640625,0.0,0.0
1774369082.7578928,27.5,1677.91015625,0.0,0.0
1774369082.8758,25.0,1677.91015625,0.0,0.0
1774369082.993524,29.3,1677.91015625,0.0,0.0
1774369083.111843,29.3,1677.91015625,0.0,0.0
1774369083.229074,25.0,1374.20703125,0.0,0.0
1774369083.3458288,25.6,1374.20703125,0.0,0.0
1774369083.4729292,97.4,1374.19140625,0.0,0.0
1774369083.6036649,100.0,1374.19140625,0.0,0.0
1774369083.7295926,100.0,1374.19140625,0.0,0.0
1774369083.861343,100.0,1374.19140625,0.0,0.0
1774369083.9876273,100.0,1374.19140625,0.0,0.0
1774369084.1148677,100.0,1374.43359375,0.0,0.0
1774369084.2418823,100.0,1374.43359375,0.0,0.0
1774369084.3692105,100.0,1374.43359375,0.0,0.0
1774369084.5002995,100.0,1374.43359375,0.0,0.0
1774369084.6297262,100.0,1374.43359375,0.0,0.0
1774369084.7547712,100.0,1374.43359375,0.0,0.0
1774369084.8818638,100.0,1374.43359375,0.0,0.0
1774369085.0175571,100.0,1374.43359375,0.0,0.0
1774369085.1442173,100.0,1374.43359375,0.0,0.0
1774369085.262609,100.0,1374.43359375,0.0,0.0
1774369085.3802483,87.8,1389.171875,0.0,0.0
1774369085.497435,27.5,1413.171875,0.0,0.0
1774369085.6145167,25.0,1437.171875,0.0,0.0
1774369085.7317216,27.5,1461.17578125,0.0,0.0
1774369085.849088,25.6,1485.421875,0.0,0.0
1774369085.9663022,25.6,1509.421875,0.0,0.0
1774369086.0834277,26.3,1533.421875,0.0,0.0
1774369086.200988,27.5,1557.41796875,0.0,0.0
1774369086.3185558,25.0,1581.41796875,0.0,0.0
1774369086.4357986,26.8,1605.41796875,0.0,0.0
1774369086.5533204,29.3,1629.6640625,0.0,0.0
1774369086.670514,30.0,1653.6640625,0.0,0.0
1774369086.7876208,26.8,1677.6640625,0.0,0.0
1774369086.9046438,27.5,1701.6640625,0.0,0.0
1774369087.0218222,27.5,1725.6640625,0.0,0.0
1774369087.1388075,25.0,1749.91015625,0.0,0.0
1774369087.2557545,31.0,1773.91015625,0.0,0.0
1774369087.3730078,27.5,1797.91015625,0.0,0.0
1774369087.4904268,26.8,1821.91015625,0.0,0.0
1774369087.607564,25.6,1845.91015625,0.0,0.0
1774369087.7248452,28.2,1870.40234375,0.0,0.0
1774369087.842542,27.5,1886.91796875,0.0,0.0
1774369087.9611049,29.3,1904.65234375,0.0,0.0
1774369088.0795698,31.7,1925.6953125,0.0,0.0
1774369088.1981227,25.6,1945.42578125,0.0,0.0
1774369088.316669,26.8,1965.3359375,0.0,0.0
1774369088.4624906,53.8,1978.85546875,0.0,0.0
1774369088.5974343,100.0,1979.34765625,0.0,0.0
1774369088.7169526,75.6,1390.62890625,0.0,0.0
1774369088.8361995,26.8,1492.78515625,0.0,0.0
1774369088.954999,29.3,1597.27734375,0.0,0.0
1774369089.0745673,31.0,1699.88671875,0.0,0.0
1774369089.193439,26.8,1804.10546875,0.0,0.0
1774369089.3155098,29.3,1894.96484375,0.0,0.0
1774369089.437911,27.5,1952.72265625,0.0,0.0
1774369089.6207106,73.8,1978.80078125,0.0,0.0
1774369089.7636034,100.0,1979.5390625,0.0,0.0
1774369089.973459,97.6,1980.03125,0.0,0.0
1774369090.1718729,97.6,1980.1484375,0.0,0.0
1774369090.2945688,85.4,1375.60546875,0.0,0.0
1774369090.4125755,31.0,1375.36328125,0.0,0.0
1774369090.530343,27.5,1375.609375,0.0,0.0
1774369090.6503804,30.0,1375.85546875,0.0,0.0
1774369090.768762,25.6,1376.1015625,0.0,0.0
1774369090.9134889,25.0,1308.52734375,0.0,0.0
1774369091.042884,100.0,1308.52734375,0.0,0.0
1774369091.1616573,100.0,1308.453125,0.0,0.0
1774369091.310446,80.0,1308.453125,0.0,0.0
1774369091.4397914,100.0,1308.453125,0.0,0.0
1774369091.5716908,100.0,1308.453125,0.0,0.0
1774369091.706441,75.0,1308.453125,0.0,0.0
1774369091.8361804,100.0,1308.453125,0.0,0.0
1774369091.968153,100.0,1308.453125,0.0,0.0
1774369092.1021402,75.0,1308.453125,0.0,0.0
1774369092.2209377,100.0,1308.453125,0.0,0.0
1774369092.3514917,100.0,1308.453125,0.0,0.0
1774369092.4751606,72.5,1308.69921875,0.0,0.0
1774369092.62614,89.1,1308.45703125,0.0,0.0
1774369092.7486176,100.0,1308.45703125,0.0,0.0
1774369092.880883,85.0,1308.45703125,0.0,0.0
1774369093.0173771,92.5,1308.45703125,0.0,0.0
1774369093.1469264,100.0,1308.70703125,0.0,0.0
1774369093.2658906,100.0,1308.70703125,0.0,0.0
1774369093.4094572,85.0,1308.70703125,0.0,0.0
1774369093.535901,100.0,1308.70703125,0.0,0.0
1774369093.6646917,100.0,1308.70703125,0.0,0.0
1774369093.7979844,82.1,1308.70703125,0.0,0.0
1774369093.9208133,100.0,1308.70703125,0.0,0.0
1774369094.0431535,100.0,1308.70703125,0.0,0.0
1774369094.1772542,74.4,1308.69921875,0.0,0.0
1774369094.3077254,100.0,1308.69921875,0.0,0.0
1774369094.4416678,100.0,1308.69921875,0.0,0.0
1774369094.575767,79.5,1308.69921875,0.0,0.0
1774369094.6930254,73.2,1308.69921875,0.0,0.0
1774369094.8095107,26.8,1308.796875,0.484375,6.07421875
1774369094.9266949,15.4,1308.8359375,9.44921875,0.0
1774369095.0443015,12.8,1307.671875,8.7734375,0.0
1774369095.161562,16.7,1307.51171875,9.82421875,0.0
1774369095.2783883,17.5,1307.671875,8.7734375,0.0
1774369095.3958063,17.5,1307.9453125,9.57421875,0.0
1774369095.5127337,14.6,1307.86328125,8.8984375,0.0
1774369095.6299832,12.8,1308.0078125,9.69921875,0.0
1774369095.7469928,17.5,1308.0546875,8.7734375,0.0
1774369095.864551,15.0,1307.9453125,9.69921875,0.0
1774369095.9815166,19.5,1308.00390625,8.8984375,0.0
1774369096.098656,21.4,1307.7734375,9.69921875,0.0
1774369096.216132,17.1,1307.84375,8.7734375,0.0
1774369096.3334763,12.5,1308.08984375,9.82421875,0.0
1774369096.4507294,19.5,1308.1640625,8.7734375,0.0
1774369096.5682824,19.0,1306.796875,9.69921875,0.0
1774369096.6854548,15.4,1306.76171875,8.8984375,0.0
1774369096.80269,13.2,1306.85546875,9.4140625,0.0
1774369096.9201674,19.5,1306.8359375,9.18359375,0.0
1774369097.0376554,12.8,1306.9140625,9.0859375,0.0
1774369097.1549373,19.0,1306.85546875,9.51171875,0.0
1774369097.272493,15.0,1306.734375,8.7109375,0.0
1774369097.3899593,17.5,1306.734375,9.63671875,0.0
1774369097.507134,12.8,1306.921875,8.5859375,0.0
1774369097.6243925,19.0,1307.234375,9.76171875,0.0
1774369097.741818,15.4,1307.6015625,8.8984375,0.0
1774369097.8590748,14.6,1307.5390625,9.69921875,0.0
1774369097.9760807,19.5,1307.453125,8.7734375,0.0
1774369098.0935638,19.5,1307.4765625,9.69921875,0.0
1774369098.2107377,12.5,1306.90625,8.7734375,0.0
1774369098.3280504,10.5,1307.17578125,9.69921875,0.0
1774369098.4450784,15.4,1307.34375,8.8984375,0.0
1774369098.5623298,17.1,1307.671875,9.44921875,0.0
1774369098.6814368,17.1,1310.828125,7.4140625,0.0
1774369098.8001833,27.5,1410.828125,0.0,0.0
1774369098.9191322,27.5,1507.07421875,0.0,0.0
1774369099.0378103,26.8,1603.3203125,0.015625,0.0
1774369099.1550431,17.5,1614.41015625,9.29296875,0.0
1774369099.2730901,17.5,1622.50390625,8.9140625,0.0
1774369099.393173,27.5,1678.33984375,0.0,0.0
1774369099.510763,23.1,1732.58984375,0.0,0.0
1774369099.630836,29.3,1779.0546875,0.0,0.0
1774369099.750165,27.5,1820.9453125,0.0,0.0
1774369099.8694108,26.8,1859.5546875,0.0,0.0
1774369099.9891589,27.5,1899.1484375,0.0,0.0
1774369100.108882,25.6,1939.890625,0.0,0.0
1774369100.227049,27.5,1406.046875,0.0,0.0
1774369100.3450236,27.5,1354.484375,0.0,0.0
1774369100.4636447,29.3,1354.9765625,0.0,0.0
1774369100.5829535,25.0,1354.9765625,0.0,0.0
1774369100.7011435,28.6,1371.1328125,0.0,0.0
1774369100.8195434,25.6,1409.1328125,0.0,0.0
1774369100.9379635,27.5,1449.37890625,0.0,0.0
1774369101.0564299,25.6,1487.37890625,0.0,0.0
1774369101.1746337,28.2,1525.89453125,0.0,0.0
1774369101.2929938,31.0,1563.89453125,0.0,0.0
1774369101.4110088,26.8,1604.14453125,0.0,0.0
1774369101.5291507,29.3,1642.14453125,0.0,0.0
1774369101.645926,26.8,1658.14453125,0.0,0.0
1774369101.7626867,25.6,1658.14453125,0.0,0.0
1774369101.8935907,95.2,1658.14453125,0.0,0.0
1774369102.0112224,100.0,1658.14453125,0.0,0.0
1774369102.140117,95.0,1658.15234375,0.0,0.0
1774369102.2698703,100.0,1658.64453125,0.0,0.0
1774369102.3930688,100.0,1658.64453125,0.0,0.0
1774369102.5236855,100.0,1658.64453125,0.0,0.0
1774369102.6541953,100.0,1658.64453125,0.0,0.0
1774369102.7848563,100.0,1658.64453125,0.0,0.0
1774369102.9158444,100.0,1658.64453125,0.0,0.0
1774369103.0463812,100.0,1658.64453125,0.0,0.0
1774369103.1770723,100.0,1658.64453125,0.0,0.0
1774369103.3083463,100.0,1658.64453125,0.0,0.0
1774369103.4389796,100.0,1658.64453125,0.0,0.0
1774369103.5575786,100.0,1658.64453125,0.0,0.0
1774369103.688615,100.0,1658.64453125,0.0,0.0
1774369103.8180351,100.0,1663.875,0.0,0.0
1774369103.9350553,38.5,1689.875,0.0,0.0
1774369104.05263,26.8,1713.875,0.0,0.0
1774369104.169822,26.8,1737.875,0.0,0.0
1774369104.2884786,27.5,1753.69921875,0.0,0.0
1774369104.4071484,29.3,1774.3515625,0.0,0.0
1774369104.5260098,27.5,1794.81640625,0.0,0.0
1774369104.6445422,26.8,1815.3203125,0.0,0.0
1774369104.7631228,27.5,1836.19921875,0.0,0.0
1774369104.8815663,27.5,1855.9765625,0.0,0.0
1774369105.0000362,23.7,1876.07421875,0.0,0.0
1774369105.1184652,28.2,1896.453125,0.0,0.0
1774369105.2371352,29.3,1917.171875,0.0,0.0
1774369105.355665,26.8,1937.171875,0.0,0.0
1774369105.4741008,31.7,1957.8515625,0.0,0.0
1774369105.5926862,29.3,1977.89453125,0.0,0.0
1774369105.7111988,26.8,1998.52734375,0.0,0.0
1774369105.829719,25.0,2018.87890625,0.0,0.0
1774369105.9485643,25.6,2039.33203125,0.0,0.0
1774369106.0670676,25.6,2060.66015625,0.0,0.0
1774369106.1856194,26.8,2080.05078125,0.0,0.0
1774369106.304268,27.5,2099.45703125,0.0,0.0
1774369106.422899,25.6,2118.82421875,0.0,0.0
1774369106.541319,27.5,2139.15234375,0.0,0.0
1774369106.6598818,28.2,2156.84765625,0.0,0.0
1774369106.7784553,27.5,2176.3984375,0.0,0.0
1774369106.8977334,25.0,2195.40625,0.0,0.0
1774369107.0164967,27.5,2214.69921875,0.0,0.0
1774369107.134969,30.0,2234.01953125,0.0,0.0
1774369107.2538235,29.3,2252.87890625,0.0,0.0
1774369107.4014943,63.4,2263.55859375,0.0,0.0
1774369107.5340142,100.0,2264.05078125,0.0,0.0
1774369107.651121,70.0,1902.578125,0.0,0.0
1774369107.7705047,28.6,1685.359375,0.0,0.0
1774369107.8928077,27.5,1765.109375,0.0,0.0
1774369108.0144153,27.5,1825.94140625,0.0,0.0
1774369108.136402,30.0,1873.24609375,0.0,0.0
1774369108.2587435,25.0,1929.671875,0.0,0.0
1774369108.3813765,29.3,1986.66015625,0.0,0.0
1774369108.5048664,31.7,2044.2734375,0.0,0.0
1774369108.6253488,25.0,2106.44921875,0.0,0.0
1774369108.7469392,27.5,2164.34765625,0.0,0.0
1774369108.8692615,31.0,2224.88671875,0.0,0.0
1774369109.0674136,57.1,2263.3046875,0.0,0.0
1774369109.2499325,100.0,2263.8515625,0.0,0.0
1774369109.4421184,100.0,2263.8515625,0.0,0.0
1774369109.6224942,100.0,2264.58984375,0.0,0.0
1774369109.7524843,82.2,2070.03125,0.0,0.0
1774369109.8700454,28.2,1704.16015625,0.0,0.0
1774369109.9881876,25.6,1659.66796875,0.0,0.0
1774369110.105638,27.5,1660.01953125,0.0,0.0
1774369110.2237184,28.2,1660.01953125,0.0,0.0
1774369110.3426132,27.5,1660.265625,0.0,0.0
1774369110.4824483,26.8,1660.265625,0.0,0.0
1774369110.612821,100.0,1660.265625,0.0,0.0
1774369110.7441976,100.0,1660.265625,0.0,0.0
1774369110.8773127,82.9,1660.265625,0.0,0.0
1774369111.00765,100.0,1660.265625,0.0,0.0
1774369111.139694,100.0,1660.0234375,0.0,0.0
1774369111.2893994,72.5,1660.0234375,0.0,0.0
1774369111.4184582,100.0,1660.0234375,0.0,0.0
1774369111.5500698,100.0,1660.0234375,0.0,0.0
1774369111.6829991,77.5,1660.0234375,0.0,0.0
1774369111.8142161,100.0,1660.0234375,0.0,0.0
1774369111.94022,100.0,1660.0234375,0.0,0.0
1774369112.0736535,75.0,1660.0234375,0.0,0.0
1774369112.200832,100.0,1660.0234375,0.0,0.0
1774369112.3319798,100.0,1660.0234375,0.0,0.0
1774369112.4609473,76.3,1660.0234375,0.0,0.0
1774369112.5898106,92.9,1660.0234375,0.0,0.0
1774369112.729137,100.0,1660.0234375,0.0,0.0
1774369112.870019,82.5,1660.0234375,0.0,0.0
1774369112.99942,97.6,1660.0234375,0.0,0.0
1774369113.1318285,100.0,1660.0234375,0.0,0.0
1774369113.258336,78.0,1660.0234375,0.0,0.0
1774369113.3852484,95.0,1660.0234375,0.0,0.0
1774369113.5110052,100.0,1660.0234375,0.0,0.0
1774369113.642753,100.0,1660.0234375,0.0,0.0
1774369113.7745974,78.0,1660.0234375,0.0,0.0
1774369113.8911898,100.0,1660.26953125,0.0,0.0
1774369114.0327296,100.0,1660.26953125,0.0,0.0
1774369114.1723833,80.0,1660.26953125,0.0,0.0
1774369114.2892036,59.0,1660.26953125,0.0,0.0
1774369114.4077852,23.7,1659.875,1.984375,6.07421875
1774369114.525392,13.2,1659.83984375,9.69921875,0.0
1774369114.6429272,15.0,1659.796875,8.8984375,0.0
1774369114.7603316,19.5,1659.65625,9.69921875,0.0
1774369114.877786,15.4,1659.625,8.8984375,0.0
1774369114.995237,14.6,1659.71484375,9.4140625,0.0
1774369115.112585,17.5,1659.546875,9.18359375,0.0
1774369115.230044,17.5,1660.015625,9.0546875,0.0
1774369115.3477383,12.8,1660.078125,9.41796875,0.0
1774369115.464953,15.0,1660.3203125,8.8359375,0.0
1774369115.5824668,13.2,1660.19921875,9.76171875,0.0
1774369115.6998596,15.0,1660.26171875,8.7734375,0.0
1774369115.817235,16.7,1660.19921875,9.69921875,0.0
1774369115.934339,12.8,1660.234375,8.7734375,0.0
1774369116.052077,12.8,1659.6484375,9.69921875,0.0
1774369116.1688442,12.8,1659.578125,8.6484375,0.0
1774369116.2860909,15.4,1659.65625,9.44921875,0.0
1774369116.4032633,15.0,1659.765625,8.7734375,0.0
1774369116.5209615,17.1,1659.54296875,9.69921875,0.0
1774369116.6380615,12.8,1659.2890625,8.7734375,0.0
1774369116.7568917,15.4,1659.6875,9.82421875,0.0
1774369116.873972,19.5,1659.953125,8.7734375,0.0
1774369116.991341,14.6,1659.8671875,9.82421875,0.0
1774369117.1084824,15.4,1659.84765625,8.7734375,0.0
1774369117.2261076,17.5,1659.8515625,9.69921875,0.0
1774369117.3434098,15.0,1659.80078125,8.8984375,0.0
1774369117.4607854,17.1,1659.66796875,9.82421875,0.0
1774369117.5782561,15.4,1659.875,8.7734375,0.0
1774369117.6965008,15.4,1659.9765625,9.6640625,0.0
1774369117.8138905,19.5,1659.7890625,9.05859375,0.0
1774369117.9309702,15.0,1660.0859375,9.1640625,0.0
1774369118.04854,17.1,1659.94921875,9.30859375,0.0
1774369118.165785,14.6,1659.8515625,8.9609375,0.0
1774369118.2842379,20.0,1659.8125,6.02734375,0.0
1774369118.4030683,27.5,1659.8125,0.0,0.0
1774369118.5212398,28.6,1659.8125,0.015625,0.0
1774369118.638483,12.8,1659.75390625,9.29296875,0.0
1774369118.7592885,19.5,1659.859375,8.9140625,0.0
1774369118.8772693,27.5,1698.58984375,0.0,0.0
1774369118.9949093,25.6,1750.58984375,0.0,0.0
1774369119.1135848,30.0,1782.0390625,0.0,0.0
1774369119.2332351,27.5,1820.59765625,0.0,0.0
1774369119.3527715,25.0,1858.95703125,0.0,0.0
1774369119.472524,29.3,1897.12890625,0.0,0.0
1774369119.5924544,30.0,1935.77734375,0.0,0.0
1774369119.714352,25.0,1975.41796875,0.0,0.0
1774369119.832187,25.6,1677.25,0.0,0.0
1774369119.9517298,27.5,1677.49609375,0.0,0.0
1774369120.0709171,27.5,1677.45703125,0.0,0.0
1774369120.1888359,29.3,1677.45703125,0.0,0.0
1774369120.306685,30.0,1677.94921875,0.0,0.0
1774369120.42469,31.0,1677.94921875,0.0,0.0
1774369120.5426033,25.0,1677.94921875,0.0,0.0
1774369120.660517,27.5,1677.94921875,0.0,0.0
1774369120.7785747,27.5,1677.94921875,0.0,0.0
1774369120.8992236,26.8,1677.94921875,0.0,0.0
1774369121.017404,25.0,1677.94921875,0.0,0.0
1774369121.1340196,29.3,1374.47265625,0.0,0.0
1774369121.263575,35.0,1374.47265625,0.0,0.0
1774369121.3921423,100.0,1374.47265625,0.0,0.0
1774369121.522069,100.0,1374.4765625,0.0,0.0
1774369121.652703,100.0,1374.4765625,0.0,0.0
1774369121.7857525,100.0,1374.4765625,0.0,0.0
1774369121.9157603,100.0,1374.4765625,0.0,0.0
1774369122.0465343,100.0,1374.4765625,0.0,0.0
1774369122.1770773,100.0,1374.47265625,0.0,0.0
1774369122.3072693,100.0,1374.47265625,0.0,0.0
1774369122.4377453,100.0,1374.47265625,0.0,0.0
1774369122.5686238,100.0,1374.47265625,0.0,0.0
1774369122.6989768,100.0,1374.23046875,0.0,0.0
1774369122.8293328,100.0,1374.23046875,0.0,0.0
1774369122.9601336,100.0,1374.23046875,0.0,0.0
1774369123.090685,100.0,1374.2265625,0.0,0.0
1774369123.220629,100.0,1374.22265625,0.0,0.0
1774369123.3379054,95.1,1388.71484375,0.0,0.0
1774369123.4548109,25.0,1412.71484375,0.0,0.0
1774369123.5716197,27.5,1436.9609375,0.0,0.0
1774369123.6885657,29.3,1460.9609375,0.0,0.0
1774369123.8053355,26.8,1484.9609375,0.0,0.0
1774369123.9220588,27.5,1508.9609375,0.0,0.0
1774369124.0388787,25.6,1532.9609375,0.0,0.0
1774369124.1561282,25.0,1557.20703125,0.0,0.0
1774369124.272899,25.0,1581.20703125,0.0,0.0
1774369124.3900428,27.5,1605.20703125,0.0,0.0
1774369124.5071442,27.5,1627.20703125,0.0,0.0
1774369124.6242676,26.8,1651.20703125,0.0,0.0
1774369124.7411153,27.5,1675.453125,0.0,0.0
1774369124.858087,25.6,1699.453125,0.0,0.0
1774369124.974944,25.6,1723.453125,0.0,0.0
1774369125.091913,28.2,1747.453125,0.0,0.0
1774369125.2090366,25.6,1771.453125,0.0,0.0
1774369125.3261485,25.0,1795.69921875,0.0,0.0
1774369125.443151,26.8,1819.69921875,0.0,0.0
1774369125.5621085,29.3,1833.84765625,0.0,0.0
1774369125.6804502,27.5,1854.8828125,0.0,0.0
1774369125.7986345,27.5,1874.71875,0.0,0.0
1774369125.9168355,28.2,1894.609375,0.0,0.0
1774369126.0350637,28.2,1915.265625,0.0,0.0
1774369126.1532478,26.8,1935.22265625,0.0,0.0
1774369126.2713704,30.0,1955.03515625,0.0,0.0
1774369126.409594,27.5,1975.67578125,0.0,0.0
1774369126.554912,100.0,1978.37890625,0.0,0.0
1774369126.6762726,100.0,1416.2265625,0.0,0.0
1774369126.7953649,31.7,1453.72265625,0.0,0.0
1774369126.9148655,29.3,1558.4609375,0.0,0.0
1774369127.0344734,29.3,1662.70703125,0.0,0.0
1774369127.1535673,30.0,1766.96875,0.0,0.0
1774369127.27573,29.3,1843.91796875,0.0,0.0
1774369127.398109,27.5,1905.3359375,0.0,0.0
1774369127.52006,27.5,1966.45703125,0.0,0.0
1774369127.761573,95.1,1977.61328125,0.0,0.0
1774369127.9769866,97.6,1978.828125,0.0,0.0
1774369128.195789,95.1,1979.03515625,0.0,0.0
1774369128.3147647,92.5,1513.54296875,0.0,0.0
1774369128.4335153,29.3,1375.08984375,0.0,0.0
1774369128.5525289,27.5,1375.08984375,0.0,0.0
1774369128.6716464,27.5,1375.08984375,0.0,0.0
1774369128.7905738,27.5,1375.3359375,0.0,0.0
1774369128.9216933,25.6,1375.55859375,0.0,0.0
1774369129.0510795,97.4,1375.55859375,0.0,0.0
1774369129.1830838,100.0,1375.46484375,0.0,0.0
1774369129.3123865,74.4,1375.22265625,0.0,0.0
1774369129.4417691,82.1,1375.21875,0.0,0.0
1774369129.5705826,100.0,1375.21875,0.0,0.0
1774369129.6894143,97.6,1375.21875,0.0,0.0
1774369129.8207183,82.1,1375.21875,0.0,0.0
1774369129.9431221,100.0,1375.21875,0.0,0.0
1774369130.0750735,100.0,1375.21875,0.0,0.0
1774369130.2006822,78.0,1375.21875,0.0,0.0
1774369130.3317304,95.2,1375.21875,0.0,0.0
1774369130.4631097,100.0,1375.21875,0.0,0.0
1774369130.5953388,78.6,1375.21875,0.0,0.0
1774369130.7285194,92.5,1375.21875,0.0,0.0
1774369130.859057,100.0,1375.21875,0.0,0.0
1774369130.986278,82.9,1375.21875,0.0,0.0
1774369131.1178179,95.2,1375.21875,0.0,0.0
1774369131.2484224,100.0,1375.21875,0.0,0.0
1774369131.3671966,100.0,1374.9765625,0.0,0.0
1774369131.499381,85.4,1374.97265625,0.0,0.0
1774369131.6294618,100.0,1375.21875,0.0,0.0
1774369131.760776,100.0,1375.21875,0.0,0.0
1774369131.900102,75.0,1375.21875,0.0,0.0
1774369132.0260425,100.0,1375.21875,0.0,0.0
1774369132.156286,100.0,1375.21875,0.0,0.0
1774369132.2898774,77.5,1375.21875,0.0,0.0
1774369132.4065807,100.0,1375.21875,0.0,0.0
1774369132.5243654,100.0,1375.21875,0.0,0.0
1774369132.6528275,81.6,1375.21875,0.0,0.0
1774369132.7822757,92.5,1375.46484375,0.0,0.0
1774369132.8998597,27.5,1375.46484375,0.0,0.6640625
1774369133.0170915,17.5,1375.65625,7.234375,5.41015625
1774369133.1342278,17.5,1374.52734375,9.19921875,0.0
1774369133.2518647,17.5,1374.39453125,9.57421875,0.0
1774369133.3690941,12.8,1374.39453125,9.44921875,0.0
1774369133.486306,13.5,1374.58203125,9.44921875,0.0
1774369133.60362,15.4,1374.6796875,9.44921875,0.0
1774369133.7210357,12.8,1374.53125,9.44921875,0.0
1774369133.837807,15.0,1374.51171875,9.32421875,0.0
1774369133.9545028,15.8,1375.0234375,9.48046875,0.0
1774369134.0718687,15.0,1375.296875,10.30859375,0.0
1774369134.1889467,17.1,1375.04296875,9.484375,0.0
1774369134.3060806,20.0,1374.9375,9.07421875,0.0
1774369134.4234693,15.0,1374.3203125,9.44921875,0.0
1774369134.540713,14.6,1374.4453125,9.44921875,0.0
1774369134.6579006,12.8,1374.328125,9.44921875,0.0
1774369134.7751987,13.2,1374.33203125,9.32421875,0.0
1774369134.8929474,15.0,1374.3359375,9.57421875,0.0
1774369135.0101268,8.1,1374.296875,9.44921875,0.0
1774369135.1270351,17.5,1374.21875,9.32421875,0.0
1774369135.2439125,17.1,1374.07421875,9.44921875,0.0
1774369135.3608797,14.6,1374.15625,9.32421875,0.0
1774369135.4779694,17.1,1374.03125,10.21484375,0.0
1774369135.5952759,17.1,1374.16015625,9.859375,0.0
1774369135.7124114,17.1,1374.0390625,9.44921875,0.0
1774369135.8294673,13.2,1374.046875,9.32421875,0.0
1774369135.9467723,23.3,1374.16796875,9.19921875,0.0
1774369136.0644407,12.5,1374.17578125,9.44921875,0.0
1774369136.1816394,10.3,1374.30078125,9.32421875,0.0
1774369136.298508,12.8,1374.4296875,9.44921875,0.0
1774369136.4159296,15.0,1374.30859375,9.44921875,0.0
1774369136.5330367,15.0,1374.10546875,9.44921875,0.0
1774369136.6496313,15.4,1374.453125,9.19921875,0.0
1774369136.7668982,15.4,1375.1875,9.32421875,0.0
1774369136.8840873,10.5,1375.40625,10.08984375,0.0
1774369137.0013044,12.8,1375.7890625,9.859375,0.0
1774369137.118599,17.1,1376.36328125,9.44921875,0.0
1774369137.2362106,10.5,1376.2421875,9.57421875,0.0
1774369137.353329,12.8,1376.37109375,9.44921875,0.0
1774369137.4701834,15.4,1376.25,9.32421875,0.0
1774369137.587738,17.5,1381.11328125,9.44921875,0.0
1774369137.7050145,19.0,1390.96484375,9.44921875,0.0
1774369137.8240476,15.8,1401.0625,9.57421875,0.0
1774369137.9417148,23.1,1409.03515625,9.32421875,0.0
1774369138.058902,12.8,1418.2421875,9.32421875,0.0
1774369138.1756868,19.0,1428.43359375,9.32421875,0.0
1774369138.2940314,15.0,1438.359375,9.48046875,0.0
1774369138.412251,14.6,1447.71875,10.30859375,0.0
1774369138.5294015,15.0,1457.56640625,9.734375,0.0
1774369138.6464934,15.4,1467.66015625,9.44921875,0.0
1774369138.76395,17.5,1477.51171875,9.44921875,0.0
1774369138.8813214,15.0,1485.60546875,9.44921875,0.0
1774369138.9985116,19.5,1495.828125,9.32421875,0.0
1774369139.1166513,21.4,1506.41796875,9.44921875,0.0
1774369139.236365,17.1,1516.3828125,9.69921875,0.0
1774369139.355003,20.5,1547.98046875,5.71484375,0.0
1774369139.478276,35.0,1631.1640625,0.0,0.0
1774369139.5985775,30.0,1682.9375,0.0,0.0
1774369139.7195187,29.3,1729.87890625,0.0,0.0
1774369139.8408391,31.7,1779.40234375,0.0,0.0
1774369139.962007,28.2,1828.109375,0.0,0.0
1774369140.0833352,27.5,1877.29296875,0.0,0.0
1774369140.2043214,30.0,1926.46875,0.0,0.0
1774369140.3289185,25.6,1974.0234375,0.0,0.0
1774369140.4517465,27.5,2026.078125,0.015625,0.0
1774369140.5699472,15.8,2041.28125,10.21875,0.0
1774369140.6883564,20.5,2048.9765625,8.94921875,0.0
1774369140.8067942,20.5,2058.859375,9.44921875,0.0
1774369140.926942,28.6,2084.02734375,2.33984375,0.0
1774369141.046477,34.1,2117.3359375,0.0,0.0
1774369141.1663952,31.7,2154.8671875,0.0,0.0
1774369141.2903852,27.5,2192.30078125,0.0,0.0
1774369141.4100928,30.0,2232.15234375,0.0,0.0
1774369141.531928,30.0,2268.2109375,0.0,0.0
1774369141.6520452,30.0,2307.37109375,0.0,0.0
1774369141.772276,27.5,2343.88671875,0.0,0.0
1774369141.8918874,30.0,2382.390625,0.0,0.0
1774369142.011814,29.3,2418.53515625,0.0,0.0
1774369142.134624,26.8,2441.82421875,0.0,0.0
1774369142.254209,25.6,2470.19921875,0.0,0.0
1774369142.3753471,30.0,2504.19140625,0.0,0.0
1774369142.4941986,27.5,2541.16796875,0.0,0.0
1774369142.6137764,27.5,2574.12109375,0.0,0.0
1774369142.7327306,30.0,2610.5625,0.0,0.0
1774369142.8510442,28.2,2507.9453125,0.0,0.0
1774369142.9681976,27.5,2029.5390625,0.0,0.0
1774369143.085775,28.2,1825.15625,0.0,0.0
1774369143.2037442,26.3,1825.40234375,0.0,0.0
1774369143.321597,25.6,1825.40234375,0.0,0.0
1774369143.4405181,27.5,1825.6484375,0.0,0.0
1774369143.55976,27.5,1825.6484375,0.0,0.0
1774369143.6788743,25.6,1825.6484375,0.0,0.0
1774369143.796898,26.8,1854.140625,0.0,0.0
1774369143.915109,29.3,1892.38671875,0.0,0.0
1774369144.0333037,29.3,1930.38671875,0.0,0.0
1774369144.1511621,25.6,1968.38671875,0.0,0.0
1774369144.2689772,28.2,2006.38671875,0.0,0.0
1774369144.3889139,27.5,2036.31640625,0.0,0.0
1774369144.5091665,26.8,2064.81640625,0.0,0.0
1774369144.6284616,25.6,2093.62890625,0.0,0.0
1774369144.7482228,25.6,2121.921875,0.0,0.0
1774369144.8682356,27.5,2151.171875,0.0,0.0
1774369144.98806,25.6,2179.59765625,0.0,0.0
1774369145.1075752,30.0,2208.1171875,0.0,0.0
1774369145.2275312,29.3,2237.265625,0.0,0.0
1774369145.347113,27.5,2266.48828125,0.0,0.0
1774369145.466809,31.7,2294.7890625,0.0,0.0
1774369145.586744,27.5,2324.09765625,0.0,0.0
1774369145.70435,25.6,2336.81640625,0.0,0.0
1774369145.820777,25.6,2337.5546875,0.0,0.0
1774369145.9373422,28.2,2337.5546875,0.0,0.0
1774369146.0638766,85.0,2337.5703125,0.0,0.0
1774369146.1891603,100.0,2337.5703125,0.0,0.0
1774369146.3139176,100.0,2337.5703125,0.0,0.0
1774369146.4427292,100.0,2337.5703125,0.0,0.0
1774369146.5587852,100.0,2337.81640625,0.0,0.0
1774369146.679717,100.0,2338.0625,0.0,0.0
1774369146.8047206,100.0,2338.30859375,0.0,0.0
1774369146.9336028,100.0,2338.30859375,0.0,0.0
1774369147.0643215,100.0,2338.30859375,0.0,0.0
1774369147.190967,100.0,2338.30859375,0.0,0.0
1774369147.320684,100.0,2338.30859375,0.0,0.0
1774369147.446764,100.0,2338.30859375,0.0,0.0
1774369147.5629342,100.0,2338.30859375,0.0,0.0
1774369147.6876934,100.0,2338.30859375,0.0,0.0
1774369147.8086226,100.0,2338.30859375,0.0,0.0
1774369147.933444,100.0,2338.30859375,0.0,0.0
1774369148.0582745,100.0,2338.31640625,0.0,0.0
1774369148.174486,100.0,2336.97265625,0.0,0.0
1774369148.299217,100.0,2336.97265625,0.0,0.0
1774369148.4200194,100.0,2337.125,0.0,0.0
1774369148.5415788,100.0,2337.125,0.0,0.0
1774369148.6704717,100.0,2337.125,0.0,0.0
1774369148.7991467,100.0,2337.125,0.0,0.0
1774369148.9154072,100.0,2337.125,0.0,0.0
1774369149.0439632,100.0,2337.125,0.0,0.0
1774369149.1731932,100.0,2337.07421875,0.0,0.0
1774369149.3043861,100.0,2337.56640625,0.0,0.0
1774369149.4350739,100.0,2337.8125,0.0,0.0
1774369149.5534115,97.7,2346.79296875,0.0,0.0
1774369149.6716208,27.5,2369.56640625,0.0,0.0
1774369149.7902603,29.3,2392.16015625,0.0,0.0
1774369149.9090552,29.3,2414.29296875,0.0,0.0
1774369150.0275228,27.5,2437.39453125,0.0,0.0
1774369150.146036,27.5,2460.39453125,0.0,0.0
1774369150.2646332,26.8,2482.67578125,0.0,0.0
1774369150.3829005,25.6,2505.71484375,0.0,0.0
1774369150.5013404,31.0,2528.17578125,0.0,0.0
1774369150.6199305,26.8,2551.16796875,0.0,0.0
1774369150.7381992,25.6,2573.17578125,0.0,0.0
1774369150.8564343,30.0,2595.796875,0.0,0.0
1774369150.9750228,26.3,2618.7734375,0.0,0.0
1774369151.0933075,27.5,2640.93359375,0.0,0.0
1774369151.2115414,26.3,2663.58984375,0.0,0.0
1774369151.3299646,29.3,2686.58203125,0.0,0.0
1774369151.4484773,25.0,2709.421875,0.0,0.0
1774369151.5666537,25.6,2731.59765625,0.0,0.0
1774369151.6854057,29.3,2752.2890625,0.0,0.0
1774369151.8042452,25.6,2773.828125,0.0,0.0
1774369151.9229038,25.6,2791.37109375,0.0,0.0
1774369152.0413415,31.0,2807.859375,0.0,0.0
1774369152.1600015,27.5,2827.171875,0.0,0.0
1774369152.278574,25.0,2846.19921875,0.0,0.0
1774369152.3971014,31.7,2866.45703125,0.0,0.0
1774369152.5159063,29.3,2887.10546875,0.0,0.0
1774369152.6344926,26.8,2907.74609375,0.0,0.0
1774369152.7532923,31.0,2928.60546875,0.0,0.0
1774369152.872259,28.2,2949.30859375,0.0,0.0
1774369152.990852,26.8,2971.67578125,0.0,0.0
1774369153.1096032,26.8,2990.91015625,0.0,0.0
1774369153.2284212,27.5,3011.671875,0.0,0.0
1774369153.3472288,27.5,3032.69140625,0.0,0.0
1774369153.4663048,27.5,3053.51171875,0.0,0.0
1774369153.584605,26.3,3074.6015625,0.0,0.0
1774369153.7033184,28.2,3095.41796875,0.0,0.0
1774369153.8220496,25.0,3117.3359375,0.0,0.0
1774369153.938965,27.5,3137.1953125,0.0,0.0
1774369154.0554264,31.0,3138.2109375,0.0,0.0
1774369154.1716285,27.5,3139.671875,0.0,0.0
1774369154.2900777,25.0,3154.46484375,0.0,0.0
1774369154.4084086,29.3,3175.67578125,0.0,0.0
1774369154.5270293,27.5,3195.65234375,0.0,0.0
1774369154.6457887,27.5,3215.80078125,0.0,0.0
1774369154.764073,30.0,3237.08984375,0.0,0.0
1774369154.8829632,27.5,3257.984375,0.0,0.0
1774369155.001617,26.8,3278.61328125,0.0,0.0
1774369155.1199777,29.3,3299.00390625,0.0,0.0
1774369155.2386484,27.5,3319.90625,0.0,0.0
1774369155.3572824,27.5,3340.83984375,0.0,0.0
1774369155.4757557,26.8,3360.953125,0.0,0.0
1774369155.6260574,72.5,3370.08203125,0.0,0.0
1774369155.7586563,100.0,3370.08203125,0.0,0.0
1774369155.890847,100.0,3370.08203125,0.0,0.0
1774369156.0078275,71.4,3108.11328125,0.0,0.0
1774369156.1247637,25.6,2748.625,0.0,0.0
1774369156.2421498,25.0,2353.83984375,0.0,0.0
1774369156.3630497,29.3,2381.92578125,0.0,0.0
1774369156.4846287,29.3,2444.4296875,0.0,0.0
1774369156.6071734,25.6,2499.52734375,0.0,0.0
1774369156.7295897,26.8,2559.828125,0.0,0.0
1774369156.8524315,30.0,2621.984375,0.0,0.0
1774369156.9753287,25.6,2683.62109375,0.0,0.0
1774369157.0980787,28.6,2745.75390625,0.0,0.0
1774369157.2197232,28.2,2805.921875,0.0,0.0
1774369157.3408992,29.3,2868.96875,0.0,0.0
1774369157.46273,25.6,2930.4453125,0.0,0.0
1774369157.5850003,28.6,2991.4765625,0.0,0.0
1774369157.707386,27.5,3053.83203125,0.0,0.0
1774369157.8289793,27.5,3116.6875,0.0,0.0
1774369157.9517388,27.5,3178.1953125,0.0,0.0
1774369158.0745182,30.0,3241.12890625,0.0,0.0
1774369158.2228746,29.3,3304.05859375,0.0,0.0
1774369158.4586813,38.1,3369.6640625,0.0,0.0
1774369158.7065966,100.0,3370.40234375,0.0,0.0
1774369158.9056356,100.0,3370.6484375,0.0,0.0
1774369159.1212258,100.0,3370.6484375,0.0,0.0
1774369159.3072824,100.0,3370.69921875,0.0,0.0
1774369159.4488573,100.0,3370.69921875,0.0,0.0
1774369159.5832818,100.0,3370.9453125,0.0,0.0
1774369159.705532,46.2,3119.41796875,0.0,0.0
1774369159.8224895,27.5,2704.6171875,0.0,0.0
1774369159.9399872,29.3,2343.41796875,0.0,0.0
1774369160.058926,27.5,2340.9921875,0.0,0.0
1774369160.1773255,29.3,2340.96484375,0.0,0.0
1774369160.2947116,25.0,2340.96484375,0.0,0.0
1774369160.4123456,29.3,2340.96484375,0.0,0.0
1774369160.5302112,27.5,2340.96484375,0.0,0.0
1774369160.6483285,26.8,2340.96484375,0.0,0.0
1774369160.766005,25.6,2340.96484375,0.0,0.0
1774369160.890192,30.0,2340.96484375,0.0,0.0
1774369161.0072167,95.2,2340.96484375,0.0,0.0
1774369161.148274,100.0,2340.96484375,0.0,0.0
1774369161.277181,74.4,2340.96484375,0.0,0.0
1774369161.4069014,82.9,2340.96484375,0.0,0.0
1774369161.522944,100.0,2340.96484375,0.0,0.0
1774369161.6443639,100.0,2340.96484375,0.0,0.0
1774369161.7791247,74.4,2341.2109375,0.0,0.0
1774369161.9203093,100.0,2341.2109375,0.0,0.0
1774369162.042021,100.0,2341.2109375,0.0,0.0
1774369162.1710062,65.0,2341.2109375,0.0,0.0
1774369162.301023,85.7,2341.2109375,0.0,0.0
1774369162.4304912,100.0,2341.2109375,0.0,0.0
1774369162.5473552,90.2,2341.2109375,0.0,0.0
1774369162.6764228,87.2,2341.2109375,0.0,0.0
1774369162.8056762,100.0,2341.2109375,0.0,0.0
1774369162.9345763,100.0,2341.2109375,0.0,0.0
1774369163.0774019,67.4,2341.2109375,0.0,0.0
1774369163.2040415,100.0,2341.21875,0.0,0.0
1774369163.3342075,100.0,2341.21875,0.0,0.0
1774369163.4677773,78.6,2341.21875,0.0,0.0
1774369163.5970848,100.0,2341.21875,0.0,0.0
1774369163.7344966,100.0,2341.46484375,0.0,0.0
1774369163.8651862,78.0,2341.46484375,0.0,0.0
1774369163.990511,97.5,2341.46484375,0.0,0.0
1774369164.1184533,100.0,2341.5078125,0.0,0.0
1774369164.2541003,80.0,2341.5078125,0.0,0.0
1774369164.3878374,93.2,2341.5078125,0.0,0.0
1774369164.5201383,100.0,2341.5078125,0.0,0.0
1774369164.6508663,79.5,2341.5078125,0.0,0.0
1774369164.78222,95.2,2341.5078125,0.0,0.0
1774369164.9038038,100.0,2341.5078125,0.0,0.0
1774369165.0273652,100.0,2341.5078125,0.0,0.0
1774369165.178637,85.0,2341.5078125,0.0,0.0
1774369165.3040206,100.0,2341.5078125,0.0,0.0
1774369165.4271107,100.0,2341.5078125,0.0,0.0
1774369165.5694911,81.4,2341.51171875,0.0,0.0
1774369165.6953697,100.0,2341.51171875,0.0,0.0
1774369165.8181765,100.0,2341.51171875,0.0,0.0
1774369165.954324,76.2,2341.51171875,0.0,0.0
1774369166.0867553,100.0,2341.51171875,0.0,0.0
1774369166.2172267,100.0,2341.51171875,0.0,0.0
1774369166.3506372,74.4,2341.51171875,0.0,0.0
1774369166.481754,97.6,2341.51171875,0.0,0.0
1774369166.6119747,100.0,2341.51171875,0.0,0.0
1774369166.7483015,76.9,2341.51171875,0.0,0.0
1774369166.8861504,95.1,2341.51171875,0.0,0.0
1774369167.007748,100.0,2341.51171875,0.0,0.0
1774369167.142564,84.6,2341.51171875,0.0,0.0
1774369167.2605877,97.6,2341.26953125,0.0,0.0
1774369167.3774369,27.5,2341.265625,0.0,0.0
1774369167.49501,25.0,2341.15234375,0.0,3.98046875
1774369167.6123445,22.0,2341.02734375,6.12109375,6.34375
1774369167.7296803,19.0,2341.04296875,9.51171875,0.0
1774369167.847014,12.8,2340.70703125,8.7109375,0.0
1774369167.9642854,14.6,2340.90625,9.63671875,0.0
1774369168.0816903,12.8,2341.05078125,8.8984375,0.0
1774369168.1990988,15.0,2340.82421875,9.69921875,0.0
1774369168.316228,17.1,2340.8828125,8.7734375,0.0
1774369168.4334075,15.4,2340.80859375,9.69921875,0.0
1774369168.550497,15.4,2340.87109375,8.7734375,0.0
1774369168.667708,12.8,2340.79296875,9.69921875,0.0
1774369168.7843785,15.0,2340.859375,8.8984375,0.0
1774369168.90178,12.8,2340.77734375,9.57421875,0.0
1774369169.0187304,15.0,2340.84765625,8.7734375,0.0
1774369169.136002,17.1,2341.0078125,9.69921875,0.0
1774369169.2530801,17.5,2341.0859375,8.8984375,0.0
1774369169.3705478,17.5,2340.9609375,9.69921875,0.0
1774369169.4877117,17.1,2340.68359375,8.8984375,0.0
1774369169.6048334,19.5,2340.58984375,9.69921875,0.0
1774369169.7222543,17.1,2340.8515625,8.6484375,0.0
1774369169.8393989,14.6,2340.75,9.69921875,0.0
1774369169.957644,17.5,2340.875,8.7734375,0.0
1774369170.0750449,19.0,2341.0,9.6640625,0.0
1774369170.1923425,12.8,2340.78515625,8.93359375,0.0
1774369170.3094778,15.0,2340.92578125,9.2890625,0.0
1774369170.4267743,15.4,2341.01171875,9.18359375,0.0
1774369170.5446162,17.1,2340.7890625,9.0859375,0.0
1774369170.6618207,13.2,2340.87109375,9.51171875,0.0
1774369170.778963,17.1,2341.015625,8.8984375,0.0
1774369170.8962753,12.8,2341.0390625,9.69921875,0.0
1774369171.0134163,17.1,2340.91015625,8.7734375,0.0
1774369171.1306562,19.5,2341.28125,9.69921875,0.0
1774369171.2476778,17.5,2341.40234375,8.7734375,0.0
1774369171.3649027,12.8,2341.203125,9.69921875,0.0
1774369171.4831762,25.0,2341.3125,1.71484375,0.0
1774369171.6017718,27.5,2341.3125,0.0,0.0
1774369171.7192433,20.5,2341.2890625,3.859375,0.0
1774369171.8361537,15.0,2341.19921875,8.7734375,0.0
1774369171.954377,22.0,2348.4921875,5.58984375,0.0
1774369172.0744035,29.3,2386.265625,0.0,0.0
1774369172.1934853,25.0,2425.98046875,0.0,0.0
1774369172.3133914,29.3,2466.0625,0.0,0.0
1774369172.4331822,26.3,2504.94921875,0.0,0.0
1774369172.552946,25.0,2546.00390625,0.0,0.0
1774369172.673068,26.3,2585.2265625,0.0,0.0
1774369172.792763,29.3,2626.38671875,0.0,0.0
1774369172.9110367,25.0,2528.5546875,0.0,0.0
1774369173.028313,27.5,2022.3515625,0.0,0.0
1774369173.146328,27.5,1940.08203125,0.0,0.0
1774369173.2644033,29.3,1940.08203125,0.0,0.0
1774369173.3832486,27.5,1940.08203125,0.0,0.0
1774369173.501046,31.7,1940.08203125,0.0,0.0
1774369173.6188793,27.5,1940.08203125,0.0,0.0
1774369173.7365115,28.6,1940.08203125,0.0,0.0
1774369173.8541079,27.5,1940.08203125,0.0,0.0
1774369173.9720428,29.3,1940.08203125,0.0,0.0
1774369174.0902658,26.8,1940.07421875,0.0,0.0
1774369174.2079144,25.0,1940.07421875,0.0,0.0
1774369174.3256478,25.6,1939.83203125,0.0,0.0
1774369174.44215,25.6,1424.29296875,0.0,0.0
1774369174.5586662,25.0,1423.81640625,0.0,0.0
1774369174.6772492,52.5,1423.81640625,0.0,0.0
1774369174.8078635,100.0,1423.81640625,0.0,0.0
1774369174.9380875,100.0,1423.81640625,0.0,0.0
1774369175.058659,100.0,1423.81640625,0.0,0.0
1774369175.1747766,100.0,1423.97265625,0.0,0.0
1774369175.3034177,100.0,1423.97265625,0.0,0.0
1774369175.4321642,100.0,1423.97265625,0.0,0.0
1774369175.561249,100.0,1423.97265625,0.0,0.0
1774369175.6899571,100.0,1423.97265625,0.0,0.0
1774369175.8188171,100.0,1423.97265625,0.0,0.0
1774369175.948615,100.0,1423.97265625,0.0,0.0
1774369176.0772767,100.0,1423.97265625,0.0,0.0
1774369176.2062383,100.0,1423.9765625,0.0,0.0
1774369176.3350837,100.0,1423.9765625,0.0,0.0
1774369176.4638534,100.0,1423.9765625,0.0,0.0
1774369176.5929232,100.0,1423.9765625,0.0,0.0
1774369176.7219214,100.0,1423.9765625,0.0,0.0
1774369176.838435,57.5,1447.9765625,0.0,0.0
1774369176.9555507,27.5,1469.9765625,0.0,0.0
1774369177.0727012,27.5,1493.9765625,0.0,0.0
1774369177.1896944,25.0,1517.9765625,0.0,0.0
1774369177.3066978,27.5,1541.9765625,0.0,0.0
1774369177.4239166,29.3,1565.9765625,0.0,0.0
1774369177.5411992,25.0,1589.9765625,0.0,0.0
1774369177.658234,27.5,1614.22265625,0.0,0.0
1774369177.7753828,29.3,1638.22265625,0.0,0.0
1774369177.8924465,27.5,1662.22265625,0.0,0.0
1774369178.0096054,26.8,1686.22265625,0.0,0.0
1774369178.126445,29.3,1710.2265625,0.0,0.0
1774369178.2435265,25.6,1734.47265625,0.0,0.0
1774369178.3604474,23.1,1758.47265625,0.0,0.0
1774369178.477351,27.5,1782.47265625,0.0,0.0
1774369178.5950189,27.5,1799.171875,0.0,0.0
1774369178.7128046,25.6,1819.7890625,0.0,0.0
1774369178.8302743,27.5,1840.84765625,0.0,0.0
1774369178.9477298,27.5,1860.9921875,0.0,0.0
1774369179.0652316,30.0,1879.88671875,0.0,0.0
1774369179.1827457,25.6,1900.3515625,0.0,0.0
1774369179.3001251,31.7,1921.7734375,0.0,0.0
1774369179.4177918,27.5,1942.8046875,0.0,0.0
1774369179.5352933,25.0,1964.23046875,0.0,0.0
1774369179.6526306,27.5,1985.78515625,0.0,0.0
1774369179.7702434,27.5,2004.78515625,0.0,0.0
1774369179.901892,26.8,2025.9140625,0.0,0.0
1774369180.0376854,100.0,2027.14453125,0.0,0.0
1774369180.167796,100.0,1616.3671875,0.0,0.0
1774369180.2873216,25.6,1462.37109375,0.0,0.0
1774369180.4064715,25.6,1565.109375,0.0,0.0
1774369180.5261633,31.7,1669.35546875,0.0,0.0
1774369180.64585,29.3,1775.6015625,0.0,0.0
1774369180.7673583,23.7,1850.28515625,0.0,0.0
1774369180.889258,30.0,1915.26953125,0.0,0.0
1774369181.0113304,27.5,1981.5546875,0.0,0.0
1774369181.217473,50.0,2026.5625,0.0,0.0
1774369181.4559553,100.0,2027.30078125,0.0,0.0
1774369181.698672,100.0,2027.30078125,0.0,0.0
1774369181.8328116,100.0,2027.79296875,0.0,0.0
1774369181.950831,50.0,1421.55859375,0.0,0.0
1774369182.068462,29.3,1421.3203125,0.0,0.0
1774369182.186376,27.5,1421.234375,0.0,0.0
1774369182.304011,27.5,1421.234375,0.0,0.0
1774369182.421802,28.2,1421.234375,0.0,0.0
1774369182.568879,39.5,1421.234375,0.0,0.0
1774369182.7014334,100.0,1421.234375,0.0,0.0
1774369182.849259,77.5,1421.234375,0.0,0.0
1774369182.9657805,97.4,1421.234375,0.0,0.0
1774369183.095976,100.0,1421.234375,0.0,0.0
1774369183.215034,90.0,1421.234375,0.0,0.0
1774369183.348358,95.1,1421.234375,0.0,0.0
1774369183.4783435,100.0,1421.234375,0.0,0.0
1774369183.6097822,100.0,1421.234375,0.0,0.0
1774369183.7563393,79.5,1421.234375,0.0,0.0
1774369183.8865213,100.0,1421.234375,0.0,0.0
1774369184.0182574,100.0,1421.234375,0.0,0.0
1774369184.1549811,78.0,1421.234375,0.0,0.0
1774369184.2853794,100.0,1421.234375,0.0,0.0
1774369184.4157035,100.0,1421.234375,0.0,0.0
1774369184.5496564,76.9,1421.234375,0.0,0.0
1774369184.6664329,100.0,1421.234375,0.0,0.0
1774369184.7831364,100.0,1421.7265625,0.0,0.0
1774369184.9118235,90.0,1421.7265625,0.0,0.0
1774369185.0507445,97.4,1421.7265625,0.0,0.0
1774369185.1816468,100.0,1421.73046875,0.0,0.0
1774369185.3167684,90.0,1421.73046875,0.0,0.0
1774369185.4485111,100.0,1421.73046875,0.0,0.0
1774369185.5789423,100.0,1421.73046875,0.0,0.0
1774369185.6978343,90.5,1421.73046875,0.0,0.0
1774369185.8257556,92.3,1421.73046875,0.0,0.0
1774369185.9605844,100.0,1421.73046875,0.0,0.0
1774369186.092292,100.0,1421.73046875,0.0,0.0
1774369186.235878,77.5,1421.73046875,0.0,0.0
1774369186.3524354,42.5,1421.73046875,0.0,0.0
1774369186.4697955,22.5,1421.125,3.609375,6.07421875
1774369186.5868132,17.1,1421.03515625,8.7734375,0.0
1774369186.7039049,17.1,1421.34765625,9.69921875,0.0
1774369186.8211157,15.4,1421.34765625,8.8984375,0.0
1774369186.938454,15.0,1421.40625,9.69921875,0.0
1774369187.0553544,19.5,1421.265625,8.6484375,0.0
1774369187.1729085,17.5,1421.08984375,9.69921875,0.0
1774369187.2902195,12.8,1421.01171875,8.7734375,0.0
1774369187.4073992,17.1,1421.15625,9.82421875,0.0
1774369187.5240965,15.4,1421.19921875,8.6484375,0.0
1774369187.6414936,15.4,1421.21875,9.82421875,0.0
1774369187.7583373,13.2,1421.2734375,8.7734375,0.0
1774369187.875386,15.8,1421.2578125,9.57421875,0.0
1774369187.9926336,17.5,1421.4453125,8.8984375,0.0
1774369188.109877,14.6,1421.46875,9.69921875,0.0
1774369188.2271106,17.1,1421.296875,8.7734375,0.0
1774369188.3444564,12.8,1421.65625,9.69921875,0.0
1774369188.4619277,12.8,1421.6171875,9.0234375,0.0
1774369188.5790923,13.2,1421.59375,9.5390625,0.0
1774369188.6965792,20.9,1421.41015625,8.93359375,0.0
1774369188.8138304,13.2,1421.04296875,9.2890625,0.0
1774369188.9309068,12.8,1420.98046875,9.30859375,0.0
1774369189.048185,17.5,1421.34765625,8.9609375,0.0
1774369189.1654663,15.0,1421.19140625,9.51171875,0.0
1774369189.2825193,12.8,1421.0859375,8.7109375,0.0
1774369189.3995843,17.5,1421.046875,9.63671875,0.0
1774369189.5168931,17.5,1421.234375,8.8984375,0.0
1774369189.6343136,12.5,1421.171875,9.69921875,0.0
1774369189.751178,10.5,1421.45703125,8.8984375,0.0
1774369189.8685317,15.0,1421.4296875,9.69921875,0.0
1774369189.9854221,15.4,1420.87890625,8.5234375,0.0
1774369190.1026359,15.4,1420.9296875,9.82421875,0.0
1774369190.2189825,19.5,1420.71484375,8.2734375,0.0
1774369190.3380144,17.9,1449.796875,5.46484375,0.0
1774369190.4568677,25.0,1547.796875,0.0,0.0
1774369190.5756807,29.3,1642.04296875,0.0,0.0
1774369190.693011,25.6,1724.66796875,1.984375,0.0
1774369190.8104987,14.6,1724.82421875,9.57421875,0.0
1774369190.9284256,17.1,1725.125,6.6640625,0.0
1774369191.0460234,27.5,1777.125,0.0,0.0
1774369191.1651623,27.5,1821.75,0.0,0.0
1774369191.2843735,23.7,1865.0390625,0.0,0.0
1774369191.403211,29.3,1906.921875,0.0,0.0
1774369191.5223544,29.3,1949.2421875,0.0,0.0
1774369191.6413014,29.3,1993.04296875,0.0,0.0
1774369191.7584958,28.2,2027.11328125,0.0,0.0
1774369191.876809,28.6,1349.60546875,0.0,0.0
1774369191.9949756,25.0,1348.87890625,0.0,0.0
1774369192.1140778,26.8,1349.06640625,0.0,0.0
1774369192.233751,29.3,1349.06640625,0.0,0.0
1774369192.352146,25.6,1371.3125,0.0,0.0
1774369192.470249,26.8,1409.3125,0.0,0.0
1774369192.5883617,27.5,1447.55859375,0.0,0.0
1774369192.7065072,27.5,1487.8046875,0.0,0.0
1774369192.8244452,26.8,1525.8046875,0.0,0.0
1774369192.94228,30.0,1564.05078125,0.0,0.0
1774369193.060688,28.2,1604.296875,0.0,0.0
1774369193.1793807,25.0,1642.2890625,0.0,0.0
1774369193.2959082,26.8,1652.2890625,0.0,0.0
1774369193.4134467,29.3,1652.53515625,0.0,0.0
1774369193.548419,97.4,1652.53515625,0.0,0.0
1774369193.6784704,100.0,1652.53515625,0.0,0.0
1774369193.8088768,100.0,1652.53515625,0.0,0.0
1774369193.9388034,100.0,1652.78125,0.0,0.0
1774369194.0691435,100.0,1652.78125,0.0,0.0
1774369194.1991735,100.0,1652.78125,0.0,0.0
1774369194.3300695,100.0,1652.78125,0.0,0.0
1774369194.4606192,100.0,1652.78125,0.0,0.0
1774369194.5899615,100.0,1652.78125,0.0,0.0
1774369194.7155328,100.0,1653.02734375,0.0,0.0
1774369194.84542,100.0,1653.02734375,0.0,0.0
1774369194.9758325,100.0,1653.02734375,0.0,0.0
1774369195.1031618,95.0,1653.02734375,0.0,0.0
1774369195.2264452,100.0,1653.02734375,0.0,0.0
1774369195.3516977,100.0,1653.02734375,0.0,0.0
1774369195.4772134,100.0,1653.02734375,0.0,0.0
1774369195.5942402,82.9,1671.51953125,0.0,0.0
1774369195.711235,26.8,1695.51953125,0.0,0.0
1774369195.827917,27.5,1719.765625,0.0,0.0
1774369195.9454954,27.5,1735.87890625,0.0,0.0
1774369196.0629492,26.8,1756.53125,0.0,0.0
1774369196.1803806,29.3,1775.0078125,0.0,0.0
1774369196.2979596,27.5,1796.53125,0.0,0.0
1774369196.415491,26.8,1817.42578125,0.0,0.0
1774369196.532856,25.6,1838.23828125,0.0,0.0
1774369196.6503916,27.5,1860.0546875,0.0,0.0
1774369196.7680027,23.1,1881.515625,0.0,0.0
1774369196.8853803,25.6,1901.58984375,0.0,0.0
1774369197.0024588,30.0,1923.625,0.0,0.0
1774369197.1203058,29.3,1944.484375,0.0,0.0
1774369197.2377434,27.5,1964.6953125,0.0,0.0
1774369197.3550854,28.2,1986.0390625,0.0,0.0
1774369197.472727,27.5,2007.89453125,0.0,0.0
1774369197.5900989,25.0,2028.12109375,0.0,0.0
1774369197.7075524,28.2,2049.62890625,0.0,0.0
1774369197.825172,27.5,2071.203125,0.0,0.0
1774369197.943324,25.0,2091.46484375,0.0,0.0
1774369198.0608428,25.0,2113.0234375,0.0,0.0
1774369198.178164,27.5,2134.8125,0.0,0.0
1774369198.2958672,29.3,2155.4375,0.0,0.0
1774369198.4132833,25.0,2176.6171875,0.0,0.0
1774369198.5314271,27.5,2197.6953125,0.0,0.0
1774369198.6495247,29.3,2218.43359375,0.0,0.0
1774369198.7677178,25.6,2237.96484375,0.0,0.0
1774369198.9281013,31.7,2256.48828125,0.0,0.0
1774369199.06242,100.0,2256.48828125,0.0,0.0
1774369199.179472,82.9,1957.140625,0.0,0.0
1774369199.2983203,25.0,1665.6953125,0.0,0.0
1774369199.4196758,30.0,1748.84375,0.0,0.0
1774369199.539,29.3,1815.38671875,0.0,0.0
1774369199.661321,29.3,1880.53515625,0.0,0.0
1774369199.7831404,25.0,1947.68359375,0.0,0.0
1774369199.9056501,26.3,2015.55859375,0.0,0.0
1774369200.0280256,29.3,2083.28515625,0.0,0.0
1774369200.1500938,25.0,2151.0625,0.0,0.0
1774369200.2727382,30.0,2212.23046875,0.0,0.0
1774369200.5808623,51.3,2256.40625,0.0,0.0
1774369200.7952757,92.7,2256.8984375,0.0,0.0
1774369201.0283203,100.0,2256.8984375,0.0,0.0
1774369201.1496253,80.5,2163.46875,0.0,0.0
1774369201.267127,36.6,1713.01171875,0.0,0.0
1774369201.3871415,31.7,1653.875,0.0,0.0
1774369201.5053308,29.3,1653.875,0.0,0.0
1774369201.623316,30.0,1653.875,0.0,0.0
1774369201.741576,29.3,1653.875,0.0,0.0
1774369201.8742785,25.0,1653.875,0.0,0.0
1774369202.0033529,100.0,1653.875,0.0,0.0
1774369202.1310158,100.0,1653.84375,0.0,0.0
1774369202.2804813,77.3,1653.84375,0.0,0.0
1774369202.3974495,100.0,1653.84375,0.0,0.0
1774369202.5291278,100.0,1653.84375,0.0,0.0
1774369202.660946,80.0,1653.84375,0.0,0.0
1774369202.786038,100.0,1653.84375,0.0,0.0
1774369202.9142368,100.0,1653.84375,0.0,0.0
1774369203.0483115,75.6,1653.84375,0.0,0.0
1774369203.1778872,100.0,1653.84375,0.0,0.0
1774369203.3160334,100.0,1653.84375,0.0,0.0
1774369203.445334,77.5,1653.84375,0.0,0.0
1774369203.574355,85.7,1653.84375,0.0,0.0
1774369203.7030568,100.0,1653.84375,0.0,0.0
1774369203.8198366,97.6,1653.84375,0.0,0.0
1774369203.946717,82.9,1653.84375,0.0,0.0
1774369204.0763423,100.0,1653.84375,0.0,0.0
1774369204.206525,100.0,1653.85546875,0.0,0.0
1774369204.3410118,68.3,1653.85546875,0.0,0.0
1774369204.470744,100.0,1653.85546875,0.0,0.0
1774369204.5875387,100.0,1653.85546875,0.0,0.0
1774369204.7226946,75.0,1654.1015625,0.0,0.0
1774369204.855599,97.6,1654.1015625,0.0,0.0
1774369204.9846969,100.0,1654.1015625,0.0,0.0
1774369205.103714,90.2,1654.1015625,0.0,0.0
1774369205.2345922,97.5,1654.1015625,0.0,0.0
1774369205.364193,100.0,1654.1015625,0.0,0.0
1774369205.495621,100.0,1654.1015625,0.0,0.0
1774369205.6296456,78.0,1654.1015625,0.0,0.0
1774369205.7467558,46.2,1654.1015625,0.0,0.0
1774369205.864212,23.8,1653.5234375,3.734375,6.07421875
1774369205.9812806,12.8,1653.3984375,8.7734375,0.0
1774369206.0984614,17.1,1653.4609375,9.69921875,0.0
1774369206.2157395,17.1,1653.25390625,8.7734375,0.0
1774369206.332935,15.0,1653.40625,9.69921875,0.0
1774369206.4498138,17.1,1653.1953125,8.7734375,0.0
1774369206.5672052,14.6,1653.22265625,9.57421875,0.0
1774369206.68419,17.1,1653.140625,8.8984375,0.0
1774369206.8014386,15.4,1653.27734375,9.69921875,0.0
1774369206.9183996,19.5,1653.328125,8.7734375,0.0
1774369207.036107,10.5,1653.21484375,9.69921875,0.0
1774369207.1529214,15.4,1653.51953125,8.8984375,0.0
1774369207.2701275,17.1,1653.40234375,9.32421875,0.0
1774369207.3870792,17.5,1653.453125,8.7734375,0.0
1774369207.5042658,15.4,1653.20703125,9.82421875,0.0
1774369207.6213548,19.5,1653.27734375,8.7734375,0.0
1774369207.7386796,17.1,1653.265625,9.57421875,0.0
1774369207.855804,16.7,1653.22265625,8.8984375,0.0
1774369207.9728558,15.0,1653.3203125,9.69921875,0.0
1774369208.0903726,17.5,1653.421875,8.7734375,0.0
1774369208.2078416,17.1,1653.2734375,9.6640625,0.0
1774369208.3250613,17.1,1653.5625,9.05859375,0.0
1774369208.442356,17.1,1653.4375,9.1640625,0.0
1774369208.5597382,19.0,1653.7421875,9.30859375,0.0
1774369208.6768289,12.8,1653.7421875,8.9609375,0.0
1774369208.7942135,17.9,1653.5625,9.63671875,0.0
1774369208.9116888,15.4,1653.55859375,8.7734375,0.0
1774369209.0288556,15.0,1653.00390625,9.69921875,0.0
1774369209.1459482,15.0,1653.40625,8.8984375,0.0
1774369209.2633288,15.0,1653.43359375,9.57421875,0.0
1774369209.380342,16.7,1653.34765625,8.8984375,0.0
1774369209.49747,10.5,1653.46484375,9.69921875,0.0
1774369209.6144261,17.5,1653.6328125,8.7734375,0.0
1774369209.7331555,22.0,1653.44921875,4.96484375,0.0
1774369209.8515532,26.8,1653.44921875,0.0,0.0
1774369209.9687748,25.6,1653.44921875,0.484375,0.0
1774369210.0863602,19.0,1653.37109375,9.69921875,0.0
1774369210.2040377,15.0,1653.38671875,8.0390625,0.0
1774369210.3215644,29.3,1698.37109375,0.0,0.0
1774369210.4406943,25.6,1737.5390625,0.0,0.0
1774369210.5599656,25.6,1779.8671875,0.0,0.0
1774369210.678716,25.0,1821.0078125,0.0,0.0
1774369210.7978065,29.3,1860.625,0.0,0.0
1774369210.917535,27.5,1899.65625,0.0,0.0
1774369211.037076,27.5,1937.6875,0.0,0.0
1774369211.154898,28.2,1824.0,0.0,0.0
1774369211.2729692,29.3,1669.05078125,0.0,0.0
1774369211.3909907,25.0,1669.05078125,0.0,0.0
1774369211.5099607,27.5,1669.05078125,0.0,0.0
1774369211.6281004,27.5,1669.05078125,0.0,0.0
1774369211.7462184,26.8,1669.05078125,0.0,0.0
1774369211.8640144,25.6,1669.05078125,0.0,0.0
1774369211.9820178,28.2,1669.05078125,0.0,0.0
1774369212.0999782,28.2,1668.97265625,0.0,0.0
1774369212.2177055,25.6,1668.97265625,0.0,0.0
1774369212.3356743,28.2,1668.97265625,0.0,0.0
1774369212.4536636,27.5,1668.97265625,0.0,0.0
1774369212.570231,26.8,1365.0234375,0.0,0.0
1774369212.7008483,48.8,1365.0234375,0.0,0.0
1774369212.8275554,100.0,1365.0234375,0.0,0.0
1774369212.9505568,100.0,1365.0234375,0.0,0.0
1774369213.0729115,100.0,1365.0234375,0.0,0.0
1774369213.2036595,100.0,1365.0078125,0.0,0.0
1774369213.3224208,100.0,1365.25390625,0.0,0.0
1774369213.4522672,97.4,1365.25390625,0.0,0.0
1774369213.5782964,100.0,1365.25390625,0.0,0.0
1774369213.7071943,100.0,1365.25390625,0.0,0.0
1774369213.8319974,100.0,1365.74609375,0.0,0.0
1774369213.9615424,100.0,1365.74609375,0.0,0.0
1774369214.0782819,100.0,1365.74609375,0.0,0.0
1774369214.2068489,100.0,1365.7421875,0.0,0.0
1774369214.335745,100.0,1365.7421875,0.0,0.0
1774369214.4564562,100.0,1365.7421875,0.0,0.0
1774369214.5851538,100.0,1365.7421875,0.0,0.0
1774369214.7138755,100.0,1365.7421875,0.0,0.0
1774369214.8304026,88.1,1382.97265625,0.0,0.0
1774369214.947618,29.3,1404.97265625,0.0,0.0
1774369215.0649185,30.0,1427.21875,0.0,0.0
1774369215.182002,29.3,1451.21875,0.0,0.0
1774369215.298969,25.0,1475.21875,0.0,0.0
1774369215.4159703,29.3,1499.21875,0.0,0.0
1774369215.5331125,25.6,1523.46484375,0.0,0.0
1774369215.650413,26.8,1547.46484375,0.0,0.0
1774369215.7676508,26.8,1571.46484375,0.0,0.0
1774369215.8850055,27.5,1595.46484375,0.0,0.0
1774369216.0021675,25.6,1619.46484375,0.0,0.0
1774369216.1191902,25.6,1643.46484375,0.0,0.0
1774369216.2362852,30.0,1667.7109375,0.0,0.0
1774369216.353427,27.5,1691.7109375,0.0,0.0
1774369216.470512,25.0,1715.7109375,0.0,0.0
1774369216.5874956,27.5,1739.7109375,0.0,0.0
1774369216.7052715,27.5,1758.421875,0.0,0.0
1774369216.8231137,27.5,1778.71875,0.0,0.0
1774369216.9406986,27.5,1799.92578125,0.0,0.0
1774369217.0586681,27.5,1821.390625,0.0,0.0
1774369217.1763296,27.5,1842.421875,0.0,0.0
1774369217.2937565,25.6,1863.49609375,0.0,0.0
1774369217.411175,30.0,1884.671875,0.0,0.0
1774369217.528603,27.5,1905.64453125,0.0,0.0
1774369217.6460853,23.7,1926.84765625,0.0,0.0
1774369217.7635574,28.2,1947.90625,0.0,0.0
1774369217.894397,27.5,1968.953125,0.0,0.0
1774369218.0264628,100.0,1971.12890625,0.0,0.0
1774369218.1559174,100.0,1560.68359375,0.0,0.0
1774369218.275719,33.3,1416.79296875,0.0,0.0
1774369218.3951592,25.6,1522.79296875,0.0,0.0
1774369218.5145679,26.8,1630.79296875,0.0,0.0
1774369218.6340313,32.6,1739.0390625,0.0,0.0
1774369218.7561617,28.2,1808.39453125,0.0,0.0
1774369218.877509,26.8,1875.265625,0.0,0.0
1774369218.9991105,30.0,1941.671875,0.0,0.0
1774369219.3012502,69.2,1971.3671875,0.0,0.0
1774369219.486083,95.3,1971.3671875,0.0,0.0
1774369219.738528,97.5,1971.859375,0.0,0.0
1774369219.8558202,78.0,1471.1640625,0.0,0.0
1774369219.9748573,27.5,1364.8984375,0.0,0.0
1774369220.0936098,26.8,1364.8984375,0.0,0.0
1774369220.211085,25.6,1365.3671875,0.0,0.0
1774369220.3295085,29.3,1365.3671875,0.0,0.0
1774369220.4495797,25.0,1365.3671875,0.0,0.0
1774369220.578563,97.4,1365.3671875,0.0,0.0
1774369220.7046216,100.0,1365.3671875,0.0,0.0
1774369220.8381162,78.0,1365.3671875,0.0,0.0
1774369220.967638,100.0,1365.3671875,0.0,0.0
1774369221.0998397,100.0,1365.3671875,0.0,0.0
1774369221.2329068,74.4,1365.3671875,0.0,0.0
1774369221.3625996,97.6,1365.3671875,0.0,0.0
1774369221.4930956,100.0,1365.3671875,0.0,0.0
1774369221.6258245,80.0,1365.3671875,0.0,0.0
1774369221.7552693,97.6,1365.3671875,0.0,0.0
1774369221.885364,100.0,1365.3671875,0.0,0.0
1774369222.0174105,82.1,1365.3671875,0.0,0.0
1774369222.1523728,100.0,1365.140625,0.0,0.0
1774369222.2818244,100.0,1365.140625,0.0,0.0
1774369222.4142418,90.2,1365.140625,0.0,0.0
1774369222.5442665,95.0,1365.140625,0.0,0.0
1774369222.6742952,100.0,1365.140625,0.0,0.0
1774369222.7941136,100.0,1365.140625,0.0,0.0
1774369222.9132128,82.1,1365.140625,0.0,0.0
1774369223.042589,100.0,1365.140625,0.0,0.0
1774369223.1740577,100.0,1365.140625,0.0,0.0
1774369223.306934,76.2,1365.1328125,0.0,0.0
1774369223.4330175,100.0,1365.37890625,0.0,0.0
1774369223.5639145,100.0,1365.37890625,0.0,0.0
1774369223.698474,78.0,1365.37890625,0.0,0.0
1774369223.828568,100.0,1365.37890625,0.0,0.0
1774369223.9598744,100.0,1365.37890625,0.0,0.0
1774369224.089997,78.0,1365.37890625,0.0,0.0
1774369224.206788,90.2,1365.37109375,0.0,0.0
1774369224.3241308,30.2,1365.37109375,0.0,3.3046875
1774369224.4411147,17.1,1365.69140625,7.43359375,2.76953125
1774369224.5583873,12.8,1365.6015625,9.69921875,0.0
1774369224.6755419,15.4,1365.62109375,8.7734375,0.0
1774369224.7931643,15.0,1365.03125,9.69921875,0.0
1774369224.9105508,15.4,1364.87109375,8.8984375,0.0
1774369225.0276191,15.4,1365.02734375,9.69921875,0.0
1774369225.1478689,17.5,1364.83984375,9.0234375,0.0
1774369225.2653644,10.5,1364.62890625,9.57421875,0.0
1774369225.3827887,17.5,1364.8125,8.8984375,0.0
1774369225.5006468,19.0,1365.1796875,9.4140625,0.0
1774369225.6181922,15.0,1365.11328125,9.18359375,0.0
1774369225.7357438,13.2,1364.86328125,9.0859375,0.0
1774369225.8530846,17.5,1365.05078125,9.26171875,0.0
1774369225.9711745,14.6,1364.68359375,8.9609375,0.0
1774369226.0886292,14.6,1364.69140625,9.63671875,0.0
1774369226.2058582,12.8,1364.93359375,8.6484375,0.0
1774369226.323563,15.4,1364.875,9.82421875,0.0
1774369226.4409902,10.3,1364.78125,8.7734375,0.0
1774369226.558316,12.8,1364.8046875,9.69921875,0.0
1774369226.6756558,15.4,1365.2109375,8.8984375,0.0
1774369226.7930396,15.0,1365.11328125,9.69921875,0.0
1774369226.910064,17.5,1365.15234375,8.7734375,0.0
1774369227.0278206,12.8,1365.046875,9.44921875,0.0
1774369227.1464624,19.0,1364.83203125,8.7734375,0.0
1774369227.2639685,15.0,1364.7109375,9.82421875,0.0
1774369227.3813012,19.0,1364.8515625,8.7734375,0.0
1774369227.4988456,12.8,1365.01171875,9.82421875,0.0
1774369227.6162014,20.9,1364.90625,8.8984375,0.0
1774369227.7333345,12.8,1365.515625,9.44921875,0.0
1774369227.8510418,17.1,1366.4296875,8.8984375,0.0
1774369227.9681163,19.0,1366.55859375,9.32421875,0.0
1774369228.0852644,15.8,1366.87890625,8.6484375,0.0
1774369228.2028522,13.2,1366.6953125,9.82421875,0.0
1774369228.322143,26.2,1441.92578125,0.46484375,0.0
1774369228.4409633,27.5,1538.171875,0.0,0.0
1774369228.5601099,26.3,1632.41796875,0.0,0.0
1774369228.677721,15.8,1670.3359375,6.12109375,0.0
1774369228.7950072,14.6,1670.44921875,9.51171875,0.0
1774369228.9123173,26.8,1694.60546875,2.58984375,0.0
1774369229.0321932,31.0,1734.01953125,0.0,0.0
1774369229.151836,25.0,1772.96484375,0.0,0.0
1774369229.271714,28.2,1813.6484375,0.0,0.0
1774369229.3912656,28.2,1849.74609375,0.0,0.0
1774369229.5117924,26.8,1889.234375,0.0,0.0
1774369229.6315703,23.7,1928.55859375,0.0,0.0
1774369229.7512438,25.6,1965.53125,0.0,0.0
1774369229.8686697,27.5,1424.015625,0.0,0.0
1774369229.9866877,25.0,1365.62109375,0.0,0.0
1774369230.1047595,30.0,1366.03515625,0.0,0.0
1774369230.2242928,28.2,1366.03515625,0.0,0.0
1774369230.3424811,26.8,1380.2734375,0.0,0.0
1774369230.460692,31.0,1418.2734375,0.0,0.0
1774369230.5789278,25.6,1456.2734375,0.0,0.0
1774369230.697386,25.0,1494.51953125,0.0,0.0
1774369230.8152618,26.8,1532.51953125,0.0,0.0
1774369230.933507,27.5,1572.51953125,0.0,0.0
1774369231.0516195,25.6,1610.765625,0.0,0.0
1774369231.1695197,25.6,1648.765625,0.0,0.0
1774369231.2862954,27.5,1668.765625,0.0,0.0
1774369231.4029377,27.5,1668.765625,0.0,0.0
1774369231.532244,87.5,1668.765625,0.0,0.0
1774369231.6608753,100.0,1668.765625,0.0,0.0
1774369231.7906075,100.0,1668.765625,0.0,0.0
1774369231.9165688,100.0,1668.765625,0.0,0.0
1774369232.0348148,100.0,1668.765625,0.0,0.0
1774369232.1653397,100.0,1668.765625,0.0,0.0
1774369232.2952363,100.0,1668.765625,0.0,0.0
1774369232.4257689,100.0,1669.01171875,0.0,0.0
1774369232.5563915,100.0,1669.2578125,0.0,0.0
1774369232.6748261,100.0,1669.2578125,0.0,0.0
1774369232.8042316,100.0,1669.2578125,0.0,0.0
1774369232.935898,100.0,1669.2578125,0.0,0.0
1774369233.0666192,100.0,1669.2578125,0.0,0.0
1774369233.1971025,100.0,1669.26953125,0.0,0.0
1774369233.3151677,100.0,1669.26953125,0.0,0.0
1774369233.4574108,100.0,1675.76171875,0.0,0.0
1774369233.574243,28.2,1701.76171875,0.0,0.0
1774369233.690884,27.5,1724.0078125,0.0,0.0
1774369233.8079827,27.5,1748.0078125,0.0,0.0
1774369233.9253666,23.1,1765.921875,0.0,0.0
1774369234.0427756,27.5,1787.0703125,0.0,0.0
1774369234.1605506,29.3,1808.65625,0.0,0.0
1774369234.277944,27.5,1829.328125,0.0,0.0
1774369234.3953702,25.6,1850.91015625,0.0,0.0
1774369234.5128915,29.3,1872.453125,0.0,0.0
1774369234.6319153,25.6,1889.01171875,0.0,0.0
1774369234.750093,26.8,1908.69921875,0.0,0.0
1774369234.8684006,27.5,1929.2734375,0.0,0.0
1774369234.9867966,29.3,1948.8125,0.0,0.0
1774369235.1049602,27.5,1968.6328125,0.0,0.0
1774369235.223091,28.2,1988.5625,0.0,0.0
1774369235.3413215,29.3,2008.37109375,0.0,0.0
1774369235.4595048,27.5,2028.265625,0.0,0.0
1774369235.577637,26.3,2048.8984375,0.0,0.0
1774369235.6958985,28.2,2069.6328125,0.0,0.0
1774369235.814425,26.8,2088.46875,0.0,0.0
1774369235.9326491,26.8,2108.65234375,0.0,0.0
1774369236.0510194,29.3,2129.51953125,0.0,0.0
1774369236.1694906,29.3,2149.8203125,0.0,0.0
1774369236.2876759,25.6,2169.703125,0.0,0.0
1774369236.406105,30.0,2190.1328125,0.0,0.0
1774369236.524671,27.5,2210.76171875,0.0,0.0
1774369236.6433773,25.0,2228.1171875,0.0,0.0
1774369236.7616067,27.5,2247.8828125,0.0,0.0
1774369236.8801124,30.0,2267.14453125,0.0,0.0
1774369237.029981,78.0,2274.50390625,0.0,0.0
1774369237.1591249,100.0,2274.92578125,0.0,0.0
1774369237.2760186,58.5,1805.68359375,0.0,0.0
1774369237.3953528,27.5,1727.84765625,0.0,0.0
1774369237.5169027,25.0,1805.90625,0.0,0.0
1774369237.6385849,30.0,1875.078125,0.0,0.0
1774369237.7586796,29.3,1930.890625,0.0,0.0
1774369237.8811407,25.0,1986.4296875,0.0,0.0
1774369238.0035481,25.6,2043.56640625,0.0,0.0
1774369238.125993,30.0,2106.4921875,0.0,0.0
1774369238.2471993,27.5,2153.49609375,0.0,0.0
1774369238.3691714,26.8,2209.88671875,0.0,0.0
1774369238.582878,30.0,2270.26171875,0.0,0.0
1774369238.7775798,100.0,2275.046875,0.0,0.0
1774369238.9858325,100.0,2275.046875,0.0,0.0
1774369239.1773837,97.9,2275.43359375,0.0,0.0
1774369239.295053,82.5,2052.82421875,0.0,0.0
1774369239.4130485,30.0,1671.00390625,0.0,0.0
1774369239.530705,27.5,1670.76953125,0.0,0.0
1774369239.6487162,31.0,1671.015625,0.0,0.0
1774369239.7669,25.0,1671.015625,0.0,0.0
1774369239.884869,29.3,1671.015625,0.0,0.0
1774369240.0166516,48.7,1671.015625,0.0,0.0
1774369240.1482553,100.0,1670.92578125,0.0,0.0
1774369240.2793329,87.5,1670.92578125,0.0,0.0
1774369240.4108722,97.5,1670.92578125,0.0,0.0
1774369240.5417893,100.0,1670.92578125,0.0,0.0
1774369240.6648295,100.0,1670.92578125,0.0,0.0
1774369240.79769,84.6,1670.92578125,0.0,0.0
1774369240.9142025,100.0,1671.171875,0.0,0.0
1774369241.045672,100.0,1671.171875,0.0,0.0
1774369241.1920295,80.5,1671.171875,0.0,0.0
1774369241.3224618,100.0,1671.171875,0.0,0.0
1774369241.4525504,100.0,1671.171875,0.0,0.0
1774369241.5863528,69.2,1671.171875,0.0,0.0
1774369241.7168417,100.0,1671.171875,0.0,0.0
1774369241.8494964,100.0,1671.171875,0.0,0.0
1774369241.9826179,75.0,1671.171875,0.0,0.0
1774369242.1143734,95.3,1671.171875,0.0,0.0
1774369242.2457566,100.0,1671.171875,0.0,0.0
1774369242.3791394,76.9,1671.171875,0.0,0.0
1774369242.5015347,97.4,1671.171875,0.0,0.0
1774369242.634271,100.0,1671.171875,0.0,0.0
1774369242.7642608,76.9,1671.171875,0.0,0.0
1774369242.8966029,100.0,1671.171875,0.0,0.0
1774369243.0270298,100.0,1671.171875,0.0,0.0
1774369243.158507,90.0,1671.1640625,0.0,0.0
1774369243.291289,100.0,1671.41015625,0.0,0.0
1774369243.421305,100.0,1671.41015625,0.0,0.0
1774369243.5409446,92.5,1671.41015625,0.0,0.0
1774369243.6580074,92.7,1671.41015625,0.0,0.0
1774369243.7759979,41.5,1671.41015625,0.0,0.0
1774369243.893227,17.9,1671.56640625,4.984375,6.07421875
1774369244.0100517,19.5,1671.078125,8.7734375,0.0
1774369244.1275496,10.5,1671.109375,9.57421875,0.0
1774369244.2443664,17.1,1671.04296875,8.7734375,0.0
1774369244.361563,12.8,1671.046875,9.69921875,0.0
1774369244.4787767,17.5,1671.359375,8.7734375,0.0
1774369244.596035,12.8,1671.2265625,9.69921875,0.0
1774369244.7131815,15.4,1671.30859375,8.7734375,0.0
1774369244.8317993,15.4,1671.1640625,9.82421875,0.0
1774369244.949264,15.0,1671.25390625,8.8984375,0.0
1774369245.0666053,15.0,1670.98828125,9.4140625,0.0
1774369245.184114,15.4,1671.03125,9.18359375,0.0
1774369245.3014622,15.0,1671.15625,9.0859375,0.0
1774369245.418495,12.8,1671.07421875,9.26171875,0.0
1774369245.5356176,15.0,1670.8359375,8.9609375,0.0
1774369245.653571,17.1,1671.14453125,9.51171875,0.0
1774369245.7705557,13.2,1671.265625,8.7734375,0.0
1774369245.8876975,17.5,1671.203125,9.82421875,0.0
1774369246.005057,15.0,1671.109375,8.7734375,0.0
1774369246.122455,12.5,1671.02734375,9.69921875,0.0
1774369246.2392676,17.5,1670.19921875,8.7734375,0.0
1774369246.3568814,15.0,1670.46875,9.82421875,0.0
1774369246.4742887,15.0,1670.6328125,8.6484375,0.0
1774369246.59177,15.0,1670.6484375,9.82421875,0.0
1774369246.7087078,19.5,1670.89453125,8.6484375,0.0
1774369246.82604,19.5,1670.90625,9.69921875,0.0
1774369246.9427445,15.4,1671.08203125,8.8984375,0.0
1774369247.0601747,17.5,1670.71875,9.69921875,0.0
1774369247.177314,19.0,1670.7109375,8.7734375,0.0
1774369247.294501,16.7,1670.58203125,9.69921875,0.0
1774369247.411703,17.5,1670.65625,8.7734375,0.0
1774369247.5291238,13.2,1670.51953125,9.69921875,0.0
1774369247.6466417,15.0,1670.48046875,8.8984375,0.0
1774369247.7650676,20.5,1670.40234375,3.58984375,0.0
1774369247.8835676,27.5,1670.40234375,0.0,0.0
1774369248.000501,25.6,1670.40234375,1.359375,0.0
1774369248.1177433,14.6,1670.2890625,9.69921875,0.0
1774369248.2368157,19.0,1670.34375,7.1640625,0.0
1774369248.3543844,29.3,1721.328125,0.0,0.0
1774369248.47214,25.0,1771.328125,0.0,0.0
1774369248.5896153,28.2,1822.06640625,0.0,0.0
1774369248.7091205,28.2,1857.30859375,0.0,0.0
1774369248.831942,25.0,1894.94140625,0.0,0.0
1774369248.9511607,25.6,1934.43359375,0.0,0.0
1774369249.0696058,29.3,1972.3515625,0.0,0.0
1774369249.187741,27.5,1670.1796875,0.0,0.0
1774369249.3055708,27.5,1670.42578125,0.0,0.0
1774369249.4245577,28.2,1670.91796875,0.0,0.0
1774369249.5439723,27.5,1670.92578125,0.0,0.0
1774369249.6647227,25.0,1670.92578125,0.0,0.0
1774369249.7825499,27.5,1670.92578125,0.0,0.0
1774369249.9006722,27.5,1670.92578125,0.0,0.0
1774369250.0188363,25.0,1670.92578125,0.0,0.0
1774369250.1367726,27.5,1670.84375,0.0,0.0
1774369250.254287,28.2,1670.84375,0.0,0.0
1774369250.3723302,27.5,1670.84375,0.0,0.0
1774369250.4888165,25.0,1367.875,0.0,0.0
1774369250.6052566,29.3,1367.875,0.0,0.0
1774369250.7366004,95.0,1367.875,0.0,0.0
1774369250.8676465,100.0,1367.875,0.0,0.0
1774369250.9984562,100.0,1367.875,0.0,0.0
1774369251.1164737,100.0,1367.859375,0.0,0.0
1774369251.2418365,100.0,1367.859375,0.0,0.0
1774369251.3715525,100.0,1367.859375,0.0,0.0
1774369251.5071623,100.0,1367.859375,0.0,0.0
1774369251.6377313,100.0,1367.859375,0.0,0.0
1774369251.768126,100.0,1367.859375,0.0,0.0
1774369251.9000978,100.0,1367.859375,0.0,0.0
1774369252.030729,100.0,1367.859375,0.0,0.0
1774369252.1492074,100.0,1367.8671875,0.0,0.0
1774369252.2802012,100.0,1367.8671875,0.0,0.0
1774369252.4110348,100.0,1367.8671875,0.0,0.0
1774369252.538714,100.0,1367.625,0.0,0.0
1774369252.6678658,100.0,1367.625,0.0,0.0
1774369252.7860951,65.9,1390.11328125,0.0,0.0
1774369252.9039025,25.0,1414.11328125,0.0,0.0
1774369253.0209925,25.6,1438.11328125,0.0,0.0
1774369253.1376727,28.2,1462.359375,0.0,0.0
1774369253.256831,26.8,1486.359375,0.0,0.0
1774369253.3738937,25.0,1510.359375,0.0,0.0
1774369253.4909296,27.5,1534.359375,0.0,0.0
1774369253.608193,27.5,1558.359375,0.0,0.0
1774369253.7277114,25.6,1582.359375,0.0,0.0
1774369253.8448455,27.5,1606.60546875,0.0,0.0
1774369253.9632683,27.5,1630.60546875,0.0,0.0
1774369254.0807402,25.6,1654.60546875,0.0,0.0
1774369254.1977615,25.0,1678.60546875,0.0,0.0
1774369254.3147604,27.5,1702.60546875,0.0,0.0
1774369254.432044,29.3,1726.8515625,0.0,0.0
1774369254.550669,25.0,1744.17578125,0.0,0.0
1774369254.66899,28.2,1763.49609375,0.0,0.0
1774369254.7875469,27.5,1783.67578125,0.0,0.0
1774369254.9088101,25.0,1803.5234375,0.0,0.0
1774369255.0271518,25.0,1824.3515625,0.0,0.0
1774369255.1469536,31.0,1844.85546875,0.0,0.0
1774369255.2679017,27.5,1865.921875,0.0,0.0
1774369255.3862016,29.3,1885.5546875,0.0,0.0
1774369255.5045757,30.0,1906.0703125,0.0,0.0
1774369255.6230428,27.5,1926.64453125,0.0,0.0
1774369255.7415316,26.8,1946.3984375,0.0,0.0
1774369255.859898,31.0,1966.91796875,0.0,0.0
1774369256.0013907,92.5,1971.81640625,0.0,0.0
1774369256.1316433,100.0,1578.01171875,0.0,0.0
1774369256.2505627,31.6,1409.83203125,0.0,0.0
1774369256.369903,31.0,1510.078125,0.0,0.0
1774369256.4898155,26.8,1614.32421875,0.0,0.0
1774369256.6089418,25.6,1718.32421875,0.0,0.0
1774369256.7316778,31.7,1780.65234375,0.0,0.0
1774369256.8542526,29.3,1841.3359375,0.0,0.0
1774369256.9759572,26.8,1902.71875,0.0,0.0
1774369257.0985825,28.2,1960.75,0.0,0.0
1774369257.321951,97.6,1971.171875,0.0,0.0
1774369257.498181,97.5,1971.875,0.0,0.0
1774369257.691343,100.0,1971.875,0.0,0.0
1774369257.8178291,100.0,1972.3671875,0.0,0.0
1774369257.9355378,64.3,1452.125,0.0,0.0
1774369258.0542645,27.5,1367.77734375,0.0,0.0
1774369258.1729891,29.3,1367.734375,0.0,0.0
1774369258.2914264,27.5,1367.734375,0.0,0.0
1774369258.4100683,27.5,1367.734375,0.0,0.0
1774369258.554737,25.6,1367.734375,0.0,0.0
1774369258.684315,100.0,1367.734375,0.0,0.0
1774369258.8157022,100.0,1367.734375,0.0,0.0
1774369258.9510136,85.0,1367.98046875,0.0,0.0
1774369259.080529,100.0,1367.98046875,0.0,0.0
1774369259.2119048,100.0,1367.98046875,0.0,0.0
1774369259.3445852,82.1,1367.98046875,0.0,0.0
1774369259.4753468,100.0,1367.98046875,0.0,0.0
1774369259.6068172,100.0,1367.98046875,0.0,0.0
1774369259.757092,79.1,1367.98046875,0.0,0.0
1774369259.887229,100.0,1367.98046875,0.0,0.0
1774369260.0186043,100.0,1367.98046875,0.0,0.0
1774369260.138438,82.9,1367.98046875,0.0,0.0
1774369260.2674227,100.0,1367.98046875,0.0,0.0
1774369260.4017034,100.0,1367.98046875,0.0,0.0
1774369260.5354178,80.0,1367.984375,0.0,0.0
1774369260.670217,100.0,1367.984375,0.0,0.0
1774369260.7948854,100.0,1367.984375,0.0,0.0
1774369260.9241755,81.4,1367.984375,0.0,0.0
1774369261.0668445,97.5,1367.984375,0.0,0.0
1774369261.1975837,100.0,1367.984375,0.0,0.0
1774369261.3449397,74.4,1367.984375,0.0,0.0
1774369261.474505,92.3,1367.984375,0.0,0.0
1774369261.6042514,100.0,1367.984375,0.0,0.0
1774369261.7223873,79.5,1367.984375,0.0,0.0
1774369261.857207,95.2,1367.984375,0.0,0.0
1774369261.9873502,100.0,1367.984375,0.0,0.0
1774369262.1065621,95.0,1367.984375,0.0,0.0
1774369262.2323647,95.3,1367.984375,0.0,0.0
1774369262.3517828,34.1,1367.984375,0.0,0.0
1774369262.4690123,17.5,1368.0390625,6.07421875,6.07421875
1774369262.5861888,17.5,1368.42578125,9.05859375,0.0
1774369262.7035394,17.5,1368.58203125,9.1796875,0.0
1774369262.8209484,13.2,1368.4765625,9.29296875,0.0
1774369262.938289,17.1,1368.6328125,8.9609375,0.0
1774369263.0559592,15.0,1368.89453125,9.13671875,0.0
1774369263.1735172,17.1,1368.46484375,9.0859375,0.0
1774369263.2910175,15.4,1368.5234375,9.51171875,0.0
1774369263.4087398,16.7,1368.28125,8.7109375,0.0
1774369263.5262222,15.0,1368.6484375,9.63671875,0.0
1774369263.6433938,12.5,1368.46484375,8.8984375,0.0
1774369263.760686,17.1,1368.6484375,9.69921875,0.0
1774369263.8779628,19.5,1368.92578125,8.7734375,0.0
1774369263.9953327,15.0,1368.94921875,9.82421875,0.0
1774369264.11232,19.5,1369.11328125,8.7734375,0.0
1774369264.2298558,15.0,1369.12890625,9.69921875,0.0
1774369264.346947,15.4,1368.39453125,8.6484375,0.0
1774369264.4643507,12.8,1368.3359375,9.82421875,0.0
1774369264.581453,12.8,1368.3828125,8.7734375,0.0
1774369264.698933,12.8,1368.14453125,9.82421875,0.0
1774369264.8162506,12.8,1368.2109375,8.8984375,0.0
1774369264.9335763,15.4,1367.86328125,9.57421875,0.0
1774369265.0510375,12.8,1368.3046875,8.8984375,0.0
1774369265.1685283,14.6,1368.13671875,9.69921875,0.0
1774369265.2858539,15.4,1367.94140625,8.8984375,0.0
1774369265.4035885,19.0,1368.1875,9.5390625,0.0
1774369265.521186,15.0,1368.125,9.05859375,0.0
1774369265.6384616,15.0,1368.1328125,9.1796875,0.0
1774369265.7560499,15.0,1367.9375,9.41796875,0.0
1774369265.8734982,15.0,1368.05859375,8.8359375,0.0
1774369265.9907773,12.5,1368.23828125,9.88671875,0.0
1774369266.1079526,13.2,1368.5,8.6484375,0.0
1774369266.2254674,17.5,1368.3046875,9.57421875,0.0
1774369266.344574,22.5,1425.37890625,2.21484375,0.0
1774369266.4637365,29.3,1523.87109375,0.0,0.0
1774369266.5828202,27.5,1616.1171875,0.0,0.0
1774369266.700435,20.0,1672.1875,4.984375,0.0
1774369266.8175006,15.4,1672.140625,8.7734375,0.0
1774369266.9355261,20.0,1686.3046875,4.46484375,0.0
1774369267.054322,25.0,1740.3046875,0.0,0.0
1774369267.1742811,29.3,1774.42578125,0.0,0.0
1774369267.2944832,27.5,1812.27734375,0.0,0.0
1774369267.4147437,29.3,1846.94921875,0.0,0.0
1774369267.5348747,27.5,1882.375,0.0,0.0
1774369267.655019,27.5,1918.01171875,0.0,0.0
1774369267.774885,29.3,1954.1796875,0.0,0.0
1774369267.8948817,25.0,1752.48046875,0.0,0.0
1774369268.0129013,29.3,1379.4375,0.0,0.0
1774369268.1311831,28.2,1379.89453125,0.0,0.0
1774369268.2507367,27.5,1380.140625,0.0,0.0
1774369268.3691213,26.8,1386.6328125,0.0,0.0
1774369268.487074,31.0,1424.6328125,0.0,0.0
1774369268.605435,29.3,1462.87890625,0.0,0.0
1774369268.7235727,27.5,1500.87890625,0.0,0.0
1774369268.8415132,28.2,1538.87890625,0.0,0.0
1774369268.9598224,27.5,1577.125,0.0,0.0
1774369269.0783098,26.8,1615.125,0.0,0.0
1774369269.1962976,27.5,1655.125,0.0,0.0
1774369269.3133204,29.3,1679.125,0.0,0.0
1774369269.4300277,27.5,1679.125,0.0,0.0
1774369269.5463092,69.2,1679.37109375,0.0,0.0
1774369269.6761553,97.4,1679.6171875,0.0,0.0
1774369269.798885,100.0,1679.6171875,0.0,0.0
1774369269.929795,100.0,1679.6171875,0.0,0.0
1774369270.056002,100.0,1679.6171875,0.0,0.0
1774369270.1847942,100.0,1679.6171875,0.0,0.0
1774369270.3136575,100.0,1679.6171875,0.0,0.0
1774369270.4429514,100.0,1679.6171875,0.0,0.0
1774369270.5723293,100.0,1679.6171875,0.0,0.0
1774369270.701275,100.0,1679.6171875,0.0,0.0
1774369270.830388,100.0,1679.6171875,0.0,0.0
1774369270.9594169,100.0,1679.6171875,0.0,0.0
1774369271.0880842,100.0,1679.6171875,0.0,0.0
1774369271.216752,100.0,1679.6171875,0.0,0.0
1774369271.3456035,100.0,1679.6171875,0.0,0.0
1774369271.4703665,100.0,1679.6171875,0.0,0.0
1774369271.5987358,100.0,1679.6171875,0.0,0.0
1774369271.7150009,31.0,1679.6171875,0.0,0.0
1774369271.831742,25.0,1679.62109375,0.0,0.0
1774369271.9485147,27.5,1679.62109375,0.0,0.0
1774369272.065588,25.6,1679.62109375,0.0,0.0
1774369272.1827343,25.0,1679.62109375,0.0,0.0
1774369272.2994072,25.6,1679.62109375,0.0,0.0
1774369272.4165568,30.0,1679.62109375,0.0,0.0
1774369272.5334516,25.6,1679.62109375,0.0,0.0
1774369272.6501558,26.8,1679.62109375,0.0,0.0
1774369272.766724,27.5,1679.62109375,0.0,0.0
1774369272.8835175,27.5,1679.62109375,0.0,0.0
1774369273.0001576,25.0,1679.62109375,0.0,0.0
1774369273.1168458,27.5,1679.62109375,0.0,0.0
1774369273.2336576,27.5,1679.62109375,0.0,0.0
1774369273.350603,26.8,1679.62109375,0.0,0.0
1774369273.4681401,26.8,1679.62109375,0.0,0.0
1774369273.628238,100.0,1679.62109375,0.0,0.0
1774369273.760537,100.0,1679.62109375,0.0,0.0
1774369273.8789363,25.0,1679.62109375,0.0,0.0
1774369273.9974184,30.0,1679.62109375,0.0,0.0
1774369274.1161494,29.3,1679.62109375,0.0,0.0
1774369274.2345097,25.0,1679.62109375,0.0,0.0
1774369274.4379122,92.9,1679.62109375,0.0,0.0
1774369274.6996093,98.0,1679.62109375,0.0,0.0
1774369274.9010434,95.2,1680.11328125,0.0,0.0
1774369275.0267608,77.5,1680.11328125,0.0,0.0
1774369275.1446168,38.1,1680.37109375,0.0,0.0
1774369275.262493,26.8,1680.37109375,0.0,0.0
1774369275.3803256,29.3,1680.37109375,0.0,0.0
1774369275.4974568,25.6,1680.37109375,0.0,0.0
1774369275.630989,35.0,1680.37109375,0.0,0.0
1774369275.774298,100.0,1680.37109375,0.0,0.0
1774369275.8935342,92.7,1680.37109375,0.0,0.0
1774369276.0260744,92.5,1680.37109375,0.0,0.0
1774369276.1553774,100.0,1680.37109375,0.0,0.0
1774369276.2830715,100.0,1680.37109375,0.0,0.0
1774369276.4164145,81.0,1680.37109375,0.0,0.0
1774369276.54628,100.0,1680.37109375,0.0,0.0
1774369276.677786,100.0,1680.6171875,0.0,0.0
1774369276.8090885,77.5,1680.6171875,0.0,0.0
1774369276.938293,100.0,1680.6171875,0.0,0.0
1774369277.069606,100.0,1680.6171875,0.0,0.0
1774369277.2032216,80.0,1680.6171875,0.0,0.0
1774369277.343501,100.0,1680.6171875,0.0,0.0
1774369277.4732952,100.0,1680.86328125,0.0,0.0
1774369277.6242633,80.0,1680.86328125,0.0,0.0
1774369277.755038,95.1,1680.86328125,0.0,0.0
1774369277.8857214,100.0,1680.86328125,0.0,0.0
1774369278.0170019,77.5,1680.86328125,0.0,0.0
1774369278.1451216,92.3,1680.86328125,0.0,0.0
1774369278.2753618,100.0,1680.86328125,0.0,0.0
1774369278.3939106,94.9,1680.85546875,0.0,0.0
1774369278.5280817,89.5,1680.85546875,0.0,0.0
1774369278.6581776,100.0,1680.85546875,0.0,0.0
1774369278.7896302,100.0,1680.85546875,0.0,0.0
1774369278.9238706,84.6,1680.85546875,0.0,0.0
1774369279.0523984,100.0,1680.85546875,0.0,0.0
1774369279.18375,100.0,1680.85546875,0.0,0.0
1774369279.315735,82.9,1680.85546875,0.0,0.0
1774369279.4345045,43.9,1680.85546875,0.0,0.0
1774369279.5518966,25.0,1680.9921875,3.859375,6.07421875
1774369279.6701667,17.5,1680.3046875,8.8984375,0.0
1774369279.7876947,15.4,1681.43359375,9.69921875,0.0
1774369279.904707,14.6,1680.33984375,8.7734375,0.0
1774369280.0219312,15.0,1680.15234375,9.69921875,0.0
1774369280.13888,16.7,1680.43359375,8.8984375,0.0
1774369280.2560885,14.6,1681.16796875,9.57421875,0.0
1774369280.372874,17.9,1681.1875,8.7734375,0.0
1774369280.4903119,15.4,1681.7109375,9.69921875,0.0
1774369280.6096358,15.0,1681.609375,9.1484375,0.0
1774369280.726865,15.0,1681.890625,9.57421875,0.0
1774369280.8453853,15.4,1682.03515625,9.0234375,0.0
1774369280.9626544,15.4,1682.5625,9.69921875,0.0
1774369281.0799391,17.1,1682.55078125,8.8984375,0.0
1774369281.19719,12.8,1683.12890625,9.4140625,0.0
1774369281.3146439,17.1,1684.12109375,8.80859375,0.0
1774369281.431766,12.5,1684.0859375,9.4140625,0.0
1774369281.5490692,15.4,1684.5625,9.18359375,0.0
1774369281.666453,15.0,1684.51953125,9.0546875,0.0
1774369281.7840307,16.7,1684.2109375,9.41796875,0.0
1774369281.9013646,12.8,1684.33203125,8.8359375,0.0
1774369282.0188313,15.0,1684.39453125,9.76171875,0.0
1774369282.1363318,15.4,1684.390625,8.7734375,0.0
1774369282.2537594,15.0,1684.203125,9.69921875,0.0
1774369282.370819,17.1,1684.34765625,8.7734375,0.0
1774369282.4883866,19.5,1684.140625,9.69921875,0.0
1774369282.6053,15.0,1684.17578125,8.7734375,0.0
1774369282.7226467,15.4,1684.3203125,9.69921875,0.0
1774369282.8399043,21.4,1684.1171875,8.7734375,0.0
1774369282.9573696,12.8,1684.1328125,9.82421875,0.0
1774369283.074366,17.5,1684.3046875,8.7734375,0.0
1774369283.192119,17.1,1684.31640625,9.69921875,0.0
1774369283.3108664,15.4,1684.87109375,9.0234375,0.0
1774369283.4304283,19.5,1684.9609375,4.08984375,0.0
1774369283.5490258,31.7,1685.0,0.0,0.0
1774369283.6659887,27.5,1685.00390625,1.109375,0.0
1774369283.7833414,15.0,1684.890625,9.69921875,0.0
1774369283.9032674,20.0,1684.8984375,7.4140625,0.0
1774369284.0217915,28.2,1709.29296875,0.0,0.0
1774369284.1421163,25.6,1742.2734375,0.0,0.0
1774369284.261732,28.2,1778.5546875,0.0,0.0
1774369284.381416,26.3,1811.53125,0.0,0.0
1774369284.5011282,25.6,1848.76171875,0.0,0.0
1774369284.6207755,27.5,1884.40234375,0.0,0.0
1774369284.7406561,28.2,1921.11328125,0.0,0.0
1774369284.860339,27.5,1955.76953125,0.0,0.0
1774369284.9787867,25.0,1980.01953125,0.0,0.0
1774369285.096519,29.3,1679.1484375,0.0,0.0
1774369285.2145147,28.6,1679.640625,0.0,0.0
1774369285.3340182,33.3,1680.64453125,0.0,0.0
1774369285.4533763,52.5,1681.44140625,0.0,0.0
1774369285.5718412,33.3,1682.1484375,0.0,0.0
1774369285.6902094,25.0,1682.140625,0.0,0.0
1774369285.8083825,29.3,1682.38671875,0.0,0.0
1774369285.9266841,26.3,1682.38671875,0.0,0.0
1774369286.0450733,29.3,1682.6328125,0.0,0.0
1774369286.1632257,25.0,1682.64453125,0.0,0.0
1774369286.2814527,29.3,1682.64453125,0.0,0.0
1774369286.3986537,25.6,1382.4609375,0.0,0.0
1774369286.5156603,27.5,1382.4609375,0.0,0.0
1774369286.641353,87.5,1382.4609375,0.0,0.0
1774369286.7671978,100.0,1382.70703125,0.0,0.0
1774369286.8966298,100.0,1382.70703125,0.0,0.0
1774369287.027247,100.0,1382.6796875,0.0,0.0
1774369287.1502883,100.0,1382.67578125,0.0,0.0
1774369287.2815397,100.0,1382.67578125,0.0,0.0
1774369287.412339,100.0,1382.67578125,0.0,0.0
1774369287.5440378,100.0,1382.67578125,0.0,0.0
1774369287.6748254,100.0,1382.67578125,0.0,0.0
1774369287.805701,100.0,1382.67578125,0.0,0.0
1774369287.939913,100.0,1382.67578125,0.0,0.0
1774369288.0652814,100.0,1382.66796875,0.0,0.0
1774369288.195859,100.0,1382.66015625,0.0,0.0
1774369288.3265407,100.0,1382.66015625,0.0,0.0
1774369288.4487202,100.0,1382.66015625,0.0,0.0
1774369288.5762064,100.0,1382.66015625,0.0,0.0
1774369288.6936367,85.0,1398.90625,0.0,0.0
1774369288.8117006,27.5,1422.90625,0.0,0.0
1774369288.9294996,25.0,1447.15234375,0.0,0.0
1774369289.0472193,27.5,1469.15234375,0.0,0.0
1774369289.165135,27.5,1493.14453125,0.0,0.0
1774369289.282887,25.0,1517.14453125,0.0,0.0
1774369289.4006965,27.5,1543.14453125,0.0,0.0
1774369289.5182843,25.6,1567.390625,0.0,0.0
1774369289.6360877,25.6,1591.390625,0.0,0.0
1774369289.7534983,25.0,1615.390625,0.0,0.0
1774369289.8707035,29.3,1639.390625,0.0,0.0
1774369289.9886162,29.3,1663.390625,0.0,0.0
1774369290.1064353,26.8,1687.63671875,0.0,0.0
1774369290.2239716,25.6,1711.63671875,0.0,0.0
1774369290.3417556,29.3,1733.63671875,0.0,0.0
1774369290.4598851,25.6,1759.63671875,0.0,0.0
1774369290.5787935,27.5,1773.71484375,0.0,0.0
1774369290.6979568,27.5,1794.0703125,0.0,0.0
1774369290.817228,27.5,1815.31640625,0.0,0.0
1774369290.9363718,27.5,1835.26171875,0.0,0.0
1774369291.0553715,27.5,1856.6484375,0.0,0.0
1774369291.1747687,27.5,1876.765625,0.0,0.0
1774369291.2938817,26.8,1897.0390625,0.0,0.0
1774369291.4129229,27.5,1917.62109375,0.0,0.0
1774369291.5321405,27.5,1938.39453125,0.0,0.0
1774369291.6516802,25.6,1959.19921875,0.0,0.0
1774369291.7705512,26.8,1979.91015625,0.0,0.0
1774369291.9125776,88.1,1985.67578125,0.0,0.0
1774369292.0441618,100.0,1986.16796875,0.0,0.0
1774369292.1637866,45.0,1410.328125,0.0,0.0
1774369292.2835772,29.3,1516.328125,0.0,0.0
1774369292.4036415,28.2,1624.328125,0.0,0.0
1774369292.5235524,26.8,1732.328125,0.0,0.0
1774369292.6460812,28.2,1797.71875,0.0,0.0
1774369292.7697945,29.3,1858.796875,0.0,0.0
1774369292.893408,25.0,1921.4609375,0.0,0.0
1774369293.1243143,26.8,1983.27734375,0.0,0.0
1774369293.3339257,100.0,1985.23828125,0.0,0.0
1774369293.5070114,100.0,1985.73046875,0.0,0.0
1774369293.6614513,100.0,1986.21484375,0.0,0.0
1774369293.8024154,95.3,1986.21484375,0.0,0.0
1774369293.921286,36.6,1380.1796875,0.0,0.0
1774369294.0402813,26.8,1380.18359375,0.0,0.0
1774369294.1592112,30.0,1380.109375,0.0,0.0
1774369294.2785103,27.5,1380.109375,0.0,0.0
1774369294.3980436,26.8,1380.109375,0.0,0.0
1774369294.5229857,63.4,1380.109375,0.0,0.0
1774369294.6400578,100.0,1380.109375,0.0,0.0
1774369294.7619724,100.0,1380.109375,0.0,0.0
1774369294.8969297,89.7,1380.109375,0.0,0.0
1774369295.0268002,100.0,1380.109375,0.0,0.0
1774369295.158849,100.0,1380.109375,0.0,0.0
1774369295.2931437,81.0,1380.109375,0.0,0.0
1774369295.4242527,100.0,1380.109375,0.0,0.0
1774369295.5525842,100.0,1380.109375,0.0,0.0
1774369295.6891997,82.9,1380.109375,0.0,0.0
1774369295.823738,100.0,1380.109375,0.0,0.0
1774369295.9606066,100.0,1380.109375,0.0,0.0
1774369296.0953853,80.0,1380.109375,0.0,0.0
1774369296.2145827,100.0,1380.109375,0.0,0.0
1774369296.34665,100.0,1380.109375,0.0,0.0
1774369296.4809878,78.0,1380.109375,0.0,0.0
1774369296.6071973,97.5,1380.109375,0.0,0.0
1774369296.729786,100.0,1380.109375,0.0,0.0
1774369296.8587618,85.0,1380.109375,0.0,0.0
1774369296.986806,95.2,1380.109375,0.0,0.0
1774369297.1165786,100.0,1379.6171875,0.0,0.0
1774369297.2485988,100.0,1379.6171875,0.0,0.0
1774369297.387109,87.8,1379.6171875,0.0,0.0
1774369297.5187752,100.0,1379.86328125,0.0,0.0
1774369297.6511178,100.0,1379.86328125,0.0,0.0
1774369297.7843728,85.0,1379.86328125,0.0,0.0
1774369297.9139774,100.0,1379.86328125,0.0,0.0
1774369298.0455503,100.0,1379.86328125,0.0,0.0
1774369298.1777158,75.0,1379.86328125,0.0,0.0
1774369298.2947638,53.8,1379.86328125,0.0,0.0
1774369298.4147475,28.6,1379.8515625,2.484375,6.07421875
1774369298.5326595,19.0,1379.79296875,9.57421875,0.0
1774369298.650394,17.5,1379.765625,8.8984375,0.0
1774369298.7685509,17.1,1379.8515625,9.4140625,0.0
1774369298.8863046,12.5,1379.7890625,9.30859375,0.0
1774369299.0040882,19.0,1379.78125,8.9609375,0.0
1774369299.122044,15.0,1379.78515625,9.63671875,0.0
1774369299.2402632,12.5,1379.8125,8.5859375,0.0
1774369299.3580706,12.8,1379.37109375,9.76171875,0.0
1774369299.475554,22.0,1379.03515625,8.7734375,0.0
1774369299.5934463,13.2,1379.421875,9.82421875,0.0
1774369299.7107592,14.6,1379.453125,8.6484375,0.0
1774369299.8285065,15.0,1379.47265625,9.82421875,0.0
1774369299.94613,13.2,1379.5,8.7734375,0.0
1774369300.0639484,12.8,1379.16015625,9.69921875,0.0
1774369300.1813242,17.9,1378.9375,8.8984375,0.0
1774369300.2992887,13.2,1378.90625,9.82421875,0.0
1774369300.4182596,14.6,1378.95703125,9.0234375,0.0
1774369300.5360918,15.0,1379.19921875,9.69921875,0.0
1774369300.653743,15.8,1379.40234375,8.8984375,0.0
1774369300.7717998,17.5,1379.0078125,9.7890625,0.0
1774369300.8896198,14.6,1379.1015625,8.93359375,0.0
1774369301.0073395,15.0,1379.42578125,9.2890625,0.0
1774369301.125435,15.4,1379.26171875,9.30859375,0.0
1774369301.2430317,19.0,1379.265625,8.9609375,0.0
1774369301.3607607,17.1,1379.2578125,9.76171875,0.0
1774369301.4785738,17.5,1378.9453125,8.7734375,0.0
1774369301.5968964,16.7,1378.75390625,9.69921875,0.0
1774369301.7144456,13.2,1378.41796875,8.8984375,0.0
1774369301.832298,19.5,1378.69140625,9.69921875,0.0
1774369301.9499018,17.5,1378.60546875,8.8984375,0.0
1774369302.0677655,14.6,1379.48046875,9.82421875,0.0
1774369302.1850252,20.9,1379.78125,8.7734375,0.0
1774369302.3045864,24.4,1417.56640625,4.58984375,0.0
1774369302.4238687,25.0,1513.8125,0.0,0.0
1774369302.5433252,27.5,1606.3046875,0.0,0.0
1774369302.6614556,23.1,1685.04296875,2.609375,0.0
1774369302.7799244,10.5,1684.91015625,9.5390625,0.0
1774369302.8980064,17.5,1689.765625,6.07421875,0.0
1774369303.037344,28.2,1742.01171875,0.0,0.0
1774369303.1576927,33.3,1787.8125,0.0,0.0
1774369303.278177,27.5,1825.14453125,0.0,0.0
1774369303.4036505,29.3,1861.30859375,0.0,0.0
1774369303.5244517,28.2,1897.84375,0.0,0.0
1774369303.6456509,28.2,1935.96484375,0.0,0.0
1774369303.766409,26.8,1972.33203125,0.0,0.0
1774369303.8850393,30.0,1603.33984375,0.0,0.0
1774369304.0034037,28.2,1381.828125,0.0,0.0
1774369304.121857,25.0,1381.5859375,0.0,0.0
1774369304.2414296,27.5,1381.5859375,0.0,0.0
1774369304.3596153,27.5,1381.5859375,0.0,0.0
1774369304.478511,25.0,1417.83203125,0.0,0.0
1774369304.5970275,29.3,1457.83203125,0.0,0.0
1774369304.7153904,25.6,1495.83203125,0.0,0.0
1774369304.8339229,29.3,1533.83203125,0.0,0.0
1774369304.952513,25.6,1574.078125,0.0,0.0
1774369305.0707793,28.2,1612.078125,0.0,0.0
1774369305.1892235,27.5,1650.078125,0.0,0.0
1774369305.3064,25.0,1684.30859375,0.0,0.0
1774369305.4232965,25.0,1684.3125,0.0,0.0
1774369305.55267,47.5,1684.55859375,0.0,0.0
1774369305.6819751,100.0,1684.31640625,0.0,0.0
1774369305.8111193,100.0,1684.31640625,0.0,0.0
1774369305.9320443,100.0,1684.5625,0.0,0.0
1774369306.0612392,100.0,1684.5625,0.0,0.0
1774369306.190412,100.0,1684.56640625,0.0,0.0
1774369306.3196068,100.0,1684.56640625,0.0,0.0
1774369306.4521317,100.0,1684.56640625,0.0,0.0
1774369306.5812097,100.0,1684.56640625,0.0,0.0
1774369306.7102478,100.0,1684.56640625,0.0,0.0
1774369306.8396294,100.0,1684.56640625,0.0,0.0
1774369306.9686522,100.0,1684.56640625,0.0,0.0
1774369307.0937345,100.0,1684.56640625,0.0,0.0
1774369307.2190537,100.0,1684.8125,0.0,0.0
1774369307.3436477,100.0,1684.8125,0.0,0.0
1774369307.4860065,100.0,1684.8125,0.0,0.0
1774369307.6190183,100.0,1684.8125,0.0,0.0
1774369307.7369554,95.2,1684.8125,0.0,0.0
1774369307.8542254,25.0,1684.8125,0.0,0.0
1774369307.97129,29.3,1684.8125,0.0,0.0
1774369308.0887818,27.5,1684.8125,0.0,0.0
1774369308.2060976,25.0,1684.8125,0.0,0.0
1774369308.3233945,25.6,1684.8125,0.0,0.0
1774369308.442885,25.6,1684.8125,0.0,0.0
1774369308.5603945,26.8,1684.8125,0.0,0.0
1774369308.6776342,25.6,1684.8125,0.0,0.0
1774369308.795048,27.5,1684.8125,0.0,0.0
1774369308.9123533,29.3,1684.5703125,0.0,0.0
1774369309.0296288,25.0,1684.56640625,0.0,0.0
1774369309.1469226,27.5,1684.56640625,0.0,0.0
1774369309.264368,29.3,1684.56640625,0.0,0.0
1774369309.3816147,25.6,1684.56640625,0.0,0.0
1774369309.4988465,28.2,1684.56640625,0.0,0.0
1774369309.616306,27.5,1684.56640625,0.0,0.0
1774369309.733838,25.0,1684.56640625,0.0,0.0
1774369309.8510566,25.0,1684.56640625,0.0,0.0
1774369309.9686763,29.3,1684.56640625,0.0,0.0
1774369310.0861232,25.6,1684.56640625,0.0,0.0
1774369310.2033486,25.0,1684.56640625,0.0,0.0
1774369310.320654,27.5,1684.56640625,0.0,0.0
1774369310.4380374,25.6,1684.56640625,0.0,0.0
1774369310.5744784,76.3,1684.56640625,0.0,0.0
1774369310.7018209,100.0,1684.56640625,0.0,0.0
1774369310.8213673,65.9,1684.56640625,0.0,0.0
1774369310.941054,29.3,1684.56640625,0.0,0.0
1774369311.0601985,25.6,1684.56640625,0.0,0.0
1774369311.1793442,30.0,1684.56640625,0.0,0.0
1774369311.4427912,27.5,1684.56640625,0.0,0.0
1774369311.6270332,100.0,1684.56640625,0.0,0.0
1774369311.8656864,95.2,1684.56640625,0.0,0.0
1774369312.032248,100.0,1684.8125,0.0,0.0
1774369312.1500208,57.5,1684.8359375,0.0,0.0
1774369312.2697392,25.0,1684.8359375,0.0,0.0
1774369312.3893144,25.0,1684.8359375,0.0,0.0
1774369312.5079558,28.2,1684.8359375,0.0,0.0
1774369312.632783,27.5,1684.8359375,0.0,0.0
1774369312.7632382,80.5,1684.59375,0.0,0.0
1774369312.8945372,100.0,1685.0859375,0.0,0.0
1774369313.0282984,79.1,1685.08203125,0.0,0.0
1774369313.1594172,97.5,1685.08203125,0.0,0.0
1774369313.2893267,100.0,1685.08203125,0.0,0.0
1774369313.4257534,80.0,1685.08203125,0.0,0.0
1774369313.5588133,95.1,1685.08203125,0.0,0.0
1774369313.6929233,100.0,1685.328125,0.0,0.0
1774369313.8371139,76.9,1685.328125,0.0,0.0
1774369313.9680064,94.9,1685.328125,0.0,0.0
1774369314.0989752,100.0,1685.328125,0.0,0.0
1774369314.2317295,82.9,1685.328125,0.0,0.0
1774369314.3666577,94.9,1685.328125,0.0,0.0
1774369314.4852982,100.0,1685.328125,0.0,0.0
1774369314.6049504,92.5,1685.328125,0.0,0.0
1774369314.7543042,89.7,1685.328125,0.0,0.0
1774369314.8842545,100.0,1685.328125,0.0,0.0
1774369315.008024,100.0,1685.328125,0.0,0.0
1774369315.1391811,81.0,1685.328125,0.0,0.0
1774369315.2703757,100.0,1685.328125,0.0,0.0
1774369315.4020772,100.0,1685.328125,0.0,0.0
1774369315.540708,78.6,1685.328125,0.0,0.0
1774369315.676709,100.0,1685.328125,0.0,0.0
1774369315.808941,100.0,1685.328125,0.0,0.0
1774369315.9538782,77.5,1685.328125,0.0,0.0
1774369316.0709505,100.0,1685.328125,0.0,0.0
1774369316.2011564,100.0,1685.33203125,0.0,0.0
1774369316.3305101,74.4,1685.33203125,0.0,0.0
1774369316.4473333,78.6,1685.33203125,0.0,0.0
1774369316.5653017,26.8,1685.33203125,0.0,0.6484375
1774369316.682826,19.5,1685.51953125,6.12109375,5.42578125
1774369316.8007705,17.1,1685.4140625,9.63671875,0.0
1774369316.9185643,12.8,1685.328125,8.5859375,0.0
1774369317.036309,19.5,1685.2890625,9.76171875,0.0
1774369317.1541142,19.5,1684.3515625,8.7734375,0.0
1774369317.2719483,17.5,1684.42578125,9.82421875,0.0
1774369317.3896027,14.6,1684.46484375,8.7734375,0.0
1774369317.5072129,19.5,1684.71484375,9.82421875,0.0
1774369317.6247802,13.2,1684.6328125,8.7734375,0.0
1774369317.7424278,12.8,1684.6484375,9.82421875,0.0
1774369317.85971,17.5,1684.69921875,8.8984375,0.0
1774369317.9777348,12.8,1684.703125,9.69921875,0.0
1774369318.0957835,16.7,1684.6484375,8.8984375,0.0
1774369318.2134404,15.0,1684.515625,9.82421875,0.0
1774369318.331531,19.5,1684.47265625,8.8984375,0.0
1774369318.449415,13.2,1684.4453125,9.6640625,0.0
1774369318.5670216,19.0,1684.48828125,8.93359375,0.0
1774369318.6845553,19.5,1684.734375,9.2890625,0.0
1774369318.8024166,17.1,1684.3671875,9.18359375,0.0
1774369318.919945,12.5,1684.609375,9.0859375,0.0
1774369319.037782,17.1,1684.7890625,9.63671875,0.0
1774369319.1556313,17.1,1684.50390625,8.5859375,0.0
1774369319.2740798,10.5,1684.68359375,9.76171875,0.0
1774369319.3917184,17.1,1684.6796875,8.8984375,0.0
1774369319.5091517,19.0,1684.5703125,9.69921875,0.0
1774369319.6267638,20.5,1684.58203125,8.6484375,0.0
1774369319.7446232,12.5,1684.484375,9.69921875,0.0
1774369319.8616683,19.5,1684.4140625,8.5234375,0.0
1774369319.9796696,17.1,1684.53125,9.69921875,0.0
1774369320.0971534,12.8,1684.78125,8.6484375,0.0
1774369320.2149055,10.5,1684.83203125,9.69921875,0.0
1774369320.3324912,19.5,1684.99609375,8.8984375,0.0
1774369320.4505641,12.8,1685.6328125,9.69921875,0.0
1774369320.569624,24.4,1685.859375,1.33984375,0.0
1774369320.6884341,31.0,1685.859375,0.0,0.0
1774369320.8093588,23.8,1686.4296875,4.859375,0.0
1774369320.928056,15.4,1687.37890625,8.8984375,0.0
1774369321.0486338,25.0,1692.51171875,4.46484375,0.0
1774369321.1692421,27.5,1727.3203125,0.0,0.0
1774369321.2897832,28.6,1764.17578125,0.0,0.0
1774369321.410104,25.6,1801.46484375,0.0,0.0
1774369321.5305936,30.0,1837.97265625,0.0,0.0
1774369321.6513143,30.0,1873.08984375,0.0,0.0
1774369321.7717083,25.6,1910.1640625,0.0,0.0
1774369321.892024,30.0,1950.35546875,0.0,0.0
1774369322.012262,30.8,1981.90625,0.0,0.0
1774369322.1303625,25.0,1684.77734375,0.0,0.0
1774369322.2485092,25.6,1684.78515625,0.0,0.0
1774369322.3683698,27.5,1685.27734375,0.0,0.0
1774369322.4908617,25.0,1685.27734375,0.0,0.0
1774369322.6091678,26.8,1685.27734375,0.0,0.0
1774369322.7271824,31.0,1685.27734375,0.0,0.0
1774369322.8457134,27.5,1685.27734375,0.0,0.0
1774369322.9639885,25.6,1685.27734375,0.0,0.0
1774369323.0821743,28.2,1685.234375,0.0,0.0
1774369323.2007844,29.3,1685.234375,0.0,0.0
1774369323.319372,25.0,1685.2421875,0.0,0.0
1774369323.4365597,27.5,1381.546875,0.0,0.0
1774369323.55373,28.2,1381.546875,0.0,0.0
1774369323.6799781,82.5,1381.546875,0.0,0.0
1774369323.8091094,100.0,1381.546875,0.0,0.0
1774369323.9352236,100.0,1381.546875,0.0,0.0
1774369324.0581117,100.0,1381.546875,0.0,0.0
1774369324.1893694,100.0,1381.03515625,0.0,0.0
1774369324.3250048,100.0,1381.28125,0.0,0.0
1774369324.4519682,100.0,1381.28125,0.0,0.0
1774369324.5741713,100.0,1381.28125,0.0,0.0
1774369324.6978662,100.0,1381.28125,0.0,0.0
1774369324.8287585,100.0,1381.28125,0.0,0.0
1774369324.9598489,100.0,1381.28125,0.0,0.0
1774369325.0872445,100.0,1381.51953125,0.0,0.0
1774369325.215408,100.0,1381.27734375,0.0,0.0
1774369325.3502386,100.0,1381.27734375,0.0,0.0
1774369325.4735715,100.0,1381.27734375,0.0,0.0
1774369325.5993087,100.0,1385.765625,0.0,0.0
1774369325.716668,35.9,1410.01171875,0.0,0.0
1774369325.8340003,29.3,1434.01171875,0.0,0.0
1774369325.9517732,27.5,1458.2578125,0.0,0.0
1774369326.069358,23.1,1482.26171875,0.0,0.0
1774369326.1869822,29.3,1506.26171875,0.0,0.0
1774369326.3046198,29.3,1530.26171875,0.0,0.0
1774369326.4221957,25.6,1554.26171875,0.0,0.0
1774369326.5396998,25.6,1578.5078125,0.0,0.0
1774369326.6572785,27.5,1602.5078125,0.0,0.0
1774369326.7747774,25.6,1626.5078125,0.0,0.0
1774369326.8921714,26.8,1650.5078125,0.0,0.0
1774369327.0095093,27.5,1674.5078125,0.0,0.0
1774369327.127399,27.5,1698.75390625,0.0,0.0
1774369327.2449832,26.8,1723.0,0.0,0.0
1774369327.3626323,27.5,1747.0,0.0,0.0
1774369327.4811814,29.3,1763.62890625,0.0,0.0
1774369327.600414,25.6,1783.4921875,0.0,0.0
1774369327.7206957,27.5,1801.83984375,0.0,0.0
1774369327.8398557,27.5,1821.546875,0.0,0.0
1774369327.960002,25.6,1839.90234375,0.0,0.0
1774369328.0790899,26.8,1859.24609375,0.0,0.0
1774369328.197623,29.3,1879.859375,0.0,0.0
1774369328.3180447,27.5,1898.27734375,0.0,0.0
1774369328.438312,25.0,1917.47265625,0.0,0.0
1774369328.557403,27.5,1937.44921875,0.0,0.0
1774369328.6765878,28.2,1956.609375,0.0,0.0
1774369328.7955456,27.5,1976.52734375,0.0,0.0
1774369328.939209,72.5,1985.390625,0.0,0.0
1774369329.073494,100.0,1985.578125,0.0,0.0
1774369329.193029,63.4,1393.25390625,0.0,0.0
1774369329.3125198,27.5,1497.5,0.0,0.0
1774369329.4370089,30.0,1600.23828125,0.0,0.0
1774369329.556992,27.5,1708.484375,0.0,0.0
1774369329.6791155,30.0,1806.515625,0.0,0.0
1774369329.80188,25.0,1863.81640625,0.0,0.0
1774369329.9249105,31.7,1922.921875,0.0,0.0
1774369330.1432362,30.0,1984.484375,0.0,0.0
1774369330.3750446,100.0,1985.5859375,0.0,0.0
1774369330.6028428,100.0,1985.5859375,0.0,0.0
1774369330.7683969,95.3,1985.83203125,0.0,0.0
1774369330.8882825,65.0,1379.5625,0.0,0.0
1774369331.0067596,25.6,1379.078125,0.0,0.0
1774369331.124927,30.2,1379.015625,0.0,0.0
1774369331.2431076,29.3,1379.015625,0.0,0.0
1774369331.3619297,29.3,1379.5078125,0.0,0.0
1774369331.4957268,43.6,1379.5078125,0.0,0.0
1774369331.613467,100.0,1379.5078125,0.0,0.0
1774369331.745551,100.0,1379.5078125,0.0,0.0
1774369331.887776,82.5,1379.5078125,0.0,0.0
1774369332.0182564,100.0,1379.5078125,0.0,0.0
1774369332.1503286,100.0,1379.51171875,0.0,0.0
1774369332.2817013,76.7,1379.51171875,0.0,0.0
1774369332.4116135,100.0,1379.51171875,0.0,0.0
1774369332.5301483,100.0,1379.51171875,0.0,0.0
1774369332.6623008,80.0,1379.51171875,0.0,0.0
1774369332.7929692,95.2,1379.51171875,0.0,0.0
1774369332.9097037,100.0,1379.51171875,0.0,0.0
1774369333.0289347,100.0,1379.51171875,0.0,0.0
1774369333.176264,87.2,1379.5234375,0.0,0.0
1774369333.3077185,100.0,1379.5234375,0.0,0.0
1774369333.4303997,100.0,1379.5234375,0.0,0.0
1774369333.5656567,84.6,1379.5234375,0.0,0.0
1774369333.6823523,100.0,1379.5234375,0.0,0.0
1774369333.8143208,100.0,1379.5234375,0.0,0.0
1774369333.9459784,80.5,1379.5234375,0.0,0.0
1774369334.0762823,100.0,1379.5234375,0.0,0.0
1774369334.207361,100.0,1380.015625,0.0,0.0
1774369334.3411887,80.0,1380.015625,0.0,0.0
1774369334.4726918,97.6,1380.015625,0.0,0.0
1774369334.6036153,100.0,1380.015625,0.0,0.0
1774369334.7346966,76.9,1380.015625,0.0,0.0
1774369334.8682961,92.7,1380.015625,0.0,0.0
1774369334.9991193,100.0,1380.26171875,0.0,0.0
1774369335.130654,78.0,1380.26171875,0.0,0.0
1774369335.251223,100.0,1380.26171875,0.0,0.0
1774369335.369661,27.5,1380.25390625,0.0,2.1015625
1774369335.4871457,15.0,1380.44921875,6.93359375,3.97265625
1774369335.6049569,14.6,1379.84375,9.69921875,0.0
1774369335.7224083,15.4,1380.12890625,8.8984375,0.0
1774369335.8402202,19.0,1380.14453125,9.69921875,0.0
1774369335.9574432,15.4,1380.31640625,8.8984375,0.0
1774369336.0753367,17.1,1380.203125,9.69921875,0.0
1774369336.1932454,16.7,1380.17578125,9.0234375,0.0
1774369336.3108485,16.7,1380.19140625,9.69921875,0.0
1774369336.4285579,21.4,1380.515625,8.6484375,0.0
1774369336.5467684,13.2,1380.49609375,9.82421875,0.0
1774369336.6647458,14.6,1380.22265625,8.8984375,0.0
1774369336.7824194,12.5,1380.5546875,9.4140625,0.0
1774369336.9004986,15.4,1380.3671875,9.30859375,0.0
1774369337.018398,15.0,1380.36328125,8.9609375,0.0
1774369337.1361105,10.5,1380.546875,9.76171875,0.0
1774369337.2536469,15.0,1380.66796875,8.6484375,0.0
1774369337.3715286,12.8,1380.609375,9.82421875,0.0
1774369337.4890857,14.6,1380.06640625,8.7734375,0.0
1774369337.6066773,21.4,1379.60546875,9.69921875,0.0
1774369337.7242284,17.1,1380.0078125,8.7734375,0.0
1774369337.842003,12.5,1379.9140625,9.69921875,0.0
1774369337.9593036,19.5,1379.7578125,8.7734375,0.0
1774369338.077457,17.1,1379.96484375,9.82421875,0.0
1774369338.1951537,12.8,1379.84765625,8.8984375,0.0
1774369338.3128812,18.6,1379.73046875,9.82421875,0.0
1774369338.4303317,20.9,1379.91796875,8.8984375,0.0
1774369338.5484655,12.8,1379.91015625,9.82421875,0.0
1774369338.6660092,17.1,1380.11328125,8.7734375,0.0
1774369338.7836652,15.0,1379.72265625,9.6640625,0.0
1774369338.901709,17.5,1380.39453125,9.05859375,0.0
1774369339.019301,16.7,1380.390625,9.1640625,0.0
1774369339.1369667,17.1,1381.19140625,9.43359375,0.0
1774369339.2553372,15.4,1381.4375,8.7890625,0.0
1774369339.3753319,25.0,1464.94140625,0.0,0.0
1774369339.494417,27.5,1557.43359375,0.0,0.0
1774369339.6134477,30.0,1649.6796875,0.0,0.0
1774369339.7311332,20.0,1685.58984375,6.12109375,0.0
1774369339.848743,14.6,1685.65234375,9.76171875,0.0
1774369339.9667542,23.1,1709.8671875,2.33984375,0.0
1774369340.0860841,33.3,1764.76953125,0.0,0.0
1774369340.2065873,25.6,1800.18359375,0.0,0.0
1774369340.3265162,29.3,1838.625,0.0,0.0
1774369340.4468958,28.2,1875.94140625,0.0,0.0
1774369340.5764165,30.0,1915.19140625,0.0,0.0
1774369340.6965408,30.0,1957.66015625,0.0,0.0
1774369340.817434,51.3,1987.99609375,0.0,0.0
1774369340.9427898,25.6,1384.53515625,0.0,0.0
1774369341.0610948,26.8,1384.53515625,0.0,0.0
1774369341.1808655,28.6,1384.1953125,0.0,0.0
1774369341.2998188,27.5,1384.1953125,0.0,0.0
1774369341.4179325,26.8,1383.94921875,0.0,0.0
1774369341.5362313,30.0,1383.953125,0.0,0.0
1774369341.6534634,27.5,1383.94921875,0.0,0.0
1774369341.7800956,89.5,1383.94921875,0.0,0.0
1774369341.91019,100.0,1383.94921875,0.0,0.0
1774369342.031794,100.0,1383.94921875,0.0,0.0
1774369342.1630237,100.0,1383.94140625,0.0,0.0
1774369342.2842422,100.0,1383.94140625,0.0,0.0
1774369342.4154015,100.0,1383.94140625,0.0,0.0
1774369342.535035,82.5,1383.94140625,0.0,0.0
1774369342.6521945,26.8,1383.94140625,0.0,0.0
1774369342.770711,27.5,1383.94140625,0.0,0.0
1774369342.8881018,29.3,1383.94140625,0.0,0.0
1774369343.0053418,25.0,1383.94140625,0.0,0.0
1774369343.1488445,57.5,1383.95703125,0.0,0.0
1774369343.2664757,65.0,1383.95703125,0.0,0.0
1774369343.544764,47.5,1383.95703125,0.0,0.0
1774369343.6647155,85.7,1383.95703125,0.0,0.0
1774369343.7836244,25.0,1383.95703125,0.0,0.0
1774369343.92046,38.1,1383.71484375,0.0,0.0
1774369344.0509627,100.0,1383.7109375,0.0,0.0
1774369344.1724467,100.0,1383.7109375,0.0,0.0
1774369344.3071742,85.4,1383.7109375,0.0,0.0
1774369344.450494,100.0,1383.7109375,0.0,0.0
1774369344.5734937,100.0,1383.7109375,0.0,0.0
1774369344.7047942,80.0,1383.7109375,0.0,0.0
1774369344.834146,100.0,1383.95703125,0.0,0.0
1774369344.9661942,100.0,1383.95703125,0.0,0.0
1774369345.1005359,82.5,1383.95703125,0.0,0.0
1774369345.2176092,100.0,1384.21875,0.0,0.0
1774369345.349028,100.0,1384.21875,0.0,0.0
1774369345.4805448,77.5,1384.21875,0.0,0.0
1774369345.613903,92.5,1384.21875,0.0,0.0
1774369345.749961,100.0,1384.21875,0.0,0.0
1774369345.8778284,77.5,1384.21875,0.0,0.0
1774369346.0048432,90.0,1384.21875,0.0,0.0
1774369346.1313825,100.0,1384.2265625,0.0,0.0
1774369346.2635326,100.0,1384.2265625,0.0,0.0
1774369346.4019225,77.5,1384.2265625,0.0,0.0
1774369346.5338035,100.0,1384.2265625,0.0,0.0
1774369346.6657853,100.0,1384.2265625,0.0,0.0
1774369346.810842,78.0,1384.2265625,0.0,0.0
1774369346.9324892,100.0,1384.2265625,0.0,0.0
1774369347.0759912,100.0,1384.2265625,0.0,0.0
1774369347.2098908,75.0,1384.2265625,0.0,0.0
1774369347.339775,100.0,1384.2265625,0.0,0.0
1774369347.4704838,100.0,1384.2265625,0.0,0.0
1774369347.6003773,66.7,1384.2265625,0.0,0.0
1774369347.717082,69.2,1384.23046875,0.0,0.0
1774369347.8352869,27.5,1383.26171875,0.0,4.5078125
1774369347.9532473,17.9,1383.57421875,8.05859375,1.56640625
1774369348.0709822,10.3,1383.609375,9.82421875,0.0
1774369348.1886709,17.9,1383.40234375,8.7734375,0.0
1774369348.3066654,15.4,1383.41015625,9.69921875,0.0
1774369348.4247687,17.1,1383.3984375,8.8984375,0.0
1774369348.5425222,15.4,1383.43359375,9.4140625,0.0
1774369348.660521,15.4,1383.35546875,9.18359375,0.0
1774369348.779067,15.0,1383.390625,9.0859375,0.0
1774369348.896918,15.0,1383.44921875,9.63671875,0.0
1774369349.014539,13.5,1383.32421875,8.7734375,0.0
1774369349.1324906,17.5,1383.33203125,9.82421875,0.0
1774369349.2500656,14.6,1383.2421875,8.7734375,0.0
1774369349.3678288,17.9,1383.140625,9.82421875,0.0
1774369349.485472,15.0,1383.42578125,8.7734375,0.0
1774369349.6035862,16.7,1383.31640625,9.82421875,0.0
1774369349.721018,12.5,1383.35546875,8.8984375,0.0
1774369349.838189,13.2,1383.375,7.94921875,0.0
1774369349.956176,11.9,1383.3671875,4.82421875,0.0
1774369350.074011,12.5,1382.9296875,9.82421875,0.0
1774369350.1917553,15.4,1383.34765625,8.7734375,0.0
1774369350.3096843,15.0,1383.44921875,9.6640625,0.0
1774369350.4275398,15.0,1383.546875,9.05859375,0.0
1774369350.545229,19.0,1383.3828125,9.1796875,0.0
1774369350.6631122,17.5,1383.32421875,9.54296875,0.0
1774369350.7810037,14.6,1383.8203125,8.7109375,0.0
1774369350.898831,12.8,1383.34375,9.51171875,0.0
1774369351.0167518,17.1,1384.23828125,8.7734375,0.0
1774369351.1350727,12.5,1384.08203125,9.82421875,0.0
1774369351.252803,18.6,1384.11328125,8.8984375,0.0
1774369351.3705132,15.0,1384.26953125,9.69921875,0.0
1774369351.488166,15.4,1384.55078125,8.8984375,0.0
1774369351.606069,13.2,1383.70703125,9.82421875,0.0
1774369351.7233593,17.5,1384.25,8.7734375,0.0
1774369351.8430371,17.9,1419.7890625,4.71484375,0.0
1774369351.962748,27.5,1514.03515625,0.0,0.0
1774369352.0820308,30.0,1612.28125,0.0,0.0
1774369352.2010643,32.5,1684.3671875,2.359375,0.0
1774369352.3204668,12.5,1683.89453125,9.7890625,0.0
1774369352.4400272,17.9,1688.78125,6.07421875,0.0
1774369352.5601828,28.2,1720.30078125,0.0,0.0
1774369352.6808207,27.5,1756.23828125,0.0,0.0
1774369352.8009436,27.5,1790.71875,0.0,0.0
1774369352.9213235,26.3,1825.52734375,0.0,0.0
1774369353.0416915,27.5,1862.390625,0.0,0.0
1774369353.1620727,27.5,1896.66015625,0.0,0.0
1774369353.2818763,27.5,1932.921875,0.0,0.0
1774369353.4020681,27.5,1970.5546875,0.0,0.0
1774369353.5206454,27.5,1521.765625,0.0,0.0
1774369353.6389573,25.6,1193.37109375,0.0,0.0
1774369353.7573378,30.0,1193.86328125,0.0,0.0
1774369353.8772502,29.3,1193.86328125,0.0,0.0
1774369353.9951332,27.5,1193.86328125,0.0,0.0
1774369354.1134722,30.0,1193.7578125,0.0,0.0
1774369354.2321427,27.5,1193.7578125,0.0,0.0
1774369354.3507664,25.0,1193.7578125,0.0,0.0
1774369354.4691648,26.8,1193.7578125,0.0,0.0
1774369354.586447,28.2,1084.5859375,0.0,0.0
1774369354.7140458,39.0,1084.5859375,0.0,0.0
1774369354.835769,100.0,1085.078125,0.0,0.0
1774369354.9541407,100.0,1085.20703125,0.0,0.0
1774369355.0839818,100.0,1084.87109375,0.0,0.0
1774369355.209251,100.0,1084.875,0.0,0.0
1774369355.3358405,100.0,1084.875,0.0,0.0
1774369355.458464,100.0,1084.875,0.0,0.0
1774369355.581019,100.0,1084.875,0.0,0.0
1774369355.7072122,100.0,1084.875,0.0,0.0
1774369355.8446555,100.0,1084.875,0.0,0.0
1774369355.973724,100.0,1084.875,0.0,0.0
1774369356.1030984,100.0,1087.86328125,0.0,0.0
1774369356.2199616,43.9,1117.86328125,0.0,0.0
1774369356.3375602,28.2,1145.86328125,0.0,0.0
1774369356.4551904,29.3,1179.86328125,0.0,0.0
1774369356.5730948,28.6,1212.109375,0.0,0.0
1774369356.6906738,26.8,1244.109375,0.0,0.0
1774369356.8083978,29.3,1278.109375,0.0,0.0
1774369356.9261081,26.8,1310.109375,0.0,0.0
1774369357.0442562,26.8,1344.35546875,0.0,0.0
1774369357.1619287,27.5,1376.35546875,0.0,0.0
1774369357.279665,27.5,1406.35546875,0.0,0.0
1774369357.3974185,25.6,1438.35546875,0.0,0.0
1774369357.5151958,27.5,1472.6015625,0.0,0.0
1774369357.65316,87.8,1479.5859375,0.0,0.0
1774369357.77385,85.7,1128.109375,0.0,0.0
1774369357.8935385,25.6,1234.35546875,0.0,0.0
1774369358.0135808,27.5,1336.35546875,0.0,0.0
1774369358.1332805,27.5,1440.6015625,0.0,0.0
1774369358.3389165,78.6,1479.83203125,0.0,0.0
1774369358.4971406,100.0,1479.83203125,0.0,0.0
1774369358.6408544,97.6,1480.078125,0.0,0.0
1774369358.7601345,67.5,1086.140625,0.0,0.0
1774369358.879146,25.0,1086.140625,0.0,0.0
1774369358.9980655,28.6,1086.140625,0.0,0.0
1774369359.1444583,27.5,1085.87890625,0.0,0.0
1774369359.2708728,100.0,1085.87890625,0.0,0.0
1774369359.4029012,100.0,1085.87890625,0.0,0.0
1774369359.539378,82.9,1085.87890625,0.0,0.0
1774369359.6742785,100.0,1085.87890625,0.0,0.0
1774369359.7999442,100.0,1085.63671875,0.0,0.0
1774369359.9363427,67.5,1085.6328125,0.0,0.0
1774369360.0644844,100.0,1085.6328125,0.0,0.0
1774369360.1987941,100.0,1085.62890625,0.0,0.0
1774369360.333721,78.0,1085.62890625,0.0,0.0
1774369360.4649844,100.0,1085.875,0.0,0.0
1774369360.596132,100.0,1085.875,0.0,0.0
1774369360.7301953,76.9,1085.875,0.0,0.0
1774369360.861238,97.6,1085.875,0.0,0.0
1774369360.9924946,100.0,1085.875,0.0,0.0
1774369361.1151874,76.9,1085.87890625,0.0,0.0
1774369361.2463953,94.9,1085.87890625,0.0,0.0
1774369361.3765125,100.0,1085.87890625,0.0,0.0
1774369361.496172,92.7,1085.87890625,0.0,0.0
1774369361.6280088,92.3,1085.87890625,0.0,0.0
1774369361.744831,100.0,1085.87890625,0.0,0.0
1774369361.8767407,100.0,1085.87890625,0.0,0.0
1774369362.009519,80.0,1085.87890625,0.0,0.0
1774369362.1352208,100.0,1085.87890625,0.0,0.0
1774369362.257945,100.0,1085.87890625,0.0,0.0
1774369362.3928914,78.6,1085.87890625,0.0,0.0
1774369362.5296016,95.2,1085.87890625,0.0,0.0
1774369362.6625435,100.0,1085.87890625,0.0,0.0
1774369362.789796,78.0,1085.87890625,0.0,0.0
1774369362.9076846,90.0,1085.87890625,0.0,0.0
1774369363.0263364,26.8,1085.87890625,0.0,2.27734375
1774369363.1436517,15.0,1084.76953125,6.80859375,3.796875
1774369363.2613199,15.0,1084.79296875,9.69921875,0.0
1774369363.3788106,13.2,1084.7109375,8.8984375,0.0
1774369363.4967983,15.0,1085.0546875,9.82421875,0.0
1774369363.6140997,12.8,1085.28125,8.8984375,0.0
1774369363.7321403,12.8,1085.23828125,9.69921875,0.0
1774369363.8501534,12.8,1085.1796875,8.8984375,0.0
1774369363.9679587,13.2,1085.1875,9.82421875,0.0
1774369364.085449,17.5,1085.1328125,8.8984375,0.0
1774369364.203326,17.1,1085.01171875,9.6640625,0.0
1774369364.3210015,17.1,1084.94140625,9.05859375,0.0
1774369364.438514,20.0,1084.81640625,9.1640625,0.0
1774369364.55633,17.5,1085.0,9.43359375,0.0
1774369364.6740751,14.6,1084.99609375,8.8359375,0.0
1774369364.7918065,17.1,1085.0625,9.63671875,0.0
1774369364.9097996,15.4,1085.18359375,8.8984375,0.0
1774369365.027733,15.4,1085.12109375,9.82421875,0.0
1774369365.1450567,17.1,1085.40625,8.7734375,0.0
1774369365.262693,15.4,1085.94921875,9.82421875,0.0
1774369365.3803093,19.5,1085.35546875,8.8984375,0.0
1774369365.4979265,13.2,1095.84375,9.69921875,0.0
1774369365.615183,17.5,1103.54296875,8.7734375,0.0
1774369365.7331948,12.8,1114.14453125,9.69921875,0.0
1774369365.8507462,19.0,1122.3828125,8.7734375,0.0
1774369365.9687655,17.5,1132.10546875,9.69921875,0.0
1774369366.0869825,19.5,1140.796875,8.7734375,0.0
1774369366.2049768,19.0,1152.23046875,9.69921875,0.0
1774369366.3227715,17.5,1159.44921875,8.8984375,0.0
1774369366.4404147,22.0,1170.19140625,9.69921875,0.0
1774369366.5585551,15.8,1178.0234375,8.7734375,0.0
1774369366.676483,19.0,1188.57421875,9.5390625,0.0
1774369366.7944715,20.0,1199.10546875,9.05859375,0.0
1774369366.9128397,15.0,1207.28125,9.1640625,0.0
1774369367.0325665,25.0,1291.63671875,0.0,0.0
1774369367.152011,27.5,1387.96875,0.0,0.0
1774369367.272031,28.2,1484.21484375,0.0,0.0
1774369367.3897161,17.5,1517.51171875,7.05859375,0.0
1774369367.50755,12.5,1528.23828125,9.82421875,0.0
1774369367.6253562,25.0,1574.28125,1.33984375,0.0
1774369367.7436967,29.3,1628.52734375,0.0,0.0
1774369367.8641539,32.5,1671.54296875,0.0,0.0
1774369367.9843953,34.1,1712.08203125,0.0,0.0
1774369368.104671,35.0,1752.8203125,0.0,0.0
1774369368.2252762,30.0,1793.0234375,0.0,0.0
1774369368.3445435,32.5,1834.69921875,0.0,0.0
1774369368.4651802,27.5,1517.83984375,0.0,0.0
1774369368.5840218,25.0,1261.98828125,0.0,0.0
1774369368.7023792,25.6,1261.98828125,0.0,0.0
1774369368.8214474,31.7,1262.48046875,0.0,0.0
1774369368.9393694,27.5,1262.48046875,0.0,0.0
1774369369.0579987,25.0,1298.72265625,0.0,0.0
1774369369.1764748,27.5,1336.421875,0.0,0.0
1774369369.2951396,25.6,1376.421875,0.0,0.0
1774369369.4137657,26.8,1414.66796875,0.0,0.0
1774369369.5322785,23.7,1452.66796875,0.0,0.0
1774369369.6509504,27.5,1492.66796875,0.0,0.0
1774369369.769802,29.3,1530.66796875,0.0,0.0
1774369369.886696,25.0,1564.9140625,0.0,0.0
1774369370.003501,31.0,1564.9140625,0.0,0.0
1774369370.1347198,55.0,1564.9140625,0.0,0.0
1774369370.2657294,100.0,1564.9140625,0.0,0.0
1774369370.3969846,100.0,1565.16015625,0.0,0.0
1774369370.5281138,100.0,1565.140625,0.0,0.0
1774369370.6469648,100.0,1565.38671875,0.0,0.0
1774369370.778333,100.0,1565.38671875,0.0,0.0
1774369370.9078312,100.0,1565.38671875,0.0,0.0
1774369371.0389888,100.0,1565.38671875,0.0,0.0
1774369371.168529,100.0,1565.38671875,0.0,0.0
1774369371.2853103,100.0,1565.6328125,0.0,0.0
1774369371.4155643,100.0,1565.6328125,0.0,0.0
1774369371.5459397,100.0,1565.6328125,0.0,0.0
1774369371.6769392,100.0,1565.87890625,0.0,0.0
1774369371.806944,100.0,1565.87890625,0.0,0.0
1774369371.937247,100.0,1565.87890625,0.0,0.0
1774369372.0598924,100.0,1565.87890625,0.0,0.0
1774369372.1784542,85.4,1581.0234375,0.0,0.0
1774369372.2977073,29.3,1593.2421875,0.0,0.0
1774369372.4167178,28.2,1613.48046875,0.0,0.0
1774369372.535491,26.8,1635.0234375,0.0,0.0
1774369372.6541204,25.0,1652.8125,0.0,0.0
1774369372.773353,27.5,1671.44140625,0.0,0.0
1774369372.8919082,31.0,1691.2734375,0.0,0.0
1774369373.010763,25.0,1710.43359375,0.0,0.0
1774369373.129529,29.3,1731.0703125,0.0,0.0
1774369373.2485263,27.5,1751.83203125,0.0,0.0
1774369373.367367,25.6,1771.55078125,0.0,0.0
1774369373.48667,27.5,1792.3828125,0.0,0.0
1774369373.605691,29.3,1813.71875,0.0,0.0
1774369373.724819,26.8,1834.0234375,0.0,0.0
1774369373.8438718,25.6,1850.3125,0.0,0.0
1774369373.9625063,26.3,1870.56640625,0.0,0.0
1774369374.081625,31.0,1891.25390625,0.0,0.0
1774369374.2002783,27.5,1910.97265625,0.0,0.0
1774369374.3188977,28.2,1931.41015625,0.0,0.0
1774369374.4377787,31.0,1951.76953125,0.0,0.0
1774369374.557083,25.0,1970.46875,0.0,0.0
1774369374.6762671,25.6,1989.53515625,0.0,0.0
1774369374.795635,28.2,2009.09765625,0.0,0.0
1774369374.9147325,27.5,2028.8828125,0.0,0.0
1774369375.0338454,31.8,2047.0234375,0.0,0.0
1774369375.152898,28.2,2066.296875,0.0,0.0
1774369375.2719448,27.5,2086.81640625,0.0,0.0
1774369375.3912387,25.0,2104.671875,0.0,0.0
1774369375.5103276,23.7,2123.96484375,0.0,0.0
1774369375.6294942,25.6,2143.54296875,0.0,0.0
1774369375.748604,29.3,2162.76953125,0.0,0.0
1774369375.8941321,82.5,2167.82421875,0.0,0.0
1774369376.012346,100.0,2168.0703125,0.0,0.0
1774369376.1301546,55.0,1748.63671875,0.0,0.0
1774369376.249626,23.1,1597.15234375,0.0,0.0
1774369376.372478,28.2,1666.05078125,0.0,0.0
1774369376.4960582,27.5,1726.69140625,0.0,0.0
1774369376.6192765,25.0,1788.73828125,0.0,0.0
1774369376.7430873,25.6,1850.4375,0.0,0.0
1774369376.8663478,30.0,1913.85546875,0.0,0.0
1774369376.9899275,27.5,1975.7265625,0.0,0.0
1774369377.113353,26.8,2038.95703125,0.0,0.0
1774369377.2359798,30.0,2101.734375,0.0,0.0
1774369377.4733522,29.3,2165.07421875,0.0,0.0
1774369377.705369,100.0,2168.48046875,0.0,0.0
1774369377.8680952,100.0,2168.97265625,0.0,0.0
1774369378.051813,97.6,2168.97265625,0.0,0.0
1774369378.169919,82.9,2020.859375,0.0,0.0
1774369378.2872837,27.5,1629.33984375,0.0,0.0
1774369378.4062288,25.6,1564.12890625,0.0,0.0
1774369378.5252292,29.3,1564.12890625,0.0,0.0
1774369378.6439655,27.5,1564.375,0.0,0.0
1774369378.76294,25.6,1564.62109375,0.0,0.0
1774369378.9094777,31.7,1564.62109375,0.0,0.0
1774369379.0353088,100.0,1564.62109375,0.0,0.0
1774369379.172184,100.0,1564.53515625,0.0,0.0
1774369379.3021455,80.5,1564.53515625,0.0,0.0
1774369379.4247746,100.0,1564.53515625,0.0,0.0
1774369379.5568645,100.0,1564.53515625,0.0,0.0
1774369379.6860356,73.2,1564.53515625,0.0,0.0
1774369379.8173227,100.0,1564.53515625,0.0,0.0
1774369379.9453351,100.0,1564.53515625,0.0,0.0
1774369380.0890963,77.5,1564.53515625,0.0,0.0
1774369380.2248418,97.5,1564.53515625,0.0,0.0
1774369380.3540678,100.0,1564.53515625,0.0,0.0
1774369380.4880981,75.6,1564.53515625,0.0,0.0
1774369380.6064174,97.5,1564.53515625,0.0,0.0
1774369380.7368753,100.0,1564.53515625,0.0,0.0
1774369380.8687148,78.0,1564.53515625,0.0,0.0
1774369381.0005553,97.5,1564.53515625,0.0,0.0
1774369381.131256,100.0,1564.53515625,0.0,0.0
1774369381.2512581,92.3,1564.53515625,0.0,0.0
1774369381.3747706,95.1,1564.78125,0.0,0.0
1774369381.504131,100.0,1564.78125,0.0,0.0
1774369381.635848,100.0,1564.78125,0.0,0.0
1774369381.768488,76.9,1564.78125,0.0,0.0
1774369381.8904061,100.0,1565.02734375,0.0,0.0
1774369382.0239072,100.0,1565.02734375,0.0,0.0
1774369382.1591384,75.0,1565.03125,0.0,0.0
1774369382.3028665,100.0,1565.03125,0.0,0.0
1774369382.4376178,100.0,1565.03125,0.0,0.0
1774369382.584015,77.5,1565.03125,0.0,0.0
1774369382.7017527,57.5,1565.03125,0.0,0.0
1774369382.8193731,25.0,1565.13671875,1.859375,6.07421875
1774369382.9373343,12.5,1564.93359375,9.83203125,0.0
1774369383.0549288,16.7,1565.08203125,9.859375,0.0
1774369383.1724765,17.5,1564.7109375,9.19140625,0.0
1774369383.2902439,17.1,1564.8359375,9.56640625,0.0
1774369383.4079545,12.8,1564.7578125,9.31640625,0.0
1774369383.5251524,17.1,1564.83203125,9.31640625,0.0
1774369383.6429083,15.0,1565.04296875,10.625,0.0
1774369383.7606947,20.9,1564.68359375,9.31640625,0.0
1774369383.8783164,15.4,1564.96484375,9.44140625,0.0
1774369383.9963238,21.4,1564.83203125,9.44140625,0.0
1774369384.114382,15.0,1564.72265625,9.44140625,0.0
1774369384.2320702,12.5,1565.015625,9.72265625,0.0
1774369384.3496826,15.4,1564.921875,10.21875,0.0
1774369384.4677768,17.1,1564.828125,9.56640625,0.0
1774369384.585554,14.6,1564.98046875,9.31640625,0.0
1774369384.7035096,19.5,1564.88671875,9.44140625,0.0
1774369384.8208988,15.4,1565.04296875,9.44140625,0.0
1774369384.938748,15.0,1564.96484375,10.45703125,0.0
1774369385.0565083,19.0,1564.99609375,9.484375,0.0
1774369385.1743724,13.2,1564.796875,9.56640625,0.0
1774369385.2924888,12.8,1564.80859375,9.31640625,0.0
1774369385.4102163,15.0,1564.9765625,9.44140625,0.0
1774369385.5276196,15.0,1564.53125,9.31640625,0.0
1774369385.6454003,16.7,1564.6484375,10.5,0.0
1774369385.7630777,15.0,1564.90625,9.44140625,0.0
1774369385.880638,17.9,1564.91796875,9.44140625,0.0
1774369385.9984698,15.4,1564.80859375,9.31640625,0.0
1774369386.1160464,14.6,1565.05859375,9.44140625,0.0
1774369386.2336519,14.3,1564.87109375,9.95703125,0.0
1774369386.3514838,17.1,1564.890625,9.984375,0.0
1774369386.46935,12.8,1564.92578125,9.44140625,0.0
1774369386.5869524,12.8,1565.078125,9.44140625,0.0
1774369386.70476,17.5,1564.984375,9.31640625,0.0
1774369386.8222568,17.1,1564.8984375,9.44140625,0.0
1774369386.9400406,10.5,1565.05859375,10.5,0.0
1774369387.0577261,15.0,1565.33203125,9.31640625,0.0
1774369387.1758037,19.0,1565.01953125,9.56640625,0.0
1774369387.2938206,15.0,1565.02734375,9.44140625,0.0
1774369387.4118025,15.4,1564.9375,9.44140625,0.0
1774369387.529676,12.8,1565.09765625,9.44140625,0.0
1774369387.6475213,15.0,1564.86328125,10.625,0.0
1774369387.7652822,10.5,1564.875,9.44140625,0.0
1774369387.882981,13.2,1565.5,9.44140625,0.0
1774369388.0008407,15.4,1565.76171875,9.44140625,0.0
1774369388.1181734,14.6,1566.01171875,9.44140625,0.0
1774369388.2358112,15.0,1565.8359375,9.95703125,0.0
1774369388.3538802,15.4,1565.97265625,9.609375,0.0
1774369388.4722426,12.8,1566.109375,9.44140625,0.0
1774369388.5900247,12.8,1565.87109375,9.56640625,0.0
1774369388.7079828,15.8,1566.0078125,9.31640625,0.0
1774369388.8255713,12.5,1565.8671875,9.44140625,0.0
1774369388.9433434,10.5,1565.953125,10.625,0.0
1774369389.06122,17.5,1565.83984375,9.31640625,0.0
1774369389.1792154,12.8,1565.96484375,9.56640625,0.0
1774369389.2973235,15.0,1566.1015625,9.44140625,0.0
1774369389.4152472,15.0,1565.99609375,9.44140625,0.0
1774369389.5331671,12.8,1565.9296875,9.47265625,0.0
1774369389.6511364,17.5,1576.43359375,10.34375,0.0
1774369389.7691116,17.5,1584.29296875,9.56640625,0.0
1774369389.8869724,22.0,1594.39453125,9.31640625,0.0
1774369390.0065432,20.0,1623.015625,5.83203125,0.0
1774369390.128503,30.2,1677.8984375,0.0,0.0
1774369390.2499893,30.0,1724.32421875,0.0,0.0
1774369390.372271,27.5,1769.3359375,0.0,0.0
1774369390.4940448,25.0,1818.61328125,0.0,0.0
1774369390.6159854,25.6,1864.0390625,0.0,0.0
1774369390.7382395,30.0,1907.94140625,0.0,0.0
1774369390.8605983,29.3,1954.3046875,0.0,0.0
1774369390.9815395,25.0,2002.875,0.0,0.0
1774369391.1036892,30.0,2034.4296875,0.0,0.0
1774369391.225281,27.5,2068.234375,0.0,0.0
1774369391.3479266,26.8,2111.08203125,0.0,0.0
1774369391.4697373,25.6,2157.04296875,0.0,0.0
1774369391.5889187,24.4,2185.140625,5.984375,0.0
1774369391.7087495,18.4,2195.62109375,9.19140625,0.0
1774369391.8275511,19.5,2204.671875,8.94140625,0.0
1774369391.946407,20.0,2213.24609375,10.0,0.0
1774369392.0680325,31.0,2248.72265625,0.95703125,0.0
1774369392.1887503,26.8,2286.09375,0.0,0.0
1774369392.3087308,25.6,2322.03515625,0.0,0.0
1774369392.4290364,25.6,2352.60546875,0.0,0.0
1774369392.5494468,25.6,2387.46484375,0.0,0.0
1774369392.6699548,25.0,2422.12109375,0.0,0.0
1774369392.789892,30.0,2459.08203125,0.0,0.0
1774369392.9104285,25.6,2493.5078125,0.0,0.0
1774369393.0309188,26.8,2529.26953125,0.0,0.0
1774369393.1515572,27.5,2564.5625,0.0,0.0
1774369393.271988,28.2,2600.9140625,0.0,0.0
1774369393.3915281,25.6,2636.9296875,0.0,0.0
1774369393.5119915,25.6,2665.828125,0.0,0.0
1774369393.6328378,30.0,2701.52734375,0.0,0.0
1774369393.7531319,27.5,2738.09765625,0.0,0.0
1774369393.8737464,25.0,2773.32421875,0.0,0.0
1774369393.9937706,30.0,2809.82421875,0.0,0.0
1774369394.113925,30.0,2845.12109375,0.0,0.0
1774369394.2335317,23.1,2739.56640625,0.0,0.0
1774369394.3510513,25.6,2362.4921875,0.0,0.0
1774369394.468287,31.0,1641.84375,0.0,0.0
1774369394.5872793,27.5,1393.11328125,0.0,0.0
1774369394.705848,23.1,1429.35546875,0.0,0.0
1774369394.824462,25.6,1465.35546875,0.0,0.0
1774369394.9430826,29.3,1501.35546875,0.0,0.0
1774369395.0628362,25.0,1515.6015625,0.0,0.0
1774369395.1824625,29.3,1515.65234375,0.0,0.0
1774369395.3022752,29.3,1515.65234375,0.0,0.0
1774369395.421376,25.6,1395.9296875,0.0,0.0
1774369395.5399268,26.8,1434.17578125,0.0,0.0
1774369395.6581895,29.3,1472.17578125,0.0,0.0
1774369395.7769725,30.0,1510.17578125,0.0,0.0
1774369395.8955429,26.8,1550.421875,0.0,0.0
1774369396.014016,27.5,1588.421875,0.0,0.0
1774369396.1327837,29.3,1626.42578125,0.0,0.0
1774369396.251511,27.5,1664.42578125,0.0,0.0
1774369396.37016,26.8,1702.671875,0.0,0.0
1774369396.4893785,29.3,1742.671875,0.0,0.0
1774369396.6083632,25.0,1780.671875,0.0,0.0
1774369396.7283976,30.0,1819.41015625,0.0,0.0
1774369396.8471932,30.0,1857.41015625,0.0,0.0
1774369396.965895,27.5,1895.41015625,0.0,0.0
1774369397.0845754,26.8,1933.65625,0.0,0.0
1774369397.2032263,30.0,1949.609375,0.0,0.0
1774369397.3204038,27.5,1647.6171875,0.0,0.0
1774369397.4376867,25.0,1647.6171875,0.0,0.0
1774369397.5547066,26.8,1647.62109375,0.0,0.0
1774369397.6735847,78.0,1647.62109375,0.0,0.0
1774369397.801245,100.0,1647.62109375,0.0,0.0
1774369397.928643,100.0,1647.62109375,0.0,0.0
1774369398.0638206,100.0,1647.62109375,0.0,0.0
1774369398.1900997,100.0,1647.56640625,0.0,0.0
1774369398.3210733,100.0,1647.56640625,0.0,0.0
1774369398.4472444,100.0,1647.56640625,0.0,0.0
1774369398.5811975,100.0,1647.56640625,0.0,0.0
1774369398.7076707,100.0,1648.05859375,0.0,0.0
1774369398.8342776,100.0,1648.05859375,0.0,0.0
1774369398.9610722,100.0,1648.05859375,0.0,0.0
1774369399.0959218,100.0,1648.05859375,0.0,0.0
1774369399.2220721,100.0,1648.05859375,0.0,0.0
1774369399.3486397,100.0,1648.05859375,0.0,0.0
1774369399.479143,100.0,1648.05859375,0.0,0.0
1774369399.5982063,100.0,1648.3046875,0.0,0.0
1774369399.7259097,100.0,1648.3046875,0.0,0.0
1774369399.8566747,100.0,1648.3046875,0.0,0.0
1774369399.9740522,100.0,1648.3046875,0.0,0.0
1774369400.1053724,97.4,1648.3046875,0.0,0.0
1774369400.2359743,100.0,1648.5546875,0.0,0.0
1774369400.3667674,100.0,1648.3125,0.0,0.0
1774369400.498077,100.0,1648.3125,0.0,0.0
1774369400.628056,100.0,1648.3125,0.0,0.0
1774369400.7572954,100.0,1648.3125,0.0,0.0
1774369400.8882406,100.0,1648.3125,0.0,0.0
1774369401.005642,100.0,1648.3125,0.0,0.0
1774369401.1359205,100.0,1648.3125,0.0,0.0
1774369401.2585325,100.0,1648.3125,0.0,0.0
1774369401.377157,100.0,1648.3125,0.0,0.0
1774369401.494775,100.0,1665.296875,0.0,0.0
1774369401.6126297,27.5,1699.296875,0.0,0.0
1774369401.7302227,25.0,1735.296875,0.0,0.0
1774369401.8477483,27.5,1767.296875,0.0,0.0
1774369401.9655235,27.5,1801.296875,0.0,0.0
1774369402.0836222,25.0,1835.546875,0.0,0.0
1774369402.2011864,26.8,1869.5390625,0.0,0.0
1774369402.3189943,27.5,1903.5390625,0.0,0.0
1774369402.4367414,26.8,1937.78515625,0.0,0.0
1774369402.5550478,26.8,1963.375,0.0,0.0
1774369402.6734538,29.3,1991.4453125,0.0,0.0
1774369402.7922676,27.5,2019.3203125,0.0,0.0
1774369402.9108303,25.6,2047.8046875,0.0,0.0
1774369403.0292504,28.2,2076.09375,0.0,0.0
1774369403.1481452,27.5,2098.640625,0.0,0.0
1774369403.2669268,25.0,2126.92578125,0.0,0.0
1774369403.385298,29.3,2155.73046875,0.0,0.0
1774369403.5040262,28.2,2184.57421875,0.0,0.0
1774369403.622648,27.5,2213.359375,0.0,0.0
1774369403.7410648,26.8,2241.61328125,0.0,0.0
1774369403.8595114,29.3,2270.59765625,0.0,0.0
1774369403.978048,25.6,2298.76953125,0.0,0.0
1774369404.0967958,25.6,2328.02734375,0.0,0.0
1774369404.215123,28.2,2356.15234375,0.0,0.0
1774369404.3337564,27.5,2385.4609375,0.0,0.0
1774369404.4524202,25.0,2413.703125,0.0,0.0
1774369404.5707538,27.5,2442.8125,0.0,0.0
1774369404.6895125,29.3,2471.83984375,0.0,0.0
1774369404.8082776,29.3,2500.35546875,0.0,0.0
1774369404.9265246,26.8,2528.84765625,0.0,0.0
1774369405.0457754,31.0,2555.33203125,0.0,0.0
1774369405.1649878,30.0,2583.12890625,0.0,0.0
1774369405.2841754,25.0,2610.59375,0.0,0.0
1774369405.403261,27.5,2638.40234375,0.0,0.0
1774369405.5225832,27.5,2666.37890625,0.0,0.0
1774369405.6422014,26.8,2693.72265625,0.0,0.0
1774369405.7615852,23.1,2721.4609375,0.0,0.0
1774369405.8808408,29.3,2749.37890625,0.0,0.0
1774369406.000193,29.3,2777.47265625,0.0,0.0
1774369406.119332,25.0,2804.69921875,0.0,0.0
1774369406.2705302,70.7,2815.53515625,0.0,0.0
1774369406.406618,100.0,2816.02734375,0.0,0.0
1774369406.5425358,100.0,2816.2734375,0.0,0.0
1774369406.6657946,100.0,2430.11328125,0.0,0.0
1774369406.783022,30.0,2034.203125,0.0,0.0
1774369406.902172,29.3,1658.1875,0.0,0.0
1774369407.0218985,26.8,1750.484375,0.0,0.0
1774369407.1416948,30.0,1854.54296875,0.0,0.0
1774369407.2614915,27.5,1958.54296875,0.0,0.0
1774369407.3841062,23.1,2018.74609375,0.0,0.0
1774369407.5063918,25.6,2084.38671875,0.0,0.0
1774369407.6287773,30.0,2149.515625,0.0,0.0
1774369407.7512693,27.5,2215.14453125,0.0,0.0
1774369407.8729377,29.3,2281.22265625,0.0,0.0
1774369407.995123,30.0,2346.5234375,0.0,0.0
1774369408.1176007,28.2,2413.45703125,0.0,0.0
1774369408.2392406,26.8,2479.59375,0.0,0.0
1774369408.3623636,26.3,2542.140625,0.0,0.0
1774369408.4861767,31.7,2604.515625,0.0,0.0
1774369408.60937,28.6,2668.73828125,0.0,0.0
1774369408.7326672,26.8,2729.5625,0.0,0.0
1774369408.8561053,31.7,2792.3203125,0.0,0.0
1774369409.1081614,46.2,2839.01171875,0.0,0.0
1774369409.3650334,100.0,2839.5,0.0,0.0
1774369409.6030247,100.0,2840.23828125,0.0,0.0
1774369409.804621,100.0,2840.23828125,0.0,0.0
1774369409.9792907,100.0,2840.23828125,0.0,0.0
1774369410.1850827,95.2,2840.23828125,0.0,0.0
1774369410.3470893,100.0,2840.23828125,0.0,0.0
1774369410.4695415,75.0,2427.8046875,0.0,0.0
1774369410.5870783,25.0,2023.36328125,0.0,0.0
1774369410.7079573,27.5,1689.2578125,0.0,0.0
1774369410.827646,27.5,1743.43359375,0.0,0.0
1774369410.9453907,26.8,1783.37109375,0.0,0.0
1774369411.0641005,29.3,1813.83203125,0.0,0.0
1774369411.1824157,29.3,1814.078125,0.0,0.0
1774369411.304413,26.8,1814.078125,0.0,0.0
1774369411.4227161,25.6,1814.078125,0.0,0.0
1774369411.5434287,28.2,1814.078125,0.0,0.0
1774369411.662806,25.6,1726.8125,0.0,0.0
1774369411.7841399,27.5,1811.92578125,0.0,0.0
1774369411.9047778,32.5,1826.38671875,0.0,0.0
1774369412.022902,100.0,1826.38671875,0.0,0.0
1774369412.152171,100.0,1826.6328125,0.0,0.0
1774369412.269999,61.5,1826.6328125,0.0,0.0
1774369412.4003878,82.5,1826.6328125,0.0,0.0
1774369412.5301304,100.0,1826.6328125,0.0,0.0
1774369412.64791,90.0,1826.6328125,0.0,0.0
1774369412.7809467,85.4,1826.6328125,0.0,0.0
1774369412.9129684,100.0,1826.6328125,0.0,0.0
1774369413.0440156,100.0,1826.6328125,0.0,0.0
1774369413.177244,77.5,1826.6328125,0.0,0.0
1774369413.30493,100.0,1826.6328125,0.0,0.0
1774369413.436603,100.0,1826.6328125,0.0,0.0
1774369413.5704606,80.0,1826.6328125,0.0,0.0
1774369413.7000427,100.0,1826.6328125,0.0,0.0
1774369413.8233974,100.0,1826.6328125,0.0,0.0
1774369413.957557,78.0,1826.6328125,0.0,0.0
1774369414.0885906,97.5,1826.6328125,0.0,0.0
1774369414.2193224,100.0,1826.87890625,0.0,0.0
1774369414.3444138,75.0,1826.87890625,0.0,0.0
1774369414.4764688,92.3,1826.87890625,0.0,0.0
1774369414.6066988,100.0,1826.87890625,0.0,0.0
1774369414.726476,92.7,1826.87890625,0.0,0.0
1774369414.8603382,92.7,1826.87890625,0.0,0.0
1774369414.9771636,100.0,1826.87890625,0.0,0.0
1774369415.1089122,100.0,1826.890625,0.0,0.0
1774369415.2411427,78.9,1826.890625,0.0,0.0
1774369415.370617,100.0,1826.890625,0.0,0.0
1774369415.5031126,100.0,1826.890625,0.0,0.0
1774369415.641013,80.5,1826.890625,0.0,0.0
1774369415.7718725,100.0,1826.890625,0.0,0.0
1774369415.9033246,100.0,1826.890625,0.0,0.0
1774369416.037118,76.9,1826.890625,0.0,0.0
1774369416.1692033,97.4,1826.890625,0.0,0.0
1774369416.2996118,100.0,1826.890625,0.0,0.0
1774369416.4333367,76.2,1826.890625,0.0,0.0
1774369416.5663896,92.7,1826.890625,0.0,0.0
1774369416.702376,100.0,1826.890625,0.0,0.0
1774369416.8201733,77.5,1826.890625,0.0,0.0
1774369416.9516509,95.1,1826.890625,0.0,0.0
1774369417.0819628,100.0,1826.890625,0.0,0.0
1774369417.2140896,100.0,1826.890625,0.0,0.0
1774369417.3392708,78.0,1826.890625,0.0,0.0
1774369417.4692879,100.0,1826.890625,0.0,0.0
1774369417.6006737,100.0,1826.890625,0.0,0.0
1774369417.7347076,72.5,1826.890625,0.0,0.0
1774369417.8655987,97.6,1826.890625,0.0,0.0
1774369417.9960582,100.0,1826.890625,0.0,0.0
1774369418.1297734,78.0,1827.13671875,0.0,0.0
1774369418.247284,85.4,1827.13671875,0.0,0.0
1774369418.3649688,25.0,1827.13671875,0.0,0.0
1774369418.4833746,27.5,1827.27734375,0.0,4.640625
1774369418.6013792,17.9,1827.03515625,6.07421875,7.05078125
1774369418.7192657,15.0,1827.46875,9.30859375,0.0
1774369418.8371406,15.4,1827.63671875,8.9609375,0.0
1774369418.9551547,17.1,1827.9453125,9.63671875,0.0
1774369419.0736334,17.1,1827.6953125,8.8984375,0.0
1774369419.191558,17.1,1827.69140625,9.69921875,0.0
1774369419.3089838,17.1,1827.72265625,8.8984375,0.0
1774369419.4270165,17.1,1827.74609375,9.69921875,0.0
1774369419.5443964,14.6,1827.76953125,8.8984375,0.0
1774369419.6621838,17.5,1827.796875,9.69921875,0.0
1774369419.7799618,17.9,1827.57421875,8.8984375,0.0
1774369419.8979278,13.2,1827.65625,9.69921875,0.0
1774369420.0156715,19.5,1827.76171875,8.8984375,0.0
1774369420.1337662,15.4,1827.59375,9.69921875,0.0
1774369420.251816,15.0,1827.546875,9.0234375,0.0
1774369420.3697133,14.6,1832.88671875,9.57421875,0.0
1774369420.4877064,15.4,1840.390625,8.7734375,0.0
1774369420.6058383,17.5,1850.85546875,9.6640625,0.0
1774369420.7240183,17.1,1860.75390625,8.68359375,0.0
1774369420.8419933,13.2,1868.91015625,9.5390625,0.0
1774369420.960223,17.5,1878.7421875,9.05859375,0.0
1774369421.0785255,13.2,1887.22265625,9.1640625,0.0
1774369421.1963928,19.5,1896.96484375,9.43359375,0.0
1774369421.314505,13.2,1905.74609375,8.8359375,0.0
1774369421.432635,19.5,1915.05078125,9.63671875,0.0
1774369421.5505648,17.1,1924.33203125,8.6484375,0.0
1774369421.6687312,19.5,1933.4140625,9.69921875,0.0
1774369421.7868655,17.5,1942.796875,8.7734375,0.0
1774369421.9047925,12.8,1953.32421875,9.69921875,0.0
1774369422.022623,15.4,1961.19921875,8.7734375,0.0
1774369422.140888,19.0,1971.1640625,9.82421875,0.0
1774369422.2586107,12.8,1979.6328125,8.7734375,0.0
1774369422.3766422,15.0,1989.25390625,9.69921875,0.0
1774369422.496428,26.8,2041.625,1.46484375,0.0
1774369422.618901,35.0,2097.53515625,0.0,0.0
1774369422.7401133,31.0,2157.5390625,0.0,0.0
1774369422.8628256,33.3,2216.54296875,0.0,0.0
1774369422.9851072,31.0,2272.65234375,0.0,0.0
1774369423.1039574,21.4,2297.09375,7.05859375,0.0
1774369423.2233276,17.5,2305.42578125,9.44921875,0.0
1774369423.3441901,25.6,2340.1015625,1.71484375,0.0
1774369423.464442,27.5,2381.0,0.0,0.0
1774369423.5844836,25.6,2421.28125,0.0,0.0
1774369423.704458,30.0,2461.5390625,0.0,0.0
1774369423.8249426,27.5,2502.2578125,0.0,0.0
1774369423.9449856,26.8,2543.67578125,0.0,0.0
1774369424.0651882,28.2,2583.57421875,0.0,0.0
1774369424.1856594,29.3,2625.2890625,0.0,0.0
1774369424.3041823,25.0,2449.6640625,0.0,0.0
1774369424.4216173,26.8,2035.765625,0.0,0.0
1774369424.5400102,29.3,1729.015625,0.0,0.0
1774369424.658684,29.3,1729.015625,0.0,0.0
1774369424.7782362,25.6,1729.015625,0.0,0.0
1774369424.8972926,30.0,1729.015625,0.0,0.0
1774369425.016118,29.3,1760.96484375,0.0,0.0
1774369425.1350906,23.1,1793.953125,0.0,0.0
1774369425.2557151,27.5,1822.74609375,0.0,0.0
1774369425.3759942,25.6,1850.3125,0.0,0.0
1774369425.4965794,25.6,1879.3515625,0.0,0.0
1774369425.6169407,27.5,1908.33203125,0.0,0.0
1774369425.7374582,27.5,1937.12890625,0.0,0.0
1774369425.8578146,31.7,1966.92578125,0.0,0.0
1774369425.9781883,26.8,1994.76953125,0.0,0.0
1774369426.098726,29.3,2024.23046875,0.0,0.0
1774369426.2160988,29.3,1445.97265625,0.0,0.0
1774369426.3403542,27.5,1446.21875,0.0,0.0
1774369426.471604,97.5,1446.46484375,0.0,0.0
1774369426.5907362,100.0,1446.46484375,0.0,0.0
1774369426.7217991,100.0,1446.46484375,0.0,0.0
1774369426.8408144,100.0,1446.46484375,0.0,0.0
1774369426.972967,100.0,1446.68359375,0.0,0.0
1774369427.1050344,100.0,1446.44921875,0.0,0.0
1774369427.2368214,100.0,1446.44921875,0.0,0.0
1774369427.368578,100.0,1446.44921875,0.0,0.0
1774369427.5007222,100.0,1446.44921875,0.0,0.0
1774369427.6326897,100.0,1446.20703125,0.0,0.0
1774369427.751362,100.0,1446.453125,0.0,0.0
1774369427.8940938,100.0,1446.453125,0.0,0.0
1774369428.0234551,100.0,1446.453125,0.0,0.0
1774369428.1536975,100.0,1446.44921875,0.0,0.0
1774369428.284508,100.0,1446.6953125,0.0,0.0
1774369428.414576,100.0,1450.44921875,0.0,0.0
1774369428.5323544,36.6,1476.44921875,0.0,0.0
1774369428.650134,25.6,1500.6953125,0.0,0.0
1774369428.768277,23.1,1526.94140625,0.0,0.0
1774369428.8860369,25.0,1550.94140625,0.0,0.0
1774369429.0039887,27.5,1574.94140625,0.0,0.0
1774369429.121823,27.5,1598.9453125,0.0,0.0
1774369429.2392204,25.0,1622.9453125,0.0,0.0
1774369429.3566804,25.6,1647.19140625,0.0,0.0
1774369429.4742546,27.5,1671.19140625,0.0,0.0
1774369429.59173,25.6,1695.19140625,0.0,0.0
1774369429.7091274,27.5,1719.19140625,0.0,0.0
1774369429.8269866,27.5,1743.19140625,0.0,0.0
1774369429.945434,28.6,1767.19140625,0.0,0.0
1774369430.0630252,26.8,1791.9609375,0.0,0.0
1774369430.1805246,27.5,1813.9296875,0.0,0.0
1774369430.298147,28.6,1837.9296875,0.0,0.0
1774369430.4157112,26.8,1861.9296875,0.0,0.0
1774369430.5332332,27.5,1885.9296875,0.0,0.0
1774369430.6509204,27.5,1910.17578125,0.0,0.0
1774369430.7684686,29.3,1934.17578125,0.0,0.0
1774369430.8860362,30.0,1958.17578125,0.0,0.0
1774369431.0037057,25.6,1982.17578125,0.0,0.0
1774369431.1221771,25.0,2006.17578125,0.0,0.0
1774369431.240038,26.8,2030.421875,0.0,0.0
1774369431.3588607,25.6,2046.25,0.0,0.0
1774369431.5130491,82.9,2052.46484375,0.0,0.0
1774369431.6451352,100.0,2052.22265625,0.0,0.0
1774369431.764633,35.9,1528.73046875,0.0,0.0
1774369431.8845644,25.6,1631.22265625,0.0,0.0
1774369432.004043,27.5,1735.22265625,0.0,0.0
1774369432.123632,27.5,1837.515625,0.0,0.0
1774369432.2435575,25.6,1941.76171875,0.0,0.0
1774369432.3665185,25.6,2036.6640625,0.0,0.0
1774369432.584736,90.2,2052.58203125,0.0,0.0
1774369432.8011317,100.0,2052.71875,0.0,0.0
1774369432.988003,100.0,2052.71875,0.0,0.0
1774369433.1207664,100.0,2052.97265625,0.0,0.0
1774369433.2401528,56.4,1447.18359375,0.0,0.0
1774369433.358891,25.6,1447.18359375,0.0,0.0
1774369433.4775891,27.5,1447.18359375,0.0,0.0
1774369433.596856,27.5,1447.18359375,0.0,0.0
1774369433.7217138,27.5,1400.3984375,0.0,0.0
1774369433.8389397,79.5,1340.21875,0.0,0.0
1774369433.9561708,100.0,1340.21875,0.0,0.0
1774369434.0759168,92.7,1340.21875,0.0,0.0
1774369434.209034,95.1,1340.15625,0.0,0.0
1774369434.3395052,100.0,1340.15625,0.0,0.0
1774369434.4719954,100.0,1340.16015625,0.0,0.0
1774369434.6118445,77.5,1340.16015625,0.0,0.0
1774369434.7376728,100.0,1340.16015625,0.0,0.0
1774369434.870921,100.0,1343.17578125,0.0,0.0
1774369435.0216112,78.6,1341.17578125,0.0,0.0
1774369435.153255,100.0,1341.17578125,0.0,0.0
1774369435.2857943,100.0,1341.17578125,0.0,0.0
1774369435.4179368,80.0,1341.171875,0.0,0.0
1774369435.5480175,100.0,1341.171875,0.0,0.0
1774369435.6810274,100.0,1341.171875,0.0,0.0
1774369435.8275945,80.0,1341.171875,0.0,0.0
1774369435.9451435,100.0,1341.171875,0.0,0.0
1774369436.075509,100.0,1341.171875,0.0,0.0
1774369436.2096102,77.5,1341.17578125,0.0,0.0
1774369436.33825,95.0,1341.17578125,0.0,0.0
1774369436.475039,100.0,1341.17578125,0.0,0.0
1774369436.6203008,78.6,1341.17578125,0.0,0.0
1774369436.7543511,94.9,1341.17578125,0.0,0.0
1774369436.8803802,100.0,1341.17578125,0.0,0.0
1774369437.0287192,70.0,1341.17578125,0.0,0.0
1774369437.165487,92.5,1341.171875,0.0,0.0
1774369437.2962213,100.0,1341.171875,0.0,0.0
1774369437.4269829,78.0,1341.171875,0.0,0.0
1774369437.5513022,97.6,1341.41796875,0.0,0.0
1774369437.670244,29.3,1341.41796875,0.0,2.0390625
1774369437.787753,15.8,1340.3828125,6.93359375,4.03515625
1774369437.905674,17.9,1340.40625,9.69921875,0.0
1774369438.023273,19.5,1339.71875,8.8984375,0.0
1774369438.1411576,10.3,1339.64453125,9.82421875,0.0
1774369438.2585196,19.5,1339.78515625,8.6484375,0.0
1774369438.3766687,17.5,1339.9453125,9.82421875,0.0
1774369438.4945092,14.6,1339.96484375,8.8984375,0.0
1774369438.6124477,19.0,1340.0,9.82421875,0.0
1774369438.7305794,17.5,1339.8984375,9.0234375,0.0
1774369438.8486917,10.5,1339.8125,9.5390625,0.0
1774369438.966444,12.8,1339.7109375,9.18359375,0.0
1774369439.0841029,15.4,1339.6640625,9.0859375,0.0
1774369439.2021272,15.4,1339.65234375,9.51171875,0.0
1774369439.319922,14.6,1339.71875,8.8984375,0.0
1774369439.4376748,12.8,1339.90625,9.82421875,0.0
1774369439.5555832,15.4,1339.81640625,8.7734375,0.0
1774369439.673732,12.5,1339.83984375,9.82421875,0.0
1774369439.7911434,17.1,1339.76171875,8.8984375,0.0
1774369439.9093807,19.0,1339.65625,9.82421875,0.0
1774369440.0272408,12.8,1339.703125,8.8984375,0.0
1774369440.1453507,12.8,1339.59375,9.69921875,0.0
1774369440.2628145,19.5,1339.65625,8.7734375,0.0
1774369440.3809078,20.9,1340.02734375,9.69921875,0.0
1774369440.4985685,14.6,1339.98046875,9.0234375,0.0
1774369440.616274,17.5,1339.96875,9.69921875,0.0
1774369440.734351,17.5,1339.93359375,8.8984375,0.0
1774369440.852164,15.0,1339.8984375,9.4140625,0.0
1774369440.9699423,17.5,1340.0078125,9.18359375,0.0
1774369441.0877779,17.1,1339.83984375,9.0859375,0.0
1774369441.2058275,10.5,1339.8359375,9.51171875,0.0
1774369441.32353,17.1,1340.01953125,8.8984375,0.0
1774369441.4411464,15.4,1340.09765625,9.82421875,0.0
1774369441.5600927,14.6,1340.0078125,8.1640625,0.0
1774369441.6796157,26.8,1437.484375,0.0,0.0
1774369441.798998,29.3,1533.484375,0.0,0.0
1774369441.9185984,30.0,1629.73046875,0.0,0.0
1774369442.0367785,17.1,1643.8125,8.80859375,0.0
1774369442.1545455,12.5,1643.81640625,9.4140625,0.0
1774369442.2728875,27.5,1697.15625,0.0,0.0
1774369442.3910642,27.5,1751.15625,0.0,0.0
1774369442.5091069,28.6,1805.40234375,0.0,0.0
1774369442.6272502,30.0,1859.40234375,0.0,0.0
1774369442.7457342,27.5,1911.40234375,0.0,0.0
1774369442.8639903,26.8,1963.6484375,0.0,0.0
1774369442.9815297,29.3,1458.23828125,0.0,0.0
1774369443.1002064,27.5,1378.88671875,0.0,0.0
1774369443.2190676,25.6,1378.88671875,0.0,0.0
1774369443.3386395,28.6,1378.88671875,0.0,0.0
1774369443.4573069,27.5,1378.88671875,0.0,0.0
1774369443.5759497,29.3,1378.88671875,0.0,0.0
1774369443.6943088,25.0,1378.88671875,0.0,0.0
1774369443.8126526,29.3,1378.88671875,0.0,0.0
1774369443.9312663,27.5,1378.88671875,0.0,0.0
1774369444.0496643,25.0,1378.88671875,0.0,0.0
1774369444.1679518,28.2,1378.87890625,0.0,0.0
1774369444.2857683,29.3,1216.0,0.0,0.0
1774369444.4031208,26.8,1075.19921875,0.0,0.0
1774369444.5246766,28.6,1075.19921875,0.0,0.0
1774369444.654583,97.4,1075.19921875,0.0,0.0
1774369444.7853618,100.0,1075.19921875,0.0,0.0
1774369444.9185965,100.0,1075.19921875,0.0,0.0
1774369445.050481,100.0,1075.19921875,0.0,0.0
1774369445.1821036,100.0,1077.62109375,0.0,0.0
1774369445.3130426,100.0,1077.62109375,0.0,0.0
1774369445.4444196,100.0,1075.71484375,0.0,0.0
1774369445.5755057,100.0,1075.71484375,0.0,0.0
1774369445.6944997,100.0,1075.71484375,0.0,0.0
1774369445.8252113,100.0,1075.71484375,0.0,0.0
1774369445.9555178,100.0,1075.71484375,0.0,0.0
1774369446.0847843,100.0,1075.71484375,0.0,0.0
1774369446.2152581,100.0,1075.6796875,0.0,0.0
1774369446.3463511,100.0,1075.68359375,0.0,0.0
1774369446.4770265,100.0,1075.68359375,0.0,0.0
1774369446.6070318,100.0,1079.92578125,0.0,0.0
1774369446.7252183,39.0,1105.92578125,0.0,0.0
1774369446.8427496,25.0,1130.171875,0.0,0.0
1774369446.9601948,31.0,1154.171875,0.0,0.0
1774369447.0779414,27.5,1178.171875,0.0,0.0
1774369447.1964414,25.0,1202.171875,0.0,0.0
1774369447.3140888,26.8,1226.171875,0.0,0.0
1774369447.4314618,27.5,1248.41796875,0.0,0.0
1774369447.5491369,27.5,1272.41796875,0.0,0.0
1774369447.6666203,27.5,1296.41796875,0.0,0.0
1774369447.7840674,30.0,1320.41796875,0.0,0.0
1774369447.9038317,27.5,1344.41796875,0.0,0.0
1774369448.021747,25.6,1368.6640625,0.0,0.0
1774369448.1393428,25.0,1392.6640625,0.0,0.0
1774369448.2573307,27.5,1416.91015625,0.0,0.0
1774369448.3749394,25.6,1440.66796875,0.0,0.0
1774369448.4925117,29.3,1464.66796875,0.0,0.0
1774369448.610075,30.0,1488.66796875,0.0,0.0
1774369448.7292402,27.5,1504.96875,0.0,0.0
1774369448.8482163,28.6,1525.37890625,0.0,0.0
1774369448.9671173,27.5,1545.5234375,0.0,0.0
1774369449.0862567,27.5,1566.40625,0.0,0.0
1774369449.2055216,23.1,1586.85546875,0.0,0.0
1774369449.3244839,23.1,1607.33203125,0.0,0.0
1774369449.4433997,29.3,1628.734375,0.0,0.0
1774369449.562465,28.2,1649.3984375,0.0,0.0
1774369449.6814404,26.8,1669.30859375,0.0,0.0
1774369449.8324018,76.9,1678.41796875,0.0,0.0
1774369449.9632137,100.0,1678.41796875,0.0,0.0
1774369450.0835922,51.3,1086.1875,0.0,0.0
1774369450.2032135,26.8,1188.7890625,0.0,0.0
1774369450.322922,29.3,1292.7890625,0.0,0.0
1774369450.4425282,27.5,1395.52734375,0.0,0.0
1774369450.5651152,26.8,1492.30859375,0.0,0.0
1774369450.6881294,28.2,1549.98828125,0.0,0.0
1774369450.8120778,28.2,1611.66015625,0.0,0.0
1774369451.058297,25.0,1675.28125,0.0,0.0
1774369451.3570511,100.0,1678.5234375,0.0,0.0
1774369451.5565414,100.0,1679.26171875,0.0,0.0
1774369451.6928256,97.6,1679.5078125,0.0,0.0
1774369451.811755,40.0,1079.03125,0.0,0.0
1774369451.9300776,25.6,1120.4140625,0.0,0.0
1774369452.048394,26.3,1132.66015625,0.0,0.0
1774369452.16667,29.3,1132.66015625,0.0,0.0
1774369452.2851543,28.6,1132.66015625,0.0,0.0
1774369452.40525,28.2,1132.66015625,0.0,0.0
1774369452.5353901,92.5,1132.90625,0.0,0.0
1774369452.6668253,100.0,1132.90625,0.0,0.0
1774369452.7963295,69.0,1132.90625,0.0,0.0
1774369452.9219828,87.8,1132.90625,0.0,0.0
1774369453.0522923,100.0,1132.90625,0.0,0.0
1774369453.1745033,92.3,1132.90625,0.0,0.0
1774369453.3143091,90.2,1132.90625,0.0,0.0
1774369453.4443867,100.0,1132.90625,0.0,0.0
1774369453.5735037,100.0,1132.90625,0.0,0.0
1774369453.7050629,82.1,1132.90625,0.0,0.0
1774369453.8352144,100.0,1132.90625,0.0,0.0
1774369453.9670398,100.0,1132.90625,0.0,0.0
1774369454.1015925,79.5,1132.90625,0.0,0.0
1774369454.2324913,100.0,1132.90625,0.0,0.0
1774369454.3640022,100.0,1132.90625,0.0,0.0
1774369454.5005522,73.2,1132.90625,0.0,0.0
1774369454.6272867,100.0,1132.90625,0.0,0.0
1774369454.761249,100.0,1132.90625,0.0,0.0
1774369454.895248,72.5,1133.15234375,0.0,0.0
1774369455.04463,97.5,1133.15234375,0.0,0.0
1774369455.1741607,100.0,1133.15234375,0.0,0.0
1774369455.3035865,77.5,1133.15234375,0.0,0.0
1774369455.4203386,84.6,1133.15234375,0.0,0.0
1774369455.5543945,100.0,1133.15234375,0.0,0.0
1774369455.671586,100.0,1135.76171875,0.0,0.0
1774369455.812624,68.3,1133.76171875,0.0,0.0
1774369455.9425836,100.0,1133.76171875,0.0,0.0
1774369456.0612762,100.0,1133.76171875,0.0,0.0
1774369456.1941612,80.0,1133.70703125,0.0,0.0
1774369456.3117764,82.9,1133.70703125,0.0,0.0
1774369456.4299533,28.2,1132.9921875,0.0,5.01171875
1774369456.547948,17.5,1132.9140625,8.30859375,1.0625
1774369456.6659935,14.6,1132.640625,9.69921875,0.0
1774369456.783715,14.6,1133.09765625,9.0234375,0.0
1774369456.9020567,12.5,1132.98046875,9.4140625,0.0
1774369457.0200324,19.5,1133.2109375,9.18359375,0.0
1774369457.1378205,16.7,1133.08984375,9.0859375,0.0
1774369457.25559,15.4,1133.27734375,9.51171875,0.0
1774369457.3733823,15.4,1133.390625,8.8984375,0.0
1774369457.4910803,15.4,1132.83984375,9.82421875,0.0
1774369457.6086705,15.4,1132.91015625,8.6484375,0.0
1774369457.726694,13.2,1133.09375,9.69921875,0.0
1774369457.8443437,14.6,1133.25390625,8.8984375,0.0
1774369457.962248,17.1,1133.28515625,9.57421875,0.0
1774369458.080213,13.2,1133.203125,8.7734375,0.0
1774369458.1983244,12.8,1133.640625,9.82421875,0.0
1774369458.3157806,15.4,1138.8125,8.8984375,0.0
1774369458.4337392,17.5,1149.28125,9.69921875,0.0
1774369458.5515902,19.5,1159.16015625,8.8984375,0.0
1774369458.6694312,10.5,1166.78515625,9.82421875,0.0
1774369458.7874842,15.4,1175.6328125,8.6484375,0.0
1774369458.9057498,13.2,1187.23828125,9.94921875,0.0
1774369459.02412,12.8,1194.578125,8.7734375,0.0
1774369459.1419935,17.1,1205.12109375,9.5390625,0.0
1774369459.2601783,19.5,1212.37890625,8.93359375,0.0
1774369459.378336,17.1,1222.71875,9.2890625,0.0
1774369459.4964695,17.1,1232.7578125,9.18359375,0.0
1774369459.6141114,17.5,1240.92578125,9.0546875,0.0
1774369459.7322805,15.0,1250.9296875,9.41796875,0.0
1774369459.8501205,17.1,1259.3828125,8.8984375,0.0
1774369459.9677887,19.5,1268.90234375,9.82421875,0.0
1774369460.0857022,17.1,1277.94140625,8.6484375,0.0
1774369460.2036798,12.8,1286.8515625,9.82421875,0.0
1774369460.3223183,17.5,1296.33203125,8.0390625,0.0
1774369460.4419038,29.3,1391.5625,0.0,0.0
1774369460.5618162,26.8,1491.80859375,0.0,0.0
1774369460.6842625,29.3,1570.7265625,0.0,0.0
1774369460.80323,18.4,1603.3203125,5.984375,0.0
1774369460.922422,20.0,1612.08203125,8.7734375,0.0
1774369461.042521,25.0,1640.609375,3.46484375,0.0
1774369461.162894,31.7,1680.52734375,0.0,0.0
1774369461.2832203,31.0,1720.71484375,0.0,0.0
1774369461.403675,25.6,1760.80078125,0.0,0.0
1774369461.523997,23.1,1800.6640625,0.0,0.0
1774369461.64426,28.2,1841.07421875,0.0,0.0
1774369461.7646358,25.6,1881.4296875,0.0,0.0
1774369461.8847651,26.8,1920.84765625,0.0,0.0
1774369462.0042467,28.2,1702.84375,0.0,0.0
1774369462.12313,27.5,1351.74609375,0.0,0.0
1774369462.2417536,26.8,1351.74609375,0.0,0.0
1774369462.361357,28.2,1352.23828125,0.0,0.0
1774369462.480494,29.3,1366.23828125,0.0,0.0
1774369462.5993445,25.6,1404.484375,0.0,0.0
1774369462.7179155,25.0,1444.73046875,0.0,0.0
1774369462.8370895,27.5,1482.73046875,0.0,0.0
1774369462.9560397,27.5,1520.73046875,0.0,0.0
1774369463.074873,25.6,1560.9765625,0.0,0.0
1774369463.1935468,29.3,1598.96875,0.0,0.0
1774369463.310847,29.3,1616.97265625,0.0,0.0
1774369463.4449582,37.0,1616.97265625,0.0,0.0
1774369463.574506,100.0,1616.97265625,0.0,0.0
1774369463.7011542,100.0,1616.97265625,0.0,0.0
1774369463.8324652,100.0,1616.97265625,0.0,0.0
1774369463.9629261,100.0,1616.97265625,0.0,0.0
1774369464.0888858,100.0,1616.97265625,0.0,0.0
1774369464.2181637,100.0,1616.9765625,0.0,0.0
1774369464.348115,100.0,1617.22265625,0.0,0.0
1774369464.4699183,100.0,1617.22265625,0.0,0.0
1774369464.6092296,100.0,1617.22265625,0.0,0.0
1774369464.7354178,100.0,1617.22265625,0.0,0.0
1774369464.860651,100.0,1617.46875,0.0,0.0
1774369464.9839375,100.0,1617.46875,0.0,0.0
1774369465.109789,100.0,1617.46875,0.0,0.0
1774369465.2353654,100.0,1617.46875,0.0,0.0
1774369465.3613584,100.0,1630.453125,0.0,0.0
1774369465.4789672,25.0,1664.6953125,0.0,0.0
1774369465.5978472,30.8,1698.6953125,0.0,0.0
1774369465.7158053,27.5,1730.6953125,0.0,0.0
1774369465.8334508,29.3,1765.3671875,0.0,0.0
1774369465.9510515,27.5,1799.61328125,0.0,0.0
1774369466.069305,31.0,1833.53125,0.0,0.0
1774369466.187358,25.0,1865.52734375,0.0,0.0
1774369466.3049467,27.5,1899.7734375,0.0,0.0
1774369466.4243913,28.2,1922.953125,0.0,0.0
1774369466.5438154,27.5,1950.984375,0.0,0.0
1774369466.6630185,25.0,1978.15625,0.0,0.0
1774369466.7821107,30.0,2005.4140625,0.0,0.0
1774369466.90144,27.5,2033.0703125,0.0,0.0
1774369467.0206237,25.0,2060.34765625,0.0,0.0
1774369467.1397607,27.5,2087.75390625,0.0,0.0
1774369467.2589953,27.5,2115.9296875,0.0,0.0
1774369467.3791518,28.6,2142.76171875,0.0,0.0
1774369467.5219283,90.0,2147.58984375,0.0,0.0
1774369467.648427,100.0,1769.0546875,0.0,0.0
1774369467.7683885,29.3,1677.546875,0.0,0.0
1774369467.888137,25.6,1781.734375,0.0,0.0
1774369468.0081034,30.0,1885.98046875,0.0,0.0
1774369468.1309283,27.5,1946.73046875,0.0,0.0
1774369468.2540715,26.8,2008.61328125,0.0,0.0
1774369468.3767939,27.5,2071.3515625,0.0,0.0
1774369468.5004053,29.3,2132.55859375,0.0,0.0
1774369468.6902921,92.5,2147.23046875,0.0,0.0
1774369468.8964195,100.0,2147.91796875,0.0,0.0
1774369469.102166,100.0,2148.41015625,0.0,0.0
1774369469.2215936,85.0,1797.48046875,0.0,0.0
1774369469.3412898,32.5,1619.1015625,0.0,0.0
1774369469.4604228,27.5,1619.34765625,0.0,0.0
1774369469.578846,25.0,1619.34765625,0.0,0.0
1774369469.697793,26.8,1619.83984375,0.0,0.0
1774369469.828853,33.3,1619.83984375,0.0,0.0
1774369469.9592714,100.0,1619.83984375,0.0,0.0
1774369470.0916677,100.0,1619.83984375,0.0,0.0
1774369470.2266123,83.3,1619.70703125,0.0,0.0
1774369470.3493938,100.0,1619.70703125,0.0,0.0
1774369470.4814737,100.0,1619.70703125,0.0,0.0
1774369470.623406,79.5,1619.70703125,0.0,0.0
1774369470.7535136,100.0,1619.70703125,0.0,0.0
1774369470.8877594,100.0,1619.70703125,0.0,0.0
1774369471.0209546,82.5,1619.70703125,0.0,0.0
1774369471.1507576,100.0,1619.71484375,0.0,0.0
1774369471.2833207,100.0,1619.71484375,0.0,0.0
1774369471.4175718,75.6,1619.70703125,0.0,0.0
1774369471.548884,97.5,1619.70703125,0.0,0.0
1774369471.6796732,100.0,1619.70703125,0.0,0.0
1774369471.8119664,76.9,1619.70703125,0.0,0.0
1774369471.9443865,100.0,1619.70703125,0.0,0.0
1774369472.0619302,100.0,1619.70703125,0.0,0.0
1774369472.1812458,100.0,1619.70703125,0.0,0.0
1774369472.3150692,84.6,1619.70703125,0.0,0.0
1774369472.445418,100.0,1619.70703125,0.0,0.0
1774369472.5774648,100.0,1619.70703125,0.0,0.0
1774369472.728972,77.5,1619.70703125,0.0,0.0
1774369472.859627,100.0,1619.70703125,0.0,0.0
1774369472.991766,100.0,1619.70703125,0.0,0.0
1774369473.1265445,82.5,1619.70703125,0.0,0.0
1774369473.2569425,100.0,1619.70703125,0.0,0.0
1774369473.38941,100.0,1619.70703125,0.0,0.0
1774369473.5322633,82.1,1619.7109375,0.0,0.0
1774369473.6494591,51.3,1619.7109375,0.0,0.0
1774369473.767371,24.4,1619.70703125,2.734375,6.07421875
1774369473.8851013,15.0,1619.75,9.4140625,0.0
1774369474.0051444,15.4,1619.73046875,9.30859375,0.0
1774369474.1230772,15.0,1619.55859375,8.9609375,0.0
1774369474.2410831,17.1,1619.73828125,9.63671875,0.0
1774369474.358961,14.6,1619.734375,8.8984375,0.0
1774369474.4770744,17.1,1619.671875,9.82421875,0.0
1774369474.5947337,12.5,1619.83203125,8.7734375,0.0
1774369474.712575,17.1,1619.359375,9.82421875,0.0
1774369474.8297548,13.5,1619.52734375,8.7734375,0.0
1774369474.9476717,17.1,1619.62109375,9.57421875,0.0
1774369475.0652447,17.1,1619.73828125,8.8984375,0.0
1774369475.182948,17.1,1619.70703125,9.69921875,0.0
1774369475.300629,17.1,1619.77734375,8.8984375,0.0
1774369475.4190283,12.5,1619.4140625,9.69921875,0.0
1774369475.5367022,13.2,1618.8671875,9.0234375,0.0
1774369475.654745,15.0,1618.8515625,9.69921875,0.0
1774369475.7732487,15.0,1618.81640625,9.0234375,0.0
1774369475.8909228,12.8,1618.78125,9.4140625,0.0
1774369476.0129187,15.4,1619.21484375,9.68359375,0.0
1774369476.131596,20.0,1619.7890625,8.7734375,0.0
1774369476.2492967,17.1,1619.97265625,9.69921875,0.0
1774369476.366847,12.8,1619.8828125,8.8984375,0.0
1774369476.4848542,10.3,1620.40234375,9.69921875,0.0
1774369476.6024942,14.6,1620.31640625,8.8984375,0.0
1774369476.720292,16.7,1620.3359375,9.69921875,0.0
1774369476.8377655,13.2,1620.2578125,8.8984375,0.0
1774369476.9558773,15.4,1620.26953125,9.69921875,0.0
1774369477.073552,15.0,1620.203125,9.0234375,0.0
1774369477.191273,12.8,1620.08203125,9.69921875,0.0
1774369477.3094068,17.1,1620.03125,8.8984375,0.0
1774369477.4271011,7.9,1620.3828125,9.82421875,0.0
1774369477.5448468,21.4,1620.44140625,8.7734375,0.0
1774369477.6638505,22.5,1620.390625,3.46484375,0.0
1774369477.7830184,25.6,1620.390625,0.0,0.0
1774369477.9004395,25.0,1620.37890625,1.734375,0.0
1774369478.018555,15.0,1620.15234375,9.69921875,0.0
1774369478.137409,21.4,1620.82421875,6.7890625,0.0
1774369478.2553353,26.8,1672.0546875,0.0,0.0
1774369478.373329,28.2,1724.30078125,0.0,0.0
1774369478.4914143,27.5,1774.578125,0.0,0.0
1774369478.609474,23.1,1828.578125,0.0,0.0
1774369478.7273645,27.5,1878.828125,0.0,0.0
1774369478.8475897,32.6,1916.66796875,0.0,0.0
1774369478.9663777,26.8,1788.30859375,0.0,0.0
1774369479.0848904,26.8,1636.1015625,0.0,0.0
1774369479.203858,26.8,1636.828125,0.0,0.0
1774369479.3236017,27.5,1636.828125,0.0,0.0
1774369479.442005,27.5,1636.828125,0.0,0.0
1774369479.5603817,31.7,1637.07421875,0.0,0.0
1774369479.6789272,27.5,1637.07421875,0.0,0.0
1774369479.7972877,26.8,1637.07421875,0.0,0.0
1774369479.915741,30.0,1637.07421875,0.0,0.0
1774369480.0343394,27.5,1637.07421875,0.0,0.0
1774369480.1533122,25.0,1637.07421875,0.0,0.0
1774369480.2703307,26.8,1371.37890625,0.0,0.0
1774369480.387086,25.6,1371.37890625,0.0,0.0
1774369480.5183666,53.7,1371.35546875,0.0,0.0
1774369480.6492984,100.0,1371.35546875,0.0,0.0
1774369480.7802067,100.0,1371.35546875,0.0,0.0
1774369480.910886,100.0,1371.35546875,0.0,0.0
1774369481.039651,100.0,1371.35546875,0.0,0.0
1774369481.1708875,100.0,1371.3515625,0.0,0.0
1774369481.3018909,100.0,1371.3515625,0.0,0.0
1774369481.432403,100.0,1371.3515625,0.0,0.0
1774369481.5633063,100.0,1371.3515625,0.0,0.0
1774369481.6942089,100.0,1371.3515625,0.0,0.0
1774369481.825297,100.0,1371.3515625,0.0,0.0
1774369481.9558444,100.0,1371.3515625,0.0,0.0
1774369482.0866218,100.0,1371.3515625,0.0,0.0
1774369482.20586,100.0,1371.3515625,0.0,0.0
1774369482.336851,100.0,1371.3515625,0.0,0.0
1774369482.4666724,100.0,1376.828125,0.0,0.0
1774369482.5842798,36.6,1402.828125,0.0,0.0
1774369482.7018151,26.8,1426.828125,0.0,0.0
1774369482.8191717,27.5,1450.828125,0.0,0.0
1774369482.9368823,29.3,1475.07421875,0.0,0.0
1774369483.0542595,27.5,1499.07421875,0.0,0.0
1774369483.1716795,25.6,1523.07421875,0.0,0.0
1774369483.2893202,25.6,1547.07421875,0.0,0.0
1774369483.4070983,25.0,1571.07421875,0.0,0.0
1774369483.5245755,26.8,1595.3203125,0.0,0.0
1774369483.6423872,27.5,1619.3203125,0.0,0.0
1774369483.7604456,25.6,1638.01953125,0.0,0.0
1774369483.8794918,25.0,1658.19921875,0.0,0.0
1774369483.998372,27.5,1678.87890625,0.0,0.0
1774369484.1173642,28.2,1699.09765625,0.0,0.0
1774369484.236175,29.3,1720.3828125,0.0,0.0
1774369484.3549922,27.5,1740.02734375,0.0,0.0
1774369484.473999,25.6,1761.109375,0.0,0.0
1774369484.593772,25.6,1781.7734375,0.0,0.0
1774369484.7128415,26.8,1802.3125,0.0,0.0
1774369484.8316317,27.5,1823.5859375,0.0,0.0
1774369484.9506922,27.5,1843.7734375,0.0,0.0
1774369485.0695746,26.8,1864.0,0.0,0.0
1774369485.1885147,29.3,1884.1015625,0.0,0.0
1774369485.3077056,25.6,1905.0546875,0.0,0.0
1774369485.4269774,26.8,1925.578125,0.0,0.0
1774369485.5459135,28.6,1945.89453125,0.0,0.0
1774369485.6650224,29.3,1966.65234375,0.0,0.0
1774369485.8082128,72.5,1975.40625,0.0,0.0
1774369485.9350317,100.0,1975.8984375,0.0,0.0
1774369486.052868,65.9,1431.92578125,0.0,0.0
1774369486.1729205,27.5,1444.56640625,0.0,0.0
1774369486.2929094,27.5,1545.3671875,0.0,0.0
1774369486.4167511,31.0,1637.13671875,0.0,0.0
1774369486.5396986,27.5,1698.2421875,0.0,0.0
1774369486.664126,26.8,1758.8828125,0.0,0.0
1774369486.78729,27.5,1822.84375,0.0,0.0
1774369486.9108355,28.2,1886.25390625,0.0,0.0
1774369487.0336442,27.5,1950.00390625,0.0,0.0
1774369487.297167,75.6,1975.9453125,0.0,0.0
1774369487.4831243,100.0,1976.4375,0.0,0.0
1774369487.6785545,100.0,1976.4375,0.0,0.0
1774369487.8230531,100.0,1976.4375,0.0,0.0
1774369487.940931,55.0,1472.3203125,0.0,0.0
1774369488.0609329,27.5,1372.4375,0.0,0.0
1774369488.180351,25.0,1372.4296875,0.0,0.0
1774369488.2995684,25.6,1372.921875,0.0,0.0
1774369488.4187846,27.5,1372.921875,0.0,0.0
1774369488.5526202,31.0,1372.921875,0.0,0.0
1774369488.6783574,100.0,1372.921875,0.0,0.0
1774369488.8007073,100.0,1372.921875,0.0,0.0
1774369488.9531503,73.2,1372.921875,0.0,0.0
1774369489.0798562,100.0,1372.921875,0.0,0.0
1774369489.2083893,100.0,1372.921875,0.0,0.0
1774369489.342583,74.4,1372.921875,0.0,0.0
1774369489.4658282,97.6,1372.921875,0.0,0.0
1774369489.599045,100.0,1372.921875,0.0,0.0
1774369489.7330737,80.5,1372.921875,0.0,0.0
1774369489.8617573,97.5,1372.921875,0.0,0.0
1774369489.9926684,100.0,1372.921875,0.0,0.0
1774369490.1265123,80.0,1372.921875,0.0,0.0
1774369490.2611237,92.9,1372.921875,0.0,0.0
1774369490.3925095,100.0,1372.921875,0.0,0.0
1774369490.5113702,80.0,1372.921875,0.0,0.0
1774369490.657558,97.4,1372.921875,0.0,0.0
1774369490.7893353,100.0,1372.921875,0.0,0.0
1774369490.9213028,90.2,1372.921875,0.0,0.0
1774369491.0729895,97.4,1372.921875,0.0,0.0
1774369491.2073116,100.0,1372.921875,0.0,0.0
1774369491.3504279,77.5,1372.921875,0.0,0.0
1774369491.4822614,97.7,1372.9296875,0.0,0.0
1774369491.6131036,100.0,1372.9296875,0.0,0.0
1774369491.7459188,76.9,1372.9375,0.0,0.0
1774369491.8777125,100.0,1372.9375,0.0,0.0
1774369492.0099065,100.0,1372.9375,0.0,0.0
1774369492.1415982,87.8,1372.9375,0.0,0.0
1774369492.2636187,94.9,1372.9375,0.0,0.0
1774369492.3820705,27.5,1372.9375,0.0,0.51953125
1774369492.499972,17.5,1372.8828125,6.43359375,5.5546875
1774369492.6178021,15.4,1372.06640625,9.69921875,0.0
1774369492.7356563,19.0,1372.46875,8.8984375,0.0
1774369492.853834,16.7,1372.265625,9.69921875,0.0
1774369492.9715366,14.6,1372.1875,8.8984375,0.0
1774369493.0900202,15.0,1372.8203125,9.82421875,0.0
1774369493.2078085,12.8,1372.6953125,8.7734375,0.0
1774369493.325827,17.1,1372.609375,9.82421875,0.0
1774369493.4437957,19.5,1372.5546875,9.0234375,0.0
1774369493.5619528,17.1,1372.5390625,9.69921875,0.0
1774369493.6799207,15.0,1372.62109375,8.8984375,0.0
1774369493.797793,17.1,1372.59375,9.6640625,0.0
1774369493.9160812,17.5,1372.44921875,9.18359375,0.0
1774369494.0346086,12.5,1372.40234375,9.0859375,0.0
1774369494.1524644,14.6,1372.33984375,9.63671875,0.0
1774369494.2704666,15.0,1372.58203125,8.5859375,0.0
1774369494.388652,17.1,1372.5234375,9.88671875,0.0
1774369494.5065854,12.5,1372.640625,8.8984375,0.0
1774369494.6246152,17.1,1372.453125,9.69921875,0.0
1774369494.7425125,15.4,1372.4921875,8.8984375,0.0
1774369494.860584,12.8,1372.51171875,9.82421875,0.0
1774369494.9782004,17.1,1371.94140625,8.8984375,0.0
1774369495.0963979,15.0,1372.06640625,9.69921875,0.0
1774369495.2146397,15.0,1372.125,8.8984375,0.0
1774369495.3326323,15.0,1372.4921875,9.82421875,0.0
1774369495.450687,17.5,1372.78125,8.8984375,0.0
1774369495.568839,17.1,1372.3046875,9.69921875,0.0
1774369495.6868908,12.5,1371.90234375,8.8984375,0.0
1774369495.8047538,15.0,1372.23828125,9.4140625,0.0
1774369495.9228418,14.6,1372.42578125,9.30859375,0.0
1774369496.0407734,10.5,1372.41796875,8.9609375,0.0
1774369496.1587558,17.5,1372.14453125,9.63671875,0.0
1774369496.2778792,19.0,1372.421875,8.5390625,0.0
1774369496.3985386,26.8,1463.53515625,0.0,0.0
1774369496.519715,29.3,1561.78125,0.0,0.0
1774369496.641796,30.0,1635.1953125,0.0,0.0
1774369496.760903,22.5,1672.99609375,4.484375,0.0
1774369496.8783848,12.5,1673.0234375,8.7734375,0.0
1774369496.9986522,24.4,1679.32421875,4.96484375,0.0
1774369497.1190164,30.0,1719.5859375,0.0,0.0
1774369497.2403057,26.8,1760.09375,0.0,0.0
1774369497.3603606,25.6,1799.64453125,0.0,0.0
1774369497.4811068,29.3,1836.109375,0.0,0.0
1774369497.601575,27.5,1873.53125,0.0,0.0
1774369497.7219243,25.0,1908.84765625,0.0,0.0
1774369497.8419974,30.0,1936.3984375,0.0,0.0
1774369497.9624796,27.5,1964.1484375,0.0,0.0
1774369498.0824935,29.3,1370.51953125,0.0,0.0
1774369498.2011492,31.7,1370.2734375,0.0,0.0
1774369498.320955,27.5,1370.515625,0.0,0.0
1774369498.4416914,25.0,1370.515625,0.0,0.0
1774369498.5606174,27.5,1395.9921875,0.0,0.0
1774369498.679174,27.5,1436.23828125,0.0,0.0
1774369498.798176,27.5,1474.23828125,0.0,0.0
1774369498.917278,25.6,1514.484375,0.0,0.0
1774369499.03633,29.3,1552.484375,0.0,0.0
1774369499.1553807,27.5,1590.4765625,0.0,0.0
1774369499.2748263,25.6,1630.72265625,0.0,0.0
1774369499.3936133,26.8,1668.72265625,0.0,0.0
1774369499.511118,27.5,1674.72265625,0.0,0.0
1774369499.6286104,30.0,1674.96875,0.0,0.0
1774369499.7546527,97.4,1674.96875,0.0,0.0
1774369499.8804142,100.0,1674.96875,0.0,0.0
1774369500.0059712,100.0,1674.96875,0.0,0.0
1774369500.1314018,100.0,1674.96875,0.0,0.0
1774369500.2569797,100.0,1675.21484375,0.0,0.0
1774369500.382579,100.0,1675.21484375,0.0,0.0
1774369500.5040653,100.0,1675.21484375,0.0,0.0
1774369500.6296208,100.0,1675.21484375,0.0,0.0
1774369500.7640283,100.0,1675.21484375,0.0,0.0
1774369500.8895285,100.0,1675.21484375,0.0,0.0
1774369501.0152209,100.0,1675.21484375,0.0,0.0
1774369501.1490347,100.0,1675.21484375,0.0,0.0
1774369501.2744033,100.0,1675.21484375,0.0,0.0
1774369501.3998528,100.0,1675.21484375,0.0,0.0
1774369501.5253887,100.0,1675.21484375,0.0,0.0
1774369501.6549737,100.0,1675.21484375,0.0,0.0
1774369501.783967,100.0,1675.21484375,0.0,0.0
1774369501.9014816,95.0,1689.70703125,0.0,0.0
1774369502.0190747,25.6,1711.70703125,0.0,0.0
1774369502.1366827,30.0,1735.70703125,0.0,0.0
1774369502.254437,25.6,1759.70703125,0.0,0.0
1774369502.372089,26.8,1783.70703125,0.0,0.0
1774369502.4896717,27.5,1807.953125,0.0,0.0
1774369502.6086855,27.5,1831.953125,0.0,0.0
1774369502.7267694,26.8,1855.953125,0.0,0.0
1774369502.8445115,27.5,1879.953125,0.0,0.0
1774369502.9617815,28.2,1903.953125,0.0,0.0
1774369503.081052,25.6,1919.6015625,0.0,0.0
1774369503.200112,25.0,1939.78515625,0.0,0.0
1774369503.3189957,29.3,1960.15625,0.0,0.0
1774369503.4380653,29.3,1981.0234375,0.0,0.0
1774369503.5572867,27.5,2001.4609375,0.0,0.0
1774369503.6764553,27.5,2019.00390625,0.0,0.0
1774369503.7957857,27.5,2037.42578125,0.0,0.0
1774369503.9156077,25.6,2056.5546875,0.0,0.0
1774369504.0347786,25.0,2075.1015625,0.0,0.0
1774369504.1541758,31.7,2093.63671875,0.0,0.0
1774369504.2736733,27.5,2113.11328125,0.0,0.0
1774369504.3930528,28.6,2132.16015625,0.0,0.0
1774369504.5121796,30.0,2151.05859375,0.0,0.0
1774369504.631666,27.5,2170.1640625,0.0,0.0
1774369504.751751,26.8,2189.49609375,0.0,0.0
1774369504.8710282,25.0,2208.9921875,0.0,0.0
1774369504.9899268,29.3,2227.49609375,0.0,0.0
1774369505.109647,29.3,2247.13671875,0.0,0.0
1774369505.229017,26.8,2266.125,0.0,0.0
1774369505.3804526,53.7,2279.546875,0.0,0.0
1774369505.528195,100.0,2279.68359375,0.0,0.0
1774369505.6466155,67.5,1788.65625,0.0,0.0
1774369505.7662632,26.8,1726.11328125,0.0,0.0
1774369505.8860712,33.3,1828.359375,0.0,0.0
1774369506.0058622,27.5,1917.2109375,0.0,0.0
1774369506.1281912,25.6,1968.078125,0.0,0.0
1774369506.2506328,27.5,2034.20703125,0.0,0.0
1774369506.3735285,31.7,2092.40234375,0.0,0.0
1774369506.4964085,27.5,2159.10546875,0.0,0.0
1774369506.6201026,26.8,2217.66015625,0.0,0.0
1774369506.7805398,31.7,2279.52734375,0.0,0.0
1774369506.9938247,97.6,2279.4375,0.0,0.0
1774369507.1478052,100.0,2280.22265625,0.0,0.0
1774369507.3517122,97.7,2280.22265625,0.0,0.0
1774369507.4852107,100.0,2280.71484375,0.0,0.0
1774369507.6052933,56.1,1792.69921875,0.0,0.0
1774369507.7250836,27.5,1676.16796875,0.0,0.0
1774369507.8451052,25.0,1676.16796875,0.0,0.0
1774369507.964862,25.0,1676.66015625,0.0,0.0
1774369508.0843856,27.5,1676.57421875,0.0,0.0
1774369508.224558,27.5,1676.57421875,0.0,0.0
1774369508.3503947,100.0,1676.8203125,0.0,0.0
1774369508.479002,100.0,1676.8203125,0.0,0.0
1774369508.6095254,73.2,1676.8203125,0.0,0.0
1774369508.7357767,100.0,1676.8203125,0.0,0.0
1774369508.866862,100.0,1676.8203125,0.0,0.0
1774369509.0016603,80.5,1676.8203125,0.0,0.0
1774369509.1336,97.5,1676.8203125,0.0,0.0
1774369509.2618678,100.0,1676.8203125,0.0,0.0
1774369509.3908489,79.5,1676.8203125,0.0,0.0
1774369509.5238729,90.5,1676.8203125,0.0,0.0
1774369509.6549513,100.0,1676.8203125,0.0,0.0
1774369509.7887998,80.5,1676.8203125,0.0,0.0
1774369509.9208267,92.7,1676.8203125,0.0,0.0
1774369510.0526786,100.0,1676.8203125,0.0,0.0
1774369510.1833959,90.0,1676.8203125,0.0,0.0
1774369510.3139296,97.5,1676.8203125,0.0,0.0
1774369510.4403899,100.0,1676.8203125,0.0,0.0
1774369510.5724268,100.0,1676.8203125,0.0,0.0
1774369510.7042093,85.0,1676.8203125,0.0,0.0
1774369510.833993,100.0,1676.8203125,0.0,0.0
1774369510.9659755,100.0,1676.8203125,0.0,0.0
1774369511.1136987,80.5,1676.8203125,0.0,0.0
1774369511.2412431,100.0,1676.8203125,0.0,0.0
1774369511.3734806,100.0,1676.8203125,0.0,0.0
1774369511.506238,80.0,1676.8203125,0.0,0.0
1774369511.6367922,100.0,1676.8203125,0.0,0.0
1774369511.7639232,100.0,1676.8203125,0.0,0.0
1774369511.910801,79.5,1676.8203125,0.0,0.0
1774369512.0297985,65.0,1677.06640625,0.0,0.0
1774369512.1478412,25.6,1677.29296875,1.734375,6.07421875
1774369512.265961,14.6,1677.203125,9.69921875,0.0
1774369512.384285,17.5,1677.22265625,9.0234375,0.0
1774369512.5025587,15.4,1676.35546875,9.69921875,0.0
1774369512.620505,17.1,1676.375,8.8984375,0.0
1774369512.7385004,19.5,1676.04296875,9.5390625,0.0
1774369512.8567014,17.5,1676.0625,9.05859375,0.0
1774369512.9745626,15.0,1676.09765625,9.1640625,0.0
1774369513.0926344,19.5,1675.89453125,9.43359375,0.0
1774369513.2108474,17.5,1675.88671875,8.8046875,0.0
1774369513.3292527,15.0,1676.19921875,9.41796875,0.0
1774369513.4473655,15.4,1676.43359375,8.8359375,0.0
1774369513.565823,13.2,1676.27734375,9.76171875,0.0
1774369513.6840997,17.1,1676.48828125,8.8984375,0.0
1774369513.8021696,15.0,1676.421875,9.82421875,0.0
1774369513.9198034,12.8,1676.5859375,8.7734375,0.0
1774369514.0381763,17.1,1676.48046875,9.82421875,0.0
1774369514.1559331,17.1,1676.52734375,8.8984375,0.0
1774369514.2740662,17.5,1676.1640625,9.69921875,0.0
1774369514.392101,19.5,1676.46875,8.8984375,0.0
1774369514.511013,10.5,1676.47265625,9.94921875,0.0
1774369514.6290853,15.0,1676.54296875,8.8984375,0.0
1774369514.7469337,13.2,1676.15625,9.69921875,0.0
1774369514.8651476,19.0,1676.48828125,8.7734375,0.0
1774369514.9831765,12.8,1676.45703125,9.5390625,0.0
1774369515.1013644,19.5,1676.4375,9.18359375,0.0
1774369515.219581,15.4,1676.26953125,9.0859375,0.0
1774369515.3376665,16.7,1676.453125,9.38671875,0.0
1774369515.4558218,15.0,1676.203125,8.8984375,0.0
1774369515.5740454,17.1,1676.26171875,9.82421875,0.0
1774369515.6925843,12.8,1676.5390625,8.8984375,0.0
1774369515.8107402,13.2,1676.6875,9.82421875,0.0
1774369515.928438,19.5,1676.9765625,8.7734375,0.0
1774369516.0479531,20.0,1677.03515625,5.08984375,0.0
1774369516.1675866,26.8,1677.03515625,0.0,0.0
1774369516.2862446,26.3,1677.03515625,0.046875,0.0
1774369516.4047377,13.2,1677.9140625,9.76171875,0.0
1774369516.5238292,12.5,1677.9140625,8.4140625,0.0
1774369516.6423717,25.6,1721.05078125,0.0,0.0
1774369516.7609134,27.5,1773.05078125,0.0,0.0
1774369516.879785,27.5,1825.296875,0.0,0.0
1774369516.9981837,25.6,1877.296875,0.0,0.0
1774369517.1165352,28.2,1929.1953125,0.0,0.0
1774369517.237508,28.2,1966.5625,0.0,0.0
1774369517.356264,25.0,1796.265625,0.0,0.0
1774369517.474977,28.2,1676.46875,0.0,0.0
1774369517.5940099,27.5,1676.71484375,0.0,0.0
1774369517.7142217,25.0,1676.921875,0.0,0.0
1774369517.8330095,25.6,1676.921875,0.0,0.0
1774369517.9521363,25.6,1676.921875,0.0,0.0
1774369518.070967,27.5,1676.921875,0.0,0.0
1774369518.1895463,27.5,1676.78515625,0.0,0.0
1774369518.3080733,30.0,1676.78515625,0.0,0.0
1774369518.426797,27.5,1676.78515625,0.0,0.0
1774369518.545347,28.6,1676.78515625,0.0,0.0
1774369518.6626794,27.5,1373.08984375,0.0,0.0
1774369518.7800987,29.3,1373.08984375,0.0,0.0
1774369518.9095736,62.5,1373.08984375,0.0,0.0
1774369519.0391622,100.0,1373.06640625,0.0,0.0
1774369519.158091,100.0,1373.0625,0.0,0.0
1774369519.2876694,100.0,1373.0625,0.0,0.0
1774369519.4171257,100.0,1373.0625,0.0,0.0
1774369519.5469232,100.0,1373.0625,0.0,0.0
1774369519.6768599,100.0,1373.0625,0.0,0.0
1774369519.806451,100.0,1373.0625,0.0,0.0
1774369519.936097,100.0,1373.0625,0.0,0.0
1774369520.0579052,100.0,1373.0625,0.0,0.0
1774369520.1874132,100.0,1373.0703125,0.0,0.0
1774369520.3170695,100.0,1373.0703125,0.0,0.0
1774369520.4465506,100.0,1373.0703125,0.0,0.0
1774369520.5720136,97.6,1373.0703125,0.0,0.0
1774369520.7015636,100.0,1373.0703125,0.0,0.0
1774369520.8312395,100.0,1373.0703125,0.0,0.0
1774369520.9607525,100.0,1373.0703125,0.0,0.0
1774369521.086228,100.0,1380.546875,0.0,0.0
1774369521.2035735,32.5,1400.546875,0.0,0.0
1774369521.321504,25.0,1422.546875,0.0,0.0
1774369521.43931,25.6,1446.79296875,0.0,0.0
1774369521.5576174,27.5,1471.0390625,0.0,0.0
1774369521.6759245,26.8,1495.0390625,0.0,0.0
1774369521.7937338,25.0,1519.0390625,0.0,0.0
1774369521.912217,28.2,1543.0390625,0.0,0.0
1774369522.030193,29.3,1567.0546875,0.0,0.0
1774369522.148142,25.0,1591.3046875,0.0,0.0
1774369522.265887,27.5,1615.3046875,0.0,0.0
1774369522.3839188,27.5,1639.3046875,0.0,0.0
1774369522.5021226,25.0,1663.3046875,0.0,0.0
1774369522.6207488,25.0,1687.55078125,0.0,0.0
1774369522.7403033,30.0,1700.66796875,0.0,0.0
1774369522.8598154,27.5,1721.046875,0.0,0.0
1774369522.9790502,25.6,1741.5546875,0.0,0.0
1774369523.0981936,31.7,1761.80078125,0.0,0.0
1774369523.217558,29.3,1782.4375,0.0,0.0
1774369523.3367748,25.0,1803.375,0.0,0.0
1774369523.4558604,28.2,1822.421875,0.0,0.0
1774369523.5751808,27.5,1843.17578125,0.0,0.0
1774369523.6946833,28.6,1864.18359375,0.0,0.0
1774369523.8140407,25.6,1884.390625,0.0,0.0
1774369523.9331968,27.5,1903.27734375,0.0,0.0
1774369524.0525882,27.5,1923.09765625,0.0,0.0
1774369524.1720345,27.5,1943.0234375,0.0,0.0
1774369524.291131,29.3,1963.734375,0.0,0.0
1774369524.4432166,60.5,1976.12890625,0.0,0.0
1774369524.576534,100.0,1976.12890625,0.0,0.0
1774369524.6948347,65.0,1372.484375,0.0,0.0
1774369524.8149202,30.0,1458.671875,0.0,0.0
1774369524.935773,28.6,1562.91796875,0.0,0.0
1774369525.0556457,27.5,1669.1640625,0.0,0.0
1774369525.1803663,31.7,1733.39453125,0.0,0.0
1774369525.3043356,28.2,1795.49609375,0.0,0.0
1774369525.427605,25.6,1858.2109375,0.0,0.0
1774369525.5509996,30.0,1921.08203125,0.0,0.0
1774369525.7779486,38.6,1976.09765625,0.0,0.0
1774369525.9626036,100.0,1976.75390625,0.0,0.0
1774369526.1718483,97.5,1977.1328125,0.0,0.0
1774369526.357612,100.0,1977.6953125,0.0,0.0
1774369526.4896731,87.0,1469.234375,0.0,0.0
1774369526.6095319,23.7,1373.0703125,0.0,0.0
1774369526.7293587,29.3,1373.31640625,0.0,0.0
1774369526.8494246,27.5,1373.31640625,0.0,0.0
1774369526.969239,25.0,1373.31640625,0.0,0.0
1774369527.1047387,27.5,1373.17578125,0.0,0.0
1774369527.2359712,100.0,1373.17578125,0.0,0.0
1774369527.368766,100.0,1373.17578125,0.0,0.0
1774369527.5064268,79.5,1373.17578125,0.0,0.0
1774369527.6375358,100.0,1373.17578125,0.0,0.0
1774369527.7693036,100.0,1373.17578125,0.0,0.0
1774369527.9070606,72.5,1373.17578125,0.0,0.0
1774369528.0499082,100.0,1373.17578125,0.0,0.0
1774369528.182755,100.0,1373.17578125,0.0,0.0
1774369528.321451,78.0,1373.17578125,0.0,0.0
1774369528.4511795,100.0,1373.17578125,0.0,0.0
1774369528.5816348,100.0,1373.17578125,0.0,0.0
1774369528.7294614,80.0,1373.17578125,0.0,0.0
1774369528.8613355,100.0,1373.17578125,0.0,0.0
1774369528.9929082,100.0,1373.17578125,0.0,0.0
1774369529.1273708,80.0,1373.17578125,0.0,0.0
1774369529.263887,97.6,1373.17578125,0.0,0.0
1774369529.3949196,100.0,1373.17578125,0.0,0.0
1774369529.533306,80.5,1373.17578125,0.0,0.0
1774369529.6632571,87.5,1373.17578125,0.0,0.0
1774369529.7933187,100.0,1373.17578125,0.0,0.0
1774369529.9111674,94.9,1373.17578125,0.0,0.0
1774369530.0462484,76.3,1373.17578125,0.0,0.0
1774369530.17604,100.0,1373.17578125,0.0,0.0
1774369530.3000956,100.0,1373.17578125,0.0,0.0
1774369530.4302382,76.2,1373.17578125,0.0,0.0
1774369530.5600615,84.6,1373.17578125,0.0,0.0
1774369530.677496,100.0,1373.17578125,0.0,0.0
1774369530.8064957,100.0,1373.17578125,0.0,0.0
1774369530.9245698,65.0,1373.17578125,0.0,0.0
1774369531.042667,70.0,1373.17578125,0.0,0.0
1774369531.1608646,28.6,1373.2578125,0.0,6.109375
1774369531.2786975,28.6,977.26953125,0.0,0.05859375
1774369531.396686,27.5,286.30078125,0.0,0.0
1774369531.514477,27.5,286.30078125,0.0,0.0
1774369531.63219,25.6,286.30078125,0.0,0.0
1774369531.7501698,29.3,285.6953125,0.0,0.0
1774369531.8693788,17.5,169.40625,2.98828125,0.0
1774369531.9859066,2.5,83.44921875,0.0,0.0
