timestamp,cpu_percent,ram_used_MB,proc_read_MB,proc_write_MB
1774366446.8402765,27.5,81.4140625,0.0,0.0
1774366446.957337,27.5,83.875,0.0,0.0
1774366447.074322,72.5,86.58203125,0.0,0.0
1774366447.191166,27.5,88.3203125,0.0,0.0
1774366447.3081102,27.5,89.296875,0.0,0.0
1774366447.4252224,25.0,90.28125,0.0,0.0
1774366447.5419676,25.0,92.00390625,0.0,0.0
1774366447.6584241,25.6,94.95703125,0.9375,0.0
1774366447.7754924,15.0,95.91015625,3.77734375,0.0
1774366447.8924677,24.4,97.73046875,1.3828125,0.0
1774366448.008956,28.2,98.46875,0.0,0.0
1774366448.1258776,25.6,98.94921875,0.0,0.0
1774366448.2426162,25.6,99.81640625,0.59375,0.0
1774366448.3596277,29.3,102.875,0.4921875,0.0078125
1774366448.4766982,27.5,106.9375,0.08984375,0.0
1774366448.5941699,52.5,111.91796875,3.33984375,0.0
1774366448.7113538,26.8,114.33984375,0.0,0.0
1774366448.8278399,27.5,114.5859375,0.0,0.0
1774366448.9456096,27.5,117.05078125,0.0,0.0
1774366449.0653458,26.8,140.15234375,0.0,0.0
1774366449.184427,27.5,158.78125,0.0,0.0
1774366449.3032904,28.2,177.42578125,0.0,0.0
1774366449.4219463,26.8,196.59375,0.0,0.0
1774366449.5401008,31.0,215.23828125,0.0,0.0
1774366449.658551,25.6,233.390625,0.0,0.0
1774366449.7786083,25.0,252.52734375,0.0,0.0
1774366449.8979442,25.0,272.92578125,0.0,0.0
1774366450.0168135,29.3,293.32421875,0.0,0.0
1774366450.1356952,27.5,311.72265625,0.0,0.0
1774366450.2535882,27.5,330.61328125,0.0,0.0
1774366450.3717554,28.2,348.765625,0.0,0.0
1774366450.490686,25.6,369.41015625,0.0,0.0
1774366450.610159,26.8,387.83984375,0.0,0.0
1774366450.729291,25.6,408.23828125,0.0,0.0
1774366450.8487544,30.0,426.63671875,0.0,0.0
1774366450.968374,25.6,518.08203125,0.0,0.0
1774366451.08813,25.6,616.328125,0.0,0.0
1774366451.2077038,28.2,714.328125,0.0,0.0
1774366451.3272183,27.5,748.2578125,0.0,0.0
1774366451.445204,25.6,801.91796875,0.0,0.0
1774366451.5631037,30.0,855.91796875,0.0,0.0
1774366451.6813817,29.3,908.1640625,0.0,0.0
1774366451.7997952,26.8,962.1640625,0.0,0.0
1774366451.9178658,23.7,1014.41015625,0.0,0.0
1774366452.0365105,29.3,1066.41015625,0.0,0.0
1774366452.1611075,27.5,461.3125,0.0,0.0
1774366452.2853355,25.0,563.06640625,0.0,0.0
1774366452.4089956,31.7,663.3125,0.0,0.0
1774366452.5331209,25.6,765.55859375,0.0,0.0
1774366452.6576767,26.8,867.55859375,0.0,0.0
1774366452.786362,27.5,897.8046875,0.0,0.0
1774366452.9052975,29.3,935.8046875,0.0,0.0
1774366453.0240183,26.8,936.296875,0.0,0.0
1774366453.142383,25.0,936.296875,0.0,0.0
1774366453.2616882,29.3,936.296875,0.0,0.0
1774366453.3804154,29.3,936.296875,0.0,0.0
1774366453.4989066,25.0,936.296875,0.0,0.0
1774366453.620736,27.5,938.296875,0.0,0.0
1774366453.7392433,30.0,991.98828125,0.0,0.0
1774366453.8611312,29.3,982.23828125,0.0,0.0
1774366453.9797366,25.6,1030.6953125,0.0,0.0
1774366454.1017206,30.0,1029.92578125,0.0,0.0
1774366454.2208502,27.5,1059.44140625,0.0,0.0
1774366454.34267,25.0,1054.55859375,0.0,0.0
1774366454.4623125,30.0,1086.39453125,0.0,0.0
1774366454.5821908,29.3,1106.00390625,0.0,0.0
1774366454.7016435,29.3,1110.140625,0.0,0.0
1774366454.8209884,27.5,1139.03125,0.0,0.0
1774366454.943201,29.3,1132.671875,0.0,0.0
1774366455.0627291,25.6,1171.421875,0.0,0.0
1774366455.1845672,26.8,1151.7890625,0.0,0.0
1774366455.3034089,28.2,1199.234375,0.0,0.0
1774366455.425814,28.2,1182.9609375,0.0,0.0
1774366455.5450354,25.6,1231.04296875,0.0,0.0
1774366455.6657531,29.3,1208.94140625,0.0,0.0
1774366455.7848125,29.3,1261.15625,0.0,0.0
1774366455.9020333,26.8,1235.09375,0.0,0.0
1774366456.0190501,94.9,1236.078125,0.0,0.0
1774366456.1360993,100.0,1236.3046875,0.0,0.0
1774366456.2541258,92.5,1254.67578125,0.12109375,0.0
1774366456.3725023,25.0,1283.59765625,0.0,0.0
1774366456.5380213,95.0,1287.734375,0.0,0.0
1774366456.66045,90.2,1235.625,0.0,0.0
1774366456.7771118,100.0,1235.625,0.0,0.0
1774366456.9077575,100.0,1235.625,0.0,0.0
1774366457.0248153,84.2,1237.625,0.0,0.0
1774366457.14264,26.8,1241.55078125,0.0,0.0
1774366457.259404,29.3,1245.796875,0.0,0.0
1774366457.3764646,27.5,1250.04296875,0.0,0.0
1774366457.493464,25.0,1254.04296875,0.0,0.0
1774366457.6103015,27.5,1258.04296875,0.0,0.0
1774366457.7273386,27.5,1262.04296875,0.0,0.0
1774366457.8449187,25.0,1266.04296875,0.0,0.0
1774366457.9617908,25.6,1270.04296875,0.0,0.0
1774366458.0784948,27.5,1274.04296875,0.0,0.0
1774366458.19545,27.5,1278.2890625,0.0,0.0
1774366458.3123407,25.0,1282.2890625,0.0,0.0
1774366458.4290714,27.5,1283.1015625,0.0,0.0
1774366458.5462563,25.6,1287.49609375,0.0,0.0
1774366458.66336,25.6,1290.765625,0.0,0.0
1774366458.7802594,27.5,1295.04296875,0.0,0.0
1774366458.8973742,27.5,1299.06640625,0.0,0.0
1774366459.0144594,25.0,1302.79296875,0.0,0.0
1774366459.1314948,25.6,1306.08203125,0.0,0.0
1774366459.262686,52.4,1291.59375,0.0,0.0
1774366459.4415045,63.4,1309.671875,0.0,0.0
1774366459.5677118,77.5,1235.640625,0.0,0.0
1774366459.6981726,100.0,1235.640625,0.0,0.0
1774366459.8284843,100.0,1242.078125,0.0,0.0
1774366459.9463255,33.3,1276.32421875,0.0,0.0
1774366460.0972633,76.2,1277.7890625,0.0,0.0
1774366460.229747,95.1,1235.59375,0.0,0.0
1774366460.3601797,100.0,1235.83984375,0.0,0.0
1774366460.4770901,100.0,1235.83984375,0.0,0.0
1774366460.594778,87.5,1250.2578125,0.0,0.0
1774366460.7125099,29.3,1274.50390625,0.0,0.0
1774366460.8290699,29.3,1293.75390625,0.0,0.0
1774366460.9462404,27.5,1296.65234375,0.0,0.0
1774366461.0634873,25.6,1299.421875,0.0,0.0
1774366461.1801057,26.8,1302.1640625,0.0,0.0
1774366461.296537,27.5,1306.49609375,0.0,0.0
1774366461.413289,27.5,1306.47265625,0.0,0.0
1774366461.546201,46.2,1234.71484375,0.0,0.0
1774366461.7208238,71.4,1305.5078125,0.0,0.0
1774366461.8438866,70.0,1236.0703125,0.0,0.0
1774366461.973416,100.0,1236.0703125,0.0,0.0
1774366462.102649,100.0,1236.0703125,0.0,0.0
1774366462.2323656,100.0,1236.5625,0.0,0.0
1774366462.3499613,64.1,1252.53125,0.0,0.0
1774366462.467874,25.6,1268.77734375,0.0,0.0
1774366462.5853586,25.0,1282.77734375,0.0,0.0
1774366462.7026355,27.5,1297.24609375,0.0,0.0
1774366462.820223,27.5,1311.92578125,0.0,0.0
1774366462.9369934,25.0,1314.15625,0.0,0.0
1774366463.0538445,31.0,1314.69921875,0.0,0.0
1774366463.1715958,25.6,1316.6640625,0.0,0.0
1774366463.2890108,25.0,1332.78125,0.0,0.0
1774366463.4216535,60.0,1240.5546875,0.0,0.0
1774366463.6294727,57.5,1339.5234375,0.0,0.0
1774366463.758853,65.0,1245.4609375,0.0,0.0
1774366463.8891852,100.0,1245.4609375,0.0,0.0
1774366464.0196433,100.0,1245.4609375,0.0,0.0
1774366464.1371155,89.7,1263.0234375,0.0,0.0
1774366464.2547965,25.0,1285.26953125,0.0,0.0
1774366464.3722796,27.5,1309.26953125,0.0,0.0
1774366464.494476,82.5,1287.26953125,0.0,0.0
1774366464.6263933,90.0,1247.03125,0.0,0.0
1774366464.7569454,90.0,1247.03125,0.0,0.0
1774366464.8876157,100.0,1247.03125,0.0,0.0
1774366465.005394,90.2,1267.515625,0.0,0.0
1774366465.1591814,26.8,1299.515625,0.0,0.0
1774366465.2901917,97.6,1247.03125,0.0,0.0
1774366465.4073427,90.0,1247.27734375,0.0,0.0
1774366465.5431259,100.0,1247.27734375,0.0,0.0
1774366465.6732268,100.0,1247.27734375,0.0,0.0
1774366465.7911553,71.8,1263.515625,0.0,0.0
1774366465.9093213,26.8,1279.515625,0.0,0.0
1774366466.0266342,26.8,1297.515625,0.0,0.0
1774366466.144375,31.0,1315.53125,0.0,0.0
1774366466.2694829,75.6,1281.2890625,0.0,0.0
1774366466.4208384,83.3,1321.53125,0.0,0.0
1774366466.5502512,90.0,1247.53515625,0.0,0.0
1774366466.6811721,100.0,1247.53515625,0.0,0.0
1774366466.7990139,94.9,1266.76171875,0.0,0.0
1774366466.934254,27.5,1300.76171875,0.0,0.0
1774366467.075144,95.1,1300.76171875,0.0,0.0
1774366467.2086613,54.3,1280.48046875,0.0,0.0
1774366467.3284717,25.6,1322.13671875,0.0,0.0
1774366467.4591646,82.5,897.30078125,0.0,0.0
1774366467.5912638,100.0,899.0234375,0.0,0.0
1774366467.741577,70.0,921.91015625,0.0,0.0
1774366467.8738077,90.0,958.33203125,0.0,0.0
1774366468.0063634,100.0,963.25390625,0.0,0.0
1774366468.1405723,87.8,963.3125,0.0,0.0
1774366468.2733169,94.9,982.26171875,0.0,0.0
1774366468.40339,100.0,982.26171875,0.0,0.0
1774366468.5262694,100.0,982.5078125,0.0,0.0
1774366468.6604316,76.2,982.5078125,0.0,0.0
1774366468.790108,100.0,982.75390625,0.0,0.0
1774366468.9220717,100.0,982.75390625,0.0,0.0
1774366469.0631623,73.2,982.75390625,0.0,0.0
1774366469.193667,100.0,982.75390625,0.0,0.0
1774366469.3256779,100.0,982.75390625,0.0,0.0
1774366469.4774358,72.5,982.75390625,0.0,0.0
1774366469.6092713,100.0,982.75390625,0.0,0.0
1774366469.7413936,100.0,982.75390625,0.0,0.0
1774366469.8755124,78.0,982.75390625,0.0,0.0
1774366470.0049229,100.0,982.75390625,0.0,0.0
1774366470.136014,100.0,982.765625,0.0,0.0
1774366470.2709851,78.0,982.765625,0.0,0.0
1774366470.4002683,100.0,982.765625,0.0,0.0
1774366470.5350358,100.0,982.765625,0.0,0.0
1774366470.6824071,78.7,982.765625,0.0,0.0
1774366470.8098373,100.0,982.765625,0.0,0.0
1774366470.9267488,100.0,982.765625,0.0,0.0
1774366471.0601144,81.0,982.765625,0.0,0.0
1774366471.1781328,87.2,985.47265625,0.0,0.0
1774366471.2956192,26.8,997.59375,0.046875,0.0
1774366471.4126816,25.0,1004.03515625,1.2421875,6.07421875
1774366471.5306962,19.5,1010.859375,9.82421875,0.0
1774366471.6480105,17.5,1019.12109375,8.6484375,0.0
1774366471.7657993,15.8,1029.22265625,9.82421875,0.0
1774366471.883264,19.5,1037.5078125,8.7734375,0.0
1774366472.0015066,17.1,1046.8671875,9.57421875,0.0
1774366472.1190445,17.5,1055.81640625,8.7734375,0.0
1774366472.2371302,15.0,1067.046875,9.82421875,0.0
1774366472.355263,17.5,1074.2109375,8.8984375,0.0
1774366472.473123,12.8,1085.1796875,9.69921875,0.0
1774366472.5909183,17.9,1092.7265625,8.8984375,0.0
1774366472.7089932,17.5,1103.0703125,9.6640625,0.0
1774366472.82665,17.5,1113.2421875,8.93359375,0.0
1774366472.944557,17.5,1120.9453125,9.2890625,0.0
1774366473.062886,15.4,1131.39453125,9.18359375,0.0
1774366473.1809669,15.0,1139.828125,9.0546875,0.0
1774366473.2988145,10.5,1149.60546875,9.41796875,0.0
1774366473.4168587,17.1,1158.45703125,8.8359375,0.0
1774366473.5347276,17.5,1167.51953125,9.76171875,0.0
1774366473.6526325,12.8,1177.0859375,8.6484375,0.0
1774366473.770375,15.4,1187.625,9.69921875,0.0
1774366473.8881469,15.4,1195.50390625,8.8984375,0.0
1774366474.0059016,13.2,1205.6875,9.69921875,0.0
1774366474.1232705,15.8,1213.890625,8.7734375,0.0
1774366474.241198,17.5,1223.50390625,9.69921875,0.0
1774366474.3587239,17.1,1232.03125,8.7734375,0.0
1774366474.4765475,15.0,1241.640625,9.69921875,0.0
1774366474.593837,15.4,1250.6640625,8.8984375,0.0
1774366474.7117958,16.7,1261.71875,9.57421875,0.0
1774366474.829243,17.1,1268.87109375,8.8984375,0.0
1774366474.9469228,17.5,1279.8515625,9.69921875,0.0
1774366475.0652711,17.5,1287.38671875,8.8984375,0.0
1774366475.1830752,15.0,1297.8046875,9.82421875,0.0
1774366475.302344,20.9,1318.07421875,6.2890625,0.0
1774366475.4220934,29.3,1416.3203125,0.0,0.0
1774366475.5421493,26.8,1514.3203125,0.0,0.0
1774366475.6594193,23.1,1608.51953125,0.984375,0.0
1774366475.777188,19.0,1619.28515625,9.69921875,0.0
1774366475.8966835,17.5,1629.2734375,7.5390625,0.0
1774366476.0148826,26.8,1688.12109375,0.0,0.0
1774366476.132973,31.0,1742.625,0.0,0.0
1774366476.2510922,29.3,1796.625,0.0,0.0
1774366476.3697908,28.6,1848.625,0.0,0.0
1774366476.487988,25.0,1902.87109375,0.0,0.0
1774366476.606281,27.5,1953.1171875,0.0,0.0
1774366476.730257,29.3,1398.47265625,0.0,0.0
1774366476.8546042,28.6,1500.71875,0.0,0.0
1774366476.9778407,31.7,1602.71875,0.0,0.0
1774366477.1027472,33.3,1704.96484375,0.0,0.0
1774366477.2527416,25.0,1791.2109375,0.0,0.0
1774366477.371885,27.5,1765.94921875,0.0,0.0
1774366477.4904242,27.5,1765.94921875,0.0,0.0
1774366477.6091356,29.3,1765.94921875,0.0,0.0
1774366477.7277935,25.0,1765.94921875,0.0,0.0
1774366477.8463733,29.3,1765.94921875,0.0,0.0
1774366477.9650679,30.0,1765.94921875,0.0,0.0
1774366478.0840187,25.0,1765.94921875,0.0,0.0
1774366478.2021482,26.8,1765.9609375,0.0,0.0
1774366478.3245158,29.3,1765.9609375,0.0,0.0
1774366478.443115,25.6,1765.9609375,0.0,0.0
1774366478.5653987,26.8,1765.9609375,0.0,0.0
1774366478.6860237,27.5,1765.9609375,0.0,0.0
1774366478.8043885,29.3,1765.9609375,0.0,0.0
1774366478.9271402,25.0,1765.9609375,0.0,0.0
1774366479.045511,26.8,1765.9609375,0.0,0.0
1774366479.168103,27.5,1765.96484375,0.0,0.0
1774366479.286273,29.3,1765.96484375,0.0,0.0
1774366479.408311,26.8,1765.96484375,0.0,0.0
1774366479.526354,28.2,1765.96484375,0.0,0.0
1774366479.6448257,28.2,1765.96484375,0.0,0.0
1774366479.767033,26.8,1765.96484375,0.0,0.0
1774366479.8853126,27.5,1779.96484375,0.0,0.0
1774366480.003233,27.5,1615.69921875,0.0,0.0
1774366480.1324382,83.3,1489.03515625,0.0,0.0
1774366480.2501156,100.0,1489.03515625,0.0,0.0
1774366480.3682594,87.8,1510.265625,0.0,0.0
1774366480.5259612,33.3,1542.265625,0.0,0.0
1774366480.6571956,97.5,1489.78125,0.0,0.0
1774366480.7866166,97.5,1489.78125,0.0,0.0
1774366480.9180324,100.0,1489.78125,0.0,0.0
1774366481.0474524,100.0,1489.78125,0.0,0.0
1774366481.1644528,37.5,1496.01953125,0.0,0.0
1774366481.2817278,25.6,1502.01953125,0.0,0.0
1774366481.3989294,27.5,1508.01953125,0.0,0.0
1774366481.5161698,31.0,1512.01953125,0.0,0.0
1774366481.6333156,27.5,1518.01953125,0.0,0.0
1774366481.750527,25.0,1522.01953125,0.0,0.0
1774366481.8677528,26.8,1526.01953125,0.0,0.0
1774366481.9846704,28.2,1530.01953125,0.0,0.0
1774366482.1016843,27.5,1536.0234375,0.0,0.0
1774366482.2186553,25.0,1540.0234375,0.0,0.0
1774366482.3356786,29.3,1546.0234375,0.0,0.0
1774366482.4531558,27.5,1550.0234375,0.0,0.0
1774366482.5704753,25.0,1556.0234375,0.0,0.0
1774366482.6875114,25.0,1562.0234375,0.0,0.0
1774366482.8227396,67.5,1514.26953125,0.0,0.0
1774366482.9699843,85.4,1563.9921875,0.0,0.0
1774366483.0871248,85.4,1490.0234375,0.0,0.0
1774366483.2301993,100.0,1490.0234375,0.0,0.0
1774366483.348228,97.4,1508.515625,0.0,0.0
1774366483.4781513,26.8,1542.515625,0.0,0.0
1774366483.630059,95.0,1542.515625,0.0,0.0
1774366483.7605078,90.0,1490.03125,0.0,0.0
1774366483.8909028,100.0,1490.03125,0.0,0.0
1774366484.0213113,100.0,1490.03125,0.0,0.0
1774366484.139089,61.5,1512.26953125,0.0,0.0
1774366484.2569253,29.3,1536.26953125,0.0,0.0
1774366484.3821082,25.0,1558.26953125,0.0,0.0
1774366484.5415342,78.0,1553.28515625,0.0,0.0
1774366484.6857836,86.7,1488.83203125,0.0,0.0
1774366484.8149657,100.0,1488.83203125,0.0,0.0
1774366484.944355,100.0,1488.83203125,0.0,0.0
1774366485.0746746,100.0,1488.79296875,0.0,0.0
1774366485.1919513,85.7,1492.79296875,0.0,0.0
1774366485.3090265,25.0,1498.79296875,0.0,0.0
1774366485.42608,29.3,1502.79296875,0.0,0.0
1774366485.5432518,28.6,1508.79296875,0.0,0.0
1774366485.660686,25.0,1514.79296875,0.0,0.0
1774366485.7778456,25.0,1518.79296875,0.0,0.0
1774366485.895019,27.5,1524.79296875,0.0,0.0
1774366486.0121815,26.8,1528.79296875,0.0,0.0
1774366486.1291926,25.0,1534.79296875,0.0,0.0
1774366486.2460334,25.6,1539.0390625,0.0,0.0
1774366486.3632324,29.3,1545.0390625,0.0,0.0
1774366486.4803221,26.8,1549.0390625,0.0,0.0
1774366486.5973158,25.6,1555.0390625,0.0,0.0
1774366486.7145905,27.5,1559.0390625,0.0,0.0
1774366486.8319578,26.8,1565.0390625,0.0,0.0
1774366486.949083,25.6,1569.0390625,0.0,0.0
1774366487.066584,25.6,1575.0390625,0.0,0.0
1774366487.1837955,25.6,1579.04296875,0.0,0.0
1774366487.3008225,25.0,1585.04296875,0.0,0.0
1774366487.4310782,27.5,1587.53515625,0.0,0.0
1774366487.563932,76.9,1571.04296875,0.0,0.0
1774366487.717068,97.5,1588.02734375,0.0,0.0
1774366487.847983,71.8,1488.81640625,0.0,0.0
1774366487.9670033,100.0,1488.81640625,0.0,0.0
1774366488.0889282,100.0,1488.796875,0.0,0.0
1774366488.206266,80.0,1507.296875,0.0,0.0
1774366488.3242307,27.5,1531.296875,0.0,0.0
1774366488.44182,27.5,1555.296875,0.0,0.0
1774366488.5615482,90.2,1543.296875,0.0,0.0
1774366488.6938689,97.4,1488.84375,0.0,0.0
1774366488.816191,87.5,1488.84375,0.0,0.0
1774366488.9464679,100.0,1488.84375,0.0,0.0
1774366489.0646293,90.2,1511.296875,0.0,0.0
1774366489.2183628,34.1,1541.30078125,0.0,0.0
1774366489.3415606,97.5,1488.81640625,0.0,0.0
1774366489.4720469,95.0,1488.81640625,0.0,0.0
1774366489.598103,100.0,1488.81640625,0.0,0.0
1774366489.726465,100.0,1488.81640625,0.0,0.0
1774366489.8430502,47.5,1492.81640625,0.0,0.0
1774366489.9602447,26.8,1497.0546875,0.0,0.0
1774366490.077041,25.0,1501.0546875,0.0,0.0
1774366490.193478,25.6,1505.0546875,0.0,0.0
1774366490.3102818,26.8,1509.0546875,0.0,0.0
1774366490.4271135,25.6,1513.0546875,0.0,0.0
1774366490.5438294,31.0,1517.0546875,0.0,0.0
1774366490.6607907,27.5,1523.0546875,0.0,0.0
1774366490.7776208,25.0,1527.0546875,0.0,0.0
1774366490.8943043,29.3,1531.0546875,0.0,0.0
1774366491.0113475,25.0,1535.0546875,0.0,0.0
1774366491.1287253,25.6,1539.0546875,0.0,0.0
1774366491.245594,25.0,1545.0546875,0.0,0.0
1774366491.3639522,29.3,1549.0546875,0.0,0.0
1774366491.4810166,27.5,1553.0546875,0.0,0.0
1774366491.5978403,25.0,1559.0546875,0.0,0.0
1774366491.7145998,29.3,1561.546875,0.0,0.0
1774366491.8346033,85.0,1533.0546875,0.0,0.0
1774366491.969153,87.5,1562.77734375,0.0,0.0
1774366492.0986102,85.4,1488.80859375,0.0,0.0
1774366492.2211404,100.0,1488.80859375,0.0,0.0
1774366492.3440533,100.0,1503.30078125,0.0,0.0
1774366492.461504,29.3,1537.30078125,0.0,0.0
1774366492.6169815,97.6,1541.30078125,0.0,0.0
1774366492.7364714,53.8,1488.81640625,0.0,0.0
1774366492.8824406,30.2,1039.6015625,0.0,0.0
1774366493.0131185,100.0,1039.58203125,0.0,0.0
1774366493.138179,100.0,1039.578125,0.0,0.0
1774366493.2743065,80.0,1039.578125,0.0,0.0
1774366493.3910928,100.0,1039.578125,0.0,0.0
1774366493.52286,100.0,1039.578125,0.0,0.0
1774366493.672147,72.5,1039.578125,0.0,0.0
1774366493.8019135,100.0,1039.578125,0.0,0.0
1774366493.93365,100.0,1039.578125,0.0,0.0
1774366494.0795581,68.3,1039.578125,0.0,0.0
1774366494.2110193,100.0,1039.578125,0.0,0.0
1774366494.3414838,100.0,1039.578125,0.0,0.0
1774366494.4837713,75.0,1039.578125,0.0,0.0
1774366494.615786,100.0,1039.578125,0.0,0.0
1774366494.7427855,100.0,1039.578125,0.0,0.0
1774366494.8731086,74.4,1039.578125,0.0,0.0
1774366494.999298,100.0,1039.578125,0.0,0.0
1774366495.1278303,100.0,1039.578125,0.0,0.0
1774366495.2676733,76.3,1039.578125,0.0,0.0
1774366495.4009845,92.3,1039.578125,0.0,0.0
1774366495.5358205,100.0,1039.578125,0.0,0.0
1774366495.6740701,75.0,1039.82421875,0.0,0.0
1774366495.7913578,94.7,1039.58203125,0.0,0.0
1774366495.9364483,100.0,1039.09765625,0.0,0.0
1774366496.0776355,78.0,1039.09765625,0.0,0.0
1774366496.2061052,92.5,1039.0625,0.0,0.0
1774366496.338456,100.0,1039.0625,0.0,0.0
1774366496.4726486,82.9,1039.0625,0.0,0.0
1774366496.5903149,97.4,1039.0625,0.0,0.0
1774366496.7080326,24.4,1039.0625,0.046875,1.3203125
1774366496.8250344,17.9,1038.8515625,6.80859375,4.75390625
1774366496.9426835,15.0,1038.77734375,9.57421875,0.0
1774366497.060216,15.0,1045.0546875,8.8984375,0.0
1774366497.177651,12.8,1054.4296875,9.69921875,0.0
1774366497.2948763,15.4,1062.9921875,8.7734375,0.0
1774366497.4129188,17.5,1073.796875,9.57421875,0.0
1774366497.5300627,15.0,1080.87890625,8.7734375,0.0
1774366497.6472363,21.4,1091.86328125,9.69921875,0.0
1774366497.764535,12.8,1098.4453125,8.7734375,0.0
1774366497.881928,14.6,1109.18359375,9.69921875,0.0
1774366497.9993827,17.9,1117.12109375,8.8984375,0.0
1774366498.1171112,13.2,1127.375,9.69921875,0.0
1774366498.2345946,17.1,1137.2890625,8.8984375,0.0
1774366498.3520951,17.5,1145.2578125,9.44921875,0.0
1774366498.4697683,17.9,1155.33984375,8.7734375,0.0
1774366498.5876706,15.0,1163.44921875,9.7890625,0.0
1774366498.7053196,15.0,1172.046875,8.80859375,0.0
1774366498.8230278,15.4,1183.27734375,9.4140625,0.0
1774366498.940803,17.5,1190.8671875,9.05859375,0.0
1774366499.0583107,14.6,1201.23828125,9.1640625,0.0
1774366499.1760151,17.5,1211.16796875,9.30859375,0.0
1774366499.2933412,15.4,1218.96484375,8.9609375,0.0
1774366499.4106336,14.6,1228.96875,9.51171875,0.0
1774366499.527939,15.0,1237.3046875,8.7109375,0.0
1774366499.6456406,17.5,1247.30859375,9.76171875,0.0
1774366499.7631354,15.0,1255.890625,8.7734375,0.0
1774366499.880638,17.1,1265.15625,9.69921875,0.0
1774366499.9981399,19.0,1274.14453125,8.7734375,0.0
1774366500.1157246,19.5,1283.13671875,9.69921875,0.0
1774366500.2327404,19.5,1292.48828125,8.6484375,0.0
1774366500.3504293,15.8,1303.34765625,9.69921875,0.0
1774366500.4678957,15.4,1310.828125,8.7734375,0.0
1774366500.585196,14.6,1321.4375,9.69921875,0.0
1774366500.7039607,25.6,1388.125,1.46484375,0.0
1774366500.8231454,27.5,1484.37109375,0.0,0.0
1774366500.9427946,26.8,1582.6171875,0.0,0.0
1774366501.0605752,17.5,1631.375,6.07421875,0.0
1774366501.1782277,15.4,1641.37890625,9.05859375,0.0
1774366501.2960138,24.4,1681.9140625,3.08984375,0.0
1774366501.4136968,27.5,1733.9140625,0.0,0.0
1774366501.531254,26.3,1787.9140625,0.0,0.0
1774366501.649165,27.5,1842.16015625,0.0,0.0
1774366501.766832,25.0,1894.16015625,0.0,0.0
1774366501.884594,30.0,1946.65234375,0.0,0.0
1774366502.0077355,29.3,1387.17578125,0.0,0.0
1774366502.1317337,26.8,1489.15625,0.0,0.0
1774366502.256032,25.0,1589.40234375,0.0,0.0
1774366502.3795877,31.0,1691.6484375,0.0,0.0
1774366502.503347,30.0,1791.6484375,0.0,0.0
1774366502.634227,27.5,1828.6328125,0.0,0.0
1774366502.7525954,31.7,1828.6328125,0.0,0.0
1774366502.8709898,25.6,1828.6328125,0.0,0.0
1774366502.9893806,26.8,1828.6328125,0.0,0.0
1774366503.1077983,25.0,1828.6328125,0.0,0.0
1774366503.226189,27.5,1828.6328125,0.0,0.0
1774366503.344428,28.6,1828.6328125,0.0,0.0
1774366503.465893,27.5,1828.6328125,0.0,0.0
1774366503.5836508,29.3,1828.6328125,0.0,0.0
1774366503.7049565,27.5,1828.6328125,0.0,0.0
1774366503.8229418,25.0,1828.6328125,0.0,0.0
1774366503.940593,28.2,1828.6328125,0.0,0.0
1774366504.0622044,25.6,1828.6328125,0.0,0.0
1774366504.1807022,26.8,1828.6328125,0.0,0.0
1774366504.30183,25.0,1828.6328125,0.0,0.0
1774366504.419804,30.0,1828.6328125,0.0,0.0
1774366504.5415986,27.5,1828.6328125,0.0,0.0
1774366504.6595554,25.0,1828.6328125,0.0,0.0
1774366504.780506,29.3,1828.6328125,0.0,0.0
1774366504.9023573,27.5,1828.6328125,0.0,0.0
1774366505.0206776,28.6,1828.6328125,0.0,0.0
1774366505.142033,25.0,1828.6328125,0.0,0.0
1774366505.2603025,27.5,1850.6015625,0.0,0.0
1774366505.391018,79.5,1855.5859375,0.0,0.0
1774366505.5213437,100.0,1855.5859375,0.0,0.0
1774366505.6382658,77.5,1855.5859375,0.0,0.0
1774366505.7581472,48.7,1855.5859375,0.0,0.0
1774366505.8883784,100.0,1855.5859375,0.0,0.0
1774366506.019118,97.5,1855.5859375,0.0,0.0
1774366506.1496131,100.0,1855.5859375,0.0,0.0
1774366506.2786121,100.0,1855.83203125,0.0,0.0
1774366506.3952053,27.5,1856.078125,0.0,0.0
1774366506.5120072,27.5,1856.078125,0.0,0.0
1774366506.6287494,25.0,1856.078125,0.0,0.0
1774366506.7452762,25.6,1856.078125,0.0,0.0
1774366506.8620634,25.0,1856.078125,0.0,0.0
1774366506.9790726,25.0,1856.078125,0.0,0.0
1774366507.0958655,26.8,1856.078125,0.0,0.0
1774366507.2127404,27.5,1856.078125,0.0,0.0
1774366507.3295364,27.5,1856.078125,0.0,0.0
1774366507.4461613,25.0,1856.078125,0.0,0.0
1774366507.5626528,25.6,1856.078125,0.0,0.0
1774366507.6794052,27.5,1856.078125,0.0,0.0
1774366507.796173,26.8,1856.078125,0.0,0.0
1774366507.913068,27.5,1856.078125,0.0,0.0
1774366508.0511284,36.6,1856.078125,0.0,0.0
1774366508.210635,90.5,1856.0703125,0.0,0.0
1774366508.3408883,88.1,1856.0703125,0.0,0.0
1774366508.4658601,100.0,1856.0703125,0.0,0.0
1774366508.5949545,100.0,1856.0703125,0.0,0.0
1774366508.7114158,27.5,1856.0703125,0.0,0.0
1774366508.8624594,87.5,1856.0703125,0.0,0.0
1774366508.9918313,92.5,1856.0703125,0.0,0.0
1774366509.1216156,100.0,1856.0703125,0.0,0.0
1774366509.2510772,100.0,1856.0703125,0.0,0.0
1774366509.368245,50.0,1856.0703125,0.0,0.0
1774366509.4852448,29.3,1856.0703125,0.0,0.0
1774366509.6167915,53.8,1856.0703125,0.0,0.0
1774366509.748268,100.0,1856.0703125,0.0,0.0
1774366509.878921,78.0,1856.0703125,0.0,0.0
1774366510.000298,100.0,1856.0703125,0.0,0.0
1774366510.1274083,100.0,1856.0703125,0.0,0.0
1774366510.2482862,100.0,1856.0703125,0.0,0.0
1774366510.3650866,51.2,1856.0703125,0.0,0.0
1774366510.4817245,27.5,1856.31640625,0.0,0.0
1774366510.5985334,27.5,1856.31640625,0.0,0.0
1774366510.7152424,25.0,1856.31640625,0.0,0.0
1774366510.8317842,27.5,1856.31640625,0.0,0.0
1774366510.9486184,27.5,1856.31640625,0.0,0.0
1774366511.0656452,26.8,1856.31640625,0.0,0.0
1774366511.1822913,27.5,1856.31640625,0.0,0.0
1774366511.2991388,27.5,1856.31640625,0.0,0.0
1774366511.4163423,26.8,1856.31640625,0.0,0.0
1774366511.5330791,26.8,1856.31640625,0.0,0.0
1774366511.649651,25.6,1856.31640625,0.0,0.0
1774366511.7663627,27.5,1856.31640625,0.0,0.0
1774366511.8830428,25.0,1856.31640625,0.0,0.0
1774366511.9994886,27.5,1856.31640625,0.0,0.0
1774366512.1164472,26.8,1856.32421875,0.0,0.0
1774366512.2332437,25.0,1856.32421875,0.0,0.0
1774366512.3499925,27.5,1856.32421875,0.0,0.0
1774366512.4670012,29.3,1856.32421875,0.0,0.0
1774366512.5845325,28.6,1856.32421875,0.0,0.0
1774366512.7014122,26.8,1856.32421875,0.0,0.0
1774366512.8205192,97.5,1856.32421875,0.0,0.0
1774366512.97053,95.1,1856.32421875,0.0,0.0
1774366513.1007457,68.3,1856.32421875,0.0,0.0
1774366513.2304766,100.0,1856.32421875,0.0,0.0
1774366513.3599827,100.0,1856.32421875,0.0,0.0
1774366513.476647,89.7,1856.32421875,0.0,0.0
1774366513.5940137,29.3,1856.32421875,0.0,0.0
1774366513.711171,27.5,1856.32421875,0.0,0.0
1774366513.8945177,90.2,1856.32421875,0.0,0.0
1774366514.0108933,85.7,1856.32421875,0.0,0.0
1774366514.1403642,100.0,1856.32421875,0.0,0.0
1774366514.2701168,100.0,1856.32421875,0.0,0.0
1774366514.387421,35.0,1856.32421875,0.0,0.0
1774366514.5411236,90.2,1856.32421875,0.0,0.0
1774366514.672617,92.3,1856.32421875,0.0,0.0
1774366514.8030477,100.0,1856.32421875,0.0,0.0
1774366514.9318705,100.0,1856.32421875,0.0,0.0
1774366515.04874,48.7,1856.32421875,0.0,0.0
1774366515.1655433,25.0,1856.32421875,0.0,0.0
1774366515.2823472,27.5,1856.32421875,0.0,0.0
1774366515.399355,25.0,1856.32421875,0.0,0.0
1774366515.5166175,29.3,1856.32421875,0.0,0.0
1774366515.6335,25.0,1856.32421875,0.0,0.0
1774366515.7500188,29.3,1856.32421875,0.0,0.0
1774366515.8669193,29.3,1856.32421875,0.0,0.0
1774366515.9838994,28.6,1856.32421875,0.0,0.0
1774366516.1005852,29.3,1856.32421875,0.0,0.0
1774366516.2175064,27.5,1856.32421875,0.0,0.0
1774366516.334469,25.0,1856.32421875,0.0,0.0
1774366516.4511383,27.5,1856.32421875,0.0,0.0
1774366516.5681102,27.5,1856.32421875,0.0,0.0
1774366516.6849804,25.0,1856.32421875,0.0,0.0
1774366516.8666737,92.3,1856.32421875,0.0,0.0
1774366516.9970055,88.1,1856.32421875,0.0,0.0
1774366517.126513,100.0,1856.32421875,0.0,0.0
1774366517.256431,100.0,1856.32421875,0.0,0.0
1774366517.3737292,27.5,1856.32421875,0.0,0.0
1774366517.541639,92.7,1856.32421875,0.0,0.0
1774366517.6601257,45.0,1856.32421875,0.0,0.0
1774366517.7913697,42.5,1406.14453125,0.0,0.0
1774366517.91367,100.0,1406.14453125,0.0,0.0
1774366518.0330796,97.6,1406.14453125,0.0,0.0
1774366518.1810162,87.5,1406.1328125,0.0,0.0
1774366518.312363,100.0,1406.1328125,0.0,0.0
1774366518.4316838,100.0,1406.13671875,0.0,0.0
1774366518.5582862,81.0,1406.13671875,0.0,0.0
1774366518.6893227,100.0,1406.13671875,0.0,0.0
1774366518.8214505,100.0,1406.13671875,0.0,0.0
1774366518.9610906,80.0,1406.13671875,0.0,0.0
1774366519.088449,100.0,1406.1328125,0.0,0.0
1774366519.2165127,100.0,1406.1328125,0.0,0.0
1774366519.3490694,80.0,1406.1328125,0.0,0.0
1774366519.479121,100.0,1406.37890625,0.0,0.0
1774366519.6094024,100.0,1406.37890625,0.0,0.0
1774366519.756477,75.6,1406.37890625,0.0,0.0
1774366519.873799,100.0,1406.37890625,0.0,0.0
1774366520.0053794,100.0,1406.37890625,0.0,0.0
1774366520.1399968,79.5,1406.390625,0.0,0.0
1774366520.2702217,97.5,1406.390625,0.0,0.0
1774366520.4020042,100.0,1406.390625,0.0,0.0
1774366520.528043,81.0,1406.390625,0.0,0.0
1774366520.6630626,94.9,1407.19140625,0.0,0.0
1774366520.7949703,100.0,1407.19921875,0.0,0.0
1774366520.9295683,80.5,1407.19140625,0.0,0.0
1774366521.0549357,97.6,1407.19140625,0.0,0.0
1774366521.1860104,100.0,1407.1953125,0.0,0.0
1774366521.3205273,85.7,1407.19140625,0.0,0.0
1774366521.4389741,97.5,1407.19140625,0.0,0.0
1774366521.5565581,26.2,1407.19140625,0.046875,1.2578125
1774366521.6737006,20.0,1405.859375,6.80859375,4.81640625
1774366521.791566,14.6,1405.76171875,9.82421875,0.0
1774366521.9096816,10.5,1404.98828125,8.8984375,0.0
1774366522.0272129,15.4,1404.87890625,9.82421875,0.0
1774366522.144706,17.5,1404.875,8.8984375,0.0
1774366522.2622933,15.0,1404.6328125,9.82421875,0.0
1774366522.3798163,17.9,1405.07421875,8.7734375,0.0
1774366522.4976041,15.4,1405.1875,9.69921875,0.0
1774366522.6157563,12.8,1405.1484375,9.0234375,0.0
1774366522.7333822,12.5,1404.875,9.5390625,0.0
1774366522.8512127,15.4,1404.81640625,9.18359375,0.0
1774366522.9690044,17.1,1405.05859375,9.0859375,0.0
1774366523.0865846,15.4,1405.15625,9.51171875,0.0
1774366523.2040794,19.0,1404.50390625,8.7109375,0.0
1774366523.3217628,17.1,1404.71875,9.51171875,0.0
1774366523.4392502,12.5,1404.5703125,8.8984375,0.0
1774366523.5567672,17.5,1404.6328125,9.69921875,0.0
1774366523.674474,17.1,1404.9140625,8.7734375,0.0
1774366523.7923102,12.5,1405.0625,9.82421875,0.0
1774366523.9097958,14.6,1404.859375,8.7734375,0.0
1774366524.0276487,15.0,1404.8828125,9.82421875,0.0
1774366524.1449928,13.2,1405.05078125,8.8984375,0.0
1774366524.2624924,14.6,1405.06640625,9.69921875,0.0
1774366524.379669,17.1,1405.984375,8.8984375,0.0
1774366524.4974625,17.1,1405.58984375,9.69921875,0.0
1774366524.6149895,15.0,1405.81640625,8.8984375,0.0
1774366524.732552,17.5,1405.60546875,9.69921875,0.0
1774366524.8503153,17.5,1405.9921875,8.8984375,0.0
1774366524.968135,15.0,1405.90234375,9.6640625,0.0
1774366525.0857,15.0,1405.92578125,8.93359375,0.0
1774366525.2033787,16.7,1405.80078125,9.2890625,0.0
1774366525.321094,17.1,1405.53515625,9.30859375,0.0
1774366525.438939,12.8,1405.48828125,8.9140625,0.0
1774366525.557898,30.0,1493.11328125,0.0,0.0
1774366525.6771634,27.5,1587.359375,0.0,0.0
1774366525.7961383,25.6,1681.60546875,0.0,0.0
1774366525.9136038,20.0,1709.1875,6.80859375,0.0
1774366526.031385,15.4,1709.4140625,9.69921875,0.0
1774366526.149792,24.4,1737.23828125,1.71484375,0.0
1774366526.2676857,27.5,1791.484375,0.0,0.0
1774366526.3857052,27.5,1841.484375,0.0,0.0
1774366526.5035925,27.5,1893.484375,0.0,0.0
1774366526.62151,26.8,1947.73046875,0.0,0.0
1774366526.7394764,29.3,1999.73046875,0.0,0.0
1774366526.862449,27.5,1435.04296875,0.0,0.0
1774366526.9863698,28.6,1537.26953125,0.0,0.0
1774366527.1106696,30.0,1637.515625,0.0,0.0
1774366527.2345216,31.0,1739.98046875,0.0,0.0
1774366527.3579013,25.0,1841.98046875,0.0,0.0
1774366527.488428,30.0,1857.703125,0.0,0.0
1774366527.6069698,31.7,1857.703125,0.0,0.0
1774366527.725262,27.5,1857.703125,0.0,0.0
1774366527.843627,26.8,1857.703125,0.0,0.0
1774366527.9616902,27.5,1857.703125,0.0,0.0
1774366528.0798945,27.5,1857.703125,0.0,0.0
1774366528.1983097,25.0,1857.9375,0.0,0.0
1774366528.3170004,25.0,1857.9375,0.0,0.0
1774366528.4360108,27.5,1857.9375,0.0,0.0
1774366528.5543847,28.2,1857.9375,0.0,0.0
1774366528.6724718,25.6,1857.9375,0.0,0.0
1774366528.7911265,29.3,1857.9375,0.0,0.0
1774366528.9103584,31.0,1857.9375,0.0,0.0
1774366529.0285418,29.3,1857.9375,0.0,0.0
1774366529.146589,25.6,1857.9375,0.0,0.0
1774366529.277425,56.1,1857.9375,0.0,0.0
1774366529.4067914,100.0,1857.9375,0.0,0.0
1774366529.52403,100.0,1857.9375,0.0,0.0
1774366529.6558278,42.5,1857.9375,0.0,0.0
1774366529.7860346,100.0,1857.9375,0.0,0.0
1774366529.9202514,100.0,1857.9375,0.0,0.0
1774366530.0510187,100.0,1857.9375,0.0,0.0
1774366530.1682742,83.3,1857.9375,0.0,0.0
1774366530.2851396,25.0,1857.9375,0.0,0.0
1774366530.4019485,27.5,1857.9375,0.0,0.0
1774366530.518941,27.5,1857.9375,0.0,0.0
1774366530.6362164,27.5,1857.9375,0.0,0.0
1774366530.755022,25.0,1857.9375,0.0,0.0
1774366530.8735216,31.7,1858.6171875,0.0,0.0
1774366530.9908948,26.8,1858.6171875,0.0,0.0
1774366531.1078465,25.0,1858.6171875,0.0,0.0
1774366531.2245123,27.5,1858.6171875,0.0,0.0
1774366531.341491,26.8,1858.6171875,0.0,0.0
1774366531.4584303,26.8,1858.6171875,0.0,0.0
1774366531.575161,25.6,1858.6171875,0.0,0.0
1774366531.7139552,41.5,1858.6171875,0.0,0.0
1774366531.8597748,92.9,1858.6171875,0.0,0.0
1774366531.9895623,92.3,1858.6171875,0.0,0.0
1774366532.1200554,100.0,1858.6171875,0.0,0.0
1774366532.2375124,90.0,1858.6171875,0.0,0.0
1774366532.3942306,55.0,1858.6171875,0.0,0.0
1774366532.5236387,100.0,1858.6171875,0.0,0.0
1774366532.6451952,100.0,1858.6171875,0.0,0.0
1774366532.7705302,100.0,1858.6171875,0.0,0.0
1774366532.9120407,36.6,1858.86328125,0.0,0.0
1774366533.0443602,100.0,1858.86328125,0.0,0.0
1774366533.1745765,100.0,1858.85546875,0.0,0.0
1774366533.291005,100.0,1858.85546875,0.0,0.0
1774366533.4080887,100.0,1858.85546875,0.0,0.0
1774366533.5252206,26.8,1858.85546875,0.0,0.0
1774366533.6420612,26.8,1858.85546875,0.0,0.0
1774366533.7591379,27.5,1858.85546875,0.0,0.0
1774366533.8760655,27.5,1858.85546875,0.0,0.0
1774366533.9929998,25.0,1858.85546875,0.0,0.0
1774366534.1097162,29.3,1858.85546875,0.0,0.0
1774366534.2267067,29.3,1858.85546875,0.0,0.0
1774366534.343682,25.0,1858.85546875,0.0,0.0
1774366534.4605987,27.5,1858.85546875,0.0,0.0
1774366534.577566,27.5,1858.85546875,0.0,0.0
1774366534.694863,25.0,1858.85546875,0.0,0.0
1774366534.811722,26.8,1858.85546875,0.0,0.0
1774366534.92866,29.3,1858.85546875,0.0,0.0
1774366535.0609841,52.5,1858.85546875,0.0,0.0
1774366535.193444,95.1,1858.85546875,0.0,0.0
1774366535.323804,95.0,1858.85546875,0.0,0.0
1774366535.4541295,100.0,1858.85546875,0.0,0.0
1774366535.5712445,80.0,1858.85546875,0.0,0.0
1774366535.723282,66.7,1858.85546875,0.0,0.0
1774366535.844193,71.8,1858.85546875,0.0,0.0
1774366535.9786868,33.3,1409.19921875,0.0,0.0
1774366536.1085236,100.0,1409.19921875,0.0,0.0
1774366536.240568,100.0,1409.13671875,0.0,0.0
1774366536.3743346,78.0,1409.13671875,0.0,0.0
1774366536.5054579,100.0,1409.13671875,0.0,0.0
1774366536.637364,100.0,1409.13671875,0.0,0.0
1774366536.7712917,78.9,1409.13671875,0.0,0.0
1774366536.9006326,100.0,1409.13671875,0.0,0.0
1774366537.0315413,100.0,1409.13671875,0.0,0.0
1774366537.1659212,78.0,1409.13671875,0.0,0.0
1774366537.2891533,100.0,1409.13671875,0.0,0.0
1774366537.422355,100.0,1409.13671875,0.0,0.0
1774366537.5569685,76.2,1409.13671875,0.0,0.0
1774366537.6848097,95.1,1409.13671875,0.0,0.0
1774366537.816672,100.0,1409.13671875,0.0,0.0
1774366537.9466856,78.0,1409.13671875,0.0,0.0
1774366538.0731938,100.0,1409.13671875,0.0,0.0
1774366538.202237,100.0,1409.13671875,0.0,0.0
1774366538.33704,78.0,1409.13671875,0.0,0.0
1774366538.469144,92.5,1409.13671875,0.0,0.0
1774366538.601335,100.0,1409.13671875,0.0,0.0
1774366538.7507224,75.6,1409.14453125,0.0,0.0
1774366538.871326,97.6,1409.14453125,0.0,0.0
1774366539.0149357,100.0,1409.14453125,0.0,0.0
1774366539.147712,78.0,1409.14453125,0.0,0.0
1774366539.2812498,92.5,1409.14453125,0.0,0.0
1774366539.4150572,100.0,1409.14453125,0.0,0.0
1774366539.5585873,80.0,1409.14453125,0.0,0.0
1774366539.676088,86.0,1409.390625,0.0,0.0
1774366539.7940776,25.6,1409.390625,0.046875,2.8203125
1774366539.9113824,17.5,1408.7265625,7.43359375,3.25390625
1774366540.0290709,17.1,1408.515625,9.82421875,0.0
1774366540.1465728,15.4,1409.07421875,8.7734375,0.0
1774366540.264257,14.6,1408.64453125,9.69921875,0.0
1774366540.3817701,15.4,1408.4375,8.8984375,0.0
1774366540.4995358,12.8,1407.71484375,9.69921875,0.0
1774366540.6176467,15.0,1407.5078125,8.7734375,0.0
1774366540.735124,12.8,1407.734375,9.69921875,0.0
1774366540.8525622,15.4,1407.8671875,8.7734375,0.0
1774366540.9702978,15.0,1407.9921875,9.5390625,0.0
1774366541.0879695,20.0,1408.08984375,9.05859375,0.0
1774366541.2053745,19.5,1407.97265625,9.1796875,0.0
1774366541.323119,17.5,1408.2109375,9.41796875,0.0
1774366541.4405458,14.6,1408.03125,8.8359375,0.0
1774366541.5581288,17.1,1407.97265625,9.76171875,0.0
1774366541.6757543,15.4,1408.09375,8.8984375,0.0
1774366541.7936456,12.8,1408.11328125,9.69921875,0.0
1774366541.911054,15.0,1408.140625,8.8984375,0.0
1774366542.0290332,17.1,1407.9296875,9.69921875,0.0
1774366542.1463332,19.5,1408.140625,8.7734375,0.0
1774366542.263944,14.6,1407.91015625,9.82421875,0.0
1774366542.3810184,19.5,1408.015625,8.8984375,0.0
1774366542.4987452,15.0,1408.05078125,9.69921875,0.0
1774366542.6163073,15.4,1407.5390625,8.8984375,0.0
1774366542.7339194,20.0,1407.90234375,9.69921875,0.0
1774366542.8529384,15.4,1408.10546875,9.0234375,0.0
1774366542.9707363,14.6,1407.9609375,9.6640625,0.0
1774366543.0884364,15.4,1407.8203125,9.05859375,0.0
1774366543.206256,21.4,1407.92578125,9.1640625,0.0
1774366543.3239715,15.4,1408.01953125,9.43359375,0.0
1774366543.441586,12.5,1407.84765625,8.8359375,0.0
1774366543.5591128,12.8,1407.6640625,9.51171875,0.0
1774366543.6773965,15.0,1407.78515625,8.6640625,0.0
1774366543.7966092,26.8,1497.16796875,0.0,0.0
1774366543.9161553,25.6,1591.16796875,0.0,0.0
1774366544.036009,29.3,1689.4140625,0.0,0.0
1774366544.1542876,15.0,1711.41796875,7.93359375,0.0
1774366544.2719138,14.6,1711.29296875,9.57421875,0.0
1774366544.3896496,27.5,1743.90234375,0.71484375,0.0
1774366544.5078516,25.6,1795.91015625,0.0,0.0
1774366544.6257226,25.0,1849.91015625,0.0,0.0
1774366544.7435455,27.5,1902.15625,0.0,0.0
1774366544.8615537,27.5,1956.15625,0.0,0.0
1774366544.9790013,25.6,2008.40234375,0.0,0.0
1774366545.0958223,27.5,2011.25,0.0,0.0
1774366545.2169082,27.5,1614.578125,0.0,0.0
1774366545.3407178,26.8,1499.17578125,0.0,0.0
1774366545.4644675,23.7,1599.17578125,0.0,0.0
1774366545.5876884,30.0,1701.17578125,0.0,0.0
1774366545.7118812,27.5,1801.421875,0.0,0.0
1774366545.8447547,25.6,1853.390625,0.0,0.0
1774366545.9632835,25.6,1853.390625,0.0,0.0
1774366546.0816429,27.5,1853.390625,0.0,0.0
1774366546.2002273,27.5,1853.48828125,0.0,0.0
1774366546.3183668,25.6,1853.734375,0.0,0.0
1774366546.436546,28.2,1853.734375,0.0,0.0
1774366546.554873,27.5,1853.734375,0.0,0.0
1774366546.6738462,26.8,1853.734375,0.0,0.0
1774366546.7917473,27.5,1853.734375,0.0,0.0
1774366546.913765,27.5,1853.734375,0.0,0.0
1774366547.032483,25.6,1853.734375,0.0,0.0
1774366547.15036,27.5,1853.734375,0.0,0.0
1774366547.272373,27.5,1853.734375,0.0,0.0
1774366547.390299,29.3,1853.734375,0.0,0.0
1774366547.5118022,26.8,1853.734375,0.0,0.0
1774366547.6299782,28.2,1853.734375,0.0,0.0
1774366547.7518682,30.0,1853.98046875,0.0,0.0
1774366547.8697133,25.0,1853.98046875,0.0,0.0
1774366547.9877243,25.6,1853.98046875,0.0,0.0
1774366548.1094978,27.5,1853.98046875,0.0,0.0
1774366548.2280695,26.8,1853.98046875,0.0,0.0
1774366548.349583,25.6,1853.98046875,0.0,0.0
1774366548.4787207,29.3,1853.98046875,0.0,0.0
1774366548.6084325,100.0,1854.47265625,0.0,0.0
1774366548.7379298,100.0,1854.47265625,0.0,0.0
1774366548.8551576,50.0,1854.71875,0.0,0.0
1774366549.0176148,78.0,1854.71875,0.0,0.0
1774366549.1483612,95.0,1854.71875,0.0,0.0
1774366549.2789667,100.0,1854.71875,0.0,0.0
1774366549.4087882,100.0,1854.71875,0.0,0.0
1774366549.5256872,62.5,1854.71875,0.0,0.0
1774366549.6425626,26.8,1854.71875,0.0,0.0
1774366549.7592418,29.3,1854.71875,0.0,0.0
1774366549.876207,27.5,1854.71875,0.0,0.0
1774366549.9934247,25.0,1854.71875,0.0,0.0
1774366550.1103146,25.0,1854.734375,0.0,0.0
1774366550.2274158,27.5,1854.734375,0.0,0.0
1774366550.3443496,27.5,1854.734375,0.0,0.0
1774366550.461297,27.5,1854.734375,0.0,0.0
1774366550.5779042,31.7,1854.734375,0.0,0.0
1774366550.694991,25.0,1854.734375,0.0,0.0
1774366550.8119855,26.8,1854.734375,0.0,0.0
1774366550.928901,27.5,1854.734375,0.0,0.0
1774366551.0461183,27.5,1854.734375,0.0,0.0
1774366551.1738954,72.5,1854.73828125,0.0,0.0
1774366551.3047986,100.0,1857.76953125,0.0,0.0
1774366551.4225998,92.3,1855.84375,0.0,0.0
1774366551.5520098,100.0,1855.84375,0.0,0.0
1774366551.6693597,100.0,1855.84375,0.0,0.0
1774366551.8109784,27.5,1856.0859375,0.0,0.0
1774366551.9430597,100.0,1856.0859375,0.0,0.0
1774366552.0605822,100.0,1856.0859375,0.0,0.0
1774366552.1899514,100.0,1856.08984375,0.0,0.0
1774366552.3198454,100.0,1856.08984375,0.0,0.0
1774366552.4370313,35.9,1856.08984375,0.0,0.0
1774366552.5541294,28.2,1856.3359375,0.0,0.0
1774366552.6861267,59.0,1856.3359375,0.0,0.0
1774366552.8077133,97.5,1856.3359375,0.0,0.0
1774366552.9374611,75.6,1856.3359375,0.0,0.0
1774366553.0668542,100.0,1856.58203125,0.0,0.0
1774366553.1883378,100.0,1856.57421875,0.0,0.0
1774366553.3188126,100.0,1856.57421875,0.0,0.0
1774366553.4356577,77.5,1856.57421875,0.0,0.0
1774366553.552456,25.0,1856.57421875,0.0,0.0
1774366553.668988,29.3,1856.57421875,0.0,0.0
1774366553.785783,26.8,1856.57421875,0.0,0.0
1774366553.9025383,25.0,1856.57421875,0.0,0.0
1774366554.0191042,29.3,1856.57421875,0.0,0.0
1774366554.1360712,29.3,1856.57421875,0.0,0.0
1774366554.2531395,25.0,1856.57421875,0.0,0.0
1774366554.3698812,25.6,1856.57421875,0.0,0.0
1774366554.486941,27.5,1856.57421875,0.0,0.0
1774366554.6038024,29.3,1856.57421875,0.0,0.0
1774366554.720621,25.0,1856.57421875,0.0,0.0
1774366554.8371248,25.6,1856.57421875,0.0,0.0
1774366554.9540012,27.5,1856.57421875,0.0,0.0
1774366555.0710835,25.6,1856.57421875,0.0,0.0
1774366555.1876383,29.3,1856.57421875,0.0,0.0
1774366555.3044996,27.5,1856.57421875,0.0,0.0
1774366555.421848,25.0,1856.57421875,0.0,0.0
1774366555.538516,25.6,1856.57421875,0.0,0.0
1774366555.6551092,26.3,1856.57421875,0.0,0.0
1774366555.7719617,26.8,1856.57421875,0.0,0.0
1774366555.8886967,25.0,1856.57421875,0.0,0.0
1774366556.0052156,27.5,1856.57421875,0.0,0.0
1774366556.122051,29.3,1856.57421875,0.0,0.0
1774366556.2388523,26.8,1856.57421875,0.0,0.0
1774366556.3705342,82.1,1856.57421875,0.0,0.0
1774366556.5376732,85.4,1856.57421875,0.0,0.0
1774366556.6669092,60.0,1856.57421875,0.0,0.0
1774366556.7960265,100.0,1856.57421875,0.0,0.0
1774366556.9212635,100.0,1856.57421875,0.0,0.0
1774366557.0381813,100.0,1856.57421875,0.0,0.0
1774366557.155288,26.8,1856.578125,0.0,0.0
1774366557.2721825,29.3,1856.578125,0.0,0.0
1774366557.4237688,82.5,1856.578125,0.0,0.0
1774366557.5432634,100.0,1856.578125,0.0,0.0
1774366557.6775503,100.0,1856.578125,0.0,0.0
1774366557.8074903,100.0,1856.578125,0.0,0.0
1774366557.9247677,46.2,1856.578125,0.0,0.0
1774366558.0845478,78.0,1856.578125,0.0,0.0
1774366558.215299,90.0,1856.578125,0.0,0.0
1774366558.3465214,100.0,1856.578125,0.0,0.0
1774366558.468799,100.0,1856.578125,0.0,0.0
1774366558.5860171,67.5,1856.578125,0.0,0.0
1774366558.703042,27.5,1856.578125,0.0,0.0
1774366558.8199577,26.8,1856.578125,0.0,0.0
1774366558.9365356,25.6,1856.578125,0.0,0.0
1774366559.0534983,27.5,1856.578125,0.0,0.0
1774366559.1704829,26.8,1856.57421875,0.0,0.0
1774366559.2871864,25.6,1856.57421875,0.0,0.0
1774366559.40422,27.5,1856.57421875,0.0,0.0
1774366559.5211966,25.0,1856.57421875,0.0,0.0
1774366559.6380358,25.6,1856.57421875,0.0,0.0
1774366559.7550313,27.5,1856.57421875,0.0,0.0
1774366559.8719451,27.5,1856.57421875,0.0,0.0
1774366559.988728,25.0,1856.57421875,0.0,0.0
1774366560.1051984,27.5,1856.56640625,0.0,0.0
1774366560.222138,25.6,1856.56640625,0.0,0.0
1774366560.3540196,69.2,1856.56640625,0.0,0.0
1774366560.485439,100.0,1856.56640625,0.0,0.0
1774366560.603173,87.5,1856.56640625,0.0,0.0
1774366560.7453837,100.0,1856.56640625,0.0,0.0
1774366560.862609,95.0,1856.56640625,0.0,0.0
1774366560.9963684,36.6,1856.56640625,0.0,0.0
1774366561.1278775,100.0,1856.56640625,0.0,0.0
1774366561.2460861,41.0,1799.96484375,0.0,0.0
1774366561.3806207,42.9,1349.78515625,0.0,0.0
1774366561.512986,100.0,1352.0625,0.0,0.0
1774366561.6527746,92.5,1351.3515625,0.0,0.0
1774366561.7846284,97.5,1349.8046875,0.0,0.0
1774366561.9097786,100.0,1349.8046875,0.0,0.0
1774366562.048854,92.5,1349.8046875,0.0,0.0
1774366562.181345,97.4,1349.80078125,0.0,0.0
1774366562.3116288,100.0,1349.80078125,0.0,0.0
1774366562.4310336,92.5,1349.5546875,0.0,0.0
1774366562.5651948,93.0,1349.5546875,0.0,0.0
1774366562.7110775,100.0,1349.80078125,0.0,0.0
1774366562.832687,100.0,1349.55859375,0.0,0.0
1774366562.9653003,86.8,1349.55859375,0.0,0.0
1774366563.0949738,100.0,1349.5546875,0.0,0.0
1774366563.2257087,100.0,1349.5546875,0.0,0.0
1774366563.3543162,75.0,1349.5546875,0.0,0.0
1774366563.4842978,100.0,1349.5546875,0.0,0.0
1774366563.6072407,100.0,1349.5546875,0.0,0.0
1774366563.7613056,79.5,1349.80078125,0.0,0.0
1774366563.8870475,100.0,1349.80078125,0.0,0.0
1774366564.0200887,100.0,1349.80078125,0.0,0.0
1774366564.1585927,77.5,1349.80078125,0.0,0.0
1774366564.2895198,100.0,1349.80078125,0.0,0.0
1774366564.432346,100.0,1349.80078125,0.0,0.0
1774366564.5710077,78.0,1349.80078125,0.0,0.0
1774366564.6976342,100.0,1349.80078125,0.0,0.0
1774366564.8266757,100.0,1349.80078125,0.0,0.0
1774366564.9607818,75.6,1350.046875,0.0,0.0
1774366565.0788846,73.2,1349.8046875,0.0,0.0
1774366565.1983814,29.3,1349.5,0.09375,6.07421875
1774366565.3161757,17.5,1349.66015625,9.63671875,0.0
1774366565.4337566,15.0,1349.6953125,8.7734375,0.0
1774366565.5515249,17.5,1349.46875,9.69921875,0.0
1774366565.6692204,19.5,1349.625,8.8984375,0.0
1774366565.786845,15.0,1349.64453125,9.82421875,0.0
1774366565.904078,17.1,1349.671875,8.6484375,0.0
1774366566.0217626,15.0,1349.57421875,9.69921875,0.0
1774366566.1416082,12.5,1349.5859375,9.0234375,0.0
1774366566.2592528,12.8,1349.37890625,9.82421875,0.0
1774366566.376623,15.4,1349.578125,8.7734375,0.0
1774366566.4943647,17.1,1349.6015625,9.82421875,0.0
1774366566.6119673,17.1,1349.55078125,8.7734375,0.0
1774366566.729516,17.5,1349.5390625,9.82421875,0.0
1774366566.8472435,17.5,1349.37890625,8.8984375,0.0
1774366566.9712937,12.5,1349.3515625,9.5859375,0.0
1774366567.088965,14.6,1349.5390625,9.51171875,0.0
1774366567.2078269,17.1,1349.5390625,9.0234375,0.0
1774366567.3256483,17.5,1349.2265625,9.82421875,0.0
1774366567.4428897,10.3,1349.265625,8.7734375,0.0
1774366567.5605462,19.0,1349.53515625,9.69921875,0.0
1774366567.677926,17.5,1349.2109375,8.8984375,0.0
1774366567.795594,13.2,1347.79296875,9.69921875,0.0
1774366567.9127684,19.5,1347.9609375,8.8984375,0.0
1774366568.0305858,13.2,1348.09765625,9.57421875,0.0
1774366568.1513822,12.5,1347.99609375,9.2734375,0.0
1774366568.2690358,15.0,1348.11328125,9.69921875,0.0
1774366568.3865488,17.5,1348.0703125,8.8984375,0.0
1774366568.5044312,17.1,1348.05078125,9.6640625,0.0
1774366568.6221356,15.0,1348.0234375,8.93359375,0.0
1774366568.7397044,13.2,1347.92578125,9.2890625,0.0
1774366568.8574398,15.4,1347.64453125,9.43359375,0.0
1774366568.9771118,12.5,1347.640625,8.8359375,0.0
1774366569.096197,15.8,1370.87109375,6.02734375,0.0
1774366569.2170744,27.5,1468.87109375,0.0,0.0
1774366569.3362415,29.3,1566.87109375,0.0,0.0
1774366569.4535363,22.5,1651.0703125,1.484375,0.0
1774366569.5711513,15.0,1650.85546875,9.69921875,0.0
1774366569.6904154,19.5,1665.25,7.0390625,0.0
1774366569.808374,25.0,1723.21875,0.0,0.0
1774366569.9261987,28.2,1775.21875,0.0,0.0
1774366570.0441155,25.6,1827.21875,0.0,0.0
1774366570.1652079,23.1,1881.46484375,0.0,0.0
1774366570.282944,25.0,1935.7109375,0.0,0.0
1774366570.4005623,29.3,1987.40234375,0.0,0.0
1774366570.5237434,27.5,1455.00390625,0.0,0.0
1774366570.647334,25.6,1557.00390625,0.0,0.0
1774366570.7711546,31.7,1657.49609375,0.0,0.0
1774366570.8952608,29.3,1757.7421875,0.0,0.0
1774366571.042494,25.0,1840.234375,0.0,0.0
1774366571.1611185,27.5,1840.97265625,0.0,0.0
1774366571.2794151,30.0,1840.97265625,0.0,0.0
1774366571.398035,27.5,1841.21875,0.0,0.0
1774366571.5162542,27.5,1841.21875,0.0,0.0
1774366571.6345897,29.3,1841.21875,0.0,0.0
1774366571.7528412,34.1,1841.58984375,0.0,0.0
1774366571.8712416,25.0,1841.58984375,0.0,0.0
1774366571.9916222,27.5,1841.58984375,0.0,0.0
1774366572.1137178,27.5,1841.58984375,0.0,0.0
1774366572.232276,27.5,1841.58984375,0.0,0.0
1774366572.3535903,25.6,1841.58984375,0.0,0.0
1774366572.475344,27.5,1841.58984375,0.0,0.0
1774366572.5936377,25.6,1841.58984375,0.0,0.0
1774366572.7159538,25.6,1841.58984375,0.0,0.0
1774366572.834188,25.0,1841.58984375,0.0,0.0
1774366572.956502,27.5,1841.58984375,0.0,0.0
1774366573.0750463,29.3,1841.58984375,0.0,0.0
1774366573.1929665,27.5,1841.58984375,0.0,0.0
1774366573.3147953,26.3,1841.58984375,0.0,0.0
1774366573.4333994,27.5,1861.06640625,0.0,0.0
1774366573.5556247,29.3,1879.3125,0.0,0.0
1774366573.673505,25.6,1904.79296875,0.0,0.0
1774366573.8035498,87.2,1905.77734375,0.0,0.0
1774366573.9251142,100.0,1905.77734375,0.0,0.0
1774366574.0423975,92.7,1905.77734375,0.0,0.0
1774366574.1751986,39.0,1905.765625,0.0,0.0
1774366574.2985606,100.0,1905.765625,0.0,0.0
1774366574.4200776,97.6,1905.765625,0.0,0.0
1774366574.5551689,100.0,1905.765625,0.0,0.0
1774366574.6772215,100.0,1905.765625,0.0,0.0
1774366574.7941031,53.7,1906.01171875,0.0,0.0
1774366574.9121866,29.3,1906.01171875,0.0,0.0
1774366575.0290825,29.3,1906.01171875,0.0,0.0
1774366575.1461189,43.6,1906.75390625,0.0,0.0
1774366575.2630472,39.0,1907.26953125,0.0,0.0
1774366575.3802931,29.3,1907.26953125,0.0,0.0
1774366575.4975185,25.0,1907.26953125,0.0,0.0
1774366575.614588,27.5,1907.26953125,0.0,0.0
1774366575.7319183,29.3,1907.26953125,0.0,0.0
1774366575.8494196,25.0,1907.26953125,0.0,0.0
1774366575.9665794,25.0,1907.26953125,0.0,0.0
1774366576.0839276,31.0,1907.26953125,0.0,0.0
1774366576.2011116,25.6,1907.296875,0.0,0.0
1774366576.3183224,25.6,1907.296875,0.0,0.0
1774366576.4353936,29.3,1907.296875,0.0,0.0
1774366576.5527363,27.5,1907.296875,0.0,0.0
1774366576.709514,90.2,1907.296875,0.0,0.0
1774366576.8339868,95.0,1907.296875,0.0,0.0
1774366576.9567602,100.0,1907.296875,0.0,0.0
1774366577.0743086,100.0,1907.296875,0.0,0.0
1774366577.1918693,57.5,1907.296875,0.0,0.0
1774366577.3406534,57.5,1907.296875,0.0,0.0
1774366577.4739103,97.6,1907.296875,0.0,0.0
1774366577.6042924,100.0,1907.296875,0.0,0.0
1774366577.7349277,100.0,1907.296875,0.0,0.0
1774366577.8526864,90.0,1907.296875,0.0,0.0
1774366577.9701624,25.0,1907.296875,0.0,0.0
1774366578.0874226,25.6,1907.296875,0.0,0.0
1774366578.2706358,97.6,1907.3046875,0.0,0.0
1774366578.3932276,78.6,1907.3046875,0.0,0.0
1774366578.5239146,100.0,1907.3046875,0.0,0.0
1774366578.6462214,100.0,1907.3046875,0.0,0.0
1774366578.7763245,100.0,1907.3046875,0.0,0.0
1774366578.893673,75.0,1907.3046875,0.0,0.0
1774366579.0111332,27.5,1907.3046875,0.0,0.0
1774366579.1290085,26.8,1907.2890625,0.0,0.0
1774366579.246294,25.0,1907.2890625,0.0,0.0
1774366579.3637955,25.6,1907.2890625,0.0,0.0
1774366579.481114,25.0,1907.2890625,0.0,0.0
1774366579.598329,25.0,1907.2890625,0.0,0.0
1774366579.7153342,29.3,1907.2890625,0.0,0.0
1774366579.832599,25.6,1907.2890625,0.0,0.0
1774366579.9497826,25.6,1907.2890625,0.0,0.0
1774366580.066939,27.5,1907.2890625,0.0,0.0
1774366580.1841896,31.0,1907.28125,0.0,0.0
1774366580.3017328,25.0,1907.28125,0.0,0.0
1774366580.4190276,25.0,1907.28125,0.0,0.0
1774366580.5360484,29.3,1907.28125,0.0,0.0
1774366580.6550205,25.6,1907.28125,0.0,0.0
1774366580.7723577,28.6,1907.28125,0.0,0.0
1774366580.8894827,27.5,1907.28125,0.0,0.0
1774366581.0068626,25.6,1907.28125,0.0,0.0
1774366581.1246648,26.8,1907.28125,0.0,0.0
1774366581.2535415,82.5,1907.28125,0.0,0.0
1774366581.425076,83.3,1907.28125,0.0,0.0
1774366581.5420663,71.8,1907.28125,0.0,0.0
1774366581.6757681,100.0,1907.28125,0.0,0.0
1774366581.8055496,100.0,1907.28125,0.0,0.0
1774366581.923188,87.8,1907.28125,0.0,0.0
1774366582.0406976,34.1,1907.9609375,0.0,0.0
1774366582.1580374,29.3,1907.9609375,0.0,0.0
1774366582.3407292,97.6,1907.9609375,0.0,0.0
1774366582.4703848,92.3,1907.9609375,0.0,0.0
1774366582.5957723,100.0,1907.9609375,0.0,0.0
1774366582.725997,100.0,1907.9609375,0.0,0.0
1774366582.843805,34.1,1907.9609375,0.0,0.0
1774366583.0066178,97.5,1907.9609375,0.0,0.0
1774366583.1371527,95.2,1907.9609375,0.0,0.0
1774366583.2673402,100.0,1907.9609375,0.0,0.0
1774366583.3967252,100.0,1907.9609375,0.0,0.0
1774366583.5137882,41.0,1907.9609375,0.0,0.0
1774366583.6305358,27.5,1907.9609375,0.0,0.0
1774366583.747727,27.5,1908.20703125,0.0,0.0
1774366583.8648353,25.0,1907.9609375,0.0,0.0
1774366583.981766,27.5,1907.9609375,0.0,0.0
1774366584.0989,26.8,1907.953125,0.0,0.0
1774366584.216782,28.6,1907.95703125,0.0,0.0
1774366584.333865,25.0,1907.95703125,0.0,0.0
1774366584.450711,27.5,1907.95703125,0.0,0.0
1774366584.5679026,29.3,1907.95703125,0.0,0.0
1774366584.6849048,25.0,1907.95703125,0.0,0.0
1774366584.8018205,25.6,1907.95703125,0.0,0.0
1774366584.9189575,27.5,1907.95703125,0.0,0.0
1774366585.0362413,26.8,1907.95703125,0.0,0.0
1774366585.153293,25.0,1907.95703125,0.0,0.0
1774366585.2704792,27.5,1907.95703125,0.0,0.0
1774366585.3876274,25.6,1907.95703125,0.0,0.0
1774366585.5046825,25.6,1907.95703125,0.0,0.0
1774366585.62148,27.5,1907.95703125,0.0,0.0
1774366585.7387366,27.5,1907.95703125,0.0,0.0
1774366585.898887,92.9,1907.95703125,0.0,0.0
1774366586.035244,90.0,1907.95703125,0.0,0.0
1774366586.1664217,100.0,1907.95703125,0.0,0.0
1774366586.296944,100.0,1907.95703125,0.0,0.0
1774366586.414578,38.5,1907.95703125,0.0,0.0
1774366586.5770724,92.5,1907.95703125,0.0,0.0
1774366586.6965613,51.2,1907.95703125,0.0,0.0
1774366586.8325639,37.5,1457.05078125,0.0,0.0
1774366586.958876,100.0,1457.0078125,0.0,0.0
1774366587.083232,100.0,1457.015625,0.0,0.0
1774366587.2192338,82.5,1457.015625,0.0,0.0
1774366587.3632777,100.0,1457.015625,0.0,0.0
1774366587.4871643,100.0,1457.015625,0.0,0.0
1774366587.6111069,80.0,1457.015625,0.0,0.0
1774366587.7544708,100.0,1457.015625,0.0,0.0
1774366587.886542,100.0,1457.015625,0.0,0.0
1774366588.0219996,76.7,1457.015625,0.0,0.0
1774366588.1532412,100.0,1457.015625,0.0,0.0
1774366588.2851639,100.0,1457.015625,0.0,0.0
1774366588.419238,77.5,1457.015625,0.0,0.0
1774366588.5626884,100.0,1457.015625,0.0,0.0
1774366588.694704,100.0,1457.015625,0.0,0.0
1774366588.8276658,78.6,1457.015625,0.0,0.0
1774366588.95483,100.0,1456.7734375,0.0,0.0
1774366589.0871978,100.0,1456.7734375,0.0,0.0
1774366589.2324567,70.0,1457.015625,0.0,0.0
1774366589.3685076,100.0,1457.015625,0.0,0.0
1774366589.4951236,100.0,1457.015625,0.0,0.0
1774366589.640509,70.7,1457.015625,0.0,0.0
1774366589.7709389,100.0,1457.015625,0.0,0.0
1774366589.9021056,100.0,1457.015625,0.0,0.0
1774366590.0366611,76.2,1457.015625,0.0,0.0
1774366590.1669567,97.5,1457.015625,0.0,0.0
1774366590.298282,100.0,1457.015625,0.0,0.0
1774366590.4319224,76.2,1457.015625,0.0,0.0
1774366590.5496337,87.8,1457.015625,0.0,0.0
1774366590.6680403,28.6,1457.015625,0.046875,1.5078125
1774366590.7856793,20.0,1457.2109375,6.82421875,4.56640625
1774366590.9036608,13.2,1457.109375,9.69921875,0.0
1774366591.021431,17.5,1456.51953125,8.8984375,0.0
1774366591.1401634,12.8,1456.20703125,9.82421875,0.0
1774366591.2576525,14.6,1456.875,8.8984375,0.0
1774366591.3753293,15.4,1457.1796875,9.82421875,0.0
1774366591.4933674,15.4,1457.07421875,8.8984375,0.0
1774366591.6112273,14.6,1457.0625,9.82421875,0.0
1774366591.7292655,17.9,1457.27734375,8.7734375,0.0
1774366591.8473732,17.5,1456.66015625,9.6640625,0.0
1774366591.9656322,12.8,1456.9296875,9.05859375,0.0
1774366592.0834248,12.5,1456.71875,9.1796875,0.0
1774366592.2042224,20.0,1458.80859375,9.79296875,0.0
1774366592.3221672,15.0,1457.296875,8.8984375,0.0
1774366592.4401722,15.0,1457.359375,9.69921875,0.0
1774366592.557771,19.5,1457.39453125,8.7734375,0.0
1774366592.6758878,17.1,1457.421875,9.82421875,0.0
1774366592.7934456,12.5,1457.33984375,8.7734375,0.0
1774366592.911513,15.0,1457.578125,9.69921875,0.0
1774366593.028904,19.5,1458.515625,8.3984375,0.0
1774366593.1476567,12.5,1458.78515625,9.82421875,0.0
1774366593.2650518,15.0,1459.41796875,8.8984375,0.0
1774366593.3825636,19.5,1459.71484375,9.44921875,0.0
1774366593.50034,17.5,1460.125,8.8984375,0.0
1774366593.6182148,19.0,1460.2578125,9.69921875,0.0
1774366593.735733,17.9,1460.31640625,8.6484375,0.0
1774366593.853787,15.0,1460.078125,9.82421875,0.0
1774366593.9718773,12.5,1460.02734375,8.8984375,0.0
1774366594.0897784,12.8,1460.015625,9.82421875,0.0
1774366594.2079244,15.4,1459.98046875,8.8984375,0.0
1774366594.3261163,15.0,1460.22265625,9.4140625,0.0
1774366594.444126,12.5,1459.9140625,9.18359375,0.0
1774366594.562072,17.1,1459.9453125,9.0390625,0.0
1774366594.6821911,26.8,1543.3125,0.0,0.0
1774366594.8020678,28.6,1641.55859375,0.0,0.0
1774366594.9215598,27.5,1737.8046875,0.0,0.0
1774366595.0400927,28.2,1764.6875,6.93359375,0.0
1774366595.15891,14.6,1764.8515625,9.82421875,0.0
1774366595.2790492,26.8,1775.50390625,1.46484375,0.0
1774366595.3995237,31.7,1811.859375,0.0,0.0
1774366595.520082,27.5,1847.5703125,0.0,0.0
1774366595.6398995,25.6,1883.7734375,0.0,0.0
1774366595.760067,30.0,1917.90625,0.0,0.0
1774366595.8807518,27.5,1954.7890625,0.0,0.0
1774366596.0013785,27.5,1990.546875,0.0,0.0
1774366596.121689,27.5,2025.73828125,0.0,0.0
1774366596.2405732,30.0,2059.19140625,0.0,0.0
1774366596.364297,27.5,1518.921875,0.0,0.0
1774366596.4885585,26.8,1620.921875,0.0,0.0
1774366596.6130438,30.0,1721.16796875,0.0,0.0
1774366596.7375605,28.2,1823.4140625,0.0,0.0
1774366596.880011,29.3,1903.66015625,0.0,0.0
1774366596.999058,27.5,1904.64453125,0.0,0.0
1774366597.1174455,29.3,1904.66015625,0.0,0.0
1774366597.236171,27.5,1904.66015625,0.0,0.0
1774366597.3547018,25.6,1904.66015625,0.0,0.0
1774366597.473377,31.0,1904.66015625,0.0,0.0
1774366597.5921109,27.5,1904.66015625,0.0,0.0
1774366597.7108998,27.5,1904.66015625,0.0,0.0
1774366597.8290498,27.5,1904.66015625,0.0,0.0
1774366597.9483445,29.3,1904.66015625,0.0,0.0
1774366598.0672626,26.8,1904.66015625,0.0,0.0
1774366598.185469,27.5,1904.67578125,0.0,0.0
1774366598.303904,30.0,1904.67578125,0.0,0.0
1774366598.4221041,27.5,1904.67578125,0.0,0.0
1774366598.540617,26.8,1904.67578125,0.0,0.0
1774366598.659821,26.3,1904.67578125,0.0,0.0
1774366598.7782257,27.5,1905.16796875,0.0,0.0
1774366598.8970075,25.0,1905.16796875,0.0,0.0
1774366599.0160296,27.5,1905.16796875,0.0,0.0
1774366599.1347706,30.0,1905.40625,0.0,0.0
1774366599.2537897,26.8,1905.40625,0.0,0.0
1774366599.3708086,25.0,1868.921875,0.0,0.0
1774366599.4999988,87.8,1868.91796875,0.0,0.0
1774366599.62976,100.0,1868.91796875,0.0,0.0
1774366599.7468383,100.0,1868.91796875,0.0,0.0
1774366599.8893132,29.3,1868.921875,0.0,0.0
1774366600.021236,100.0,1868.921875,0.0,0.0
1774366600.1519449,97.5,1868.9453125,0.0,0.0
1774366600.2825341,100.0,1868.9453125,0.0,0.0
1774366600.4038615,92.7,1868.9453125,0.0,0.0
1774366600.521142,65.9,1868.9453125,0.0,0.0
1774366600.6386054,28.6,1868.9453125,0.0,0.0
1774366600.7559707,31.0,1868.9453125,0.0,0.0
1774366600.8732662,26.8,1868.9453125,0.0,0.0
1774366600.9905107,27.5,1868.9453125,0.0,0.0
1774366601.1074529,27.5,1868.9453125,0.0,0.0
1774366601.2248871,29.3,1868.9453125,0.0,0.0
1774366601.34212,25.0,1868.9453125,0.0,0.0
1774366601.4593687,27.5,1868.9453125,0.0,0.0
1774366601.5768256,25.6,1868.9453125,0.0,0.0
1774366601.694387,25.0,1868.9453125,0.0,0.0
1774366601.8116288,25.0,1868.9453125,0.0,0.0
1774366601.929059,29.3,1868.9453125,0.0,0.0
1774366602.046286,25.6,1868.9453125,0.0,0.0
1774366602.1779573,56.4,1868.9453125,0.0,0.0
1774366602.3107798,97.7,1869.19140625,0.0,0.0
1774366602.4358456,85.0,1869.19140625,0.0,0.0
1774366602.565384,100.0,1871.55859375,0.0,0.0
1774366602.6916978,100.0,1871.74609375,0.0,0.0
1774366602.833028,28.9,1870.0234375,0.0,0.0
1774366602.964109,100.0,1870.0234375,0.0,0.0
1774366603.095066,95.0,1870.09765625,0.0,0.0
1774366603.2252426,97.5,1870.09765625,0.0,0.0
1774366603.3554766,100.0,1870.09765625,0.0,0.0
1774366603.4729292,56.4,1870.09765625,0.0,0.0
1774366603.5901103,31.0,1870.09765625,0.0,0.0
1774366603.7090356,42.5,1870.09765625,0.0,0.0
1774366603.8734615,95.1,1870.09765625,0.0,0.0
1774366604.0028887,80.0,1870.09765625,0.0,0.0
1774366604.133524,100.0,1870.09765625,0.0,0.0
1774366604.2631369,100.0,1870.09765625,0.0,0.0
1774366604.392795,100.0,1870.09765625,0.0,0.0
1774366604.5099034,65.0,1870.09765625,0.0,0.0
1774366604.6273537,25.0,1870.09765625,0.0,0.0
1774366604.7445686,27.5,1870.09765625,0.0,0.0
1774366604.8615558,26.3,1870.09765625,0.0,0.0
1774366604.9788635,27.5,1870.09765625,0.0,0.0
1774366605.096087,26.8,1870.09765625,0.0,0.0
1774366605.2131407,25.6,1870.09765625,0.0,0.0
1774366605.330528,25.6,1870.09765625,0.0,0.0
1774366605.448121,27.5,1870.09765625,0.0,0.0
1774366605.5653744,25.0,1870.09765625,0.0,0.0
1774366605.6828763,27.5,1870.09765625,0.0,0.0
1774366605.8001,27.5,1870.09765625,0.0,0.0
1774366605.9173603,25.6,1870.09765625,0.0,0.0
1774366606.0342968,27.5,1870.09765625,0.0,0.0
1774366606.1516616,29.3,1870.08984375,0.0,0.0
1774366606.2688851,25.0,1870.08984375,0.0,0.0
1774366606.3859582,27.5,1870.08984375,0.0,0.0
1774366606.5034256,27.5,1870.08984375,0.0,0.0
1774366606.6214159,25.0,1870.08984375,0.0,0.0
1774366606.7387917,27.5,1870.08984375,0.0,0.0
1774366606.8557124,30.0,1870.08984375,0.0,0.0
1774366606.9730368,27.5,1870.08984375,0.0,0.0
1774366607.104631,62.5,1870.08984375,0.0,0.0
1774366607.2812304,77.5,1870.08984375,0.0,0.0
1774366607.4121823,70.0,1870.08984375,0.0,0.0
1774366607.5431678,100.0,1870.3359375,0.0,0.0
1774366607.6741104,100.0,1870.3359375,0.0,0.0
1774366607.7918074,73.8,1870.3359375,0.0,0.0
1774366607.9095201,27.5,1870.3359375,0.0,0.0
1774366608.049537,34.1,1870.3359375,0.0,0.0
1774366608.2214901,95.1,1870.36328125,0.0,0.0
1774366608.3523505,92.5,1870.36328125,0.0,0.0
1774366608.4832797,100.0,1870.36328125,0.0,0.0
1774366608.6012912,82.9,1870.36328125,0.0,0.0
1774366608.733278,43.6,1870.36328125,0.0,0.0
1774366608.8528166,100.0,1870.36328125,0.0,0.0
1774366608.9832194,97.4,1870.36328125,0.0,0.0
1774366609.114133,100.0,1870.36328125,0.0,0.0
1774366609.231626,100.0,1870.36328125,0.0,0.0
1774366609.3490174,25.0,1870.36328125,0.0,0.0
1774366609.4663055,25.0,1870.36328125,0.0,0.0
1774366609.5837572,29.3,1870.36328125,0.0,0.0
1774366609.7009833,25.6,1870.36328125,0.0,0.0
1774366609.8182456,25.6,1870.36328125,0.0,0.0
1774366609.9352212,28.2,1870.36328125,0.0,0.0
1774366610.0525496,27.5,1870.36328125,0.0,0.0
1774366610.1697845,25.0,1870.36328125,0.0,0.0
1774366610.286892,25.6,1870.36328125,0.0,0.0
1774366610.4042861,27.5,1870.36328125,0.0,0.0
1774366610.5218706,26.8,1870.36328125,0.0,0.0
1774366610.6390352,25.0,1870.36328125,0.0,0.0
1774366610.756526,28.6,1870.36328125,0.0,0.0
1774366610.8740368,27.5,1870.36328125,0.0,0.0
1774366611.005272,70.0,1870.36328125,0.0,0.0
1774366611.1369307,95.1,1870.36328125,0.0,0.0
1774366611.253758,89.7,1870.36328125,0.0,0.0
1774366611.3841815,100.0,1870.36328125,0.0,0.0
1774366611.5019507,97.5,1870.36328125,0.0,0.0
1774366611.6415672,33.3,1870.36328125,0.0,0.0
1774366611.7731836,100.0,1870.36328125,0.0,0.0
1774366611.8940353,38.5,1870.36328125,0.0,0.0
1774366612.0239184,52.5,1419.69921875,0.0,0.0
1774366612.1532426,100.0,1419.69921875,0.0,0.0
1774366612.27222,97.6,1419.69921875,0.0,0.0
1774366612.4058678,79.5,1419.69921875,0.0,0.0
1774366612.5354595,100.0,1419.9453125,0.0,0.0
1774366612.6699739,100.0,1419.9453125,0.0,0.0
1774366612.8026252,70.0,1419.9453125,0.0,0.0
1774366612.9291806,100.0,1419.9453125,0.0,0.0
1774366613.0528476,100.0,1421.765625,0.0,0.0
1774366613.1865647,77.5,1419.765625,0.0,0.0
1774366613.3171308,100.0,1419.765625,0.0,0.0
1774366613.4478693,100.0,1419.765625,0.0,0.0
1774366613.5786357,77.5,1419.76953125,0.0,0.0
1774366613.7040355,100.0,1419.76953125,0.0,0.0
1774366613.8350594,100.0,1419.76953125,0.0,0.0
1774366613.9547892,92.5,1419.76953125,0.0,0.0
1774366614.0901442,95.3,1419.765625,0.0,0.0
1774366614.2207427,100.0,1419.7734375,0.0,0.0
1774366614.3430057,100.0,1419.7734375,0.0,0.0
1774366614.4767063,85.7,1419.7734375,0.0,0.0
1774366614.6070411,100.0,1419.7734375,0.0,0.0
1774366614.739536,100.0,1419.7734375,0.0,0.0
1774366614.8581426,80.0,1419.7734375,0.0,0.0
1774366614.9879549,100.0,1420.01953125,0.0,0.0
1774366615.1193357,100.0,1419.7890625,0.0,0.0
1774366615.253493,72.5,1419.7890625,0.0,0.0
1774366615.3811576,100.0,1419.7890625,0.0,0.0
1774366615.5125134,100.0,1419.7890625,0.0,0.0
1774366615.6467915,79.5,1419.7890625,0.0,0.0
1774366615.764548,80.5,1419.7890625,0.0,0.0
1774366615.883084,25.0,1418.59765625,0.046875,5.9921875
1774366616.0009742,17.1,1418.8984375,8.80859375,0.08203125
1774366616.1189947,17.5,1418.69921875,9.5390625,0.0
1774366616.237072,19.5,1419.91015625,9.18359375,0.0
1774366616.3556724,14.6,1419.91015625,9.0859375,0.0
1774366616.4734619,14.6,1419.84375,9.63671875,0.0
1774366616.5909617,15.0,1419.96875,8.6484375,0.0
1774366616.70888,15.0,1419.78515625,9.82421875,0.0
1774366616.8267448,12.5,1419.81640625,8.8984375,0.0
1774366616.9445632,17.5,1420.30078125,9.82421875,0.0
1774366617.0622447,17.1,1420.26171875,8.7734375,0.0
1774366617.180321,12.5,1420.23828125,9.82421875,0.0
1774366617.2977197,12.8,1420.1640625,8.7734375,0.0
1774366617.4159336,17.1,1420.17578125,9.82421875,0.0
1774366617.533924,12.8,1420.35546875,8.8984375,0.0
1774366617.6518385,16.7,1420.234375,9.82421875,0.0
1774366617.7699933,17.1,1420.1875,8.8984375,0.0
1774366617.8882303,15.0,1420.17578125,9.69921875,0.0
1774366618.0060391,15.4,1420.38671875,9.0234375,0.0
1774366618.1239104,13.2,1420.60546875,9.2890625,0.0
1774366618.2420413,15.4,1420.4609375,9.30859375,0.0
1774366618.360162,14.6,1420.49609375,8.9609375,0.0
1774366618.4780083,10.3,1420.515625,9.76171875,0.0
1774366618.5961492,15.4,1420.55078125,8.8984375,0.0
1774366618.7141964,10.8,1420.30078125,9.69921875,0.0
1774366618.831933,10.3,1420.3046875,8.8984375,0.0
1774366618.9499133,19.0,1420.20703125,9.69921875,0.0
1774366619.0676792,17.5,1420.4765625,8.8984375,0.0
1774366619.1857255,10.8,1420.41015625,9.82421875,0.0
1774366619.303522,17.5,1420.34375,8.8984375,0.0
1774366619.4216356,15.0,1420.34765625,9.82421875,0.0
1774366619.5399857,12.8,1420.5546875,8.8984375,0.0
1774366619.6578147,12.8,1420.69921875,9.69921875,0.0
1774366619.7774947,19.5,1433.79296875,6.2890625,0.0
1774366619.8974195,28.2,1531.79296875,0.0,0.0
1774366620.016994,23.1,1630.0390625,0.0,0.0
1774366620.1343372,30.0,1724.16796875,0.734375,0.0
1774366620.252435,15.0,1724.0703125,9.69921875,0.0
1774366620.3716433,12.8,1724.11328125,7.7890625,0.0
1774366620.4925437,27.5,1754.2265625,0.0,0.0
1774366620.6137223,30.8,1790.51953125,0.0,0.0
1774366620.7345927,27.5,1826.86328125,0.0,0.0
1774366620.8554065,29.3,1864.2890625,0.0,0.0
1774366620.9761586,31.7,1900.1640625,0.0,0.0
1774366621.0970585,28.2,1935.73046875,0.0,0.0
1774366621.217392,27.5,1974.953125,0.0,0.0
1774366621.338734,30.0,2010.41015625,0.0,0.0
1774366621.4572713,30.0,1584.93359375,0.0,0.0
1774366621.581927,26.8,1479.59765625,0.0,0.0
1774366621.7058508,27.5,1582.08984375,0.0,0.0
1774366621.8301766,31.7,1682.57421875,0.0,0.0
1774366621.953034,29.3,1754.4140625,0.0,0.0
1774366622.075328,25.0,1812.578125,0.0,0.0
1774366622.211841,30.0,1864.921875,0.0,0.0
1774366622.3310366,30.0,1865.66015625,0.0,0.0
1774366622.4497874,29.3,1865.66015625,0.0,0.0
1774366622.5683112,25.0,1865.90625,0.0,0.0
1774366622.6867254,28.2,1865.90625,0.0,0.0
1774366622.805501,30.0,1865.90625,0.0,0.0
1774366622.9240632,26.8,1865.90625,0.0,0.0
1774366623.0425026,29.3,1865.90625,0.0,0.0
1774366623.1608758,31.7,1866.00390625,0.0,0.0
1774366623.2835317,26.8,1864.8203125,0.0,0.0
1774366623.4021256,25.6,1865.06640625,0.0,0.0
1774366623.5230386,30.0,1865.06640625,0.0,0.0
1774366623.6455657,29.3,1865.06640625,0.0,0.0
1774366623.7640543,25.6,1865.06640625,0.0,0.0
1774366623.8866444,28.2,1865.06640625,0.0,0.0
1774366624.0056446,27.5,1865.06640625,0.0,0.0
1774366624.1282785,25.0,1865.03515625,0.0,0.0
1774366624.2467651,27.5,1865.03515625,0.0,0.0
1774366624.3662124,29.3,1865.03515625,0.0,0.0
1774366624.489006,25.0,1865.28125,0.0,0.0
1774366624.610096,25.0,1878.46484375,0.0,0.0
1774366624.7340963,30.8,1902.94921875,0.0,0.0
1774366624.852874,30.0,1903.1875,0.0,0.0
1774366624.9826043,70.0,1903.1875,0.0,0.0
1774366625.1086373,100.0,1903.265625,0.0,0.0
1774366625.2265723,89.7,1903.265625,0.0,0.0
1774366625.3588452,38.1,1903.265625,0.0,0.0
1774366625.482235,100.0,1903.265625,0.0,0.0
1774366625.6130323,97.4,1903.51171875,0.0,0.0
1774366625.743228,100.0,1903.51171875,0.0,0.0
1774366625.8725092,100.0,1903.51171875,0.0,0.0
1774366625.9898984,37.5,1903.51171875,0.0,0.0
1774366626.1076088,25.0,1903.51171875,0.0,0.0
1774366626.224885,26.8,1903.51171875,0.0,0.0
1774366626.342356,29.3,1903.51171875,0.0,0.0
1774366626.4596512,27.5,1903.51171875,0.0,0.0
1774366626.57691,26.8,1903.51171875,0.0,0.0
1774366626.6939006,25.6,1903.51171875,0.0,0.0
1774366626.8113778,27.5,1903.51171875,0.0,0.0
1774366626.9285958,25.0,1903.51171875,0.0,0.0
1774366627.0456722,29.3,1903.51171875,0.0,0.0
1774366627.1629848,25.6,1903.51171875,0.0,0.0
1774366627.2802587,28.6,1903.51171875,0.0,0.0
1774366627.3974175,25.0,1903.51171875,0.0,0.0
1774366627.5143363,25.6,1903.7578125,0.0,0.0
1774366627.6316242,29.3,1903.7578125,0.0,0.0
1774366627.7805393,38.1,1904.00390625,0.0,0.0
1774366627.932084,94.9,1904.25,0.0,0.0
1774366628.066651,87.5,1904.25,0.0,0.0
1774366628.197046,100.0,1904.25,0.0,0.0
1774366628.3146212,97.6,1904.25,0.0,0.0
1774366628.4499478,34.1,1904.49609375,0.0,0.0
1774366628.5812502,100.0,1904.49609375,0.0,0.0
1774366628.7124982,100.0,1904.49609375,0.0,0.0
1774366628.842568,100.0,1904.49609375,0.0,0.0
1774366628.9602942,100.0,1904.49609375,0.0,0.0
1774366629.0780761,25.0,1904.49609375,0.0,0.0
1774366629.1955504,27.5,1904.49609375,0.0,0.0
1774366629.3482451,76.9,1904.49609375,0.0,0.0
1774366629.4682398,100.0,1904.49609375,0.0,0.0
1774366629.598626,85.4,1904.49609375,0.0,0.0
1774366629.7288766,100.0,1904.49609375,0.0,0.0
1774366629.8596056,100.0,1904.7421875,0.0,0.0
1774366629.9785488,100.0,1904.7421875,0.0,0.0
1774366630.0956254,29.3,1904.7421875,0.0,0.0
1774366630.2128575,27.5,1904.7421875,0.0,0.0
1774366630.3304093,25.6,1904.7421875,0.0,0.0
1774366630.447596,25.0,1904.7421875,0.0,0.0
1774366630.5650094,27.5,1904.7421875,0.0,0.0
1774366630.6822948,29.3,1904.7421875,0.0,0.0
1774366630.7995896,25.0,1904.7421875,0.0,0.0
1774366630.9166121,27.5,1904.7421875,0.0,0.0
1774366631.0338497,27.5,1904.7421875,0.0,0.0
1774366631.1511028,25.0,1904.734375,0.0,0.0
1774366631.2683144,29.3,1904.734375,0.0,0.0
1774366631.385598,27.5,1904.734375,0.0,0.0
1774366631.502826,25.0,1904.734375,0.0,0.0
1774366631.6200447,26.8,1904.734375,0.0,0.0
1774366631.737037,27.5,1904.734375,0.0,0.0
1774366631.854341,29.3,1904.734375,0.0,0.0
1774366631.9716012,25.0,1904.734375,0.0,0.0
1774366632.0887067,29.3,1904.734375,0.0,0.0
1774366632.2060199,25.6,1904.734375,0.0,0.0
1774366632.3236778,25.0,1904.734375,0.0,0.0
1774366632.4555619,63.4,1904.734375,0.0,0.0
1774366632.6265397,82.1,1904.98046875,0.0,0.0
1774366632.7433755,63.4,1904.98046875,0.0,0.0
1774366632.8870115,100.0,1904.98046875,0.0,0.0
1774366633.0098112,100.0,1904.98046875,0.0,0.0
1774366633.1274192,94.9,1904.98046875,0.0,0.0
1774366633.2448783,25.0,1904.98046875,0.0,0.0
1774366633.3622723,29.3,1904.98046875,0.0,0.0
1774366633.5330322,95.0,1904.98046875,0.0,0.0
1774366633.6635756,90.2,1904.98046875,0.0,0.0
1774366633.786225,100.0,1904.98046875,0.0,0.0
1774366633.9167647,100.0,1904.98046875,0.0,0.0
1774366634.0518215,31.7,1904.98046875,0.0,0.0
1774366634.1878223,100.0,1904.984375,0.0,0.0
1774366634.3104532,92.5,1904.984375,0.0,0.0
1774366634.4413524,100.0,1904.984375,0.0,0.0
1774366634.5710711,100.0,1904.984375,0.0,0.0
1774366634.6886916,58.5,1904.984375,0.0,0.0
1774366634.8063643,27.5,1904.984375,0.0,0.0
1774366634.924402,25.6,1904.984375,0.0,0.0
1774366635.06671,36.6,1904.984375,0.0,0.0
1774366635.2304494,92.9,1904.984375,0.0,0.0
1774366635.361291,90.5,1904.984375,0.0,0.0
1774366635.49147,100.0,1904.984375,0.0,0.0
1774366635.609157,94.9,1904.984375,0.0,0.0
1774366635.7518544,37.5,1905.23046875,0.0,0.0
1774366635.8835845,100.0,1905.23046875,0.0,0.0
1774366636.002767,29.3,1905.23046875,0.0,0.0
1774366636.148396,34.1,1455.00390625,0.0,0.0
1774366636.2747366,100.0,1455.00390625,0.0,0.0
1774366636.3987284,100.0,1455.00390625,0.0,0.0
1774366636.5346887,82.9,1455.0,0.0,0.0
1774366636.6567547,100.0,1455.0,0.0,0.0
1774366636.788976,100.0,1455.0,0.0,0.0
1774366636.9148388,80.5,1455.0,0.0,0.0
1774366637.045538,100.0,1455.0,0.0,0.0
1774366637.1778073,100.0,1455.0078125,0.0,0.0
1774366637.3240538,70.0,1455.0078125,0.0,0.0
1774366637.442276,100.0,1455.0078125,0.0,0.0
1774366637.5725458,100.0,1455.0078125,0.0,0.0
1774366637.7059789,77.5,1455.0078125,0.0,0.0
1774366637.8362002,95.0,1455.0078125,0.0,0.0
1774366637.9627903,100.0,1454.765625,0.0,0.0
1774366638.0827448,90.2,1454.76171875,0.0,0.0
1774366638.2066295,95.1,1454.76171875,0.0,0.0
1774366638.3367229,100.0,1454.76171875,0.0,0.0
1774366638.4647343,100.0,1454.76171875,0.0,0.0
1774366638.5999281,80.0,1454.76171875,0.0,0.0
1774366638.7277822,100.0,1454.76171875,0.0,0.0
1774366638.8647056,100.0,1454.76171875,0.0,0.0
1774366638.99743,79.5,1454.76171875,0.0,0.0
1774366639.1150908,100.0,1454.76171875,0.0,0.0
1774366639.2491872,100.0,1454.76171875,0.0,0.0
1774366639.3791223,74.4,1454.76171875,0.0,0.0
1774366639.5093794,85.0,1454.76171875,0.0,0.0
1774366639.6393323,100.0,1454.76171875,0.0,0.0
1774366639.7615695,92.5,1455.0078125,0.0,0.0
1774366639.8995013,87.5,1455.0078125,0.0,0.0
1774366640.019523,30.8,1455.0078125,0.015625,0.0
1774366640.1373634,20.0,1454.58984375,5.86328125,6.07421875
1774366640.2553396,17.5,1454.421875,8.6484375,0.0
1774366640.3736339,15.0,1454.53125,9.82421875,0.0
1774366640.4916012,17.1,1454.37109375,8.7734375,0.0
1774366640.6094618,17.1,1454.25390625,9.5390625,0.0
1774366640.7275512,17.1,1454.56640625,8.93359375,0.0
1774366640.8457017,14.6,1454.41015625,9.2890625,0.0
1774366640.9636521,15.4,1454.34765625,9.18359375,0.0
1774366641.0817258,15.4,1454.34765625,9.0546875,0.0
1774366641.1998525,15.4,1454.703125,9.41796875,0.0
1774366641.3177414,15.0,1454.53125,8.8359375,0.0
1774366641.435516,17.5,1454.65234375,9.63671875,0.0
1774366641.553328,21.4,1453.85546875,8.5859375,0.0
1774366641.6711285,10.5,1453.98828125,9.63671875,0.0
1774366641.7888215,20.0,1453.80078125,8.7734375,0.0
1774366641.9069397,15.8,1453.99609375,9.69921875,0.0
1774366642.0253549,12.5,1453.625,8.7734375,0.0
1774366642.1431425,12.5,1453.93359375,9.69921875,0.0
1774366642.26059,17.5,1454.21484375,8.6484375,0.0
1774366642.378624,10.8,1454.3203125,9.69921875,0.0
1774366642.4961925,14.6,1454.16015625,8.6484375,0.0
1774366642.6139402,19.5,1453.90234375,9.69921875,0.0
1774366642.7317145,12.8,1453.859375,8.6484375,0.0
1774366642.8497071,12.5,1453.7578125,9.82421875,0.0
1774366642.9670916,13.2,1453.8046875,8.6484375,0.0
1774366643.0854278,17.1,1453.8359375,9.69921875,0.0
1774366643.2035897,12.8,1454.0078125,8.7734375,0.0
1774366643.3214257,10.5,1453.8984375,9.82421875,0.0
1774366643.4389908,17.5,1453.95703125,8.8984375,0.0
1774366643.5571742,17.1,1453.8359375,9.69921875,0.0
1774366643.6750255,15.4,1454.00390625,8.8984375,0.0
1774366643.7930555,19.0,1454.1171875,9.69921875,0.0
1774366643.9112136,13.2,1454.203125,9.0234375,0.0
1774366644.0312357,22.0,1502.21875,3.33984375,0.0
1774366644.1511319,25.0,1600.859375,0.0,0.0
1774366644.2711341,29.3,1697.3515625,0.0,0.0
1774366644.3901145,29.3,1759.69140625,3.984375,0.0
1774366644.5087578,15.4,1759.24609375,8.7734375,0.0
1774366644.6292422,22.5,1762.6484375,5.46484375,0.0
1774366644.7502377,27.5,1800.88671875,0.0,0.0
1774366644.8710837,27.5,1837.875,0.0,0.0
1774366644.9919763,31.7,1875.4296875,0.0,0.0
1774366645.1112168,27.5,1913.6796875,0.0,0.0
1774366645.2320654,27.5,1949.2578125,0.0,0.0
1774366645.3525743,30.0,1987.4375,0.0,0.0
1774366645.473145,27.5,2026.94921875,0.0,0.0
1774366645.592038,25.6,2059.98046875,0.0,0.0
1774366645.7098637,26.8,1481.3203125,0.0,0.0
1774366645.8339584,30.0,1374.7265625,0.0,0.0
1774366645.9583085,33.3,1477.2265625,0.0,0.0
1774366646.0825915,26.8,1579.4609375,0.0,0.0
1774366646.2071464,31.0,1681.7578125,0.0,0.0
1774366646.347643,29.3,1741.97265625,0.0,0.0
1774366646.467015,27.5,1742.46484375,0.0,0.0
1774366646.5857782,26.8,1742.46484375,0.0,0.0
1774366646.7044096,27.5,1742.46484375,0.0,0.0
1774366646.8232353,25.6,1742.7109375,0.0,0.0
1774366646.9422126,25.6,1742.7109375,0.0,0.0
1774366647.0611243,25.0,1742.7109375,0.0,0.0
1774366647.1799812,25.6,1742.58984375,0.0,0.0
1774366647.2982414,25.6,1742.58984375,0.0,0.0
1774366647.4168682,25.0,1742.58984375,0.0,0.0
1774366647.5356514,27.5,1742.58984375,0.0,0.0
1774366647.653953,27.5,1742.58984375,0.0,0.0
1774366647.7720983,25.6,1742.58984375,0.0,0.0
1774366647.8906832,26.3,1742.58984375,0.0,0.0
1774366648.009322,27.5,1742.58984375,0.0,0.0
1774366648.1293776,25.0,1742.59765625,0.0,0.0
1774366648.249338,25.6,1758.16015625,0.0,0.0
1774366648.3689716,29.3,1777.89453125,0.0,0.0
1774366648.488613,29.3,1792.9453125,0.0,0.0
1774366648.6083744,26.8,1804.5234375,0.0,0.0
1774366648.7291312,31.0,1831.6015625,0.0,0.0
1774366648.8492017,25.6,1844.375,0.0,0.0
1774366648.9678679,25.0,1868.26171875,0.0,0.0
1774366649.098582,79.5,1832.4296875,0.0,0.0
1774366649.2288783,100.0,1832.66015625,0.0,0.0
1774366649.3466585,89.7,1833.15234375,0.0,0.0
1774366649.478553,42.9,1833.15234375,0.0,0.0
1774366649.5971453,100.0,1833.15234375,0.0,0.0
1774366649.7280574,97.4,1833.15234375,0.0,0.0
1774366649.862765,100.0,1833.15234375,0.0,0.0
1774366649.9874985,100.0,1833.15234375,0.0,0.0
1774366650.1048877,26.8,1833.15625,0.0,0.0
1774366650.2221422,25.0,1833.40234375,0.0,0.0
1774366650.339158,30.0,1833.640625,0.0,0.0
1774366650.4567938,29.3,1833.640625,0.0,0.0
1774366650.5740027,25.0,1833.640625,0.0,0.0
1774366650.6908967,27.5,1833.640625,0.0,0.0
1774366650.8080814,29.3,1833.640625,0.0,0.0
1774366650.9251614,25.6,1833.640625,0.0,0.0
1774366651.0423205,27.5,1833.640625,0.0,0.0
1774366651.159731,27.5,1833.66015625,0.0,0.0
1774366651.2774198,25.0,1833.66015625,0.0,0.0
1774366651.3946104,25.6,1833.66015625,0.0,0.0
1774366651.5115051,27.5,1833.66015625,0.0,0.0
1774366651.6287358,27.5,1833.66015625,0.0,0.0
1774366651.7607095,47.5,1833.66015625,0.0,0.0
1774366651.9059894,97.6,1833.66015625,0.0,0.0
1774366652.0371387,87.5,1833.66015625,0.0,0.0
1774366652.1673698,100.0,1833.66015625,0.0,0.0
1774366652.284978,100.0,1833.66015625,0.0,0.0
1774366652.4242988,38.6,1833.66015625,0.0,0.0
1774366652.5552387,100.0,1833.66015625,0.0,0.0
1774366652.6861448,97.5,1833.66015625,0.0,0.0
1774366652.8172905,100.0,1833.66015625,0.0,0.0
1774366652.9352803,100.0,1833.66015625,0.0,0.0
1774366653.052917,25.0,1833.66015625,0.0,0.0
1774366653.1703758,30.0,1833.6640625,0.0,0.0
1774366653.290101,75.6,1833.6640625,0.0,0.0
1774366653.4212322,100.0,1833.6640625,0.0,0.0
1774366653.5519037,80.0,1833.6640625,0.0,0.0
1774366653.6824305,100.0,1833.6640625,0.0,0.0
1774366653.8118036,100.0,1833.6640625,0.0,0.0
1774366653.928866,100.0,1833.6640625,0.0,0.0
1774366654.0461445,46.3,1833.91015625,0.0,0.0
1774366654.1638072,25.0,1833.91015625,0.0,0.0
1774366654.2811224,25.6,1833.91015625,0.0,0.0
1774366654.3985274,27.5,1833.91015625,0.0,0.0
1774366654.515888,29.3,1833.91015625,0.0,0.0
1774366654.6330397,25.0,1833.91015625,0.0,0.0
1774366654.7500281,28.2,1833.91015625,0.0,0.0
1774366654.867328,27.5,1833.91015625,0.0,0.0
1774366654.9845335,25.0,1833.91015625,0.0,0.0
1774366655.101665,25.6,1833.91015625,0.0,0.0
1774366655.218905,27.5,1833.92578125,0.0,0.0
1774366655.3364272,27.5,1833.92578125,0.0,0.0
1774366655.4535615,25.0,1833.92578125,0.0,0.0
1774366655.5704372,29.3,1833.92578125,0.0,0.0
1774366655.6876879,26.8,1833.92578125,0.0,0.0
1774366655.804933,25.0,1833.92578125,0.0,0.0
1774366655.9219925,29.3,1833.92578125,0.0,0.0
1774366656.0392125,27.5,1833.92578125,0.0,0.0
1774366656.156571,26.8,1833.92578125,0.0,0.0
1774366656.2737396,25.6,1833.91796875,0.0,0.0
1774366656.4063866,74.4,1833.91796875,0.0,0.0
1774366656.5742607,85.4,1833.91796875,0.0,0.0
1774366656.704759,64.1,1833.91796875,0.0,0.0
1774366656.8316731,100.0,1833.91796875,0.0,0.0
1774366656.9619458,100.0,1833.91796875,0.0,0.0
1774366657.0795307,80.5,1833.91796875,0.0,0.0
1774366657.1969984,30.0,1833.91796875,0.0,0.0
1774366657.3406954,27.5,1833.91796875,0.0,0.0
1774366657.5027776,97.5,1833.91796875,0.0,0.0
1774366657.633374,90.5,1833.91796875,0.0,0.0
1774366657.7637565,100.0,1833.91796875,0.0,0.0
1774366657.8815515,100.0,1833.91796875,0.0,0.0
1774366658.034631,25.0,1833.67578125,0.0,0.0
1774366658.1655052,100.0,1833.671875,0.0,0.0
1774366658.2965708,94.9,1833.91796875,0.0,0.0
1774366658.4268546,100.0,1833.67578125,0.0,0.0
1774366658.5530288,100.0,1833.67578125,0.0,0.0
1774366658.6714015,34.1,1833.67578125,0.0,0.0
1774366658.7890935,25.0,1833.67578125,0.0,0.0
1774366658.9090087,25.0,1833.67578125,0.0,0.0
1774366659.0650432,34.1,1833.67578125,0.0,0.0
1774366659.2247088,92.9,1833.671875,0.0,0.0
1774366659.35504,87.8,1833.671875,0.0,0.0
1774366659.4858508,100.0,1833.671875,0.0,0.0
1774366659.6036344,100.0,1833.671875,0.0,0.0
1774366659.7456422,34.9,1833.671875,0.0,0.0
1774366659.8734457,100.0,1833.671875,0.0,0.0
1774366659.9922986,42.5,1833.671875,0.0,0.0
1774366660.1277428,40.0,1382.8515625,0.0,0.0
1774366660.2602448,100.0,1382.8515625,0.0,0.0
1774366660.392561,87.5,1382.8515625,0.0,0.0
1774366660.5249434,94.9,1382.85546875,0.0,0.0
1774366660.6599975,100.0,1382.85546875,0.0,0.0
1774366660.7775524,92.5,1382.8515625,0.0,0.0
1774366660.9138498,84.2,1383.09765625,0.0,0.0
1774366661.0443354,100.0,1383.09765625,0.0,0.0
1774366661.1765933,100.0,1383.09765625,0.0,0.0
1774366661.3095655,82.9,1383.09765625,0.0,0.0
1774366661.4402452,100.0,1383.09765625,0.0,0.0
1774366661.572523,100.0,1383.09765625,0.0,0.0
1774366661.7106144,80.0,1383.09765625,0.0,0.0
1774366661.8424866,100.0,1383.09765625,0.0,0.0
1774366661.9746413,100.0,1383.09765625,0.0,0.0
1774366662.107813,78.6,1383.09765625,0.0,0.0
1774366662.231595,100.0,1383.09765625,0.0,0.0
1774366662.3625822,100.0,1383.09765625,0.0,0.0
1774366662.4968581,78.6,1383.09765625,0.0,0.0
1774366662.628605,100.0,1383.09765625,0.0,0.0
1774366662.7582479,100.0,1383.09765625,0.0,0.0
1774366662.8925946,75.0,1383.09765625,0.0,0.0
1774366663.0246065,100.0,1383.09765625,0.0,0.0
1774366663.1563158,100.0,1383.09765625,0.0,0.0
1774366663.2892728,80.0,1383.09765625,0.0,0.0
1774366663.4212704,95.0,1383.09765625,0.0,0.0
1774366663.5522168,100.0,1383.09765625,0.0,0.0
1774366663.6829166,80.0,1383.09765625,0.0,0.0
1774366663.8048084,95.2,1383.09765625,0.0,0.0
1774366663.9222898,25.6,1383.09765625,0.046875,0.0078125
1774366664.0403306,20.0,1382.7109375,6.1875,6.06640625
1774366664.158378,15.0,1382.32421875,9.82421875,0.0
1774366664.2761867,15.0,1382.4453125,8.7734375,0.0
1774366664.3941529,20.9,1381.765625,9.69921875,0.0
1774366664.5119033,15.4,1381.671875,8.8984375,0.0
1774366664.62987,15.0,1381.57421875,9.82421875,0.0
1774366664.7472987,15.4,1381.84375,8.7734375,0.0
1774366664.8653636,17.1,1381.75390625,9.82421875,0.0
1774366664.9832435,17.5,1381.7734375,8.8984375,0.0
1774366665.1011605,10.5,1381.66796875,9.69921875,0.0
1774366665.2190032,21.4,1381.6171875,8.8984375,0.0
1774366665.3370523,12.8,1381.484375,9.82421875,0.0
1774366665.4550772,12.5,1381.5703125,9.0234375,0.0
1774366665.572934,19.5,1381.5390625,9.4140625,0.0
1774366665.6909754,17.5,1381.75,9.30859375,0.0
1774366665.8090234,10.5,1381.72265625,8.9609375,0.0
1774366665.9269118,14.6,1381.7890625,9.63671875,0.0
1774366666.044888,17.5,1381.78515625,8.8984375,0.0
1774366666.162954,15.4,1381.72265625,9.82421875,0.0
1774366666.280668,17.1,1381.76171875,8.7734375,0.0
1774366666.398497,17.5,1381.29296875,9.82421875,0.0
1774366666.516287,17.5,1381.953125,8.8984375,0.0
1774366666.6342585,14.6,1381.72265625,9.82421875,0.0
1774366666.7518544,17.5,1381.91015625,8.7734375,0.0
1774366666.8698974,15.0,1381.53515625,9.82421875,0.0
1774366666.9882674,13.2,1382.734375,8.8984375,0.0
1774366667.1062481,12.5,1383.5625,9.82421875,0.0
1774366667.224482,19.5,1384.10546875,8.8984375,0.0
1774366667.3425744,15.0,1384.109375,9.5390625,0.0
1774366667.4605887,17.1,1384.03515625,9.18359375,0.0
1774366667.5783293,17.1,1384.046875,9.0859375,0.0
1774366667.6964037,15.0,1384.04296875,9.63671875,0.0
1774366667.815018,15.0,1384.23046875,8.5390625,0.0
1774366667.9345715,31.7,1470.47265625,0.0,0.0
1774366668.054602,31.0,1566.96484375,0.0,0.0
1774366668.174772,26.8,1665.2109375,0.0,0.0
1774366668.2922518,20.0,1689.24609375,7.68359375,0.0
1774366668.4104507,15.0,1689.37890625,9.82421875,0.0
1774366668.528835,29.3,1722.6015625,0.71484375,0.0
1774366668.6486568,28.2,1766.484375,0.0,0.0
1774366668.7688324,27.5,1801.94140625,0.0,0.0
1774366668.8897624,28.2,1839.8984375,0.0,0.0
1774366669.0100088,30.0,1878.1875,0.0,0.0
1774366669.1306558,30.8,1919.10546875,0.0,0.0
1774366669.2548041,30.8,1958.984375,0.0,0.0
1774366669.381749,32.5,2001.2421875,0.0,0.0
1774366669.5054557,26.8,1423.234375,0.0,0.0
1774366669.6305208,30.0,1525.66796875,0.0,0.0
1774366669.75508,29.3,1626.16015625,0.0,0.0
1774366669.8778396,26.8,1713.08203125,0.0,0.0
1774366670.0006318,28.2,1770.4609375,0.0,0.0
1774366670.1401398,29.3,1826.0390625,0.0,0.0
1774366670.2665513,26.8,1850.109375,0.0,0.0
1774366670.3850603,26.8,1850.109375,0.0,0.0
1774366670.5035243,30.0,1850.109375,0.0,0.0
1774366670.6221902,29.3,1850.109375,0.0,0.0
1774366670.7406247,26.8,1850.109375,0.0,0.0
1774366670.8592443,29.3,1850.35546875,0.0,0.0
1774366670.977923,28.2,1850.35546875,0.0,0.0
1774366671.1004982,25.0,1850.3984375,0.0,0.0
1774366671.2200701,27.5,1850.3984375,0.0,0.0
1774366671.3388262,28.2,1850.3984375,0.0,0.0
1774366671.4612284,29.3,1850.3984375,0.0,0.0
1774366671.5795617,25.6,1850.3984375,0.0,0.0
1774366671.6975229,28.2,1850.3984375,0.0,0.0
1774366671.8164234,25.6,1850.3984375,0.0,0.0
1774366671.9347358,25.0,1850.3984375,0.0,0.0
1774366672.053149,30.0,1850.3984375,0.0,0.0
1774366672.1712465,27.5,1850.3984375,0.0,0.0
1774366672.290176,25.0,1850.3984375,0.0,0.0
1774366672.4085968,26.8,1850.3984375,0.0,0.0
1774366672.527206,30.0,1850.3984375,0.0,0.0
1774366672.6454287,27.5,1850.3984375,0.0,0.0
1774366672.7761607,47.5,1778.34765625,0.0,0.0
1774366672.9060137,100.0,1778.34765625,0.0,0.0
1774366673.0364842,100.0,1778.34765625,0.0,0.0
1774366673.1672637,25.6,1778.29296875,0.0,0.0
1774366673.311108,100.0,1778.29296875,0.0,0.0
1774366673.4414032,97.6,1778.29296875,0.0,0.0
1774366673.572154,100.0,1778.29296875,0.0,0.0
1774366673.7011497,100.0,1778.29296875,0.0,0.0
1774366673.8178558,43.6,1778.29296875,0.0,0.0
1774366673.9350126,27.5,1778.29296875,0.0,0.0
1774366674.0520763,26.8,1778.29296875,0.0,0.0
1774366674.1688955,27.5,1778.29296875,0.0,0.0
1774366674.2859972,27.5,1778.29296875,0.0,0.0
1774366674.4035065,25.6,1778.29296875,0.0,0.0
1774366674.5204394,27.5,1778.5390625,0.0,0.0
1774366674.6376085,27.5,1778.5390625,0.0,0.0
1774366674.75451,27.5,1778.5390625,0.0,0.0
1774366674.871632,28.6,1778.5390625,0.0,0.0
1774366674.98834,25.6,1778.5390625,0.0,0.0
1774366675.105417,27.5,1778.5390625,0.0,0.0
1774366675.2224789,25.0,1778.5390625,0.0,0.0
1774366675.3393853,27.5,1778.5390625,0.0,0.0
1774366675.4564908,25.6,1778.5390625,0.0,0.0
1774366675.5738347,27.5,1778.5390625,0.0,0.0
1774366675.690785,25.0,1778.5390625,0.0,0.0
1774366675.8079262,27.5,1778.5390625,0.0,0.0
1774366675.9699378,32.6,1778.5390625,0.0,0.0
1774366676.1240702,93.0,1778.5390625,0.0,0.0
1774366676.2543688,85.0,1778.5390625,0.0,0.0
1774366676.384938,100.0,1778.5390625,0.0,0.0
1774366676.5030437,100.0,1778.5390625,0.0,0.0
1774366676.6377602,25.0,1778.5390625,0.0,0.0
1774366676.7605526,100.0,1779.03125,0.0,0.0
1774366676.8901186,87.5,1779.03125,0.0,0.0
1774366677.0067592,100.0,1779.03125,0.0,0.0
1774366677.1358433,100.0,1779.0390625,0.0,0.0
1774366677.2530663,85.0,1779.0390625,0.0,0.0
1774366677.37052,25.0,1779.0390625,0.0,0.0
1774366677.4879258,27.5,1779.0390625,0.0,0.0
1774366677.6654952,97.5,1779.0390625,0.0,0.0
1774366677.7949383,75.6,1779.0390625,0.0,0.0
1774366677.9207675,100.0,1779.0390625,0.0,0.0
1774366678.0504794,100.0,1779.0390625,0.0,0.0
1774366678.1671507,100.0,1779.0390625,0.0,0.0
1774366678.2925873,100.0,1779.0390625,0.0,0.0
1774366678.4098501,27.5,1779.0390625,0.0,0.0
1774366678.52701,25.6,1779.0390625,0.0,0.0
1774366678.6442173,26.8,1779.0390625,0.0,0.0
1774366678.7611957,29.3,1779.0390625,0.0,0.0
1774366678.8784137,27.5,1779.0390625,0.0,0.0
1774366678.9955058,27.5,1779.0390625,0.0,0.0
1774366679.1124856,29.3,1779.05078125,0.0,0.0
1774366679.2297835,25.6,1779.05078125,0.0,0.0
1774366679.3471959,25.0,1779.05078125,0.0,0.0
1774366679.464291,28.6,1779.05078125,0.0,0.0
1774366679.5814798,28.6,1779.05078125,0.0,0.0
1774366679.698611,25.6,1779.05078125,0.0,0.0
1774366679.8157847,26.8,1779.05078125,0.0,0.0
1774366679.9326184,27.5,1779.05078125,0.0,0.0
1774366680.0498586,29.3,1779.05078125,0.0,0.0
1774366680.1670694,25.6,1779.05078125,0.0,0.0
1774366680.2842908,29.3,1779.05078125,0.0,0.0
1774366680.4014912,27.5,1779.05078125,0.0,0.0
1774366680.5189881,25.0,1779.05078125,0.0,0.0
1774366680.6362169,25.0,1779.05078125,0.0,0.0
1774366680.755642,92.7,1779.05078125,0.0,0.0
1774366680.9091003,92.5,1779.05078125,0.0,0.0
1774366681.0390685,70.7,1779.05078125,0.0,0.0
1774366681.162165,100.0,1779.05078125,0.0,0.0
1774366681.2794213,100.0,1779.05078125,0.0,0.0
1774366681.4095442,84.2,1779.05078125,0.0,0.0
1774366681.5268607,28.2,1779.05078125,0.0,0.0
1774366681.6693385,27.5,1779.05078125,0.0,0.0
1774366681.8209834,97.6,1779.05078125,0.0,0.0
1774366681.9509175,87.8,1779.05078125,0.0,0.0
1774366682.0739071,100.0,1779.05078125,0.0,0.0
1774366682.2043223,100.0,1779.04296875,0.0,0.0
1774366682.3484547,25.0,1779.04296875,0.0,0.0
1774366682.4796953,100.0,1779.04296875,0.0,0.0
1774366682.6105838,97.5,1779.04296875,0.0,0.0
1774366682.7413754,100.0,1779.04296875,0.0,0.0
1774366682.8703597,100.0,1779.04296875,0.0,0.0
1774366682.9875906,34.1,1779.04296875,0.0,0.0
1774366683.104681,25.0,1779.078125,0.0,0.0
1774366683.2216775,26.8,1779.078125,0.0,0.0
1774366683.3387764,25.6,1779.078125,0.0,0.0
1774366683.45595,26.8,1779.078125,0.0,0.0
1774366683.572997,25.6,1779.078125,0.0,0.0
1774366683.6899202,27.5,1779.078125,0.0,0.0
1774366683.8072019,27.5,1779.078125,0.0,0.0
1774366683.9243352,26.8,1779.078125,0.0,0.0
1774366684.0412812,29.3,1779.078125,0.0,0.0
1774366684.1584404,25.6,1779.08203125,0.0,0.0
1774366684.2756488,25.0,1779.08203125,0.0,0.0
1774366684.3928618,25.6,1775.63671875,0.0,0.0
1774366684.5101476,29.3,1776.12890625,0.0,0.0
1774366684.627348,25.0,1776.375,0.0,0.0
1774366684.7597682,70.7,1777.0390625,0.0,0.0
1774366684.8912637,97.6,1777.0390625,0.0,0.0
1774366685.0218093,87.5,1777.0390625,0.0,0.0
1774366685.1516912,100.0,1776.96484375,0.0,0.0
1774366685.2696266,89.5,1777.45703125,0.0,0.0
1774366685.4139075,34.1,1777.45703125,0.0,0.0
1774366685.5455825,100.0,1777.45703125,0.0,0.0
1774366685.6645935,30.0,1777.45703125,0.0,0.0
1774366685.802302,37.5,1327.5703125,0.0,0.0
1774366685.9238293,100.0,1327.5703125,0.0,0.0
1774366686.0481327,100.0,1327.81640625,0.0,0.0
1774366686.1785069,82.5,1327.70703125,0.0,0.0
1774366686.3095984,100.0,1327.70703125,0.0,0.0
1774366686.4414668,100.0,1327.70703125,0.0,0.0
1774366686.5742993,78.0,1327.70703125,0.0,0.0
1774366686.7090137,100.0,1327.70703125,0.0,0.0
1774366686.8409913,100.0,1327.70703125,0.0,0.0
1774366686.9887054,80.0,1327.70703125,0.0,0.0
1774366687.1208563,100.0,1327.70703125,0.0,0.0
1774366687.2549098,100.0,1327.70703125,0.0,0.0
1774366687.406697,77.5,1327.70703125,0.0,0.0
1774366687.5252604,100.0,1327.70703125,0.0,0.0
1774366687.6461298,100.0,1327.70703125,0.0,0.0
1774366687.7994936,80.0,1327.70703125,0.0,0.0
1774366687.930122,100.0,1327.953125,0.0,0.0
1774366688.0566401,100.0,1327.953125,0.0,0.0
1774366688.1911578,77.5,1327.953125,0.0,0.0
1774366688.323377,100.0,1327.953125,0.0,0.0
1774366688.4540527,100.0,1327.953125,0.0,0.0
1774366688.585882,76.2,1327.953125,0.0,0.0
1774366688.7108624,95.1,1327.953125,0.0,0.0
1774366688.8466406,100.0,1327.953125,0.0,0.0
1774366688.9752438,81.0,1327.953125,0.0,0.0
1774366689.1178768,92.5,1327.953125,0.0,0.0
1774366689.2487392,100.0,1327.953125,0.0,0.0
1774366689.3821428,85.0,1327.953125,0.0,0.0
1774366689.508059,92.3,1327.953125,0.0,0.0
1774366689.6254332,27.5,1327.953125,0.05078125,0.21875
1774366689.7435243,19.5,1327.77734375,6.3046875,5.85546875
1774366689.8614051,12.8,1327.67578125,9.82421875,0.0
1774366689.9790661,19.0,1327.70703125,8.8984375,0.0
1774366690.097265,15.4,1326.69921875,9.69921875,0.0
1774366690.2148633,15.0,1326.734375,8.7734375,0.0
1774366690.3328474,15.4,1326.6328125,9.82421875,0.0
1774366690.450509,17.1,1326.92578125,8.7734375,0.0
1774366690.5692325,10.3,1326.94140625,9.82421875,0.0
1774366690.6868358,14.6,1326.875,8.8984375,0.0
1774366690.804514,17.1,1327.3671875,9.82421875,0.0
1774366690.9225702,17.5,1327.31640625,8.8984375,0.0
1774366691.0451012,15.4,1327.4296875,9.07421875,0.0
1774366691.1635616,19.5,1327.5078125,8.8984375,0.0
1774366691.281652,15.0,1327.625,9.69921875,0.0
1774366691.3999727,10.8,1327.4609375,9.0234375,0.0
1774366691.5180047,12.8,1327.4375,9.6640625,0.0
1774366691.6361613,17.1,1327.41015625,9.05859375,0.0
1774366691.7541852,13.2,1327.375,9.1796875,0.0
1774366691.8719258,17.5,1327.36328125,9.54296875,0.0
1774366691.9896116,15.4,1327.30859375,8.7109375,0.0
1774366692.107872,15.0,1327.375,9.76171875,0.0
1774366692.2257216,12.8,1327.40625,9.0234375,0.0
1774366692.3437037,17.1,1327.5546875,9.69921875,0.0
1774366692.4614863,12.8,1327.59765625,8.7734375,0.0
1774366692.5797477,17.1,1327.49609375,9.82421875,0.0
1774366692.6972015,15.0,1327.3671875,8.8984375,0.0
1774366692.8154905,19.0,1327.76953125,9.69921875,0.0
1774366692.9330862,19.5,1327.3046875,8.7734375,0.0
1774366693.0512147,15.4,1327.4375,9.82421875,0.0
1774366693.1690238,15.4,1327.5625,8.8984375,0.0
1774366693.28721,17.1,1327.55078125,9.69921875,0.0
1774366693.4053934,12.8,1328.5,9.0234375,0.0
1774366693.5232713,19.0,1340.41015625,9.5390625,0.0
1774366693.642947,29.3,1420.7265625,0.0,0.0
1774366693.7633698,25.0,1516.97265625,0.0,0.0
1774366693.8826652,25.0,1617.21875,0.0,0.0
1774366694.0004456,16.2,1647.81640625,6.93359375,0.0
1774366694.119392,17.9,1656.58984375,9.57421875,0.0
1774366694.2401414,26.8,1690.35546875,1.71484375,0.0
1774366694.3606613,29.3,1730.83203125,0.0,0.0
1774366694.4811637,27.5,1766.67578125,0.0,0.0
1774366694.6017892,25.0,1803.0234375,0.0,0.0
1774366694.7224755,31.7,1840.33203125,0.0,0.0
1774366694.8418775,30.0,1879.42578125,0.0,0.0
1774366694.9628067,26.3,1912.0859375,0.0,0.0
1774366695.0832913,29.3,1949.4140625,0.0,0.0
1774366695.2064219,30.0,1985.296875,0.0,0.0
1774366695.3318627,27.5,1401.6015625,0.0,0.0
1774366695.4559443,26.8,1505.6015625,0.0,0.0
1774366695.5801966,30.0,1605.35546875,0.0,0.0
1774366695.7049406,30.0,1707.84765625,0.0,0.0
1774366695.8279855,25.6,1790.4140625,0.0,0.0
1774366695.9678278,26.8,1842.1328125,0.0,0.0
1774366696.0868108,28.9,1843.58203125,0.0,0.0
1774366696.2054956,29.3,1844.07421875,0.0,0.0
1774366696.3241255,25.6,1844.07421875,0.0,0.0
1774366696.4426947,28.2,1844.07421875,0.0,0.0
1774366696.561683,27.5,1844.07421875,0.0,0.0
1774366696.6805441,25.6,1844.07421875,0.0,0.0
1774366696.798978,25.6,1844.07421875,0.0,0.0
1774366696.9173691,30.0,1844.07421875,0.0,0.0
1774366697.0393834,27.5,1844.07421875,0.0,0.0
1774366697.1580062,25.6,1844.3203125,0.0,0.0
1774366697.2789257,28.2,1844.3203125,0.0,0.0
1774366697.4012985,29.3,1844.3203125,0.0,0.0
1774366697.5196888,25.0,1844.3203125,0.0,0.0
1774366697.6415286,29.3,1844.3203125,0.0,0.0
1774366697.76045,27.5,1844.3203125,0.0,0.0
1774366697.882499,27.5,1844.3203125,0.0,0.0
1774366698.0006993,27.5,1844.3203125,0.0,0.0
1774366698.1225765,30.0,1844.3125,0.0,0.0
1774366698.2419796,29.3,1844.3125,0.0,0.0
1774366698.360536,25.0,1844.3125,0.0,0.0
1774366698.4825504,25.6,1844.3125,0.0,0.0
1774366698.6023657,29.3,1857.1484375,0.0,0.0
1774366698.7323406,45.0,1869.7109375,0.0,0.0
1774366698.8614864,100.0,1870.203125,0.0,0.0
1774366698.991193,100.0,1870.6953125,0.0,0.0
1774366699.1090598,39.5,1871.14453125,0.0,0.0
1774366699.2666621,88.1,1871.14453125,0.0,0.0
1774366699.3975472,92.9,1871.14453125,0.0,0.0
1774366699.5287304,100.0,1871.14453125,0.0,0.0
1774366699.657905,100.0,1871.14453125,0.0,0.0
1774366699.7749214,42.5,1871.63671875,0.0,0.0
1774366699.8921223,31.0,1871.63671875,0.0,0.0
1774366700.0096543,25.0,1871.63671875,0.0,0.0
1774366700.1267796,25.0,1871.63671875,0.0,0.0
1774366700.244071,27.5,1871.63671875,0.0,0.0
1774366700.3611615,27.5,1871.63671875,0.0,0.0
1774366700.4782186,25.6,1871.63671875,0.0,0.0
1774366700.5950346,29.3,1871.63671875,0.0,0.0
1774366700.7121406,27.5,1871.63671875,0.0,0.0
1774366700.8291695,26.8,1871.63671875,0.0,0.0
1774366700.9460864,25.6,1871.63671875,0.0,0.0
1774366701.063242,27.5,1871.63671875,0.0,0.0
1774366701.181029,26.8,1871.63671875,0.0,0.0
1774366701.298169,25.0,1871.63671875,0.0,0.0
1774366701.4269485,64.1,1871.63671875,0.0,0.0
1774366701.5636792,97.6,1871.63671875,0.0,0.0
1774366701.6902902,87.8,1871.63671875,0.0,0.0
1774366701.8074214,100.0,1871.63671875,0.0,0.0
1774366701.9377203,97.4,1871.63671875,0.0,0.0
1774366702.0848305,33.3,1871.63671875,0.0,0.0
1774366702.2119372,100.0,1871.63671875,0.0,0.0
1774366702.338778,100.0,1871.63671875,0.0,0.0
1774366702.4607143,100.0,1871.63671875,0.0,0.0
1774366702.5783985,97.5,1871.63671875,0.0,0.0
1774366702.6958985,36.6,1871.63671875,0.0,0.0
1774366702.813295,26.8,1871.63671875,0.0,0.0
1774366702.9453778,63.4,1871.63671875,0.0,0.0
1774366703.0730276,100.0,1871.63671875,0.0,0.0
1774366703.2027264,79.5,1871.62890625,0.0,0.0
1774366703.3250813,100.0,1871.62890625,0.0,0.0
1774366703.4560888,100.0,1871.62890625,0.0,0.0
1774366703.5860922,100.0,1871.62890625,0.0,0.0
1774366703.7036936,43.9,1871.62890625,0.0,0.0
1774366703.8214269,29.3,1871.62890625,0.0,0.0
1774366703.9390569,27.5,1871.62890625,0.0,0.0
1774366704.0567806,29.3,1871.62890625,0.0,0.0
1774366704.1743271,27.5,1871.62890625,0.0,0.0
1774366704.3079228,46.2,1871.62890625,0.0,0.0
1774366704.4899197,80.0,1871.62890625,0.0,0.0
1774366704.6198506,73.2,1871.62890625,0.0,0.0
1774366704.742816,100.0,1871.62890625,0.0,0.0
1774366704.8720303,100.0,1871.62890625,0.0,0.0
1774366704.989332,100.0,1871.62890625,0.0,0.0
1774366705.1066332,27.5,1871.62890625,0.0,0.0
1774366705.2241862,26.8,1871.6328125,0.0,0.0
1774366705.4035766,90.0,1871.87890625,0.0,0.0
1774366705.5330083,87.8,1871.87890625,0.0,0.0
1774366705.6634007,100.0,1871.87890625,0.0,0.0
1774366705.7852802,100.0,1871.87890625,0.0,0.0
1774366705.9026852,32.5,1871.87890625,0.0,0.0
1774366706.0383043,100.0,1871.87890625,0.0,0.0
1774366706.1640706,90.0,1872.125,0.0,0.0
1774366706.2950068,100.0,1872.125,0.0,0.0
1774366706.4244044,100.0,1872.125,0.0,0.0
1774366706.541458,67.5,1872.125,0.0,0.0
1774366706.658213,27.5,1872.125,0.0,0.0
1774366706.775366,25.6,1872.125,0.0,0.0
1774366706.892443,25.0,1872.125,0.0,0.0
1774366707.009345,27.5,1872.125,0.0,0.0
1774366707.1268973,25.6,1872.125,0.0,0.0
1774366707.2441719,26.8,1872.125,0.0,0.0
1774366707.3612328,25.0,1872.125,0.0,0.0
1774366707.4780397,27.5,1872.125,0.0,0.0
1774366707.5952954,28.6,1872.125,0.0,0.0
1774366707.7124329,25.0,1872.125,0.0,0.0
1774366707.829393,27.5,1872.125,0.0,0.0
1774366707.9465406,25.6,1872.125,0.0,0.0
1774366708.0638056,28.6,1872.125,0.0,0.0
1774366708.198646,63.4,1872.125,0.0,0.0
1774366708.3327467,92.9,1872.125,0.0,0.0
1774366708.4621053,77.5,1872.125,0.0,0.0
1774366708.591274,100.0,1872.125,0.0,0.0
1774366708.7204747,100.0,1872.125,0.0,0.0
1774366708.837248,25.6,1872.125,0.0,0.0
1774366709.0097992,73.2,1872.125,0.0,0.0
1774366709.1302397,55.0,1872.140625,0.0,0.0
1774366709.2622082,27.5,1451.58203125,0.0,0.0
1774366709.379418,100.0,1423.3125,0.0,0.0
1774366709.5230057,100.0,1423.3125,0.0,0.0
1774366709.6406746,75.6,1423.8046875,0.0,0.0
1774366709.7709508,97.5,1423.8046875,0.0,0.0
1774366709.9033103,100.0,1423.8046875,0.0,0.0
1774366710.0364034,75.0,1423.8046875,0.0,0.0
1774366710.1677485,97.4,1423.63671875,0.0,0.0
1774366710.2979996,100.0,1423.8828125,0.0,0.0
1774366710.4303277,72.5,1424.375,0.0,0.0
1774366710.55121,95.2,1424.375,0.0,0.0
1774366710.6951191,100.0,1424.375,0.0,0.0
1774366710.826389,78.0,1424.375,0.0,0.0
1774366710.9585948,95.2,1424.375,0.0,0.0
1774366711.0948024,100.0,1424.375,0.0,0.0
1774366711.214659,92.9,1424.375,0.0,0.0
1774366711.346014,95.1,1424.375,0.0,0.0
1774366711.46282,100.0,1424.375,0.0,0.0
1774366711.594524,100.0,1424.375,0.0,0.0
1774366711.727544,81.0,1424.375,0.0,0.0
1774366711.8571925,100.0,1424.375,0.0,0.0
1774366711.9874003,100.0,1424.375,0.0,0.0
1774366712.1297312,82.5,1424.375,0.0,0.0
1774366712.2563844,100.0,1424.375,0.0,0.0
1774366712.3841295,100.0,1424.375,0.0,0.0
1774366712.5187116,77.5,1424.375,0.0,0.0
1774366712.6406279,100.0,1424.375,0.0,0.0
1774366712.7776654,100.0,1424.375,0.0,0.0
1774366712.913076,76.2,1424.62109375,0.0,0.0
1774366713.0306976,89.7,1424.62109375,0.0,0.0
1774366713.1489384,26.8,1424.62109375,0.046875,2.66015625
1774366713.2662327,18.4,1424.81640625,7.3125,3.4140625
1774366713.3842251,13.2,1424.84765625,9.82421875,0.0
1774366713.5017233,17.1,1424.8671875,8.7734375,0.0
1774366713.619539,12.8,1425.1484375,9.82421875,0.0
1774366713.7386253,15.0,1424.92578125,9.0234375,0.0
1774366713.85672,12.8,1424.9609375,9.82421875,0.0
1774366713.9743516,15.4,1424.859375,8.8984375,0.0
1774366714.0921645,15.8,1424.8125,9.4140625,0.0
1774366714.2100964,12.5,1424.9140625,9.18359375,0.0
1774366714.3278475,14.6,1424.875,9.0859375,0.0
1774366714.4454608,15.0,1424.56640625,9.51171875,0.0
1774366714.5632126,15.4,1424.93359375,8.8984375,0.0
1774366714.6811788,13.2,1423.890625,9.69921875,0.0
1774366714.79881,15.0,1424.046875,8.8984375,0.0
1774366714.916919,17.1,1423.703125,9.82421875,0.0
1774366715.0345104,17.1,1423.98828125,8.7734375,0.0
1774366715.1521895,15.4,1424.01171875,9.69921875,0.0
1774366715.2693498,17.5,1423.93359375,8.7734375,0.0
1774366715.3872406,12.5,1424.0859375,9.82421875,0.0
1774366715.504035,15.0,1423.89453125,8.3984375,0.0
1774366715.6214576,15.0,1424.1875,9.69921875,0.0
1774366715.7388072,17.5,1424.87109375,8.8984375,0.0
1774366715.8564398,14.6,1424.76171875,9.69921875,0.0
1774366715.9741206,15.4,1424.94921875,8.8984375,0.0
1774366716.0921657,17.1,1425.38671875,9.69921875,0.0
1774366716.210435,14.6,1425.32421875,8.8984375,0.0
1774366716.3279848,16.7,1426.04296875,9.7890625,0.0
1774366716.4452572,19.5,1426.26171875,8.93359375,0.0
1774366716.5629706,15.4,1426.47265625,9.2890625,0.0
1774366716.6806197,15.4,1426.4140625,9.30859375,0.0
1774366716.7981167,12.8,1426.53515625,8.9609375,0.0
1774366716.9160204,12.8,1426.71875,9.63671875,0.0
1774366717.0345592,12.8,1426.59375,8.5390625,0.0
1774366717.1535614,29.3,1515.85546875,0.0,0.0
1774366717.27305,28.2,1612.1015625,0.0,0.0
1774366717.3936496,25.6,1710.34765625,0.0,0.0
1774366717.5125046,21.4,1724.7421875,6.07421875,0.0
1774366717.63108,17.5,1725.41796875,9.30859375,0.0
1774366717.752363,26.8,1733.6640625,2.83984375,0.0
1774366717.8725805,23.7,1749.5546875,0.0,0.0
1774366717.9927778,30.0,1783.96875,0.0,0.0
1774366718.1134436,34.1,1822.2109375,0.0,0.0
1774366718.237144,31.7,1864.49609375,0.0,0.0
1774366718.357269,30.0,1905.54296875,0.0,0.0
1774366718.4799972,35.0,1940.53125,0.0,0.0
1774366718.6002445,25.6,1972.515625,0.0,0.0
1774366718.720506,25.6,2009.3125,0.0,0.0
1774366718.8383985,29.3,1708.30859375,0.0,0.0
1774366718.9617994,31.0,1443.875,0.0,0.0
1774366719.0855703,25.0,1545.49609375,0.0,0.0
1774366719.209562,30.8,1646.48046875,0.0,0.0
1774366719.3305018,30.0,1721.66796875,0.0,0.0
1774366719.4518392,28.6,1750.09375,0.0,0.0
1774366719.5724902,27.5,1778.3515625,0.0,0.0
1774366719.6932447,30.0,1811.41015625,0.0,0.0
1774366719.8148289,27.5,1842.48046875,0.0,0.0
1774366719.9643493,25.6,1868.140625,0.0,0.0
1774366720.0829082,28.6,1870.109375,0.0,0.0
1774366720.2011476,31.0,1870.453125,0.0,0.0
1774366720.3195083,27.5,1870.453125,0.0,0.0
1774366720.4375107,25.6,1870.453125,0.0,0.0
1774366720.5558023,28.2,1870.453125,0.0,0.0
1774366720.6741376,27.5,1870.453125,0.0,0.0
1774366720.7921584,25.0,1870.453125,0.0,0.0
1774366720.9099672,29.3,1870.453125,0.0,0.0
1774366721.028554,27.5,1870.453125,0.0,0.0
1774366721.1478395,27.5,1870.453125,0.0,0.0
1774366721.2656815,26.8,1870.453125,0.0,0.0
1774366721.3839061,27.5,1870.453125,0.0,0.0
1774366721.5016425,27.5,1870.453125,0.0,0.0
1774366721.6197708,25.6,1870.453125,0.0,0.0
1774366721.7383568,28.2,1870.453125,0.0,0.0
1774366721.8562012,27.5,1870.453125,0.0,0.0
1774366721.9747505,25.0,1870.453125,0.0,0.0
1774366722.0928025,30.0,1870.453125,0.0,0.0
1774366722.2120461,30.0,1881.72265625,0.0,0.0
1774366722.3308415,26.8,1907.1953125,0.0,0.0
1774366722.4492757,26.8,1920.97265625,0.0,0.0
1774366722.5801625,48.7,1934.60546875,0.0,0.0
1774366722.7101426,100.0,1934.60546875,0.0,0.0
1774366722.8358235,100.0,1934.60546875,0.0,0.0
1774366722.9670832,29.3,1934.60546875,0.0,0.0
1774366723.0998957,100.0,1935.375,0.0,0.0
1774366723.2174597,87.2,1935.375,0.0,0.0
1774366723.3469272,100.0,1935.375,0.0,0.0
1774366723.4765909,100.0,1935.62109375,0.0,0.0
1774366723.5935538,80.0,1935.62109375,0.0,0.0
1774366723.7103639,29.3,1935.62109375,0.0,0.0
1774366723.8273413,29.3,1935.8671875,0.0,0.0
1774366723.9446228,25.0,1935.8671875,0.0,0.0
1774366724.0615473,25.0,1935.8671875,0.0,0.0
1774366724.1785963,27.5,1935.859375,0.0,0.0
1774366724.2955103,27.5,1935.859375,0.0,0.0
1774366724.4123125,25.6,1935.859375,0.0,0.0
1774366724.5288541,27.5,1935.859375,0.0,0.0
1774366724.6457074,29.3,1935.859375,0.0,0.0
1774366724.7625518,25.0,1935.859375,0.0,0.0
1774366724.8792067,27.5,1935.859375,0.0,0.0
1774366724.9961076,30.2,1935.859375,0.0,0.0
1774366725.1135283,25.0,1935.859375,0.0,0.0
1774366725.230444,26.8,1935.859375,0.0,0.0
1774366725.3497086,82.9,1935.859375,0.0,0.0
1774366725.4811566,97.5,1935.859375,0.0,0.0
1774366725.6106155,90.0,1935.859375,0.0,0.0
1774366725.740164,100.0,1935.859375,0.0,0.0
1774366725.8581223,97.4,1936.10546875,0.0,0.0
1774366725.9952621,37.2,1936.10546875,0.0,0.0
1774366726.1287558,100.0,1936.109375,0.0,0.0
1774366726.2583606,97.5,1936.109375,0.0,0.0
1774366726.384606,100.0,1936.109375,0.0,0.0
1774366726.5142245,100.0,1936.109375,0.0,0.0
1774366726.631688,39.0,1936.109375,0.0,0.0
1774366726.7491717,25.0,1936.109375,0.0,0.0
1774366726.8802614,65.0,1936.109375,0.0,0.0
1774366727.010961,100.0,1936.109375,0.0,0.0
1774366727.1353238,75.6,1936.109375,0.0,0.0
1774366727.2643588,100.0,1936.35546875,0.0,0.0
1774366727.3897383,100.0,1936.35546875,0.0,0.0
1774366727.5188565,100.0,1936.35546875,0.0,0.0
1774366727.6352694,83.3,1936.35546875,0.0,0.0
1774366727.7522516,27.5,1936.35546875,0.0,0.0
1774366727.8695846,25.0,1936.35546875,0.0,0.0
1774366727.9864733,25.0,1936.35546875,0.0,0.0
1774366728.1031244,27.5,1936.35546875,0.0,0.0
1774366728.2202094,27.5,1936.34765625,0.0,0.0
1774366728.3370748,25.0,1936.34765625,0.0,0.0
1774366728.4538448,29.3,1936.34765625,0.0,0.0
1774366728.5708926,27.5,1936.34765625,0.0,0.0
1774366728.6878743,25.0,1936.34765625,0.0,0.0
1774366728.8048496,27.5,1936.34765625,0.0,0.0
1774366728.9218314,25.6,1936.34765625,0.0,0.0
1774366729.0388336,26.8,1936.34765625,0.0,0.0
1774366729.1556294,27.5,1936.34765625,0.0,0.0
1774366729.272283,27.5,1936.34765625,0.0,0.0
1774366729.3893144,27.5,1936.34765625,0.0,0.0
1774366729.5062113,25.0,1936.34765625,0.0,0.0
1774366729.6229653,29.3,1936.59375,0.0,0.0
1774366729.7399833,28.6,1936.59375,0.0,0.0
1774366729.8572521,25.0,1936.59375,0.0,0.0
1774366729.9848373,55.0,1936.59375,0.0,0.0
1774366730.1675653,80.0,1936.59375,0.0,0.0
1774366730.2843912,67.5,1936.59375,0.0,0.0
1774366730.4133856,100.0,1936.59375,0.0,0.0
1774366730.5432591,100.0,1936.59375,0.0,0.0
1774366730.6607409,100.0,1936.83984375,0.0,0.0
1774366730.7781587,25.0,1936.83984375,0.0,0.0
1774366730.895286,25.6,1936.83984375,0.0,0.0
1774366731.0365753,80.0,1936.83984375,0.0,0.0
1774366731.1696658,100.0,1936.83984375,0.0,0.0
1774366731.299287,97.4,1936.83984375,0.0,0.0
1774366731.429773,100.0,1936.83984375,0.0,0.0
1774366731.5471187,63.4,1936.83984375,0.0,0.0
1774366731.712859,66.7,1936.83984375,0.0,0.0
1774366731.8426046,97.4,1936.83984375,0.0,0.0
1774366731.9721553,100.0,1936.83984375,0.0,0.0
1774366732.1064804,100.0,1936.83984375,0.0,0.0
1774366732.2238727,69.0,1936.83984375,0.0,0.0
1774366732.3410041,25.6,1936.83984375,0.0,0.0
1774366732.4583554,27.5,1936.83984375,0.0,0.0
1774366732.575614,25.0,1936.83984375,0.0,0.0
1774366732.706214,68.3,1936.83984375,0.0,0.0
1774366732.844423,95.3,1936.83984375,0.0,0.0
1774366732.9741626,90.0,1936.83984375,0.0,0.0
1774366733.096548,100.0,1936.83984375,0.0,0.0
1774366733.2138863,95.1,1936.83984375,0.0,0.0
1774366733.3486392,34.1,1936.83984375,0.0,0.0
1774366733.4796467,100.0,1936.83984375,0.0,0.0
1774366733.5980415,46.2,1936.83984375,0.0,0.0
1774366733.7301197,47.5,1486.7890625,0.0,0.0
1774366733.8605425,100.0,1486.7890625,0.0,0.0
1774366733.9796557,92.7,1486.75390625,0.0,0.0
1774366734.1143064,87.5,1486.75390625,0.0,0.0
1774366734.243794,100.0,1486.75390625,0.0,0.0
1774366734.383334,100.0,1486.75390625,0.0,0.0
1774366734.5185983,75.0,1486.75390625,0.0,0.0
1774366734.6459002,100.0,1486.75390625,0.0,0.0
1774366734.7731967,100.0,1486.75390625,0.0,0.0
1774366734.9202037,78.0,1486.75390625,0.0,0.0
1774366735.0499759,100.0,1486.75390625,0.0,0.0
1774366735.1817808,100.0,1486.765625,0.0,0.0
1774366735.313414,81.0,1486.765625,0.0,0.0
1774366735.438748,100.0,1486.765625,0.0,0.0
1774366735.56216,100.0,1486.765625,0.0,0.0
1774366735.6918879,78.6,1486.765625,0.0,0.0
1774366735.8227258,100.0,1486.765625,0.0,0.0
1774366735.9509985,100.0,1486.765625,0.0,0.0
1774366736.0831912,75.0,1486.765625,0.0,0.0
1774366736.2133253,85.0,1486.765625,0.0,0.0
1774366736.3347094,100.0,1486.765625,0.0,0.0
1774366736.4608142,100.0,1486.765625,0.0,0.0
1774366736.5927966,74.4,1486.765625,0.0,0.0
1774366736.722391,100.0,1486.765625,0.0,0.0
1774366736.8529203,100.0,1486.765625,0.0,0.0
1774366736.9869318,78.0,1486.765625,0.0,0.0
1774366737.1180584,100.0,1486.765625,0.0,0.0
1774366737.2514045,100.0,1486.765625,0.0,0.0
1774366737.3745174,79.5,1486.765625,0.0,0.0
1774366737.4917545,75.6,1486.765625,0.0,0.0
1774366737.6093984,28.2,1486.20703125,0.05078125,6.07421875
1774366737.7268844,13.2,1486.125,9.1640625,0.0
1774366737.8442852,14.6,1486.16015625,9.1640625,0.0
1774366737.9616401,17.1,1486.1796875,9.30859375,0.0
1774366738.0792105,17.1,1486.08984375,8.9609375,0.0
1774366738.1971598,17.1,1486.02734375,9.63671875,0.0
1774366738.3144696,10.5,1486.0234375,8.8984375,0.0
1774366738.4317455,15.4,1486.08984375,9.57421875,0.0
1774366738.5491703,12.8,1486.0,8.8984375,0.0
1774366738.6665866,16.7,1485.90234375,9.69921875,0.0
1774366738.783693,15.4,1485.9453125,8.7734375,0.0
1774366738.9015121,15.4,1486.08984375,9.69921875,0.0
1774366739.0185041,12.5,1486.1328125,8.8984375,0.0
1774366739.1359668,19.0,1485.90234375,9.69921875,0.0
1774366739.253186,15.4,1485.828125,8.7734375,0.0
1774366739.3708448,12.8,1485.734375,8.82421875,0.0
1774366739.4878883,15.0,1486.265625,8.8984375,0.0
1774366739.6055727,17.5,1486.2890625,9.69921875,0.0
1774366739.7228286,16.7,1487.1953125,8.7734375,0.0
1774366739.8402705,14.6,1487.31640625,9.69921875,0.0
1774366739.9572299,19.5,1487.87890625,8.7734375,0.0
1774366740.074775,12.8,1488.13671875,9.69921875,0.0
1774366740.1921225,15.0,1488.32421875,8.8984375,0.0
1774366740.3094926,17.5,1487.70703125,9.69921875,0.0
1774366740.427141,19.5,1489.0078125,8.8984375,0.0
1774366740.544669,12.5,1489.92578125,9.57421875,0.0
1774366740.6620972,15.0,1489.8828125,8.7734375,0.0
1774366740.7796469,15.0,1490.46484375,9.69921875,0.0
1774366740.8974102,12.8,1491.0859375,8.8984375,0.0
1774366741.0148861,15.0,1491.30078125,9.4140625,0.0
1774366741.1358402,19.5,1491.1953125,9.43359375,0.0
1774366741.2534816,15.0,1490.53515625,8.8359375,0.0
1774366741.370999,14.6,1490.6015625,9.51171875,0.0
1774366741.4889855,19.0,1490.7265625,8.6640625,0.0
1774366741.6084158,27.5,1580.10546875,0.0,0.0
1774366741.727354,23.1,1674.3515625,0.0,0.0
1774366741.8485456,34.1,1746.70703125,0.0,0.0
1774366741.9671628,27.5,1788.00390625,1.984375,0.0
1774366742.0858378,15.0,1789.26953125,9.69921875,0.0
1774366742.2053225,17.9,1790.12890625,6.5390625,0.0
1774366742.3248734,28.2,1816.00390625,0.0,0.0
1774366742.4451582,27.5,1843.12890625,0.0,0.0
1774366742.5645597,27.5,1879.24609375,0.0,0.0
1774366742.6845467,28.2,1911.02734375,0.0,0.0
1774366742.8052173,27.5,1947.0546875,0.0,0.0
1774366742.924668,25.6,1980.984375,0.0,0.0
1774366743.0449333,27.5,2015.34375,0.0,0.0
1774366743.165012,27.5,2050.89453125,0.0,0.0
1774366743.2858593,27.5,2085.28125,0.0,0.0
1774366743.4038444,25.6,1609.75390625,0.0,0.0
1774366743.528029,32.5,1565.5625,0.0,0.0
1774366743.6525722,30.0,1663.80859375,0.0,0.0
1774366743.7766087,25.6,1764.0546875,0.0,0.0
1774366743.8975341,30.0,1856.03125,0.0,0.0
1774366744.0196054,28.2,1911.69140625,0.0,0.0
1774366744.1520543,26.8,1934.4765625,0.0,0.0
1774366744.2701461,27.5,1934.96875,0.0,0.0
1774366744.388258,28.2,1934.96875,0.0,0.0
1774366744.5064642,25.6,1934.96875,0.0,0.0
1774366744.6244552,26.8,1934.96875,0.0,0.0
1774366744.742404,27.5,1934.96875,0.0,0.0
1774366744.8606257,27.5,1934.96875,0.0,0.0
1774366744.982347,26.8,1934.96875,0.0,0.0
1774366745.1005378,29.3,1935.22265625,0.0,0.0
1774366745.2214565,28.2,1935.22265625,0.0,0.0
1774366745.3406596,25.6,1935.46875,0.0,0.0
1774366745.4585805,26.8,1935.46875,0.0,0.0
1774366745.5798006,29.3,1935.46875,0.0,0.0
1774366745.6979759,25.6,1935.46875,0.0,0.0
1774366745.8190756,23.1,1935.46875,0.0,0.0
1774366745.9372861,29.3,1935.71484375,0.0,0.0
1774366746.0577037,27.5,1935.71484375,0.0,0.0
1774366746.1757164,25.0,1935.95703125,0.0,0.0
1774366746.2935328,27.5,1935.95703125,0.0,0.0
1774366746.4157631,27.5,1935.95703125,0.0,0.0
1774366746.5343459,29.3,1935.95703125,0.0,0.0
1774366746.653451,28.6,1935.95703125,0.0,0.0
1774366746.771015,27.5,1872.625,0.0,0.0
1774366746.8970068,82.9,1822.203125,0.0,0.0
1774366747.022894,100.0,1822.203125,0.0,0.0
1774366747.1404703,82.9,1822.015625,0.0,0.0
1774366747.2725265,47.5,1822.015625,0.0,0.0
1774366747.402657,100.0,1822.015625,0.0,0.0
1774366747.533383,95.3,1822.015625,0.0,0.0
1774366747.6594856,100.0,1822.015625,0.0,0.0
1774366747.7843552,100.0,1822.015625,0.0,0.0
1774366747.9016988,35.0,1822.26171875,0.0,0.0
1774366748.0185814,27.5,1822.26171875,0.0,0.0
1774366748.1354766,26.8,1822.28515625,0.0,0.0
1774366748.2519193,27.5,1822.28515625,0.0,0.0
1774366748.3687756,27.5,1822.28515625,0.0,0.0
1774366748.485571,25.0,1822.28515625,0.0,0.0
1774366748.6021724,27.5,1822.28515625,0.0,0.0
1774366748.718987,26.8,1822.28515625,0.0,0.0
1774366748.835968,26.8,1822.28515625,0.0,0.0
1774366748.9526074,25.0,1822.28515625,0.0,0.0
1774366749.0695667,27.5,1822.28515625,0.0,0.0
1774366749.186199,26.8,1822.28515625,0.0,0.0
1774366749.3029149,28.6,1822.28515625,0.0,0.0
1774366749.4194953,27.5,1822.28515625,0.0,0.0
1774366749.5472739,52.5,1822.53125,0.0,0.0
1774366749.6998649,95.2,1822.53125,0.0,0.0
1774366749.8301046,90.2,1822.5234375,0.0,0.0
1774366749.9605434,100.0,1822.5234375,0.0,0.0
1774366750.0776772,90.0,1822.53515625,0.0,0.0
1774366750.2086024,41.5,1822.53515625,0.0,0.0
1774366750.3392537,100.0,1822.53515625,0.0,0.0
1774366750.468492,97.5,1822.53515625,0.0,0.0
1774366750.597889,100.0,1822.53515625,0.0,0.0
1774366750.7260706,100.0,1822.53515625,0.0,0.0
1774366750.8435462,25.0,1822.53515625,0.0,0.0
1774366750.960672,25.6,1822.53515625,0.0,0.0
1774366751.1012845,75.0,1822.53515625,0.0,0.0
1774366751.232915,100.0,1822.53515625,0.0,0.0
1774366751.3617942,82.1,1822.53515625,0.0,0.0
1774366751.4906585,100.0,1822.53515625,0.0,0.0
1774366751.6199627,100.0,1822.53515625,0.0,0.0
1774366751.7482915,100.0,1822.53515625,0.0,0.0
1774366751.8684866,29.3,1822.5390625,0.0,0.0
1774366751.9853153,26.8,1822.5390625,0.0,0.0
1774366752.1020842,25.0,1822.5703125,0.0,0.0
1774366752.2205768,27.5,1822.5703125,0.0,0.0
1774366752.3373578,27.5,1822.5703125,0.0,0.0
1774366752.4540713,25.0,1822.5703125,0.0,0.0
1774366752.570807,26.8,1822.5703125,0.0,0.0
1774366752.6871724,27.5,1822.5703125,0.0,0.0
1774366752.8039393,31.0,1822.5703125,0.0,0.0
1774366752.9206524,25.0,1822.5703125,0.0,0.0
1774366753.0371854,27.5,1822.5703125,0.0,0.0
1774366753.1539736,26.8,1822.5703125,0.0,0.0
1774366753.2708323,25.0,1822.5703125,0.0,0.0
1774366753.3875134,28.6,1822.5703125,0.0,0.0
1774366753.5043404,27.5,1822.5703125,0.0,0.0
1774366753.6210527,25.0,1822.5703125,0.0,0.0
1774366753.737754,25.0,1822.5703125,0.0,0.0
1774366753.8541634,27.5,1822.5703125,0.0,0.0
1774366753.9709985,26.8,1822.5703125,0.0,0.0
1774366754.0876682,28.6,1822.5703125,0.0,0.0
1774366754.2336574,27.5,1822.5703125,0.0,0.0
1774366754.431163,78.6,1822.5703125,0.0,0.0
1774366754.5627675,77.5,1822.5703125,0.0,0.0
1774366754.693489,100.0,1822.5703125,0.0,0.0
1774366754.8231897,100.0,1822.5703125,0.0,0.0
1774366754.9402828,88.1,1822.5703125,0.0,0.0
1774366755.0574703,29.3,1822.5703125,0.0,0.0
1774366755.17447,25.0,1822.5703125,0.0,0.0
1774366755.353527,97.7,1822.5703125,0.0,0.0
1774366755.4839847,92.5,1822.5703125,0.0,0.0
1774366755.6134303,100.0,1822.5703125,0.0,0.0
1774366755.730593,100.0,1822.5703125,0.0,0.0
1774366755.8755882,29.3,1822.5703125,0.0,0.0
1774366756.0064743,100.0,1822.5703125,0.0,0.0
1774366756.1353922,92.3,1823.015625,0.0,0.0
1774366756.264309,100.0,1823.015625,0.0,0.0
1774366756.3920841,100.0,1823.015625,0.0,0.0
1774366756.508636,75.6,1822.92578125,0.0,0.0
1774366756.6252565,27.5,1822.92578125,0.0,0.0
1774366756.7421632,27.5,1822.92578125,0.0,0.0
1774366756.859295,25.0,1822.92578125,0.0,0.0
1774366756.9761407,25.6,1822.92578125,0.0,0.0
1774366757.0929735,27.5,1822.92578125,0.0,0.0
1774366757.2096338,27.5,1822.92578125,0.0,0.0
1774366757.326379,26.8,1822.92578125,0.0,0.0
1774366757.4427872,29.3,1822.92578125,0.0,0.0
1774366757.5597177,29.3,1822.9296875,0.0,0.0
1774366757.6764362,25.0,1822.9296875,0.0,0.0
1774366757.7931955,27.5,1822.9296875,0.0,0.0
1774366757.9102647,25.6,1822.9296875,0.0,0.0
1774366758.0273626,25.0,1822.9296875,0.0,0.0
1774366758.1443138,25.0,1822.9296875,0.0,0.0
1774366758.3263,88.1,1822.9296875,0.0,0.0
1774366758.4587033,90.2,1822.9296875,0.0,0.0
1774366758.5887318,100.0,1822.9296875,0.0,0.0
1774366758.7059126,100.0,1822.9296875,0.0,0.0
1774366758.823255,36.6,1822.9296875,0.0,0.0
1774366758.975395,92.7,1822.9296875,0.0,0.0
1774366759.0956318,51.3,1822.9296875,0.0,0.0
1774366759.2512262,30.0,1372.8125,0.0,0.0
1774366759.381887,100.0,1372.8125,0.0,0.0
1774366759.5026405,100.0,1372.8125,0.0,0.0
1774366759.6367168,88.1,1372.8125,0.0,0.0
1774366759.753611,100.0,1372.8125,0.0,0.0
1774366759.8855147,100.0,1372.8125,0.0,0.0
1774366760.0179927,75.0,1372.8125,0.0,0.0
1774366760.147544,100.0,1372.73828125,0.0,0.0
1774366760.2739108,100.0,1372.73828125,0.0,0.0
1774366760.4080405,75.0,1372.75,0.0,0.0
1774366760.540287,97.6,1372.75,0.0,0.0
1774366760.673039,100.0,1372.75,0.0,0.0
1774366760.806915,72.5,1372.75,0.0,0.0
1774366760.940467,97.8,1372.75,0.0,0.0
1774366761.0753171,100.0,1372.75,0.0,0.0
1774366761.2140224,75.0,1372.75,0.0,0.0
1774366761.3367822,100.0,1372.75,0.0,0.0
1774366761.4701142,100.0,1372.75,0.0,0.0
1774366761.6039584,78.0,1372.75,0.0,0.0
1774366761.7355053,100.0,1372.75,0.0,0.0
1774366761.8695898,100.0,1372.75,0.0,0.0
1774366762.0031116,75.0,1372.75,0.0,0.0
1774366762.1457043,100.0,1372.75,0.0,0.0
1774366762.2776036,100.0,1372.75,0.0,0.0
1774366762.4033997,75.6,1372.75,0.0,0.0
1774366762.5458522,100.0,1372.99609375,0.0,0.0
1774366762.6758015,100.0,1372.99609375,0.0,0.0
1774366762.8099716,77.5,1372.99609375,0.0,0.0
1774366762.9271488,80.0,1372.99609375,0.0,0.0
1774366763.044796,27.5,1371.93359375,0.046875,6.07421875
1774366763.1623247,17.5,1372.03515625,8.9375,0.0
1774366763.2797947,10.8,1372.00390625,9.2890625,0.0
1774366763.3972003,15.8,1371.83203125,9.18359375,0.0
1774366763.5147119,17.5,1371.94140625,9.0859375,0.0
1774366763.6321857,17.1,1371.87890625,9.51171875,0.0
1774366763.7495565,17.1,1371.75390625,8.7109375,0.0
1774366763.8671393,13.2,1371.8203125,9.88671875,0.0
1774366763.9848084,12.5,1372.09765625,8.6484375,0.0
1774366764.1021726,14.6,1372.00390625,9.69921875,0.0
1774366764.2194805,15.0,1372.0390625,8.7734375,0.0
1774366764.3370311,17.1,1371.20703125,9.82421875,0.0
1774366764.4540052,15.0,1371.4921875,8.7734375,0.0
1774366764.5713754,17.1,1371.51171875,9.69921875,0.0
1774366764.6886287,15.0,1371.4375,8.7734375,0.0
1774366764.8059802,16.7,1371.453125,9.82421875,0.0
1774366764.9228673,17.5,1371.41796875,8.7734375,0.0
1774366765.0404184,17.1,1371.51953125,9.57421875,0.0
1774366765.1577373,12.8,1371.578125,8.7734375,0.0
1774366765.2761555,14.6,1371.33203125,9.82421875,0.0
1774366765.3949373,15.4,1371.3046875,8.8984375,0.0
1774366765.5125256,12.8,1371.1875,9.82421875,0.0
1774366765.629984,12.8,1370.6953125,8.8984375,0.0
1774366765.7474833,15.0,1370.76171875,9.4140625,0.0
1774366765.8649063,17.5,1371.19921875,9.05859375,0.0
1774366765.9822,10.3,1371.1796875,9.1640625,0.0
1774366766.0995822,17.1,1371.44921875,9.30859375,0.0
1774366766.2170448,17.1,1371.32421875,8.9609375,0.0
1774366766.340816,12.5,1371.265625,10.13671875,0.0
1774366766.4577954,12.8,1371.6640625,8.7734375,0.0
1774366766.575565,22.0,1372.40234375,9.32421875,0.0
1774366766.6928883,15.4,1372.68359375,8.7734375,0.0
1774366766.8103144,14.6,1372.58984375,9.69921875,0.0
1774366766.9286869,19.5,1372.62890625,7.9140625,0.0
1774366767.0477316,29.3,1463.859375,0.0,0.0
1774366767.166628,26.8,1560.10546875,0.0,0.0
1774366767.2860508,31.0,1658.3515625,0.0,0.0
1774366767.4037416,19.0,1676.2734375,8.30859375,0.0
1774366767.5213933,14.6,1676.62890625,9.69921875,0.0
1774366767.6391232,26.8,1726.54296875,0.21484375,0.0
1774366767.7576334,29.3,1750.7578125,0.0,0.0
1774366767.8773663,25.6,1786.41796875,0.0,0.0
1774366767.9970832,25.6,1820.8046875,0.0,0.0
1774366768.117196,31.7,1856.66796875,0.0,0.0
1774366768.2369988,27.5,1893.05078125,0.0,0.0
1774366768.3576133,25.6,1927.48046875,0.0,0.0
1774366768.4770217,30.0,1964.15234375,0.0,0.0
1774366768.5969067,27.5,1997.1796875,0.0,0.0
1774366768.7167835,23.1,1442.265625,0.0,0.0
1774366768.8405347,29.3,1501.625,0.0,0.0
1774366768.9641833,30.0,1602.109375,0.0,0.0
1774366769.0870748,27.5,1704.35546875,0.0,0.0
1774366769.2094386,27.5,1792.59375,0.0,0.0
1774366769.3313398,30.0,1833.82421875,0.0,0.0
1774366769.4581223,30.0,1854.484375,0.0,0.0
1774366769.5768116,26.8,1854.73046875,0.0,0.0
1774366769.6948178,25.6,1855.22265625,0.0,0.0
1774366769.8130295,29.3,1855.22265625,0.0,0.0
1774366769.9312744,25.6,1855.22265625,0.0,0.0
1774366770.049297,26.8,1855.22265625,0.0,0.0
1774366770.1675968,25.6,1855.25,0.0,0.0
1774366770.289553,26.8,1855.25,0.0,0.0
1774366770.4074214,26.8,1855.25,0.0,0.0
1774366770.5282898,27.5,1855.25,0.0,0.0
1774366770.649823,25.6,1855.25,0.0,0.0
1774366770.7681596,25.6,1855.25,0.0,0.0
1774366770.8898623,25.6,1855.25,0.0,0.0
1774366771.0073938,26.3,1855.25,0.0,0.0
1774366771.1257827,28.2,1855.25,0.0,0.0
1774366771.243773,27.5,1855.25,0.0,0.0
1774366771.36141,30.0,1855.25,0.0,0.0
1774366771.4802244,27.5,1855.25,0.0,0.0
1774366771.5981185,25.6,1855.25,0.0,0.0
1774366771.7197375,30.0,1855.25,0.0,0.0
1774366771.8402658,25.6,1875.0546875,0.0,0.0
1774366771.9639225,26.8,1891.78515625,0.0,0.0
1774366772.084053,25.6,1909.9375,0.0,0.0
1774366772.215411,57.5,1919.44140625,0.0,0.0
1774366772.3498442,100.0,1919.93359375,0.0,0.0
1774366772.4676402,100.0,1919.93359375,0.0,0.0
1774366772.6093833,28.2,1920.42578125,0.0,0.0
1774366772.7403762,100.0,1920.42578125,0.0,0.0
1774366772.870957,95.0,1920.42578125,0.0,0.0
1774366773.0002868,100.0,1920.42578125,0.0,0.0
1774366773.129321,100.0,1920.7578125,0.0,0.0
1774366773.246464,32.5,1920.7578125,0.0,0.0
1774366773.3632905,26.8,1920.7578125,0.0,0.0
1774366773.4802425,25.6,1920.7578125,0.0,0.0
1774366773.597031,29.3,1920.7578125,0.0,0.0
1774366773.7137268,25.0,1920.7578125,0.0,0.0
1774366773.8302274,29.3,1920.7578125,0.0,0.0
1774366773.947068,26.8,1920.7578125,0.0,0.0
1774366774.0637383,28.6,1920.7578125,0.0,0.0
1774366774.1802516,27.5,1920.7578125,0.0,0.0
1774366774.2972386,27.5,1920.7578125,0.0,0.0
1774366774.4143353,25.0,1920.7578125,0.0,0.0
1774366774.5309954,25.0,1920.7578125,0.0,0.0
1774366774.647714,28.6,1920.7578125,0.0,0.0
1774366774.764562,27.5,1920.7578125,0.0,0.0
1774366774.881309,25.0,1920.7578125,0.0,0.0
1774366775.011509,75.0,1920.7578125,0.0,0.0
1774366775.1405897,92.9,1920.7578125,0.0,0.0
1774366775.269556,74.4,1920.7578125,0.0,0.0
1774366775.3983564,100.0,1920.7578125,0.0,0.0
1774366775.5273237,100.0,1920.7578125,0.0,0.0
1774366775.643841,25.0,1920.7578125,0.0,0.0
1774366775.800778,82.9,1920.7578125,0.0,0.0
1774366775.9306264,94.7,1920.7578125,0.0,0.0
1774366776.0611727,100.0,1920.7578125,0.0,0.0
1774366776.1907115,100.0,1920.75,0.0,0.0
1774366776.3080719,41.5,1920.75,0.0,0.0
1774366776.4253094,26.8,1920.75,0.0,0.0
1774366776.5567663,62.5,1920.75,0.0,0.0
1774366776.6880822,100.0,1920.75,0.0,0.0
1774366776.819191,80.0,1918.5078125,0.0,0.0
1774366776.9413345,100.0,1920.67578125,0.0,0.0
1774366777.071638,100.0,1920.67578125,0.0,0.0
1774366777.2007127,100.0,1920.5625,0.0,0.0
1774366777.3174593,32.5,1920.81640625,0.0,0.0
1774366777.4340415,29.3,1920.81640625,0.0,0.0
1774366777.550873,25.6,1920.81640625,0.0,0.0
1774366777.6676917,27.5,1920.81640625,0.0,0.0
1774366777.7846029,28.2,1920.81640625,0.0,0.0
1774366777.9014573,27.5,1920.81640625,0.0,0.0
1774366778.0182114,25.0,1920.81640625,0.0,0.0
1774366778.1349146,29.3,1920.81640625,0.0,0.0
1774366778.251745,27.5,1920.81640625,0.0,0.0
1774366778.3688242,25.6,1920.81640625,0.0,0.0
1774366778.4855928,26.8,1920.81640625,0.0,0.0
1774366778.6023092,27.5,1920.81640625,0.0,0.0
1774366778.7192192,27.5,1920.81640625,0.0,0.0
1774366778.8360841,25.0,1920.81640625,0.0,0.0
1774366778.9526463,27.5,1921.0625,0.0,0.0
1774366779.0695167,26.8,1921.0625,0.0,0.0
1774366779.1862311,25.0,1921.0625,0.0,0.0
1774366779.3029003,27.5,1921.06640625,0.0,0.0
1774366779.4209774,29.3,1921.06640625,0.0,0.0
1774366779.538032,25.0,1921.3125,0.0,0.0
1774366779.6695466,65.0,1921.3125,0.0,0.0
1774366779.8472693,81.0,1921.3125,0.0,0.0
1774366779.9782443,66.7,1921.3125,0.0,0.0
1774366780.1084878,100.0,1921.3125,0.0,0.0
1774366780.2390397,100.0,1921.3125,0.0,0.0
1774366780.356141,68.3,1921.3125,0.0,0.0
1774366780.4734504,25.0,1921.3125,0.0,0.0
1774366780.622093,38.1,1921.3125,0.0,0.0
1774366780.775215,95.2,1921.3125,0.0,0.0
1774366780.905805,92.7,1921.55859375,0.0,0.0
1774366781.0364153,100.0,1921.55859375,0.0,0.0
1774366781.1534572,85.0,1921.55859375,0.0,0.0
1774366781.2850275,43.6,1921.55859375,0.0,0.0
1774366781.4161932,100.0,1921.55859375,0.0,0.0
1774366781.5458808,95.1,1921.55859375,0.0,0.0
1774366781.6766567,100.0,1921.55859375,0.0,0.0
1774366781.7954895,100.0,1921.55859375,0.0,0.0
1774366781.9124587,25.0,1921.55859375,0.0,0.0
1774366782.0292978,29.3,1921.55859375,0.0,0.0
1774366782.1465445,25.6,1921.55859375,0.0,0.0
1774366782.2779112,68.3,1921.55859375,0.0,0.0
1774366782.4085565,97.5,1921.55859375,0.0,0.0
1774366782.5406775,90.0,1921.55859375,0.0,0.0
1774366782.6709654,100.0,1921.55859375,0.0,0.0
1774366782.788179,87.5,1921.55859375,0.0,0.0
1774366782.9200096,46.3,1921.55859375,0.0,0.0
1774366783.0514035,100.0,1921.55859375,0.0,0.0
1774366783.169726,25.6,1921.55859375,0.0,0.0
1774366783.2996783,53.8,1472.18359375,0.0,0.0
1774366783.4290977,100.0,1472.18359375,0.0,0.0
1774366783.5509346,100.0,1472.18359375,0.0,0.0
1774366783.6846504,80.5,1472.4296875,0.0,0.0
1774366783.8153713,100.0,1472.4296875,0.0,0.0
1774366783.9468741,100.0,1472.4296875,0.0,0.0
1774366784.0814028,79.5,1472.4296875,0.0,0.0
1774366784.212651,100.0,1472.34375,0.0,0.0
1774366784.344298,100.0,1472.34375,0.0,0.0
1774366784.4768279,80.5,1472.34375,0.0,0.0
1774366784.5983083,100.0,1472.34375,0.0,0.0
1774366784.7328966,100.0,1472.34375,0.0,0.0
1774366784.8668277,70.0,1472.58984375,0.0,0.0
1774366784.9992533,97.6,1472.58984375,0.0,0.0
1774366785.1324136,100.0,1472.58984375,0.0,0.0
1774366785.266124,71.8,1472.58984375,0.0,0.0
1774366785.395672,97.4,1472.58984375,0.0,0.0
1774366785.5279067,100.0,1472.58984375,0.0,0.0
1774366785.6610186,72.5,1472.58984375,0.0,0.0
1774366785.7935722,89.5,1472.58984375,0.0,0.0
1774366785.925689,100.0,1472.58984375,0.0,0.0
1774366786.0553236,75.0,1472.58984375,0.0,0.0
1774366786.1873248,95.0,1472.58984375,0.0,0.0
1774366786.3194165,100.0,1472.58984375,0.0,0.0
1774366786.438875,89.7,1472.58984375,0.0,0.0
1774366786.5691652,95.0,1472.58984375,0.0,0.0
1774366786.6991436,100.0,1472.58984375,0.0,0.0
1774366786.8217587,100.0,1472.58984375,0.0,0.0
1774366786.9461083,74.4,1472.58984375,0.0,0.0
1774366787.06403,66.7,1472.58984375,0.0,0.0
1774366787.181485,25.0,1472.9296875,0.4140625,6.07421875
1774366787.298971,16.7,1472.9609375,9.96484375,0.0
1774366787.4166758,20.9,1472.98828125,9.984375,0.0
1774366787.5345309,12.8,1471.91015625,9.44921875,0.0
1774366787.6520298,14.6,1471.7890625,9.44921875,0.0
1774366787.7694576,17.5,1472.77734375,9.44921875,0.0
1774366787.8871891,13.2,1473.69140625,9.44921875,0.0
1774366788.0047228,17.1,1473.84375,9.32421875,0.0
1774366788.1222746,15.4,1474.2421875,9.44921875,0.0
1774366788.2400258,17.5,1474.24609375,9.44921875,0.0
1774366788.357823,17.1,1474.28125,9.44921875,0.0
1774366788.4752462,19.5,1474.37890625,9.57421875,0.0
1774366788.5923204,17.1,1474.234375,9.32421875,0.0
1774366788.7099063,14.6,1474.3125,9.32421875,0.0
1774366788.8272204,12.8,1474.19140625,10.21484375,0.0
1774366788.9447098,15.8,1474.3203125,9.859375,0.0
1774366789.0624025,21.4,1474.19921875,9.44921875,0.0
1774366789.179888,14.6,1474.19921875,9.57421875,0.0
1774366789.2973466,17.1,1474.08203125,9.44921875,0.0
1774366789.4150782,12.8,1474.20703125,9.44921875,0.0
1774366789.5351257,13.2,1474.453125,9.82421875,0.0
1774366789.652628,15.0,1474.453125,9.44921875,0.0
1774366789.7714946,17.1,1474.09375,9.44921875,0.0
1774366789.8890963,15.0,1474.14453125,9.57421875,0.0
1774366790.0065863,17.1,1474.09375,9.44921875,0.0
1774366790.12367,17.5,1474.08984375,9.32421875,0.0
1774366790.2408466,17.1,1474.07421875,9.44921875,0.0
1774366790.3580844,14.6,1474.0390625,9.60546875,0.0
1774366790.4755914,15.0,1473.91796875,10.30859375,0.0
1774366790.5932288,17.1,1474.04296875,9.609375,0.0
1774366790.7131588,12.8,1473.80078125,9.57421875,0.0
1774366790.8306012,15.0,1474.16796875,9.57421875,0.0
1774366790.952985,13.2,1474.0546875,9.82421875,0.0
1774366791.0706222,17.1,1474.06640625,9.57421875,0.0
1774366791.1881163,17.1,1474.05078125,9.44921875,0.0
1774366791.305447,15.4,1474.05078125,9.44921875,0.0
1774366791.4230568,15.0,1473.9296875,9.32421875,0.0
1774366791.540743,12.5,1474.203125,9.44921875,0.0
1774366791.6581776,10.5,1474.22265625,9.44921875,0.0
1774366791.775421,15.4,1474.1953125,9.44921875,0.0
1774366791.8925326,12.8,1474.18359375,9.44921875,0.0
1774366792.009749,10.3,1474.078125,9.71484375,0.0
1774366792.1272426,17.1,1474.26171875,10.234375,0.0
1774366792.2448852,17.5,1474.01171875,9.44921875,0.0
1774366792.3623414,12.8,1474.2578125,9.32421875,0.0
1774366792.480008,20.0,1481.61328125,9.44921875,0.0
1774366792.5978506,15.4,1491.46484375,9.44921875,0.0
1774366792.7157845,15.0,1499.31640625,9.32421875,0.0
1774366792.8332813,13.2,1509.04296875,9.44921875,0.0
1774366792.950994,17.5,1519.3828125,9.44921875,0.0
1774366793.0687156,17.5,1526.90234375,9.44921875,0.0
1774366793.1863158,12.8,1536.0703125,8.94921875,0.0
1774366793.3046553,17.9,1546.91015625,9.19921875,0.0
1774366793.423742,15.4,1551.0390625,9.83984375,0.0
1774366793.5424623,17.5,1560.0859375,9.609375,0.0
1774366793.664422,28.2,1595.82421875,0.71484375,0.0
1774366793.7861612,29.3,1645.890625,0.0,0.0
1774366793.9077113,25.0,1694.6484375,0.0,0.0
1774366794.0293334,25.6,1743.4453125,0.0,0.0
1774366794.1506236,30.0,1785.88671875,0.0,0.0
1774366794.272197,31.7,1835.87890625,0.0,0.0
1774366794.39301,25.0,1882.5625,0.0,0.0
1774366794.5156949,27.5,1929.95703125,0.0,0.0
1774366794.6375074,26.3,1978.921875,0.0,0.0
1774366794.7606668,27.5,2025.65234375,0.0,0.0
1774366794.8812044,25.0,2074.171875,0.015625,0.0
1774366794.9998384,13.9,2086.12109375,9.84375,0.0
1774366795.118637,22.0,2094.48828125,8.69921875,0.0
1774366795.2373977,19.5,2103.1796875,8.69921875,0.0
1774366795.3580363,25.6,2129.40234375,3.71484375,0.0
1774366795.4793396,35.0,2171.3515625,0.0,0.0
1774366795.6030123,28.2,2206.03515625,0.0,0.0
1774366795.7227237,29.3,2238.20703125,0.0,0.0
1774366795.8436635,30.0,2265.53515625,0.0,0.0
1774366795.964282,27.5,2298.59375,0.0,0.0
1774366796.0859025,25.6,2327.97265625,0.0,0.0
1774366796.2060373,27.5,2356.3984375,0.0,0.0
1774366796.3259985,28.2,2392.2265625,0.0,0.0
1774366796.4461434,25.6,2424.953125,0.0,0.0
1774366796.5660038,29.3,2458.69921875,0.0,0.0
1774366796.6864977,29.3,2493.85546875,0.0,0.0
1774366796.806621,26.8,2530.44921875,0.0,0.0
1774366796.9261672,26.8,2562.53125,0.0,0.0
1774366797.045608,30.0,2599.08203125,0.0,0.0
1774366797.1649108,25.6,2631.88671875,0.0,0.0
1774366797.284632,25.0,2666.8203125,0.0,0.0
1774366797.4036338,28.2,2500.0703125,0.0,0.0
1774366797.5208483,25.6,2039.671875,0.0,0.0
1774366797.6439815,25.0,1750.08984375,0.0,0.0
1774366797.7672925,29.3,1848.51171875,0.0,0.0
1774366797.8885968,28.2,1905.04296875,0.0,0.0
1774366798.0092325,25.0,1968.6484375,0.0,0.0
1774366798.1301548,25.6,2015.35546875,0.0,0.0
1774366798.2505214,26.3,2077.91015625,0.0,0.0
1774366798.3710284,29.3,2139.6953125,0.0,0.0
1774366798.4911745,29.3,2200.4375,0.0,0.0
1774366798.6142933,28.2,2260.1328125,0.0,0.0
1774366798.7358837,29.3,2324.30859375,0.0,0.0
1774366798.86103,25.0,2393.55078125,0.0,0.0
1774366798.99312,26.8,2463.44140625,0.0,0.0
1774366799.1182623,28.2,2463.93359375,0.0,0.0
1774366799.236518,25.6,2463.93359375,0.0,0.0
1774366799.3543577,25.0,2463.93359375,0.0,0.0
1774366799.4724066,27.5,2463.93359375,0.0,0.0
1774366799.590521,29.3,2463.93359375,0.0,0.0
1774366799.7086196,27.5,2463.93359375,0.0,0.0
1774366799.8267367,25.6,2463.93359375,0.0,0.0
1774366799.945,29.3,2463.93359375,0.0,0.0
1774366800.06336,27.5,2463.93359375,0.0,0.0
1774366800.1813853,26.8,2463.9375,0.0,0.0
1774366800.299168,27.5,2463.9375,0.0,0.0
1774366800.4183133,30.0,2463.9375,0.0,0.0
1774366800.5363739,27.5,2463.9375,0.0,0.0
1774366800.6575282,28.2,2463.9375,0.0,0.0
1774366800.7793849,29.3,2463.9375,0.0,0.0
1774366800.8977878,25.6,2464.18359375,0.0,0.0
1774366801.0152798,27.5,2464.18359375,0.0,0.0
1774366801.1339688,27.5,2464.1796875,0.0,0.0
1774366801.2522895,25.6,2464.1796875,0.0,0.0
1774366801.3723395,25.0,2464.20703125,0.0,0.0
1774366801.4900715,31.7,2464.20703125,0.0,0.0
1774366801.6117282,27.5,2464.20703125,0.0,0.0
1774366801.7294736,26.8,2464.20703125,0.0,0.0
1774366801.850852,26.3,2464.20703125,0.0,0.0
1774366801.9689846,31.7,2464.20703125,0.0,0.0
1774366802.0910132,26.8,2464.2109375,0.0,0.0
1774366802.208844,27.5,2464.2109375,0.0,0.0
1774366802.3293939,30.0,2464.2109375,0.0,0.0
1774366802.4472535,27.5,2464.2109375,0.0,0.0
1774366802.5662937,25.6,2466.61328125,0.0,0.0
1774366802.6864884,29.3,2496.2421875,0.0,0.0
1774366802.8098037,29.3,2513.6875,0.0,0.0
1774366802.9296691,26.8,2529.16015625,0.0,0.0
1774366803.0529587,29.3,2549.6171875,0.0,0.0
1774366803.171367,27.5,2550.08203125,0.0,0.0
1774366803.291136,27.5,2552.9765625,0.0,0.0
1774366803.4149146,26.8,2580.0078125,0.0,0.0
1774366803.5342867,30.0,2588.15625,0.0,0.0
1774366803.6645505,41.0,2566.65625,0.0,0.0
1774366803.7942705,100.0,2566.65625,0.0,0.0
1774366803.9115884,100.0,2566.90234375,0.0,0.0
1774366804.0531728,47.5,2567.1484375,0.0,0.0
1774366804.1851242,100.0,2567.63671875,0.0,0.0
1774366804.3155644,100.0,2567.63671875,0.0,0.0
1774366804.4441504,100.0,2567.63671875,0.0,0.0
1774366804.561029,40.0,2567.63671875,0.0,0.0
1774366804.6778188,25.0,2567.63671875,0.0,0.0
1774366804.79447,27.5,2567.63671875,0.0,0.0
1774366804.9115348,29.3,2567.63671875,0.0,0.0
1774366805.028936,25.0,2567.63671875,0.0,0.0
1774366805.1457632,25.0,2567.64453125,0.0,0.0
1774366805.2622347,27.5,2567.64453125,0.0,0.0
1774366805.3789968,25.6,2567.64453125,0.0,0.0
1774366805.4957347,26.8,2567.64453125,0.0,0.0
1774366805.6121907,27.5,2567.64453125,0.0,0.0
1774366805.7290163,25.6,2567.64453125,0.0,0.0
1774366805.8457444,26.8,2567.64453125,0.0,0.0
1774366805.9624286,27.5,2567.64453125,0.0,0.0
1774366806.094329,48.8,2567.64453125,0.0,0.0
1774366806.2178235,100.0,2567.64453125,0.0,0.0
1774366806.3468914,100.0,2567.64453125,0.0,0.0
1774366806.4762247,100.0,2567.64453125,0.0,0.0
1774366806.5936325,68.3,2567.64453125,0.0,0.0
1774366806.743597,86.0,2567.64453125,0.0,0.0
1774366806.8729174,100.0,2567.64453125,0.0,0.0
1774366807.0027144,100.0,2567.64453125,0.0,0.0
1774366807.1239927,100.0,2567.64453125,0.0,0.0
1774366807.241042,41.0,2567.64453125,0.0,0.0
1774366807.3582911,29.3,2567.64453125,0.0,0.0
1774366807.4821517,60.0,2567.64453125,0.0,0.0
1774366807.6161873,97.7,2567.64453125,0.0,0.0
1774366807.7464828,80.0,2567.64453125,0.0,0.0
1774366807.8672035,100.0,2567.64453125,0.0,0.0
1774366807.9970763,100.0,2567.64453125,0.0,0.0
1774366808.1233206,100.0,2567.8984375,0.0,0.0
1774366808.24045,61.5,2567.65625,0.0,0.0
1774366808.3570898,25.6,2567.90234375,0.0,0.0
1774366808.4740574,29.3,2568.1484375,0.0,0.0
1774366808.5907674,27.5,2568.1484375,0.0,0.0
1774366808.7075062,26.8,2568.1484375,0.0,0.0
1774366808.8239763,27.5,2568.1484375,0.0,0.0
1774366808.9408367,27.5,2568.1484375,0.0,0.0
1774366809.0576122,25.6,2568.1484375,0.0,0.0
1774366809.1741433,29.3,2568.14453125,0.0,0.0
1774366809.290907,27.5,2568.1484375,0.0,0.0
1774366809.4079897,25.0,2568.1484375,0.0,0.0
1774366809.5246396,26.8,2568.1484375,0.0,0.0
1774366809.6413825,27.5,2568.1484375,0.0,0.0
1774366809.7582204,25.0,2568.1484375,0.0,0.0
1774366809.8749402,25.0,2568.1484375,0.0,0.0
1774366809.991456,31.0,2568.1484375,0.0,0.0
1774366810.1082027,27.5,2568.1484375,0.0,0.0
1774366810.2249305,25.0,2568.1484375,0.0,0.0
1774366810.3414752,29.3,2568.1640625,0.0,0.0
1774366810.458291,29.3,2568.1640625,0.0,0.0
1774366810.5757263,25.0,2568.1640625,0.0,0.0
1774366810.6924233,25.0,2568.1640625,0.0,0.0
1774366810.8087294,29.3,2568.1640625,0.0,0.0
1774366810.9254265,27.5,2568.1640625,0.0,0.0
1774366811.0568566,25.0,2568.1640625,0.0,0.0
1774366811.2752109,87.5,2568.1640625,0.0,0.0
1774366811.3972518,76.9,2568.1640625,0.0,0.0
1774366811.5280857,100.0,2568.1640625,0.0,0.0
1774366811.6575546,100.0,2568.1640625,0.0,0.0
1774366811.774621,100.0,2568.1640625,0.0,0.0
1774366811.8918006,28.6,2568.1640625,0.0,0.0
1774366812.009456,25.0,2568.1640625,0.0,0.0
1774366812.180126,85.0,2568.1640625,0.0,0.0
1774366812.303515,87.5,2568.1640625,0.0,0.0
1774366812.4325361,100.0,2568.1640625,0.0,0.0
1774366812.56149,100.0,2568.1640625,0.0,0.0
1774366812.6904159,100.0,2568.1640625,0.0,0.0
1774366812.8070374,27.5,2568.1640625,0.0,0.0
1774366812.924472,26.8,2568.1640625,0.0,0.0
1774366813.056118,52.5,2568.1640625,0.0,0.0
1774366813.1875718,92.5,2568.1640625,0.0,0.0
1774366813.3171012,80.5,2568.1640625,0.0,0.0
1774366813.4340205,100.0,2568.1640625,0.0,0.0
1774366813.5642905,100.0,2568.1640625,0.0,0.0
1774366813.693023,100.0,2568.1640625,0.0,0.0
1774366813.809575,61.0,2568.1640625,0.0,0.0
1774366813.9262538,27.5,2568.1640625,0.0,0.0
1774366814.0432477,26.8,2568.1640625,0.0,0.0
1774366814.1599863,25.6,2568.1640625,0.0,0.0
1774366814.2768533,27.5,2568.1640625,0.0,0.0
1774366814.3934727,25.6,2568.1640625,0.0,0.0
1774366814.5101628,25.0,2568.1640625,0.0,0.0
1774366814.62653,27.5,2568.1640625,0.0,0.0
1774366814.7432487,27.5,2568.1640625,0.0,0.0
1774366814.859868,25.0,2568.1640625,0.0,0.0
1774366814.9764638,29.3,2568.1640625,0.0,0.0
1774366815.0932426,27.5,2568.1640625,0.0,0.0
1774366815.2104163,25.0,2568.1640625,0.0,0.0
1774366815.3270261,26.8,2568.17578125,0.0,0.0
1774366815.4438903,29.3,2568.17578125,0.0,0.0
1774366815.560572,27.5,2568.17578125,0.0,0.0
1774366815.6775584,25.0,2568.17578125,0.0,0.0
1774366815.7939801,28.2,2568.17578125,0.0,0.0
1774366815.9106493,29.3,2568.17578125,0.0,0.0
1774366816.0272949,26.8,2568.17578125,0.0,0.0
1774366816.1708543,27.5,2568.17578125,0.0,0.0
1774366816.3718789,78.6,2568.17578125,0.0,0.0
1774366816.501971,75.0,2568.17578125,0.0,0.0
1774366816.6320677,100.0,2568.17578125,0.0,0.0
1774366816.7609358,100.0,2568.17578125,0.0,0.0
1774366816.8769262,95.1,2568.17578125,0.0,0.0
1774366816.993553,25.6,2568.17578125,0.0,0.0
1774366817.1105764,26.8,2568.1796875,0.0,0.0
1774366817.2680218,76.2,2568.1796875,0.0,0.0
1774366817.387819,100.0,2568.1796875,0.0,0.0
1774366817.5182238,90.0,2568.1796875,0.0,0.0
1774366817.6355324,100.0,2568.1796875,0.0,0.0
1774366817.7652404,100.0,2568.1796875,0.0,0.0
1774366817.8821611,30.8,2568.1796875,0.0,0.0
1774366817.9991379,28.2,2568.42578125,0.0,0.0
1774366818.1310217,61.0,2568.42578125,0.0,0.0
1774366818.2620285,100.0,2568.42578125,0.0,0.0
1774366818.383306,78.9,2568.42578125,0.0,0.0
1774366818.5058577,100.0,2568.42578125,0.0,0.0
1774366818.631472,100.0,2568.42578125,0.0,0.0
1774366818.7574136,100.0,2568.42578125,0.0,0.0
1774366818.874958,53.7,2568.42578125,0.0,0.0
1774366818.9923453,25.0,2568.42578125,0.0,0.0
1774366819.1096683,25.6,2568.42578125,0.0,0.0
1774366819.227104,29.3,2568.42578125,0.0,0.0
1774366819.344792,26.8,2568.42578125,0.0,0.0
1774366819.462022,25.0,2568.4453125,0.0,0.0
1774366819.5812044,84.6,2568.4453125,0.0,0.0
1774366819.7418559,80.5,2568.4453125,0.0,0.0
1774366819.8715928,67.5,2568.4453125,0.0,0.0
1774366819.9943197,100.0,2568.4453125,0.0,0.0
1774366820.123874,100.0,2568.4453125,0.0,0.0
1774366820.2408423,95.0,2568.4453125,0.0,0.0
1774366820.3612714,28.2,2568.43359375,0.0,0.0
1774366820.4785428,26.8,2568.43359375,0.0,0.0
1774366820.659879,92.9,2568.43359375,0.0,0.0
1774366820.7890391,90.2,2568.43359375,0.0,0.0
1774366820.9187894,100.0,2568.43359375,0.0,0.0
1774366821.03601,97.6,2568.43359375,0.0,0.0
1774366821.190209,57.5,2568.43359375,0.0,0.0
1774366821.3199315,100.0,2568.43359375,0.0,0.0
1774366821.4449024,100.0,2568.43359375,0.0,0.0
1774366821.561895,100.0,2568.43359375,0.0,0.0
1774366821.6787314,37.5,2568.43359375,0.0,0.0
1774366821.795937,29.3,2568.43359375,0.0,0.0
1774366821.9130447,25.0,2568.43359375,0.0,0.0
1774366822.0299442,25.0,2568.44921875,0.0,0.0
1774366822.1469808,27.5,2568.44921875,0.0,0.0
1774366822.264008,28.6,2568.44921875,0.0,0.0
1774366822.3810115,25.6,2568.44921875,0.0,0.0
1774366822.4975839,28.2,2568.44921875,0.0,0.0
1774366822.6528668,95.3,2568.44921875,0.0,0.0
1774366822.782601,97.5,2568.44921875,0.0,0.0
1774366822.91233,100.0,2568.44921875,0.0,0.0
1774366823.0299528,80.0,2568.44921875,0.0,0.0
1774366823.1862478,76.2,2568.44921875,0.0,0.0
1774366823.3067715,46.3,2568.44921875,0.0,0.0
1774366823.4246163,31.0,2568.45703125,0.0,0.0
1774366823.5419385,27.5,2289.8515625,0.0,0.0
1774366823.6604176,26.8,1848.81640625,0.0,0.0
1774366823.776911,97.4,1817.7734375,0.0,0.0
1774366823.9082873,100.0,1817.7734375,0.0,0.0
1774366824.0371904,74.4,1817.53125,0.0,0.0
1774366824.168014,84.6,1817.49609375,0.0,0.0
1774366824.2933822,100.0,1817.49609375,0.0,0.0
1774366824.4151962,92.7,1817.49609375,0.0,0.0
1774366824.5521863,85.4,1817.49609375,0.0,0.0
1774366824.681699,100.0,1817.49609375,0.0,0.0
1774366824.813291,100.0,1817.49609375,0.0,0.0
1774366824.9505143,76.9,1817.49609375,0.0,0.0
1774366825.0813835,100.0,1817.49609375,0.0,0.0
1774366825.2126467,100.0,1817.49609375,0.0,0.0
1774366825.3630857,80.0,1817.49609375,0.0,0.0
1774366825.4967816,100.0,1817.49609375,0.0,0.0
1774366825.6283162,100.0,1817.49609375,0.0,0.0
1774366825.7793648,73.2,1817.49609375,0.0,0.0
1774366825.9104369,100.0,1817.49609375,0.0,0.0
1774366826.0455031,100.0,1817.49609375,0.0,0.0
1774366826.1850288,75.0,1817.50390625,0.0,0.0
1774366826.314516,100.0,1817.50390625,0.0,0.0
1774366826.4311137,100.0,1817.50390625,0.0,0.0
1774366826.5723846,69.6,1817.50390625,0.0,0.0
1774366826.6886008,92.7,1817.50390625,0.0,0.0
1774366826.8181124,100.0,1817.50390625,0.0,0.0
1774366826.935924,84.6,1817.50390625,0.0,0.0
1774366827.0650742,95.2,1817.50390625,0.0,0.0
1774366827.1951904,100.0,1817.50390625,0.0,0.0
1774366827.3184624,100.0,1817.50390625,0.0,0.0
1774366827.4469488,75.6,1817.50390625,0.0,0.0
1774366827.577189,100.0,1817.50390625,0.0,0.0
1774366827.7094362,100.0,1817.50390625,0.0,0.0
1774366827.8427384,74.4,1817.50390625,0.0,0.0
1774366827.9746327,97.6,1817.50390625,0.0,0.0
1774366828.1087873,100.0,1817.50390625,0.0,0.0
1774366828.2426212,72.5,1817.48828125,0.0,0.0
1774366828.372231,100.0,1817.48828125,0.0,0.0
1774366828.510986,100.0,1817.48828125,0.0,0.0
1774366828.6497128,78.6,1817.2421875,0.0,0.0
1774366828.779817,100.0,1817.2421875,0.0,0.0
1774366828.8986661,100.0,1817.2421875,0.0,0.0
1774366829.0308514,78.0,1817.2421875,0.0,0.0
1774366829.1625867,95.2,1817.2421875,0.0,0.0
1774366829.2928605,100.0,1817.2421875,0.0,0.0
1774366829.417971,82.9,1817.2421875,0.0,0.0
1774366829.5502934,92.5,1817.2421875,0.0,0.0
1774366829.6806266,100.0,1817.2421875,0.0,0.0
1774366829.7998464,92.5,1817.2421875,0.0,0.0
1774366829.9293048,95.1,1817.2421875,0.0,0.0
1774366830.0462732,30.8,1817.2421875,0.0,0.0
1774366830.164231,26.8,1817.2421875,0.015625,0.58203125
1774366830.2817607,20.5,1817.2265625,5.36328125,9.7421875
1774366830.3990884,17.1,1817.24609375,8.8984375,0.0
1774366830.5168538,17.5,1817.27734375,9.57421875,0.0
1774366830.6345465,15.0,1817.41796875,8.7734375,0.0
1774366830.7520196,17.1,1817.0859375,9.69921875,0.0
1774366830.869327,17.9,1817.2265625,8.8984375,0.0
1774366830.9869354,15.0,1817.3828125,9.5390625,0.0
1774366831.104445,17.1,1817.08984375,9.05859375,0.0
1774366831.2217636,17.5,1817.171875,9.1640625,0.0
1774366831.3392997,15.4,1816.9921875,9.43359375,0.0
1774366831.4567282,12.5,1816.25,8.8359375,0.0
1774366831.5741942,17.1,1816.6171875,9.63671875,0.0
1774366831.6917987,17.1,1816.43359375,8.8984375,0.0
1774366831.8098524,14.6,1816.37109375,9.69921875,0.0
1774366831.9269533,12.8,1816.41015625,8.8984375,0.0
1774366832.044447,17.5,1816.1484375,9.69921875,0.0
1774366832.1614523,17.5,1815.73828125,8.3984375,0.0
1774366832.2789402,15.0,1815.88671875,9.69921875,0.0
1774366832.3960521,17.1,1816.421875,8.7734375,0.0
1774366832.5139422,15.0,1816.3203125,9.69921875,0.0
1774366832.6308982,15.0,1816.3671875,8.8984375,0.0
1774366832.7483284,21.4,1816.484375,9.69921875,0.0
1774366832.8660073,17.5,1816.55859375,8.7734375,0.0
1774366832.9854562,14.6,1816.32421875,9.94921875,0.0
1774366833.1028283,17.5,1816.2734375,8.7734375,0.0
1774366833.220588,17.1,1816.18359375,9.69921875,0.0
1774366833.3385649,17.5,1817.1875,8.8984375,0.0
1774366833.456125,12.8,1827.1875,9.69921875,0.0
1774366833.5735724,20.5,1836.76171875,8.8984375,0.0
1774366833.6914113,17.1,1844.640625,9.4140625,0.0
1774366833.8090208,15.0,1854.84375,9.05859375,0.0
1774366833.926486,17.5,1863.09375,9.1640625,0.0
1774366834.0443082,17.5,1872.92578125,9.43359375,0.0
1774366834.1641085,23.1,1930.66015625,2.71484375,0.0
1774366834.2855873,25.0,2014.1015625,0.0,0.0
1774366834.4071455,28.2,2073.2734375,0.0,0.0
1774366834.5312517,29.3,2132.28515625,0.0,0.0
1774366834.648981,23.8,2180.20703125,3.734375,0.0
1774366834.7663572,21.4,2190.08984375,8.4609375,0.0
1774366834.88673,22.0,2210.3046875,6.02734375,0.0
1774366835.0061162,25.0,2253.88671875,0.0,0.0
1774366835.126327,32.6,2294.8046875,0.0,0.0
1774366835.2468655,30.0,2327.8203125,0.0,0.0
1774366835.3672266,29.3,2364.62109375,0.0,0.0
1774366835.4872205,29.3,2400.23046875,0.0,0.0
1774366835.6067111,30.0,2431.6875,0.0,0.0
1774366835.7269342,31.7,2463.5234375,0.0,0.0
1774366835.8467524,30.2,2499.203125,0.0,0.0
1774366835.967224,30.0,2533.2421875,0.0,0.0
1774366836.0850668,27.5,1973.859375,0.0,0.0
1774366836.2089388,26.2,1722.25,0.0,0.0
1774366836.3320277,27.5,1822.23828125,0.0,0.0
1774366836.4554253,31.0,1922.23828125,0.0,0.0
1774366836.577051,30.0,1981.6015625,0.0,0.0
1774366836.6977735,26.8,2026.5625,0.0,0.0
1774366836.818777,28.2,2084.79296875,0.0,0.0
1774366836.949211,31.7,2136.5,0.0,0.0
1774366837.0680156,25.0,2136.5,0.0,0.0
1774366837.1859336,26.8,2136.96484375,0.0,0.0
1774366837.3043902,27.5,2136.96484375,0.0,0.0
1774366837.4228559,25.6,2136.96484375,0.0,0.0
1774366837.5422912,26.8,2136.96484375,0.0,0.0
1774366837.6604142,28.2,2136.96484375,0.0,0.0
1774366837.7786555,27.5,2136.96484375,0.0,0.0
1774366837.8967857,26.8,2136.96484375,0.0,0.0
1774366838.017601,25.6,2136.25390625,0.0,0.0
1774366838.1394777,28.2,2136.63671875,0.0,0.0
1774366838.2614865,26.8,2136.8828125,0.0,0.0
1774366838.3793762,26.8,2136.8828125,0.0,0.0
1774366838.500829,30.0,2137.12890625,0.0,0.0
1774366838.6192427,27.5,2137.375,0.0,0.0
1774366838.740804,25.6,2137.375,0.0,0.0
1774366838.858559,29.3,2137.375,0.0,0.0
1774366838.9794824,31.0,2137.375,0.0,0.0
1774366839.1015303,26.8,2137.375,0.0,0.0
1774366839.2198193,25.6,2137.375,0.0,0.0
1774366839.341393,28.2,2137.375,0.0,0.0
1774366839.4584365,27.5,2131.03125,0.0,0.0
1774366839.588437,75.6,2023.015625,0.0,0.0
1774366839.7183175,100.0,2023.015625,0.0,0.0
1774366839.8561935,39.5,2023.015625,0.0,0.0
1774366839.9736683,100.0,2023.015625,0.0,0.0
1774366840.1036575,100.0,2023.015625,0.0,0.0
1774366840.2326877,100.0,2022.94140625,0.0,0.0
1774366840.3495011,25.0,2022.94140625,0.0,0.0
1774366840.4661374,27.5,2022.94140625,0.0,0.0
1774366840.5830712,27.5,2022.94140625,0.0,0.0
1774366840.7002468,27.5,2022.94140625,0.0,0.0
1774366840.8179057,27.5,2023.1875,0.0,0.0
1774366840.9351575,27.5,2023.1875,0.0,0.0
1774366841.0523965,29.3,2023.1875,0.0,0.0
1774366841.169248,25.0,2023.1796875,0.0,0.0
1774366841.2858844,29.3,2023.1796875,0.0,0.0
1774366841.4028249,25.6,2023.1796875,0.0,0.0
1774366841.5498095,97.6,2023.1796875,0.0,0.0
1774366841.680151,100.0,2023.1796875,0.0,0.0
1774366841.8054523,100.0,2023.1796875,0.0,0.0
1774366841.9595098,42.5,2023.1796875,0.0,0.0
1774366842.0898387,100.0,2023.1796875,0.0,0.0
1774366842.2204719,100.0,2023.1796875,0.0,0.0
1774366842.3543088,100.0,2023.1796875,0.0,0.0
1774366842.4717932,25.0,2023.1796875,0.0,0.0
1774366842.589062,29.3,2023.42578125,0.0,0.0
1774366842.7370179,72.5,2023.42578125,0.0,0.0
1774366842.8663485,100.0,2023.42578125,0.0,0.0
1774366842.9966102,85.7,2023.42578125,0.0,0.0
1774366843.1258454,100.0,2023.42578125,0.0,0.0
1774366843.2424133,100.0,2023.42578125,0.0,0.0
1774366843.372395,100.0,2023.42578125,0.0,0.0
1774366843.4898655,27.5,2023.42578125,0.0,0.0
1774366843.6075368,27.5,2023.42578125,0.0,0.0
1774366843.7249918,25.0,2023.42578125,0.0,0.0
1774366843.8425658,27.5,2023.42578125,0.0,0.0
1774366843.9600875,27.5,2023.42578125,0.0,0.0
1774366844.087998,56.1,2023.42578125,0.0,0.0
1774366844.2661743,80.0,2023.42578125,0.0,0.0
1774366844.396048,70.0,2023.42578125,0.0,0.0
1774366844.5132124,100.0,2023.42578125,0.0,0.0
1774366844.6437042,100.0,2023.42578125,0.0,0.0
1774366844.7608497,100.0,2023.42578125,0.0,0.0
1774366844.8782387,25.6,2023.42578125,0.0,0.0
1774366844.995404,27.5,2023.42578125,0.0,0.0
1774366845.1835518,82.1,2023.42578125,0.0,0.0
1774366845.3142147,87.2,2023.421875,0.0,0.0
1774366845.4308386,100.0,2023.421875,0.0,0.0
1774366845.553764,100.0,2023.421875,0.0,0.0
1774366845.6710804,42.5,2023.421875,0.0,0.0
1774366845.8232603,87.8,2023.421875,0.0,0.0
1774366845.9541583,97.4,2023.421875,0.0,0.0
1774366846.0843093,100.0,2023.421875,0.0,0.0
1774366846.2014399,100.0,2023.421875,0.0,0.0
1774366846.3182886,50.0,2023.421875,0.0,0.0
1774366846.4348817,27.5,2023.421875,0.0,0.0
1774366846.5518422,28.6,2023.421875,0.0,0.0
1774366846.6689873,25.6,2023.421875,0.0,0.0
1774366846.785743,25.0,2023.421875,0.0,0.0
1774366846.9028146,27.5,2023.421875,0.0,0.0
1774366847.0196598,27.5,2023.421875,0.0,0.0
1774366847.136856,27.5,2023.41796875,0.0,0.0
1774366847.2534208,25.6,2023.41796875,0.0,0.0
1774366847.3704047,29.3,2023.41796875,0.0,0.0
1774366847.4873078,25.0,2023.41796875,0.0,0.0
1774366847.6041765,27.5,2023.41796875,0.0,0.0
1774366847.7211537,27.5,2023.41796875,0.0,0.0
1774366847.8384397,25.0,2023.41796875,0.0,0.0
1774366847.955315,26.8,2023.41796875,0.0,0.0
1774366848.0725625,29.3,2023.41796875,0.0,0.0
1774366848.1923828,70.7,2023.41796875,0.0,0.0
1774366848.3299809,97.6,2019.47265625,0.0,0.0
1774366848.4479556,89.7,2019.4609375,0.0,0.0
1774366848.565565,100.0,2019.4609375,0.0,0.0
1774366848.6880927,100.0,2020.35546875,0.0,0.0
1774366848.832528,25.6,2020.4921875,0.0,0.0
1774366848.951398,100.0,2020.4921875,0.0,0.0
1774366849.082717,38.5,2020.4921875,0.0,0.0
1774366849.2006211,30.0,1611.03125,0.0,0.0
1774366849.3310723,100.0,1570.5,0.0,0.0
1774366849.4630013,100.0,1570.5,0.0,0.0
1774366849.5955508,83.3,1570.5,0.0,0.0
1774366849.725846,100.0,1570.5,0.0,0.0
1774366849.8573134,100.0,1570.5,0.0,0.0
1774366849.99453,70.0,1570.5,0.0,0.0
1774366850.1245286,100.0,1570.38671875,0.0,0.0
1774366850.2585287,100.0,1570.38671875,0.0,0.0
1774366850.3923302,75.6,1570.38671875,0.0,0.0
1774366850.5227466,95.0,1570.38671875,0.0,0.0
1774366850.6544995,100.0,1570.38671875,0.0,0.0
1774366850.7886548,80.0,1570.38671875,0.0,0.0
1774366850.9185882,97.4,1570.38671875,0.0,0.0
1774366851.0375376,100.0,1570.38671875,0.0,0.0
1774366851.1862814,78.0,1570.38671875,0.0,0.0
1774366851.315915,97.6,1570.38671875,0.0,0.0
1774366851.4469364,100.0,1570.38671875,0.0,0.0
1774366851.5772688,78.0,1570.38671875,0.0,0.0
1774366851.7104905,95.1,1570.6328125,0.0,0.0
1774366851.841782,100.0,1570.6328125,0.0,0.0
1774366851.977609,82.1,1570.6328125,0.0,0.0
1774366852.110885,95.1,1570.6328125,0.0,0.0
1774366852.2449944,100.0,1570.6328125,0.0,0.0
1774366852.3753788,79.5,1570.6328125,0.0,0.0
1774366852.506611,92.5,1570.6328125,0.0,0.0
1774366852.6262033,100.0,1570.6328125,0.0,0.0
1774366852.7609935,92.5,1570.6328125,0.0,0.0
1774366852.882759,97.4,1570.6328125,0.0,0.0
1774366852.9999032,26.8,1570.87890625,0.046875,0.0
1774366853.117644,20.0,1569.69140625,6.921875,6.07421875
1774366853.2355418,17.5,1569.5703125,9.44921875,0.0
1774366853.3531666,17.1,1569.5703125,9.44921875,0.0
1774366853.4707475,17.9,1569.45703125,9.44921875,0.0
1774366853.5886273,21.4,1569.50390625,9.32421875,0.0
1774366853.7062047,17.1,1569.6015625,9.44921875,0.0
1774366853.8233063,19.5,1569.57421875,9.44921875,0.0
1774366853.940663,15.0,1569.80859375,9.44921875,0.0
1774366854.058472,10.3,1569.7734375,9.73046875,0.0
1774366854.1761212,13.2,1569.6875,10.21875,0.0
1774366854.2937717,13.2,1569.94921875,9.44921875,0.0
1774366854.4117332,15.4,1570.05078125,9.32421875,0.0
1774366854.5293055,12.8,1569.79296875,9.57421875,0.0
1774366854.646823,19.5,1570.42578125,9.44921875,0.0
1774366854.7646227,17.1,1570.33203125,9.44921875,0.0
1774366854.882547,12.8,1570.15234375,9.32421875,0.0
1774366855.00017,15.4,1570.2734375,9.57421875,0.0
1774366855.1180806,15.4,1570.22265625,9.44921875,0.0
1774366855.235933,15.0,1570.4453125,9.44921875,0.0
1774366855.3528223,14.6,1570.41796875,9.19921875,0.0
1774366855.4703486,15.0,1570.51171875,9.32421875,0.0
1774366855.5880988,15.0,1570.640625,10.08984375,0.0
1774366855.7057366,19.0,1570.1484375,9.984375,0.0
1774366855.8232956,17.9,1570.5234375,9.44921875,0.0
1774366855.9410696,15.4,1570.40625,9.44921875,0.0
1774366856.0590436,12.5,1570.52734375,9.44921875,0.0
1774366856.1766043,14.6,1570.390625,9.57421875,0.0
1774366856.2944531,17.5,1570.51953125,9.32421875,0.0
1774366856.4123523,10.5,1570.27734375,9.44921875,0.0
1774366856.529923,14.6,1570.15625,9.44921875,0.0
1774366856.6474054,19.0,1570.52734375,9.32421875,0.0
1774366856.7651813,17.1,1570.66015625,9.44921875,0.0
1774366856.8822653,12.8,1570.3046875,9.44921875,0.0
1774366856.999806,12.8,1570.19921875,9.32421875,0.0
1774366857.1174822,15.0,1570.48046875,10.21484375,0.0
1774366857.2350607,12.8,1570.23828125,9.609375,0.0
1774366857.3527372,17.1,1570.296875,9.44921875,0.0
1774366857.470582,17.5,1570.421875,9.44921875,0.0
1774366857.5887127,17.1,1570.30859375,9.44921875,0.0
1774366857.7063098,15.4,1570.30859375,9.44921875,0.0
1774366857.8239088,17.5,1570.0703125,9.44921875,0.0
1774366857.9409888,19.0,1570.63671875,8.44921875,0.0
1774366858.0585535,15.0,1570.30859375,9.32421875,0.0
1774366858.175208,17.5,1570.39453125,8.82421875,0.0
1774366858.2929094,17.1,1570.28515625,9.48046875,0.0
1774366858.4104252,16.7,1570.3125,10.30859375,0.0
1774366858.5280185,19.5,1570.46484375,9.484375,0.0
1774366858.645853,17.9,1570.37109375,9.44921875,0.0
1774366858.7640736,15.0,1570.3984375,9.57421875,0.0
1774366858.8815475,14.6,1570.65625,9.32421875,0.0
1774366858.9996934,17.1,1570.78515625,9.44921875,0.0
1774366859.1174183,17.5,1570.375,9.44921875,0.0
1774366859.2351525,17.5,1570.50390625,9.44921875,0.0
1774366859.3529632,17.5,1570.2578125,9.44921875,0.0
1774366859.472423,17.5,1584.97265625,6.96484375,0.0
1774366859.59168,27.5,1682.97265625,0.0,0.0
1774366859.7109852,28.2,1779.7109375,0.0,0.0
1774366859.8330903,29.3,1838.5703125,0.0,0.0
1774366859.95506,25.0,1894.34375,0.0,0.0
1774366860.0776732,26.8,1949.75,0.0,0.0
1774366860.1995945,28.2,2004.94921875,0.0,0.0
1774366860.3215446,29.3,2059.046875,0.0,0.0
1774366860.4398077,20.0,2086.53515625,5.359375,0.0
1774366860.5583632,17.9,2087.6875,9.07421875,0.0
1774366860.6769483,21.4,2087.9296875,9.44921875,0.0
1774366860.7991216,17.9,2095.640625,7.08984375,0.0
1774366860.919406,30.0,2137.9453125,0.0,0.0
1774366861.0392034,33.3,2178.25,0.0,0.0
1774366861.1597457,23.7,2212.0859375,0.0,0.0
1774366861.279158,25.6,2245.80078125,0.0,0.0
1774366861.400776,30.0,2278.18359375,0.0,0.0
1774366861.5210338,32.5,2318.4765625,0.0,0.0
1774366861.641072,27.5,2353.58984375,0.0,0.0
1774366861.761011,30.0,2382.4921875,0.0,0.0
1774366861.880975,29.3,2417.39453125,0.0,0.0
1774366862.0010269,26.8,2449.26171875,0.0,0.0
1774366862.1211116,31.7,2483.4609375,0.0,0.0
1774366862.2416513,30.0,2518.37109375,0.0,0.0
1774366862.3651292,24.4,2555.30859375,0.0,0.0
1774366862.4846344,27.5,2586.75,0.0,0.0
1774366862.6042862,26.3,2623.4453125,0.0,0.0
1774366862.7235696,27.5,2647.50390625,0.0,0.0
1774366862.8416517,25.0,2260.4921875,0.0,0.0
1774366862.9643562,27.5,1850.52734375,0.0,0.0
1774366863.0885358,29.3,1943.1484375,0.0,0.0
1774366863.2172182,26.8,2037.1484375,0.0,0.0
1774366863.3391273,26.8,2117.2265625,0.0,0.0
1774366863.4599693,28.2,2167.40234375,0.0,0.0
1774366863.581413,27.5,2229.375,0.0,0.0
1774366863.7017415,29.3,2262.56640625,0.0,0.0
1774366863.8223746,28.2,2303.28515625,0.0,0.0
1774366863.9442942,30.0,2358.36328125,0.0,0.0
1774366864.0706003,25.0,2410.8359375,0.0,0.0
1774366864.1928003,26.8,2473.76953125,0.0,0.0
1774366864.3160858,28.2,2524.328125,0.0,0.0
1774366864.4557726,29.3,2595.0625,0.0,0.0
1774366864.5862906,25.0,2595.0625,0.0,0.0
1774366864.7050269,25.6,2595.0625,0.0,0.0
1774366864.8248625,27.5,2595.0625,0.0,0.0
1774366864.943419,25.6,2595.0703125,0.0,0.0
1774366865.0618134,25.0,2595.09765625,0.0,0.0
1774366865.1801028,27.5,2595.09765625,0.0,0.0
1774366865.2984972,27.5,2595.58984375,0.0,0.0
1774366865.4196725,25.0,2595.58984375,0.0,0.0
1774366865.5379927,25.6,2595.58984375,0.0,0.0
1774366865.6577995,28.2,2595.8359375,0.0,0.0
1774366865.776293,25.6,2595.8359375,0.0,0.0
1774366865.8946629,25.6,2595.8359375,0.0,0.0
1774366866.0126061,31.7,2595.8359375,0.0,0.0
1774366866.1348207,27.5,2595.83984375,0.0,0.0
1774366866.2572632,26.8,2595.83984375,0.0,0.0
1774366866.3753984,31.7,2595.83984375,0.0,0.0
1774366866.4966354,30.0,2595.83984375,0.0,0.0
1774366866.6171875,25.0,2595.83984375,0.0,0.0
1774366866.7353168,25.6,2595.83984375,0.0,0.0
1774366866.8560407,29.3,2595.83984375,0.0,0.0
1774366866.974217,27.5,2595.83984375,0.0,0.0
1774366867.096068,25.0,2595.83984375,0.0,0.0
1774366867.2140396,30.0,2595.83984375,0.0,0.0
1774366867.3365042,27.5,2595.83984375,0.0,0.0
1774366867.4577,25.6,2595.83984375,0.0,0.0
1774366867.5796144,25.6,2595.83984375,0.0,0.0
1774366867.6987646,29.3,2595.83984375,0.0,0.0
1774366867.8212743,30.0,2596.0859375,0.0,0.0
1774366867.9393528,27.5,2596.0859375,0.0,0.0
1774366868.0608182,28.2,2596.0859375,0.0,0.0
1774366868.179248,29.3,2596.0859375,0.0,0.0
1774366868.3007073,25.6,2596.0859375,0.0,0.0
1774366868.4183936,25.6,2596.0859375,0.0,0.0
1774366868.5378375,30.0,2596.0859375,0.0,0.0
1774366868.6599102,28.2,2596.0859375,0.0,0.0
1774366868.7824714,26.8,2596.0859375,0.0,0.0
1774366868.9005418,31.7,2596.0859375,0.0,0.0
1774366869.0352447,61.5,2596.0859375,0.0,0.0
1774366869.1604376,100.0,2596.0859375,0.0,0.0
1774366869.2777228,92.3,2596.0859375,0.0,0.0
1774366869.4312572,57.5,2596.33203125,0.0,0.0
1774366869.5623357,100.0,2596.33203125,0.0,0.0
1774366869.6961098,100.0,2596.33203125,0.0,0.0
1774366869.824678,100.0,2596.33203125,0.0,0.0
1774366869.9453828,32.5,2596.33203125,0.0,0.0
1774366870.0622077,25.0,2596.33203125,0.0,0.0
1774366870.1787305,25.6,2596.33984375,0.0,0.0
1774366870.2956345,28.6,2596.33984375,0.0,0.0
1774366870.412561,25.0,2596.33984375,0.0,0.0
1774366870.5291662,27.5,2596.33984375,0.0,0.0
1774366870.6460915,29.3,2596.33984375,0.0,0.0
1774366870.7633808,25.0,2596.33984375,0.0,0.0
1774366870.8801167,25.6,2596.83203125,0.0,0.0
1774366870.9971414,25.6,2597.078125,0.0,0.0
1774366871.1139262,25.6,2597.078125,0.0,0.0
1774366871.2307065,25.0,2597.078125,0.0,0.0
1774366871.3472056,27.5,2597.078125,0.0,0.0
1774366871.4641027,28.6,2597.078125,0.0,0.0
1774366871.5810287,25.0,2597.078125,0.0,0.0
1774366871.69766,27.5,2597.078125,0.0,0.0
1774366871.8145633,27.5,2597.078125,0.0,0.0
1774366871.9867613,82.9,2597.078125,0.0,0.0
1774366872.116831,95.3,2597.078125,0.0,0.0
1774366872.2466402,100.0,2597.078125,0.0,0.0
1774366872.3640807,90.5,2597.32421875,0.0,0.0
1774366872.5174425,55.0,2597.32421875,0.0,0.0
1774366872.6537945,97.4,2597.32421875,0.0,0.0
1774366872.7842345,100.0,2597.32421875,0.0,0.0
1774366872.9127772,100.0,2597.32421875,0.0,0.0
1774366873.0299423,45.0,2597.32421875,0.0,0.0
1774366873.1468995,27.5,2597.32421875,0.0,0.0
1774366873.2798188,53.7,2597.32421875,0.0,0.0
1774366873.4149804,97.4,2597.32421875,0.0,0.0
1774366873.5442102,80.0,2597.32421875,0.0,0.0
1774366873.6745806,100.0,2597.32421875,0.0,0.0
1774366873.803639,100.0,2597.32421875,0.0,0.0
1774366873.9288325,100.0,2597.32421875,0.0,0.0
1774366874.0459356,69.2,2597.32421875,0.0,0.0
1774366874.163023,25.0,2597.32421875,0.0,0.0
1774366874.279922,26.8,2597.32421875,0.0,0.0
1774366874.3969994,27.5,2597.32421875,0.0,0.0
1774366874.5139873,25.0,2597.32421875,0.0,0.0
1774366874.6308644,25.6,2597.32421875,0.0,0.0
1774366874.747512,28.2,2597.32421875,0.0,0.0
1774366874.864477,27.5,2597.32421875,0.0,0.0
1774366874.981373,25.0,2597.32421875,0.0,0.0
1774366875.098245,27.5,2597.328125,0.0,0.0
1774366875.215302,27.5,2597.328125,0.0,0.0
1774366875.3324432,25.6,2597.328125,0.0,0.0
1774366875.4493127,25.0,2597.328125,0.0,0.0
1774366875.566309,27.5,2597.328125,0.0,0.0
1774366875.683289,25.6,2597.328125,0.0,0.0
1774366875.800298,25.0,2597.328125,0.0,0.0
1774366875.9170957,27.5,2597.328125,0.0,0.0
1774366876.0341752,27.5,2597.328125,0.0,0.0
1774366876.151065,25.0,2597.328125,0.0,0.0
1774366876.267947,27.5,2597.328125,0.0,0.0
1774366876.3870509,97.5,2597.328125,0.0,0.0
1774366876.5260127,95.2,2597.328125,0.0,0.0
1774366876.6523972,65.0,2597.328125,0.0,0.0
1774366876.7829504,100.0,2597.328125,0.0,0.0
1774366876.9124193,100.0,2597.57421875,0.0,0.0
1774366877.0415552,95.0,2597.57421875,0.0,0.0
1774366877.1589217,27.5,2597.5625,0.0,0.0
1774366877.276532,28.6,2597.5625,0.0,0.0
1774366877.4193788,82.5,2597.5625,0.0,0.0
1774366877.5516129,100.0,2597.5625,0.0,0.0
1774366877.678369,95.1,2597.5625,0.0,0.0
1774366877.7959852,100.0,2597.5625,0.0,0.0
1774366877.9257505,100.0,2597.5625,0.0,0.0
1774366878.0479574,30.8,2597.5625,0.0,0.0
1774366878.1651337,25.6,2597.5546875,0.0,0.0
1774366878.2908173,73.2,2597.5546875,0.0,0.0
1774366878.4271967,95.1,2597.5546875,0.0,0.0
1774366878.554102,80.0,2597.5546875,0.0,0.0
1774366878.6844008,100.0,2597.5546875,0.0,0.0
1774366878.8136075,100.0,2597.5546875,0.0,0.0
1774366878.9425492,100.0,2597.5546875,0.0,0.0
1774366879.0593748,39.0,2597.5546875,0.0,0.0
1774366879.1763766,27.5,2597.5546875,0.0,0.0
1774366879.293337,25.0,2597.5546875,0.0,0.0
1774366879.4100952,29.3,2597.55078125,0.0,0.0
1774366879.5270603,25.6,2597.55078125,0.0,0.0
1774366879.64464,26.2,2597.55078125,0.0,0.0
1774366879.7615163,25.0,2597.55078125,0.0,0.0
1774366879.878105,27.5,2597.55078125,0.0,0.0
1774366879.9950347,25.6,2597.55078125,0.0,0.0
1774366880.1119828,26.8,2597.55078125,0.0,0.0
1774366880.2286725,29.3,2597.55078125,0.0,0.0
1774366880.345653,25.6,2597.55078125,0.0,0.0
1774366880.462527,25.0,2597.55078125,0.0,0.0
1774366880.5793698,29.3,2597.55078125,0.0,0.0
1774366880.6964133,25.6,2597.55078125,0.0,0.0
1774366880.8134837,25.0,2597.55078125,0.0,0.0
1774366880.9303436,25.0,2597.55078125,0.0,0.0
1774366881.0471046,29.3,2597.55078125,0.0,0.0
1774366881.164112,29.3,2597.55078125,0.0,0.0
1774366881.2810214,25.0,2597.55078125,0.0,0.0
1774366881.427368,29.3,2597.55078125,0.0,0.0
1774366881.6243362,71.8,2597.55078125,0.0,0.0
1774366881.7504184,75.0,2597.55078125,0.0,0.0
1774366881.8672934,100.0,2597.55078125,0.0,0.0
1774366882.009348,100.0,2597.55078125,0.0,0.0
1774366882.1268623,100.0,2597.55078125,0.0,0.0
1774366882.2441933,29.3,2597.55078125,0.0,0.0
1774366882.3613837,26.8,2597.54296875,0.0,0.0
1774366882.5026295,80.0,2597.54296875,0.0,0.0
1774366882.6369345,100.0,2597.54296875,0.0,0.0
1774366882.758677,92.5,2597.54296875,0.0,0.0
1774366882.875358,100.0,2597.54296875,0.0,0.0
1774366883.0055723,100.0,2597.54296875,0.0,0.0
1774366883.1228044,32.5,2597.54296875,0.0,0.0
1774366883.239888,29.3,2597.54296875,0.0,0.0
1774366883.3678005,65.9,2597.7890625,0.0,0.0
1774366883.4987643,97.5,2597.7890625,0.0,0.0
1774366883.6300242,82.9,2597.7890625,0.0,0.0
1774366883.7593348,100.0,2597.7890625,0.0,0.0
1774366883.8892202,100.0,2597.7890625,0.0,0.0
1774366884.018773,100.0,2597.7890625,0.0,0.0
1774366884.1361816,51.2,2597.7890625,0.0,0.0
1774366884.2535834,25.6,2597.7890625,0.0,0.0
1774366884.3709097,29.3,2597.7890625,0.0,0.0
1774366884.4883733,29.3,2597.7890625,0.0,0.0
1774366884.6060252,25.0,2597.7890625,0.0,0.0
1774366884.752455,35.6,2597.7890625,0.0,0.0
1774366884.946714,72.5,2597.7890625,0.0,0.0
1774366885.064228,75.0,2597.7890625,0.0,0.0
1774366885.1812036,100.0,2597.7890625,0.0,0.0
1774366885.3107963,100.0,2597.7890625,0.0,0.0
1774366885.4283178,100.0,2597.7890625,0.0,0.0
1774366885.5457935,27.5,2597.7890625,0.0,0.0
1774366885.6629996,25.0,2597.7890625,0.0,0.0
1774366885.79502,72.5,2597.7890625,0.0,0.0
1774366885.9264548,97.6,2597.7890625,0.0,0.0
1774366886.056442,95.2,2597.7890625,0.0,0.0
1774366886.1738257,100.0,2597.7890625,0.0,0.0
1774366886.291394,57.5,2597.7890625,0.0,0.0
1774366886.4225829,97.5,2597.7890625,0.0,0.0
1774366886.5561292,100.0,2597.7890625,0.0,0.0
1774366886.6838436,100.0,2597.7890625,0.0,0.0
1774366886.8011167,100.0,2597.7890625,0.0,0.0
1774366886.9181275,30.0,2597.7890625,0.0,0.0
1774366887.035551,27.5,2598.03515625,0.0,0.0
1774366887.1682067,41.5,2598.03515625,0.0,0.0
1774366887.303317,100.0,2598.03515625,0.0,0.0
1774366887.432686,97.5,2598.03515625,0.0,0.0
1774366887.563043,100.0,2598.03515625,0.0,0.0
1774366887.680442,73.8,2598.03515625,0.0,0.0
1774366887.8335664,77.5,2598.03515625,0.0,0.0
1774366887.9552016,47.6,2598.03515625,0.0,0.0
1774366888.074039,26.8,2598.03515625,0.0,0.0
1774366888.1913042,25.6,2197.578125,0.0,0.0
1774366888.3259988,46.3,1848.99609375,0.0,0.0
1774366888.45624,100.0,1849.2421875,0.0,0.0
1774366888.5758762,100.0,1849.2421875,0.0,0.0
1774366888.7106273,84.6,1849.2421875,0.0,0.0
1774366888.8406534,100.0,1849.2421875,0.0,0.0
1774366888.9741704,100.0,1849.2421875,0.0,0.0
1774366889.1049147,82.5,1849.15625,0.0,0.0
1774366889.227634,100.0,1849.15625,0.0,0.0
1774366889.3546154,100.0,1849.15625,0.0,0.0
1774366889.5011024,75.6,1849.15625,0.0,0.0
1774366889.6320136,100.0,1849.6484375,0.0,0.0
1774366889.7619827,100.0,1849.6484375,0.0,0.0
1774366889.8961773,78.0,1849.6484375,0.0,0.0
1774366890.026218,100.0,1849.6484375,0.0,0.0
1774366890.1603818,100.0,1849.6484375,0.0,0.0
1774366890.2981653,72.5,1849.6484375,0.0,0.0
1774366890.4246151,100.0,1849.6484375,0.0,0.0
1774366890.5560021,100.0,1849.6484375,0.0,0.0
1774366890.6899722,78.0,1849.6484375,0.0,0.0
1774366890.8213203,90.0,1849.6484375,0.0,0.0
1774366890.9525518,100.0,1849.6484375,0.0,0.0
1774366891.0713537,78.0,1849.6484375,0.0,0.0
1774366891.2171962,95.1,1849.6484375,0.0,0.0
1774366891.345964,100.0,1849.6484375,0.0,0.0
1774366891.465512,92.5,1849.6484375,0.0,0.0
1774366891.598779,94.9,1849.6484375,0.0,0.0
1774366891.7288737,100.0,1849.6484375,0.0,0.0
1774366891.8606863,100.0,1849.6484375,0.0,0.0
1774366891.9941928,79.5,1849.6484375,0.0,0.0
1774366892.1252494,100.0,1849.64453125,0.0,0.0
1774366892.2569735,100.0,1849.64453125,0.0,0.0
1774366892.3906887,80.0,1849.64453125,0.0,0.0
1774366892.5174918,100.0,1849.64453125,0.0,0.0
1774366892.6476765,100.0,1849.64453125,0.0,0.0
1774366892.7821183,76.9,1849.64453125,0.0,0.0
1774366892.908752,100.0,1849.64453125,0.0,0.0
1774366893.031158,100.0,1849.64453125,0.0,0.0
1774366893.162505,79.1,1849.64453125,0.0,0.0
1774366893.286724,90.7,1849.64453125,0.0,0.0
1774366893.4187765,100.0,1849.64453125,0.0,0.0
1774366893.5498705,81.0,1849.64453125,0.0,0.0
1774366893.681863,92.7,1849.890625,0.0,0.0
1774366893.8129513,100.0,1849.890625,0.0,0.0
1774366893.9323058,92.7,1849.890625,0.0,0.0
1774366894.0656018,95.0,1849.890625,0.0,0.0
1774366894.1956377,100.0,1849.890625,0.0,0.0
1774366894.327579,100.0,1849.890625,0.0,0.0
1774366894.460354,80.0,1849.890625,0.0,0.0
1774366894.5775023,42.5,1849.890625,0.0,0.0
1774366894.6964312,27.5,1849.890625,0.0,0.0
1774366894.8142912,25.0,1849.5703125,1.87890625,10.32421875
1774366894.9322333,14.6,1849.35546875,9.57421875,0.0
1774366895.0498044,19.5,1849.62109375,8.8984375,0.0
1774366895.1672213,17.5,1849.32421875,9.57421875,0.0
1774366895.2852213,17.5,1849.40625,8.7734375,0.0
1774366895.4028373,14.6,1849.16015625,9.82421875,0.0
1774366895.5206394,19.5,1849.79296875,8.7734375,0.0
1774366895.638489,12.8,1850.07421875,9.5390625,0.0
1774366895.7560968,15.0,1850.09375,9.18359375,0.0
1774366895.873547,19.0,1850.0078125,9.0859375,0.0
1774366895.9913392,12.8,1850.1484375,9.63671875,0.0
1774366896.1096146,14.6,1849.9453125,8.8984375,0.0
1774366896.2272418,17.1,1849.8828125,9.69921875,0.0
1774366896.3445573,15.4,1849.765625,8.7734375,0.0
1774366896.4624534,17.5,1849.8203125,9.82421875,0.0
1774366896.579731,17.1,1849.6171875,8.6484375,0.0
1774366896.6972075,15.4,1849.64453125,9.69921875,0.0
1774366896.8146293,17.1,1849.578125,8.7734375,0.0
1774366896.9323833,14.6,1849.3359375,9.82421875,0.0
1774366897.0498116,17.5,1849.50390625,8.8984375,0.0
1774366897.167725,15.4,1849.515625,9.57421875,0.0
1774366897.2852783,13.2,1849.69921875,8.7734375,0.0
1774366897.4028237,17.1,1849.58203125,9.69921875,0.0
1774366897.5203757,17.5,1849.52734375,8.7734375,0.0
1774366897.6382272,17.1,1849.3984375,9.69921875,0.0
1774366897.7561965,20.9,1849.20703125,8.7734375,0.0
1774366897.8738036,12.8,1848.7109375,9.69921875,0.0
1774366897.9916623,15.0,1849.046875,8.8984375,0.0
1774366898.1091762,14.6,1848.78515625,9.5390625,0.0
1774366898.226745,17.5,1849.0,8.80859375,0.0
1774366898.34473,17.5,1848.8515625,9.4140625,0.0
1774366898.4630523,15.0,1855.8671875,9.05859375,0.0
1774366898.5805573,15.4,1865.640625,9.1640625,0.0
1774366898.7000983,19.5,1891.2578125,6.07421875,0.0
1774366898.8195696,29.3,1987.50390625,0.0,0.0
1774366898.9390883,25.0,2085.50390625,0.0,0.0
1774366899.0563054,28.2,2175.9453125,0.984375,0.0
1774366899.1745996,13.2,2185.41015625,9.69921875,0.0
1774366899.2984915,12.8,2189.81640625,7.5390625,0.0
1774366899.4186585,29.3,2235.51171875,0.0,0.0
1774366899.538725,29.3,2276.7890625,0.0,0.0
1774366899.6592362,26.8,2307.43359375,0.0,0.0
1774366899.7792616,27.5,2346.7109375,0.0,0.0
1774366899.9025884,28.2,2385.97265625,0.0,0.0
1774366900.0225883,27.5,2421.39453125,0.0,0.0
1774366900.1425292,26.8,2453.8046875,0.0,0.0
1774366900.2624621,30.0,2488.87890625,0.0,0.0
1774366900.3825974,27.5,2523.60546875,0.0,0.0
1774366900.5007381,27.5,1867.16015625,0.0,0.0
1774366900.6238747,23.7,1775.5390625,0.0,0.0
1774366900.7480538,30.0,1877.5390625,0.0,0.0
1774366900.8713746,29.3,1977.77734375,0.0,0.0
1774366900.99561,25.0,2078.0234375,0.0,0.0
1774366901.1179724,31.0,2132.37109375,0.0,0.0
1774366901.2524824,32.5,2161.30078125,0.0,0.0
1774366901.3714054,27.5,2161.30078125,0.0,0.0
1774366901.4896698,27.5,2161.30078125,0.0,0.0
1774366901.6084418,25.6,2161.30078125,0.0,0.0
1774366901.729391,27.5,2161.30078125,0.0,0.0
1774366901.8476825,26.8,2161.30078125,0.0,0.0
1774366901.9659019,29.3,2161.30078125,0.0,0.0
1774366902.084506,27.5,2161.23828125,0.0,0.0
1774366902.2024744,25.6,2161.23828125,0.0,0.0
1774366902.3207378,29.3,2161.23828125,0.0,0.0
1774366902.4392583,27.5,2161.23828125,0.0,0.0
1774366902.557464,25.0,2161.23828125,0.0,0.0
1774366902.6751964,25.6,2161.23828125,0.0,0.0
1774366902.7934313,31.6,2161.484375,0.0,0.0
1774366902.9120667,28.2,2161.484375,0.0,0.0
1774366903.030754,25.6,2161.484375,0.0,0.0
1774366903.1485238,30.0,2161.72265625,0.0,0.0
1774366903.2675033,27.5,2161.72265625,0.0,0.0
1774366903.3861132,25.0,2161.72265625,0.0,0.0
1774366903.5042272,25.6,2161.72265625,0.0,0.0
1774366903.6224668,28.2,2161.72265625,0.0,0.0
1774366903.759513,36.6,2161.72265625,0.0,0.0
1774366903.8898494,100.0,2161.72265625,0.0,0.0
1774366904.0197856,100.0,2161.72265625,0.0,0.0
1774366904.1372802,30.8,2161.96875,0.0,0.0
1774366904.301019,97.6,2161.96875,0.0,0.0
1774366904.4307742,92.3,2161.96875,0.0,0.0
1774366904.560968,100.0,2161.96875,0.0,0.0
1774366904.686513,100.0,2161.96875,0.0,0.0
1774366904.8035076,48.8,2161.96875,0.0,0.0
1774366904.920625,25.6,2161.96875,0.0,0.0
1774366905.0376236,27.5,2161.96875,0.0,0.0
1774366905.154693,25.0,2161.96875,0.0,0.0
1774366905.2712595,29.3,2161.96875,0.0,0.0
1774366905.3882034,27.5,2161.96875,0.0,0.0
1774366905.505102,25.6,2161.96875,0.0,0.0
1774366905.6218834,27.5,2161.96875,0.0,0.0
1774366905.7407603,27.5,2161.96875,0.0,0.0
1774366905.8580463,25.6,2161.96875,0.0,0.0
1774366905.9749897,25.0,2161.96875,0.0,0.0
1774366906.0919375,29.3,2161.96875,0.0,0.0
1774366906.2089427,29.3,2161.96875,0.0,0.0
1774366906.3258204,25.0,2161.96875,0.0,0.0
1774366906.458147,57.5,2161.96875,0.0,0.0
1774366906.592342,97.7,2161.96875,0.0,0.0
1774366906.722472,89.7,2161.96875,0.0,0.0
1774366906.8520384,100.0,2161.96875,0.0,0.0
1774366906.9696338,100.0,2161.96875,0.0,0.0
1774366907.1059804,27.5,2161.96875,0.0,0.0
1774366907.2424426,100.0,2162.4609375,0.0,0.0
1774366907.3728805,90.7,2162.4609375,0.0,0.0
1774366907.5026178,100.0,2162.4609375,0.0,0.0
1774366907.6240106,100.0,2162.4609375,0.0,0.0
1774366907.7431188,53.7,2162.4609375,0.0,0.0
1774366907.8604553,26.8,2162.4609375,0.0,0.0
1774366907.9923656,50.0,2162.4609375,0.0,0.0
1774366908.1370647,100.0,2162.4609375,0.0,0.0
1774366908.2547119,80.0,2162.453125,0.0,0.0
1774366908.3837376,100.0,2162.453125,0.0,0.0
1774366908.513419,100.0,2162.453125,0.0,0.0
1774366908.6428747,100.0,2162.453125,0.0,0.0
1774366908.7601547,51.2,2162.69921875,0.0,0.0
1774366908.877273,27.5,2162.69921875,0.0,0.0
1774366908.9947762,25.0,2162.69921875,0.0,0.0
1774366909.1118898,26.8,2162.9453125,0.0,0.0
1774366909.229228,27.5,2162.9453125,0.0,0.0
1774366909.3464305,26.8,2162.9453125,0.0,0.0
1774366909.4635317,25.0,2162.9453125,0.0,0.0
1774366909.5804071,27.5,2162.9453125,0.0,0.0
1774366909.697593,32.5,2163.51171875,0.0,0.0
1774366909.8147733,25.0,2163.51171875,0.0,0.0
1774366909.9318438,29.3,2163.51171875,0.0,0.0
1774366910.049074,27.5,2163.51171875,0.0,0.0
1774366910.1814442,75.0,2163.51171875,0.0,0.0
1774366910.3497164,78.6,2163.51171875,0.0,0.0
1774366910.4801674,69.2,2163.51171875,0.0,0.0
1774366910.611189,100.0,2163.7578125,0.0,0.0
1774366910.740214,100.0,2163.7578125,0.0,0.0
1774366910.8574874,80.0,2163.7578125,0.0,0.0
1774366910.9749253,25.6,2163.7578125,0.0,0.0
1774366911.1183915,27.5,2163.7578125,0.0,0.0
1774366911.2823853,100.0,2163.7578125,0.0,0.0
1774366911.3990197,90.2,2163.7578125,0.0,0.0
1774366911.5287495,100.0,2163.7578125,0.0,0.0
1774366911.646155,100.0,2163.7578125,0.0,0.0
1774366911.7885447,29.3,2163.7578125,0.0,0.0
1774366911.9198875,100.0,2163.7578125,0.0,0.0
1774366912.0499084,95.0,2163.7578125,0.0,0.0
1774366912.1806118,100.0,2163.7578125,0.0,0.0
1774366912.3096159,100.0,2163.7578125,0.0,0.0
1774366912.4265244,42.5,2163.7578125,0.0,0.0
1774366912.5434003,26.8,2163.7578125,0.0,0.0
1774366912.6600745,25.6,2163.7578125,0.0,0.0
1774366912.777205,27.5,2163.7578125,0.0,0.0
1774366912.8941138,25.0,2163.7578125,0.0,0.0
1774366913.0108423,27.5,2163.7578125,0.0,0.0
1774366913.1278841,29.3,2163.76171875,0.0,0.0
1774366913.2448072,26.8,2163.76171875,0.0,0.0
1774366913.361573,25.0,2163.76171875,0.0,0.0
1774366913.4781,27.5,2163.76171875,0.0,0.0
1774366913.5950866,29.3,2163.76171875,0.0,0.0
1774366913.711987,25.0,2163.76171875,0.0,0.0
1774366913.8286147,29.3,2163.76171875,0.0,0.0
1774366913.9455674,27.5,2163.76171875,0.0,0.0
1774366914.0625093,25.0,2163.76171875,0.0,0.0
1774366914.1792433,27.5,2163.76171875,0.0,0.0
1774366914.2962675,27.5,2163.76171875,0.0,0.0
1774366914.4131749,25.0,2163.76171875,0.0,0.0
1774366914.5449998,69.2,2163.76171875,0.0,0.0
1774366914.6762276,92.9,2163.76171875,0.0,0.0
1774366914.80245,90.0,2163.76171875,0.0,0.0
1774366914.9326317,100.0,2163.76171875,0.0,0.0
1774366915.0501976,92.5,2163.76171875,0.0,0.0
1774366915.1926544,34.1,2163.76171875,0.0,0.0
1774366915.3319817,100.0,2163.76171875,0.0,0.0
1774366915.4510515,36.6,2163.76171875,0.0,0.0
1774366915.5845845,56.1,1713.578125,0.0,0.0
1774366915.7029507,100.0,1713.578125,0.0,0.0
1774366915.8224876,88.1,1713.55078125,0.0,0.0
1774366915.94652,92.5,1713.55078125,0.0,0.0
1774366916.0633218,100.0,1713.55078125,0.0,0.0
1774366916.2018807,100.0,1713.546875,0.0,0.0
1774366916.3376012,76.9,1713.546875,0.0,0.0
1774366916.463105,100.0,1713.79296875,0.0,0.0
1774366916.591325,100.0,1713.79296875,0.0,0.0
1774366916.730657,82.5,1713.79296875,0.0,0.0
1774366916.8576455,100.0,1713.79296875,0.0,0.0
1774366916.9908748,100.0,1713.79296875,0.0,0.0
1774366917.1288128,81.0,1713.79296875,0.0,0.0
1774366917.2589738,100.0,1713.79296875,0.0,0.0
1774366917.389573,100.0,1713.79296875,0.0,0.0
1774366917.5285943,77.5,1713.79296875,0.0,0.0
1774366917.6584733,100.0,1713.79296875,0.0,0.0
1774366917.793436,100.0,1713.79296875,0.0,0.0
1774366917.9283261,72.5,1713.55078125,0.0,0.0
1774366918.045663,97.6,1713.55078125,0.0,0.0
1774366918.1763911,100.0,1713.546875,0.0,0.0
1774366918.3110583,82.1,1713.546875,0.0,0.0
1774366918.4444997,90.5,1713.546875,0.0,0.0
1774366918.575611,100.0,1713.546875,0.0,0.0
1774366918.7236562,79.5,1713.546875,0.0,0.0
1774366918.8556683,97.4,1713.546875,0.0,0.0
1774366918.986735,100.0,1713.546875,0.0,0.0
1774366919.1200416,73.2,1713.79296875,0.0,0.0
1774366919.2374,87.8,1713.79296875,0.0,0.0
1774366919.3555562,25.0,1713.79296875,0.046875,1.96484375
1774366919.4731236,17.9,1712.91015625,7.859375,4.109375
1774366919.5909076,19.5,1713.1484375,9.44140625,0.0
1774366919.7085607,17.5,1713.28125,9.31640625,0.0
1774366919.825845,15.4,1713.2734375,9.44140625,0.0
1774366919.94377,20.0,1713.41796875,10.5,0.0
1774366920.0614996,15.0,1713.3046875,9.44140625,0.0
1774366920.1790679,15.0,1712.9921875,9.44140625,0.0
1774366920.2969036,19.5,1712.75390625,9.31640625,0.0
1774366920.415024,12.8,1714.0078125,9.19140625,0.0
1774366920.5324743,14.6,1714.796875,9.59765625,0.0
1774366920.6499367,20.9,1714.80859375,10.34375,0.0
1774366920.7677205,17.1,1715.4375,9.56640625,0.0
1774366920.8853717,12.8,1715.32421875,9.31640625,0.0
1774366921.0029972,15.8,1715.4609375,9.44140625,0.0
1774366921.12062,19.0,1715.3359375,9.31640625,0.0
1774366921.23821,10.0,1715.296875,10.45703125,0.0
1774366921.3559291,17.1,1715.796875,9.484375,0.0
1774366921.473611,15.0,1715.578125,9.44140625,0.0
1774366921.591597,15.0,1715.73046875,9.44140625,0.0
1774366921.709133,15.0,1715.63671875,9.31640625,0.0
1774366921.8263116,17.5,1715.68359375,9.44140625,0.0
1774366921.9441469,12.8,1715.58984375,10.5,0.0
1774366922.0617106,12.8,1715.62109375,9.44140625,0.0
1774366922.1793263,17.1,1715.67578125,9.56640625,0.0
1774366922.2970939,17.5,1715.93359375,9.31640625,0.0
1774366922.4145744,15.0,1715.94140625,9.31640625,0.0
1774366922.5320704,15.0,1716.375,9.95703125,0.0
1774366922.649846,15.0,1716.5078125,9.984375,0.0
1774366922.7677348,16.7,1716.640625,9.56640625,0.0
1774366922.8853333,15.4,1716.78125,9.31640625,0.0
1774366923.0028152,17.5,1716.8359375,9.31640625,0.0
1774366923.120188,15.0,1717.46875,9.31640625,0.0
1774366923.237745,16.7,1717.4296875,10.625,0.0
1774366923.3553138,17.1,1717.1484375,9.31640625,0.0
1774366923.4732711,17.1,1717.30078125,9.56640625,0.0
1774366923.5910826,12.8,1717.453125,9.44140625,0.0
1774366923.7088873,19.0,1717.6015625,9.44140625,0.0
1774366923.8265357,15.0,1717.37890625,9.34765625,0.0
1774366923.9443195,17.1,1717.40625,10.34375,0.0
1774366924.061986,15.0,1717.23046875,9.31640625,0.0
1774366924.1795316,17.1,1717.59375,9.44140625,0.0
1774366924.2974443,12.8,1717.36328125,9.19140625,0.0
1774366924.4146798,10.5,1717.3515625,9.44140625,0.0
1774366924.5322766,17.1,1717.80078125,10.5,0.0
1774366924.650069,17.5,1717.69140625,9.44140625,0.0
1774366924.7680652,15.0,1717.578125,9.44140625,0.0
1774366924.885667,12.8,1717.8046875,9.31640625,0.0
1774366925.0035505,15.4,1717.95703125,9.31640625,0.0
1774366925.1210878,16.7,1717.94140625,9.47265625,0.0
1774366925.238576,12.8,1717.7109375,10.46875,0.0
1774366925.3559742,17.1,1717.72265625,9.19140625,0.0
1774366925.4737546,12.8,1717.859375,9.44140625,0.0
1774366925.5913649,14.6,1717.859375,9.44140625,0.0
1774366925.7085776,17.5,1717.50390625,9.19140625,0.0
1774366925.8269305,15.0,1717.828125,10.625,0.0
1774366925.9446142,17.5,1717.71875,9.44140625,0.0
1774366926.0624223,15.0,1718.0234375,9.44140625,0.0
1774366926.1805305,17.5,1718.00390625,9.31640625,0.0
1774366926.2990665,15.0,1718.0859375,9.44140625,0.0
1774366926.4166784,16.7,1718.03515625,9.25390625,0.0
1774366926.534451,17.1,1718.30859375,10.6875,0.0
1774366926.6536028,28.6,1786.47265625,0.95703125,0.0
1774366926.7727807,27.5,1880.47265625,0.0,0.0
1774366926.8929055,30.8,1957.1015625,0.0,0.0
1774366927.0141482,30.0,2004.16796875,0.0,0.0
1774366927.1357849,27.5,2051.453125,0.0,0.0
1774366927.2574544,25.6,2096.91015625,0.0,0.0
1774366927.3776395,30.8,2137.0546875,0.0,0.0
1774366927.4991484,27.5,2178.6171875,0.0,0.0
1774366927.6207895,28.2,2224.72265625,0.0,0.0
1774366927.74366,30.0,2271.4375,0.0,0.0
1774366927.8627741,23.1,2296.5546875,6.859375,0.0
1774366927.9805052,15.0,2296.83203125,9.44140625,0.0
1774366928.0994737,17.9,2296.69140625,9.44140625,0.0
1774366928.2187068,17.5,2297.125,9.33203125,0.0
1774366928.3389356,29.3,2319.609375,0.0,0.0
1774366928.4595666,30.0,2356.55078125,0.0,0.0
1774366928.5795498,25.6,2391.546875,0.0,0.0
1774366928.7005017,25.6,2428.8671875,0.0,0.0
1774366928.8208625,25.6,2465.44140625,0.0,0.0
1774366928.940751,30.0,2502.88671875,0.0,0.0
1774366929.0610237,31.7,2540.82421875,0.0,0.0
1774366929.1818593,25.0,2576.58203125,0.0,0.0
1774366929.3014724,29.3,2616.17578125,0.0,0.0
1774366929.4213736,27.5,2650.640625,0.0,0.0
1774366929.5419066,25.6,2682.14453125,0.0,0.0
1774366929.6621232,26.8,2714.61328125,0.0,0.0
1774366929.7828257,27.5,2748.1171875,0.0,0.0
1774366929.902959,30.0,2782.80859375,0.0,0.0
1774366930.0230865,26.8,2818.12890625,0.0,0.0
1774366930.1432235,30.0,2853.80078125,0.0,0.0
1774366930.2641313,30.0,2889.26953125,0.0,0.0
1774366930.3824546,25.0,2581.890625,0.0,0.0
1774366930.500438,29.3,2160.74609375,0.0,0.0
1774366930.625119,30.0,2082.015625,0.0,0.0
1774366930.7490458,25.6,2172.26171875,0.0,0.0
1774366930.8727589,25.6,2264.5078125,0.0,0.0
1774366930.9928489,30.0,2324.73828125,0.0,0.0
1774366931.1151407,29.3,2361.6015625,0.0,0.0
1774366931.2374463,27.5,2418.75390625,0.0,0.0
1774366931.3601227,30.0,2474.37109375,0.0,0.0
1774366931.4828825,25.6,2534.9296875,0.0,0.0
1774366931.6053782,26.8,2595.37890625,0.0,0.0
1774366931.7276561,25.6,2655.14453125,0.0,0.0
1774366931.8488066,28.2,2714.19140625,0.0,0.0
1774366931.98851,28.2,2777.71875,0.0,0.0
1774366932.1140947,26.8,2777.65625,0.0,0.0
1774366932.2335746,27.5,2777.65625,0.0,0.0
1774366932.3524013,25.6,2777.65625,0.0,0.0
1774366932.470996,25.6,2777.90234375,0.0,0.0
1774366932.5893788,27.5,2777.90234375,0.0,0.0
1774366932.70784,28.2,2777.90234375,0.0,0.0
1774366932.826443,27.5,2777.90234375,0.0,0.0
1774366932.9449608,25.0,2777.90234375,0.0,0.0
1774366933.0632763,27.5,2777.90625,0.0,0.0
1774366933.1819084,27.5,2778.16015625,0.0,0.0
1774366933.3009331,25.0,2778.16015625,0.0,0.0
1774366933.419254,25.0,2778.16015625,0.0,0.0
1774366933.5401177,31.0,2778.16015625,0.0,0.0
1774366933.6599293,25.0,2778.16015625,0.0,0.0
1774366933.778736,27.5,2778.3984375,0.0,0.0
1774366933.9011192,31.7,2778.3984375,0.0,0.0
1774366934.019538,27.5,2778.3984375,0.0,0.0
1774366934.14186,25.0,2778.3984375,0.0,0.0
1774366934.260135,26.8,2778.3984375,0.0,0.0
1774366934.3814611,27.5,2778.3984375,0.0,0.0
1774366934.5000854,29.3,2778.3984375,0.0,0.0
1774366934.6178744,26.8,2778.3984375,0.0,0.0
1774366934.7356515,27.5,2778.3984375,0.0,0.0
1774366934.8541083,25.6,2778.64453125,0.0,0.0
1774366934.97605,25.0,2778.64453125,0.0,0.0
1774366935.0943704,28.2,2778.64453125,0.0,0.0
1774366935.216788,29.3,2778.64453125,0.0,0.0
1774366935.335,25.6,2778.64453125,0.0,0.0
1774366935.4565756,25.0,2778.64453125,0.0,0.0
1774366935.5748878,29.3,2778.64453125,0.0,0.0
1774366935.69685,31.0,2778.64453125,0.0,0.0
1774366935.8151765,25.0,2778.64453125,0.0,0.0
1774366935.9357111,28.2,2778.64453125,0.0,0.0
1774366936.0536315,27.5,2778.64453125,0.0,0.0
1774366936.1717842,26.8,2778.64453125,0.0,0.0
1774366936.2937472,25.6,2778.64453125,0.0,0.0
1774366936.412529,29.3,2778.64453125,0.0,0.0
1774366936.5343869,26.8,2778.64453125,0.0,0.0
1774366936.6524043,26.8,2778.64453125,0.0,0.0
1774366936.782683,47.5,2778.64453125,0.0,0.0
1774366936.9128518,100.0,2778.64453125,0.0,0.0
1774366937.0424976,100.0,2778.64453125,0.0,0.0
1774366937.1597645,46.3,2778.64453125,0.0,0.0
1774366937.2791314,60.0,2779.13671875,0.0,0.0
1774366937.4102538,100.0,2779.13671875,0.0,0.0
1774366937.5405633,90.0,2779.13671875,0.0,0.0
1774366937.6700854,100.0,2779.13671875,0.0,0.0
1774366937.78653,100.0,2779.13671875,0.0,0.0
1774366937.9038873,100.0,2779.3828125,0.0,0.0
1774366938.0216656,25.0,2779.3828125,0.0,0.0
1774366938.138787,25.0,2779.3828125,0.0,0.0
1774366938.2557755,29.3,2779.3828125,0.0,0.0
1774366938.3731382,25.0,2779.3828125,0.0,0.0
1774366938.4902563,25.0,2779.3828125,0.0,0.0
1774366938.607298,27.5,2779.3828125,0.0,0.0
1774366938.7247822,27.5,2779.3828125,0.0,0.0
1774366938.8421173,25.6,2779.3828125,0.0,0.0
1774366938.9594553,28.2,2779.3828125,0.0,0.0
1774366939.0769548,25.6,2779.37890625,0.0,0.0
1774366939.1945424,25.0,2779.37890625,0.0,0.0
1774366939.3175108,29.3,2779.625,0.0,0.0
1774366939.5123544,80.5,2779.62890625,0.0,0.0
1774366939.6424384,72.5,2779.62890625,0.0,0.0
1774366939.7722075,100.0,2779.62890625,0.0,0.0
1774366939.8888245,100.0,2779.62890625,0.0,0.0
1774366940.0061245,85.4,2779.62890625,0.0,0.0
1774366940.123323,25.6,2779.62890625,0.0,0.0
1774366940.3055792,100.0,2779.62890625,0.0,0.0
1774366940.4360719,92.3,2779.62890625,0.0,0.0
1774366940.5666084,100.0,2779.62890625,0.0,0.0
1774366940.6964242,100.0,2779.62890625,0.0,0.0
1774366940.813601,30.8,2779.62890625,0.0,0.0
1774366940.9310384,30.0,2779.62890625,0.0,0.0
1774366941.0652251,70.7,2779.62890625,0.0,0.0
1774366941.1976197,100.0,2779.875,0.0,0.0
1774366941.3222387,82.9,2779.875,0.0,0.0
1774366941.4519188,100.0,2779.875,0.0,0.0
1774366941.5809782,100.0,2779.875,0.0,0.0
1774366941.7103457,95.0,2779.875,0.0,0.0
1774366941.8273454,42.5,2779.875,0.0,0.0
1774366941.9442785,25.0,2779.875,0.0,0.0
1774366942.0610125,27.5,2779.875,0.0,0.0
1774366942.1780827,27.5,2779.875,0.0,0.0
1774366942.2954202,25.0,2779.875,0.0,0.0
1774366942.412402,25.0,2779.875,0.0,0.0
1774366942.5295198,27.5,2779.875,0.0,0.0
1774366942.6467845,25.6,2779.875,0.0,0.0
1774366942.7637944,26.8,2779.875,0.0,0.0
1774366942.8806112,27.5,2779.875,0.0,0.0
1774366942.9976559,27.5,2779.875,0.0,0.0
1774366943.1145265,26.8,2779.87890625,0.0,0.0
1774366943.2313585,27.5,2779.87890625,0.0,0.0
1774366943.348447,26.8,2779.87890625,0.0,0.0
1774366943.4657307,25.0,2779.87890625,0.0,0.0
1774366943.5826802,25.0,2779.87890625,0.0,0.0
1774366943.6998634,27.5,2779.87890625,0.0,0.0
1774366943.8168385,29.3,2779.87890625,0.0,0.0
1774366943.9337323,25.6,2779.87890625,0.0,0.0
1774366944.06677,53.7,2779.87890625,0.0,0.0
1774366944.2440155,82.9,2779.87890625,0.0,0.0
1774366944.3740547,75.0,2779.87890625,0.0,0.0
1774366944.5039685,100.0,2779.87890625,0.0,0.0
1774366944.634009,100.0,2779.87890625,0.0,0.0
1774366944.7514,85.7,2779.87890625,0.0,0.0
1774366944.8686042,25.0,2779.87890625,0.0,0.0
1774366944.985764,27.5,2779.87890625,0.0,0.0
1774366945.1632187,92.9,2779.87890625,0.0,0.0
1774366945.2799277,87.8,2779.87890625,0.0,0.0
1774366945.4094157,100.0,2779.87890625,0.0,0.0
1774366945.5399716,100.0,2779.87890625,0.0,0.0
1774366945.6574059,87.2,2779.87890625,0.0,0.0
1774366945.7745874,25.0,2779.87890625,0.0,0.0
1774366945.891751,27.5,2779.88671875,0.0,0.0
1774366946.0642388,100.0,2779.88671875,0.0,0.0
1774366946.1940305,80.0,2779.88671875,0.0,0.0
1774366946.323409,100.0,2779.88671875,0.0,0.0
1774366946.445389,100.0,2779.88671875,0.0,0.0
1774366946.5759897,100.0,2779.88671875,0.0,0.0
1774366946.6932185,85.0,2779.88671875,0.0,0.0
1774366946.8102474,25.0,2779.88671875,0.0,0.0
1774366946.9273472,29.3,2779.88671875,0.0,0.0
1774366947.0442576,27.5,2779.88671875,0.0,0.0
1774366947.1612222,25.6,2779.88671875,0.0,0.0
1774366947.2778356,27.5,2779.88671875,0.0,0.0
1774366947.394907,27.5,2779.88671875,0.0,0.0
1774366947.5119123,26.8,2779.88671875,0.0,0.0
1774366947.628756,27.5,2779.88671875,0.0,0.0
1774366947.7458293,27.5,2779.88671875,0.0,0.0
1774366947.863205,25.0,2779.88671875,0.0,0.0
1774366947.980171,26.8,2779.88671875,0.0,0.0
1774366948.0973644,27.5,2779.88671875,0.0,0.0
1774366948.2143033,27.5,2779.88671875,0.0,0.0
1774366948.3312135,25.0,2779.88671875,0.0,0.0
1774366948.4479237,30.0,2779.88671875,0.0,0.0
1774366948.5649292,27.5,2779.88671875,0.0,0.0
1774366948.6819012,26.8,2779.88671875,0.0,0.0
1774366948.7991056,25.6,2779.88671875,0.0,0.0
1774366948.9161942,27.5,2779.88671875,0.0,0.0
1774366949.0499678,46.3,2779.88671875,0.0,0.0
1774366949.2461374,78.6,2779.88671875,0.0,0.0
1774366949.3759322,69.2,2779.88671875,0.0,0.0
1774366949.4979057,100.0,2779.88671875,0.0,0.0
1774366949.6270766,100.0,2779.88671875,0.0,0.0
1774366949.7443974,100.0,2779.88671875,0.0,0.0
1774366949.8618114,27.5,2779.88671875,0.0,0.0
1774366949.9790761,27.5,2779.88671875,0.0,0.0
1774366950.1389256,87.8,2779.88671875,0.0,0.0
1774366950.2822185,87.5,2779.88671875,0.0,0.0
1774366950.412346,100.0,2779.88671875,0.0,0.0
1774366950.5413535,100.0,2779.88671875,0.0,0.0
1774366950.6622374,94.9,2779.88671875,0.0,0.0
1774366950.779635,27.5,2779.88671875,0.0,0.0
1774366950.8971748,25.0,2779.88671875,0.0,0.0
1774366951.077687,90.2,2779.88671875,0.0,0.0
1774366951.2078424,77.5,2779.88671875,0.0,0.0
1774366951.3370147,100.0,2779.88671875,0.0,0.0
1774366951.4661252,100.0,2779.88671875,0.0,0.0
1774366951.5952206,100.0,2779.88671875,0.0,0.0
1774366951.7119648,85.0,2779.88671875,0.0,0.0
1774366951.8292105,25.0,2779.88671875,0.0,0.0
1774366951.9464974,30.0,2779.88671875,0.0,0.0
1774366952.0640163,31.0,2779.88671875,0.0,0.0
1774366952.181503,25.0,2779.88671875,0.0,0.0
1774366952.2987864,25.0,2779.88671875,0.0,0.0
1774366952.430583,64.3,2779.88671875,0.0,0.0
1774366952.6049097,83.3,2779.88671875,0.0,0.0
1774366952.7360094,68.3,2779.88671875,0.0,0.0
1774366952.8658667,100.0,2779.88671875,0.0,0.0
1774366952.9965281,100.0,2779.88671875,0.0,0.0
1774366953.113843,76.9,2779.88671875,0.0,0.0
1774366953.2309968,25.6,2779.88671875,0.0,0.0
1774366953.38166,39.1,2779.88671875,0.0,0.0
1774366953.535331,95.2,2779.88671875,0.0,0.0
1774366953.666042,87.5,2779.88671875,0.0,0.0
1774366953.7874196,100.0,2779.88671875,0.0,0.0
1774366953.9170983,100.0,2779.88671875,0.0,0.0
1774366954.0350184,35.0,2779.88671875,0.0,0.0
1774366954.2181892,73.2,2779.88671875,0.0,0.0
1774366954.348514,87.8,2779.88671875,0.0,0.0
1774366954.4787898,100.0,2779.88671875,0.0,0.0
1774366954.6077335,100.0,2779.88671875,0.0,0.0
1774366954.737594,100.0,2779.88671875,0.0,0.0
1774366954.8557208,38.5,2779.88671875,0.0,0.0
1774366954.9732087,27.5,2779.88671875,0.0,0.0
1774366955.090539,25.0,2779.88671875,0.0,0.0
1774366955.2078485,31.0,2779.88671875,0.0,0.0
1774366955.3273299,90.0,2779.88671875,0.0,0.0
1774366955.463306,97.6,2779.88671875,0.0,0.0
1774366955.5938506,77.5,2779.88671875,0.0,0.0
1774366955.7244549,100.0,2779.88671875,0.0,0.0
1774366955.8542976,100.0,2779.88671875,0.0,0.0
1774366955.9714267,40.0,2779.88671875,0.0,0.0
1774366956.0904443,65.9,2779.88671875,0.0,0.0
1774366956.221569,100.0,2779.88671875,0.0,0.0
1774366956.3408957,35.9,2779.88671875,0.0,0.0
1774366956.4596665,27.5,2779.88671875,0.0,0.0
1774366956.5773792,25.6,2373.625,0.0,0.0
1774366956.7189965,33.3,2029.234375,0.0,0.0
1774366956.835722,100.0,2029.234375,0.0,0.0
1774366956.9637718,100.0,2029.234375,0.0,0.0
1774366957.1138582,80.5,2029.234375,0.0,0.0
1774366957.2439363,100.0,2029.234375,0.0,0.0
1774366957.3763523,100.0,2029.234375,0.0,0.0
1774366957.5118992,79.5,2029.234375,0.0,0.0
1774366957.642739,100.0,2029.234375,0.0,0.0
1774366957.774389,100.0,2029.234375,0.0,0.0
1774366957.9072752,73.2,2029.234375,0.0,0.0
1774366958.037986,100.0,2029.234375,0.0,0.0
1774366958.1697385,100.0,2029.234375,0.0,0.0
1774366958.319627,76.9,2029.234375,0.0,0.0
1774366958.4512236,100.0,2029.234375,0.0,0.0
1774366958.5827358,100.0,2029.234375,0.0,0.0
1774366958.7159843,78.0,2029.234375,0.0,0.0
1774366958.8453817,100.0,2029.234375,0.0,0.0
1774366958.9672601,100.0,2029.234375,0.0,0.0
1774366959.1017478,77.5,2029.234375,0.0,0.0
1774366959.2272937,100.0,2029.234375,0.0,0.0
1774366959.3608563,100.0,2029.234375,0.0,0.0
1774366959.48497,77.5,2029.234375,0.0,0.0
1774366959.6177266,95.0,2029.234375,0.0,0.0
1774366959.74695,100.0,2029.234375,0.0,0.0
1774366959.8662798,92.7,2029.234375,0.0,0.0
1774366960.0017304,97.5,2029.234375,0.0,0.0
1774366960.1191702,100.0,2029.23828125,0.0,0.0
1774366960.2518687,100.0,2029.23828125,0.0,0.0
1774366960.3844836,78.0,2029.23828125,0.0,0.0
1774366960.5156229,100.0,2029.23828125,0.0,0.0
1774366960.6475215,100.0,2029.23828125,0.0,0.0
1774366960.7990036,79.5,2029.23828125,0.0,0.0
1774366960.9211996,100.0,2029.23828125,0.0,0.0
1774366961.0532482,100.0,2029.23828125,0.0,0.0
1774366961.1956227,79.5,2029.23828125,0.0,0.0
1774366961.3258417,100.0,2028.99609375,0.0,0.0
1774366961.4565513,100.0,2028.99609375,0.0,0.0
1774366961.6032994,73.2,2028.9921875,0.0,0.0
1774366961.7334578,100.0,2028.9921875,0.0,0.0
1774366961.8663247,100.0,2028.9921875,0.0,0.0
1774366962.015885,80.5,2028.9921875,0.0,0.0
1774366962.1481218,100.0,2028.9921875,0.0,0.0
1774366962.2799075,100.0,2028.9921875,0.0,0.0
1774366962.41007,77.5,2029.23828125,0.0,0.0
1774366962.5327735,100.0,2029.23828125,0.0,0.0
1774366962.6645033,100.0,2029.23828125,0.0,0.0
1774366962.7983263,75.6,2029.23828125,0.0,0.0
1774366962.916558,75.6,2029.23828125,0.0,0.0
1774366963.0337477,26.8,2029.23828125,0.0,0.0
1774366963.15183,27.5,2029.453125,0.015625,9.203125
1774366963.2691584,17.9,2029.40234375,7.55859375,2.48828125
1774366963.3867044,12.8,2029.3125,9.82421875,0.0
1774366963.5041122,19.5,2029.2109375,8.7734375,0.0
1774366963.6218545,13.2,2029.2421875,9.69921875,0.0
1774366963.7403069,15.0,2029.265625,8.8984375,0.0
1774366963.857802,10.5,2029.4296875,9.69921875,0.0
1774366963.9754934,17.5,2029.32421875,8.8984375,0.0
1774366964.093235,15.4,2029.234375,9.5390625,0.0
1774366964.2107923,15.0,2029.03515625,9.18359375,0.0
1774366964.328346,19.5,2029.03125,9.0546875,0.0
1774366964.4461517,19.5,2029.34375,9.41796875,0.0
1774366964.5636652,10.5,2029.21875,8.8359375,0.0
1774366964.681241,17.5,2029.16015625,9.76171875,0.0
1774366964.7989094,17.1,2029.28125,8.7734375,0.0
1774366964.916739,14.6,2029.09765625,9.82421875,0.0
1774366965.0340087,14.6,2028.5078125,8.7734375,0.0
1774366965.1513717,17.1,2028.671875,9.69921875,0.0
1774366965.2688148,19.5,2028.8359375,8.8984375,0.0
1774366965.3863595,12.8,2028.2421875,9.69921875,0.0
1774366965.5034823,15.8,2028.5390625,8.7734375,0.0
1774366965.6212826,17.5,2028.67578125,9.69921875,0.0
1774366965.7384472,15.0,2028.734375,8.8984375,0.0
1774366965.856033,19.5,2028.48828125,9.69921875,0.0
1774366965.9737816,17.5,2028.3125,8.7734375,0.0
1774366966.0918002,12.8,2028.42578125,9.82421875,0.0
1774366966.209347,13.2,2028.26171875,8.8984375,0.0
1774366966.3273628,17.5,2028.36328125,9.6640625,0.0
1774366966.445156,17.5,2027.8828125,9.05859375,0.0
1774366966.562626,12.5,2028.1640625,9.1796875,0.0
1774366966.6801605,17.1,2028.4296875,9.41796875,0.0
1774366966.7977588,12.8,2028.21875,8.8359375,0.0
1774366966.9153738,14.6,2028.23828125,9.76171875,0.0
1774366967.0339496,15.4,2028.39453125,8.4140625,0.0
1774366967.1532226,29.3,2119.31640625,0.0,0.0
1774366967.2730048,25.6,2219.31640625,0.0,0.0
1774366967.3924289,25.0,2315.5625,0.0,0.0
1774366967.5099483,15.0,2331.48828125,8.55859375,0.0
1774366967.6280005,15.0,2333.06640625,9.6640625,0.0
1774366967.7492077,26.8,2371.55859375,0.0,0.0
1774366967.8704216,30.0,2412.4453125,0.0,0.0
1774366967.9906006,29.3,2454.09765625,0.0,0.0
1774366968.1110277,26.8,2494.7734375,0.0,0.0
1774366968.2309358,27.5,2535.3828125,0.0,0.0
1774366968.3528466,30.8,2573.78515625,0.0,0.0
1774366968.4732275,28.2,2615.8046875,0.0,0.0
1774366968.592859,25.6,2656.46875,0.0,0.0
1774366968.7107801,27.5,2152.32421875,0.0,0.0
1774366968.834124,27.5,1757.39453125,0.0,0.0
1774366968.9576118,26.8,1857.97265625,0.0,0.0
1774366969.081478,31.7,1958.21875,0.0,0.0
1774366969.2056234,28.2,2058.4765625,0.0,0.0
1774366969.3256261,25.0,2094.125,0.0,0.0
1774366969.4478662,29.3,2126.37109375,0.0,0.0
1774366969.5956688,28.2,2180.94921875,0.0,0.0
1774366969.722473,29.3,2200.5546875,0.0,0.0
1774366969.8413064,25.0,2201.046875,0.0,0.0
1774366969.959732,25.6,2201.046875,0.0,0.0
1774366970.0779364,28.2,2201.046875,0.0,0.0
1774366970.196533,27.5,2201.046875,0.0,0.0
1774366970.3146214,25.0,2201.046875,0.0,0.0
1774366970.4329119,30.0,2201.046875,0.0,0.0
1774366970.5546973,30.0,2201.046875,0.0,0.0
1774366970.6737995,26.8,2201.046875,0.0,0.0
1774366970.792094,27.5,2201.046875,0.0,0.0
1774366970.914069,26.3,2201.046875,0.0,0.0
1774366971.0323987,27.5,2201.046875,0.0,0.0
1774366971.152406,27.5,2201.29296875,0.0,0.0
1774366971.2706625,28.2,2201.29296875,0.0,0.0
1774366971.3893998,29.3,2201.29296875,0.0,0.0
1774366971.5085504,25.0,2201.5390625,0.0,0.0
1774366971.6262758,27.5,2201.78515625,0.0,0.0
1774366971.7480583,29.3,2201.78515625,0.0,0.0
1774366971.8666008,25.0,2201.78515625,0.0,0.0
1774366971.9880931,27.5,2201.78515625,0.0,0.0
1774366972.1075866,30.0,2224.1640625,0.0,0.0
1774366972.2295306,30.0,2238.11328125,0.0,0.0
1774366972.3479068,25.6,2251.2578125,0.0,0.0
1774366972.4782221,45.0,2264.71875,0.0,0.0
1774366972.5999255,100.0,2264.96484375,0.0,0.0
1774366972.7298307,100.0,2264.96484375,0.0,0.0
1774366972.8471503,32.5,2264.96484375,0.0,0.0
1774366973.0001566,97.6,2265.45703125,0.0,0.0
1774366973.1303678,90.0,2265.40234375,0.0,0.0
1774366973.2609153,100.0,2265.6484375,0.0,0.0
1774366973.390687,100.0,2265.89453125,0.0,0.0
1774366973.5080123,50.0,2265.89453125,0.0,0.0
1774366973.6251535,25.6,2265.89453125,0.0,0.0
1774366973.7425728,29.3,2265.89453125,0.0,0.0
1774366973.8602445,25.0,2265.89453125,0.0,0.0
1774366973.977472,26.8,2265.89453125,0.0,0.0
1774366974.0948315,27.5,2265.89453125,0.0,0.0
1774366974.227391,65.1,2265.88671875,0.0,0.0
1774366974.3584273,97.6,2265.88671875,0.0,0.0
1774366974.4757333,90.2,2266.1328125,0.0,0.0
1774366974.6063943,100.0,2266.1328125,0.0,0.0
1774366974.7238705,100.0,2266.1328125,0.0,0.0
1774366974.85818,30.0,2266.1328125,0.0,0.0
1774366974.9855225,100.0,2266.1328125,0.0,0.0
1774366975.1152623,97.4,2266.1328125,0.0,0.0
1774366975.245433,100.0,2266.1328125,0.0,0.0
1774366975.3752813,100.0,2266.1328125,0.0,0.0
1774366975.4925606,25.6,2266.1328125,0.0,0.0
1774366975.6096485,27.5,2266.1328125,0.0,0.0
1774366975.7390237,69.2,2266.1328125,0.0,0.0
1774366975.8724723,100.0,2266.1328125,0.0,0.0
1774366976.0027134,82.1,2266.1328125,0.0,0.0
1774366976.1330981,100.0,2266.1328125,0.0,0.0
1774366976.2626665,100.0,2266.1328125,0.0,0.0
1774366976.3795922,100.0,2266.1328125,0.0,0.0
1774366976.4961436,37.5,2266.1328125,0.0,0.0
1774366976.6129713,27.5,2266.1328125,0.0,0.0
1774366976.7297707,25.0,2266.1328125,0.0,0.0
1774366976.846341,27.5,2266.1328125,0.0,0.0
1774366976.9632132,27.5,2266.1328125,0.0,0.0
1774366977.0800862,26.8,2266.1328125,0.0,0.0
1774366977.1969018,29.3,2266.140625,0.0,0.0
1774366977.3138797,27.5,2266.38671875,0.0,0.0
1774366977.4314878,25.0,2266.38671875,0.0,0.0
1774366977.5483067,25.0,2266.38671875,0.0,0.0
1774366977.6648421,27.5,2266.38671875,0.0,0.0
1774366977.7817268,27.5,2266.38671875,0.0,0.0
1774366977.898583,25.0,2266.38671875,0.0,0.0
1774366978.0152256,27.5,2266.38671875,0.0,0.0
1774366978.1323922,25.0,2266.38671875,0.0,0.0
1774366978.2492812,25.0,2266.38671875,0.0,0.0
1774366978.3660805,27.5,2266.38671875,0.0,0.0
1774366978.4830544,27.5,2266.38671875,0.0,0.0
1774366978.6000464,28.6,2266.38671875,0.0,0.0
1774366978.7168555,25.0,2266.38671875,0.0,0.0
1774366978.8334231,29.3,2266.38671875,0.0,0.0
1774366978.950298,25.6,2266.38671875,0.0,0.0
1774366979.0695646,92.5,2266.38671875,0.0,0.0
1774366979.2188144,87.5,2266.38671875,0.0,0.0
1774366979.3498132,64.3,2266.38671875,0.0,0.0
1774366979.4794683,100.0,2266.38671875,0.0,0.0
1774366979.610351,100.0,2266.38671875,0.0,0.0
1774366979.72766,75.6,2266.38671875,0.0,0.0
1774366979.8447468,25.0,2266.38671875,0.0,0.0
1774366979.9894986,37.8,2266.38671875,0.0,0.0
1774366980.1541111,97.6,2266.38671875,0.0,0.0
1774366980.270902,92.3,2266.38671875,0.0,0.0
1774366980.4001572,100.0,2266.38671875,0.0,0.0
1774366980.522174,100.0,2266.38671875,0.0,0.0
1774366980.6531858,26.8,2266.38671875,0.0,0.0
1774366980.787105,100.0,2266.38671875,0.0,0.0
1774366980.9172733,92.9,2266.38671875,0.0,0.0
1774366981.0471158,100.0,2266.38671875,0.0,0.0
1774366981.1726744,100.0,2266.38671875,0.0,0.0
1774366981.2900999,50.0,2266.38671875,0.0,0.0
1774366981.407595,27.5,2266.38671875,0.0,0.0
1774366981.5253317,25.0,2266.38671875,0.0,0.0
1774366981.6428974,25.6,2266.38671875,0.0,0.0
1774366981.8229558,95.1,2266.6328125,0.0,0.0
1774366981.9530683,88.1,2266.6328125,0.0,0.0
1774366982.0746284,100.0,2266.6328125,0.0,0.0
1774366982.1920855,100.0,2266.6328125,0.0,0.0
1774366982.3123865,43.6,2266.6328125,0.0,0.0
1774366982.4664102,85.7,2266.6328125,0.0,0.0
1774366982.5853963,56.1,2266.6328125,0.0,0.0
1774366982.7032886,29.3,1873.578125,0.0,0.0
1774366982.8358104,92.5,1816.4453125,0.0,0.0
1774366982.967617,100.0,1816.4453125,0.0,0.0
1774366983.0995724,82.9,1816.3828125,0.0,0.0
1774366983.2294993,100.0,1816.3828125,0.0,0.0
1774366983.3510895,100.0,1816.3828125,0.0,0.0
1774366983.484325,78.6,1816.3828125,0.0,0.0
1774366983.6152604,97.4,1816.3828125,0.0,0.0
1774366983.7464325,100.0,1816.3828125,0.0,0.0
1774366983.8700216,80.0,1816.3828125,0.0,0.0
1774366984.0040047,90.5,1816.3828125,0.0,0.0
1774366984.1335204,100.0,1816.3828125,0.0,0.0
1774366984.263919,87.5,1816.3828125,0.0,0.0
1774366984.3981283,92.5,1816.3828125,0.0,0.0
1774366984.515061,100.0,1816.3828125,0.0,0.0
1774366984.6335788,100.0,1816.3828125,0.0,0.0
1774366984.7650433,82.5,1816.3828125,0.0,0.0
1774366984.894696,100.0,1816.3828125,0.0,0.0
1774366985.0208123,100.0,1816.62890625,0.0,0.0
1774366985.1558895,79.5,1816.62890625,0.0,0.0
1774366985.286121,100.0,1816.62890625,0.0,0.0
1774366985.4167736,100.0,1816.62890625,0.0,0.0
1774366985.5505264,77.5,1816.62890625,0.0,0.0
1774366985.6809175,97.6,1816.62890625,0.0,0.0
1774366985.7977781,100.0,1816.62890625,0.0,0.0
1774366985.947354,79.5,1816.62890625,0.0,0.0
1774366986.0791385,95.1,1816.62890625,0.0,0.0
1774366986.2102656,100.0,1816.62890625,0.0,0.0
1774366986.3421054,73.8,1816.62890625,0.0,0.0
1774366986.4599178,87.5,1816.62890625,0.0,0.0
1774366986.5777895,25.6,1816.62890625,0.05078125,1.6953125
1774366986.695486,20.0,1816.08984375,7.734375,4.37890625
1774366986.8133001,17.1,1816.36328125,9.51171875,0.0
1774366986.9309103,12.8,1816.1484375,9.38671875,0.0
1774366987.0484483,17.5,1816.17578125,9.38671875,0.0
1774366987.1662443,15.0,1815.984375,9.51171875,0.0
1774366987.2840157,13.2,1816.046875,9.51171875,0.0
1774366987.4016678,14.6,1815.8671875,9.51171875,0.0
1774366987.5194924,12.8,1815.9296875,9.51171875,0.0
1774366987.6373146,17.1,1815.9921875,9.4140625,0.0
1774366987.7548683,15.0,1815.9375,9.26171875,0.0
1774366987.8723335,17.1,1815.88671875,9.26171875,0.0
1774366987.9899356,15.0,1815.8125,9.27734375,0.0
1774366988.1075854,10.5,1815.38671875,9.26171875,0.0
1774366988.2249825,17.1,1815.578125,9.26171875,0.0
1774366988.3426192,15.0,1815.88671875,9.60546875,0.0
1774366988.4599767,14.6,1815.7109375,9.38671875,0.0
1774366988.577257,10.5,1815.55859375,9.38671875,0.0
1774366988.6946766,17.1,1815.9140625,9.51171875,0.0
1774366988.8122392,18.6,1815.734375,9.26171875,0.0
1774366988.9293058,10.5,1815.8046875,9.51171875,0.0
1774366989.046556,19.5,1815.87109375,9.38671875,0.0
1774366989.1638646,15.0,1815.625,9.51171875,0.0
1774366989.2810416,12.8,1815.6953125,9.38671875,0.0
1774366989.3984072,19.0,1815.51953125,9.51171875,0.0
1774366989.5163066,17.5,1815.56640625,9.51171875,0.0
1774366989.634023,12.8,1815.8828125,9.63671875,0.0
1774366989.7516832,19.5,1815.68359375,9.51171875,0.0
1774366989.869529,19.0,1815.55078125,9.51171875,0.0
1774366989.9873989,12.8,1815.859375,9.51171875,0.0
1774366990.1051807,15.0,1816.12890625,9.38671875,0.0
1774366990.2227225,15.4,1815.85546875,9.51171875,0.0
1774366990.340518,17.5,1815.76171875,9.38671875,0.0
1774366990.4580357,14.6,1815.79296875,9.51171875,0.0
1774366990.5756164,17.9,1815.61328125,9.51171875,0.0
1774366990.6933546,17.1,1815.55859375,9.51171875,0.0
1774366990.8112185,12.8,1815.49609375,9.51171875,0.0
1774366990.928865,12.5,1815.55859375,9.51171875,0.0
1774366991.0468915,15.0,1815.62109375,9.51171875,0.0
1774366991.1646848,17.1,1815.4765625,9.51171875,0.0
1774366991.2824416,10.5,1815.5078125,9.51171875,0.0
1774366991.4001188,17.5,1815.78515625,9.51171875,0.0
1774366991.517929,15.4,1815.69140625,9.63671875,0.0
1774366991.6357214,15.4,1816.0625,9.38671875,0.0
1774366991.7533913,10.5,1816.09765625,9.51171875,0.0
1774366991.8711395,15.4,1815.87890625,9.51171875,0.0
1774366991.9892461,14.6,1816.27734375,9.51171875,0.0
1774366992.106883,15.0,1816.078125,9.38671875,0.0
1774366992.2244,17.1,1816.01953125,9.51171875,0.0
1774366992.342249,17.5,1815.09765625,9.26171875,0.0
1774366992.461354,22.5,1878.3984375,1.65234375,0.0
1774366992.5805473,31.0,1974.3984375,0.0,0.0
1774366992.7002008,27.5,2074.64453125,0.0,0.0
1774366992.8217418,27.5,2169.09765625,0.0,0.0
1774366992.9428568,29.3,2224.3046875,0.0,0.0
1774366993.0644894,30.0,2267.5546875,0.0,0.0
1774366993.183275,19.5,2279.69921875,9.109375,0.0
1774366993.3018658,17.1,2279.66015625,9.4140625,0.0
1774366993.4201682,17.9,2280.125,9.26171875,0.0
1774366993.5402226,28.2,2299.58984375,0.0,0.0
1774366993.6600611,25.0,2335.94140625,0.0,0.0
1774366993.779626,26.3,2371.22265625,0.0,0.0
1774366993.8998077,30.0,2409.54296875,0.0,0.0
1774366994.0202117,30.0,2451.57421875,0.0,0.0
1774366994.141726,33.3,2491.45703125,0.0,0.0
1774366994.2631986,27.5,2529.078125,0.0,0.0
1774366994.383512,25.0,2554.16796875,0.0,0.0
1774366994.5029087,25.0,2590.0546875,0.0,0.0
1774366994.622627,26.3,2624.65625,0.0,0.0
1774366994.7422705,31.0,2660.94140625,0.0,0.0
1774366994.8628075,28.6,2686.61328125,0.0,0.0
1774366994.9827151,30.0,2716.390625,0.0,0.0
1774366995.10094,29.3,2740.546875,0.0,0.0
1774366995.2179897,25.0,2161.6171875,0.0,0.0
1774366995.3414345,27.5,2029.6015625,0.0,0.0
1774366995.4651349,27.5,2119.6015625,0.0,0.0
1774366995.5892398,25.0,2211.6015625,0.0,0.0
1774366995.7128735,25.6,2301.84765625,0.0,0.0
1774366995.832555,28.2,2346.9296875,0.0,0.0
1774366995.9549022,27.5,2383.8125,0.0,0.0
1774366996.076274,27.5,2440.54296875,0.0,0.0
1774366996.1977942,28.2,2487.703125,0.0,0.0
1774366996.3192654,27.5,2541.2578125,0.0,0.0
1774366996.454437,25.0,2574.22265625,0.0,0.0
1774366996.5730693,27.5,2574.71484375,0.0,0.0
1774366996.6910758,28.2,2575.20703125,0.0,0.0
1774366996.8094509,31.0,2575.20703125,0.0,0.0
1774366996.9275506,25.0,2575.20703125,0.0,0.0
1774366997.0458972,27.5,2575.20703125,0.0,0.0
1774366997.1644926,27.5,2575.20703125,0.0,0.0
1774366997.282863,25.6,2575.20703125,0.0,0.0
1774366997.4011064,29.3,2575.20703125,0.0,0.0
1774366997.5195096,27.5,2575.20703125,0.0,0.0
1774366997.6404114,25.6,2575.20703125,0.0,0.0
1774366997.7580473,26.8,2575.20703125,0.0,0.0
1774366997.876059,30.0,2575.20703125,0.0,0.0
1774366997.9959831,27.5,2575.20703125,0.0,0.0
1774366998.1139522,26.8,2575.20703125,0.0,0.0
1774366998.2353659,29.3,2575.20703125,0.0,0.0
1774366998.3534992,27.5,2575.20703125,0.0,0.0
1774366998.475146,28.6,2575.20703125,0.0,0.0
1774366998.5934293,27.5,2575.20703125,0.0,0.0
1774366998.7150202,27.5,2575.20703125,0.0,0.0
1774366998.8330653,29.3,2575.20703125,0.0,0.0
1774366998.9544334,25.0,2575.20703125,0.0,0.0
1774366999.072232,30.0,2575.20703125,0.0,0.0
1774366999.192833,27.5,2575.20703125,0.0,0.0
1774366999.3110344,26.8,2575.20703125,0.0,0.0
1774366999.4290478,29.3,2575.20703125,0.0,0.0
1774366999.5467367,27.5,2575.453125,0.0,0.0
1774366999.664893,28.6,2575.453125,0.0,0.0
1774366999.786331,25.0,2575.453125,0.0,0.0
1774366999.9043956,29.3,2575.453125,0.0,0.0
1774367000.0259655,27.5,2575.453125,0.0,0.0
1774367000.1438482,25.6,2575.453125,0.0,0.0
1774367000.2619154,38.5,2539.30859375,0.0,0.0
1774367000.3918164,100.0,2540.046875,0.0,0.0
1774367000.5211983,100.0,2540.046875,0.0,0.0
1774367000.6381176,72.5,2540.5390625,0.0,0.0
1774367000.776974,38.6,2540.5390625,0.0,0.0
1774367000.9283497,100.0,2540.5390625,0.0,0.0
1774367001.0572832,87.5,2540.5390625,0.0,0.0
1774367001.186985,100.0,2540.71484375,0.0,0.0
1774367001.3173018,100.0,2540.47265625,0.0,0.0
1774367001.4347587,100.0,2540.47265625,0.0,0.0
1774367001.5520122,27.5,2540.71875,0.0,0.0
1774367001.6696353,29.3,2540.71875,0.0,0.0
1774367001.7879539,25.0,2540.71875,0.0,0.0
1774367001.9052444,29.3,2536.76953125,0.0,0.0
1774367002.022797,27.5,2537.26171875,0.0,0.0
1774367002.1407247,26.8,2537.1875,0.0,0.0
1774367002.2718098,52.5,2537.43359375,0.0,0.0
1774367002.4407818,87.8,2537.92578125,0.0,0.0
1774367002.571302,77.5,2537.92578125,0.0,0.0
1774367002.7011268,100.0,2537.92578125,0.0,0.0
1774367002.8305483,100.0,2537.92578125,0.0,0.0
1774367002.9475427,48.8,2537.92578125,0.0,0.0
1774367003.0881836,61.5,2537.92578125,0.0,0.0
1774367003.2273302,100.0,2537.92578125,0.0,0.0
1774367003.356858,100.0,2537.92578125,0.0,0.0
1774367003.4795215,100.0,2538.41796875,0.0,0.0
1774367003.607262,100.0,2538.41796875,0.0,0.0
1774367003.724449,29.3,2538.41796875,0.0,0.0
1774367003.8417575,27.5,2538.41796875,0.0,0.0
1774367003.9926643,76.9,2538.41796875,0.0,0.0
1774367004.1121275,100.0,2538.41796875,0.0,0.0
1774367004.230553,85.0,2538.41796875,0.0,0.0
1774367004.3596609,100.0,2538.41796875,0.0,0.0
1774367004.488631,100.0,2538.41796875,0.0,0.0
1774367004.6180325,100.0,2538.41796875,0.0,0.0
1774367004.7351553,25.0,2538.41796875,0.0,0.0
1774367004.8522272,31.0,2538.41796875,0.0,0.0
1774367004.969425,29.3,2538.41796875,0.0,0.0
1774367005.0868766,25.0,2538.41796875,0.0,0.0
1774367005.2040317,29.3,2538.41796875,0.0,0.0
1774367005.3211994,29.3,2538.41796875,0.0,0.0
1774367005.4383376,25.6,2538.41796875,0.0,0.0
1774367005.5553887,26.8,2538.41796875,0.0,0.0
1774367005.672276,27.5,2538.41796875,0.0,0.0
1774367005.7894423,27.5,2538.41796875,0.0,0.0
1774367005.9064813,25.6,2538.41796875,0.0,0.0
1774367006.0236237,30.0,2538.41796875,0.0,0.0
1774367006.1576707,70.7,2538.41796875,0.0,0.0
1774367006.3405137,78.6,2538.41796875,0.0,0.0
1774367006.4707744,70.0,2538.41796875,0.0,0.0
1774367006.601362,100.0,2538.41796875,0.0,0.0
1774367006.7313774,100.0,2538.41796875,0.0,0.0
1774367006.8486252,65.0,2538.41796875,0.0,0.0
1774367006.9657505,28.2,2538.41796875,0.0,0.0
1774367007.1049852,41.9,2538.421875,0.0,0.0
1774367007.2575443,95.3,2538.421875,0.0,0.0
1774367007.38848,85.0,2538.421875,0.0,0.0
1774367007.5187457,100.0,2538.421875,0.0,0.0
1774367007.6486297,100.0,2538.421875,0.0,0.0
1774367007.7658634,43.6,2538.421875,0.0,0.0
1774367007.882986,31.0,2538.421875,0.0,0.0
1774367008.0148,57.1,2538.421875,0.0,0.0
1774367008.1465445,100.0,2538.421875,0.0,0.0
1774367008.2769074,81.0,2538.66796875,0.0,0.0
1774367008.3934357,100.0,2538.66796875,0.0,0.0
1774367008.522738,100.0,2538.66796875,0.0,0.0
1774367008.6439023,100.0,2538.66796875,0.0,0.0
1774367008.7613776,69.2,2538.66796875,0.0,0.0
1774367008.8787007,25.0,2538.66796875,0.0,0.0
1774367008.996044,29.3,2538.66796875,0.0,0.0
1774367009.1133325,27.5,2538.6796875,0.0,0.0
1774367009.2308867,25.0,2538.6796875,0.0,0.0
1774367009.348253,27.5,2538.6796875,0.0,0.0
1774367009.4681253,90.0,2538.6796875,0.0,0.0
1774367009.626891,87.2,2538.6796875,0.0,0.0
1774367009.7575254,65.9,2538.6796875,0.0,0.0
1774367009.8885996,100.0,2538.6796875,0.0,0.0
1774367010.0105748,100.0,2538.6796875,0.0,0.0
1774367010.1277752,82.9,2538.6796875,0.0,0.0
1774367010.245279,27.5,2538.6796875,0.0,0.0
1774367010.3759823,27.5,2538.6796875,0.0,0.0
1774367010.5491934,97.5,2538.6796875,0.0,0.0
1774367010.6797767,89.7,2538.6796875,0.0,0.0
1774367010.810304,100.0,2538.6796875,0.0,0.0
1774367010.9403222,100.0,2538.6796875,0.0,0.0
1774367011.0575626,25.0,2538.6796875,0.0,0.0
1774367011.1950812,73.7,2538.6796875,0.0,0.0
1774367011.3264759,100.0,2538.6796875,0.0,0.0
1774367011.456733,95.1,2538.6796875,0.0,0.0
1774367011.5871336,100.0,2538.6796875,0.0,0.0
1774367011.7041447,100.0,2538.6796875,0.0,0.0
1774367011.8217027,82.5,2538.6796875,0.0,0.0
1774367011.9392312,27.5,2538.6796875,0.0,0.0
1774367012.057159,27.5,2538.6796875,0.0,0.0
1774367012.17477,25.0,2538.6796875,0.0,0.0
1774367012.320601,37.0,2538.6796875,0.0,0.0
1774367012.5055127,79.5,2538.6796875,0.0,0.0
1774367012.636529,73.7,2538.6796875,0.0,0.0
1774367012.7535138,100.0,2538.6796875,0.0,0.0
1774367012.8834887,100.0,2538.6796875,0.0,0.0
1774367013.0007167,80.0,2538.6796875,0.0,0.0
1774367013.1331012,25.0,2538.6796875,0.0,0.0
1774367013.3063529,97.6,2538.6796875,0.0,0.0
1774367013.425114,46.3,2538.6796875,0.0,0.0
1774367013.5437334,29.3,2538.6796875,0.0,0.0
1774367013.6959636,33.3,1939.6484375,0.0,0.0
1774367013.8131137,100.0,1939.6484375,0.0,0.0
1774367013.9449182,100.0,1939.6484375,0.0,0.0
1774367014.0873685,87.5,1939.5625,0.0,0.0
1774367014.217223,100.0,1939.5625,0.0,0.0
1774367014.3450594,100.0,1939.5625,0.0,0.0
1774367014.489372,77.5,1939.5625,0.0,0.0
1774367014.6193378,100.0,1939.5625,0.0,0.0
1774367014.7509418,100.0,1939.5625,0.0,0.0
1774367014.8961391,78.0,1939.5625,0.0,0.0
1774367015.0272372,100.0,1939.5625,0.0,0.0
1774367015.1462493,100.0,1939.5625,0.0,0.0
1774367015.2833383,81.0,1939.5625,0.0,0.0
1774367015.4173377,100.0,1939.5625,0.0,0.0
1774367015.5481894,100.0,1939.5625,0.0,0.0
1774367015.6820235,71.8,1939.5625,0.0,0.0
1774367015.8139753,97.5,1939.5625,0.0,0.0
1774367015.949016,100.0,1939.5625,0.0,0.0
1774367016.0830128,77.5,1939.5625,0.0,0.0
1774367016.2155578,100.0,1939.5625,0.0,0.0
1774367016.349323,100.0,1939.5625,0.0,0.0
1774367016.4960287,77.5,1939.5625,0.0,0.0
1774367016.6268935,100.0,1939.5625,0.0,0.0
1774367016.7590258,100.0,1939.5625,0.0,0.0
1774367016.895217,75.6,1939.5625,0.0,0.0
1774367017.0378816,100.0,1939.5625,0.0,0.0
1774367017.170259,100.0,1939.5625,0.0,0.0
1774367017.3082802,76.2,1939.5625,0.0,0.0
1774367017.4389691,100.0,1939.5625,0.0,0.0
1774367017.5696998,100.0,1939.5625,0.0,0.0
1774367017.716327,80.0,1939.5625,0.0,0.0
1774367017.83293,100.0,1939.5625,0.0,0.0
1774367017.9627917,100.0,1939.5625,0.0,0.0
1774367018.0934715,78.6,1939.5625,0.0,0.0
1774367018.2395983,92.5,1939.5625,0.0,0.0
1774367018.3591561,100.0,1939.5625,0.0,0.0
1774367018.5063322,77.5,1939.5546875,0.0,0.0
1774367018.623824,80.0,1939.5546875,0.0,0.0
1774367018.7440495,25.6,1939.5546875,0.0,0.0
1774367018.8615363,20.5,1939.73828125,3.62890625,9.26171875
1774367018.9791837,17.1,1939.40625,8.8984375,0.0
1774367019.0969033,15.0,1939.58203125,9.69921875,0.0
1774367019.2142928,13.5,1938.9921875,8.8984375,0.0
1774367019.3321142,15.4,1938.89453125,9.69921875,0.0
1774367019.4497406,16.7,1938.96484375,8.6484375,0.0
1774367019.5672958,16.7,1938.8671875,9.69921875,0.0
1774367019.6843932,15.0,1938.91015625,8.7734375,0.0
1774367019.8022723,15.0,1938.9296875,9.57421875,0.0
1774367019.9193063,17.1,1938.85546875,8.8984375,0.0
1774367020.0370162,17.5,1939.09765625,9.69921875,0.0
1774367020.1545103,15.4,1938.8984375,8.7734375,0.0
1774367020.2723656,10.5,1938.78125,9.57421875,0.0
1774367020.3898878,15.4,1938.6796875,8.8984375,0.0
1774367020.5076084,15.0,1938.8359375,9.82421875,0.0
1774367020.625324,17.1,1938.8125,8.8984375,0.0
1774367020.7447677,14.6,1938.92578125,8.57421875,0.0
1774367020.8620167,2.6,1939.03125,1.21484375,0.0
1774367020.979947,15.0,1939.5078125,9.18359375,0.0
1774367021.0977037,12.5,1939.33203125,9.0859375,0.0
1774367021.2157052,22.0,1940.3125,9.51171875,0.0
1774367021.3335776,12.8,1940.5,8.8984375,0.0
1774367021.451701,14.6,1939.33203125,9.69921875,0.0
1774367021.569324,12.5,1939.48828125,8.8984375,0.0
1774367021.687628,17.1,1939.88671875,9.82421875,0.0
1774367021.805303,17.5,1939.92578125,8.8984375,0.0
1774367021.923114,12.8,1940.06640625,9.69921875,0.0
1774367022.0404515,19.0,1940.1015625,8.8984375,0.0
1774367022.158602,12.8,1939.8828125,9.57421875,0.0
1774367022.2760048,15.0,1940.0625,8.8984375,0.0
1774367022.3937507,17.9,1940.06640625,9.82421875,0.0
1774367022.5119522,17.5,1940.140625,8.8984375,0.0
1774367022.630142,14.6,1940.00390625,9.82421875,0.0
1774367022.7481403,15.0,1940.08984375,8.6484375,0.0
1774367022.8676977,24.4,1985.48828125,3.58984375,0.0
1774367022.9872446,29.3,2083.734375,0.0,0.0
1774367023.106357,25.0,2179.98046875,0.0,0.0
1774367023.2244134,23.1,2243.859375,3.484375,0.0
1774367023.3422928,13.2,2243.9296875,8.7734375,0.0
1774367023.4603348,17.9,2250.390625,5.96484375,0.0
1774367023.5781512,30.0,2304.63671875,0.0,0.0
1774367023.6981618,27.5,2344.43359375,0.0,0.0
1774367023.8185089,25.0,2385.671875,0.0,0.0
1774367023.9383044,29.3,2426.65234375,0.0,0.0
1774367024.0584939,29.3,2455.265625,0.0,0.0
1774367024.1786373,29.3,2489.125,0.0,0.0
1774367024.2990437,27.5,2522.3984375,0.0,0.0
1774367024.4172876,29.3,2229.1171875,0.0,0.0
1774367024.540647,25.6,1788.65234375,0.0,0.0
1774367024.664758,26.8,1890.87890625,0.0,0.0
1774367024.7888353,27.5,1991.37109375,0.0,0.0
1774367024.913344,30.0,2093.6171875,0.0,0.0
1774367025.035007,25.6,2163.51953125,0.0,0.0
1774367025.1559567,25.0,2199.51953125,0.0,0.0
1774367025.2865143,30.0,2227.421875,0.0,0.0
1774367025.4053986,27.5,2227.9140625,0.0,0.0
1774367025.5237179,25.0,2227.9140625,0.0,0.0
1774367025.6419935,25.6,2227.9140625,0.0,0.0
1774367025.760597,30.0,2227.9140625,0.0,0.0
1774367025.879622,25.0,2227.9140625,0.0,0.0
1774367025.9978962,25.0,2227.9140625,0.0,0.0
1774367026.1196861,28.2,2227.91796875,0.0,0.0
1774367026.2379146,29.3,2227.91796875,0.0,0.0
1774367026.3597488,26.8,2227.91796875,0.0,0.0
1774367026.4787514,25.6,2227.91796875,0.0,0.0
1774367026.5972385,31.0,2227.91796875,0.0,0.0
1774367026.7199132,25.6,2227.91796875,0.0,0.0
1774367026.8378139,26.8,2227.91796875,0.0,0.0
1774367026.9595754,27.5,2227.91796875,0.0,0.0
1774367027.0780702,25.6,2227.921875,0.0,0.0
1774367027.1962397,27.5,2227.921875,0.0,0.0
1774367027.314355,29.3,2227.921875,0.0,0.0
1774367027.4327857,29.3,2227.921875,0.0,0.0
1774367027.5548441,25.0,2228.16796875,0.0,0.0
1774367027.6730847,29.3,2228.16796875,0.0,0.0
1774367027.7915876,27.5,2228.16796875,0.0,0.0
1774367027.9091182,23.1,2134.796875,0.0,0.0
1774367028.0385714,85.0,2050.046875,0.0,0.0
1774367028.1611648,100.0,2049.953125,0.0,0.0
1774367028.2788181,90.2,2050.19921875,0.0,0.0
1774367028.4092665,41.5,2050.19921875,0.0,0.0
1774367028.5398908,100.0,2050.19921875,0.0,0.0
1774367028.6700873,95.0,2050.19921875,0.0,0.0
1774367028.8007278,100.0,2050.19921875,0.0,0.0
1774367028.9271398,100.0,2050.19921875,0.0,0.0
1774367029.0443614,31.7,2050.4453125,0.0,0.0
1774367029.161411,26.8,2050.4453125,0.0,0.0
1774367029.2782445,29.3,2050.4453125,0.0,0.0
1774367029.3955052,26.8,2050.4453125,0.0,0.0
1774367029.5125968,25.0,2050.4453125,0.0,0.0
1774367029.6294916,25.6,2050.4453125,0.0,0.0
1774367029.746666,27.5,2050.4453125,0.0,0.0
1774367029.8657389,26.8,2050.4453125,0.0,0.0
1774367029.9827402,25.0,2050.4453125,0.0,0.0
1774367030.1011107,29.3,2050.4453125,0.0,0.0
1774367030.2331784,70.0,2050.4453125,0.0,0.0
1774367030.364178,97.5,2050.4453125,0.0,0.0
1774367030.4945629,92.7,2050.4453125,0.0,0.0
1774367030.624342,100.0,2050.69140625,0.0,0.0
1774367030.7443016,82.1,2050.44921875,0.0,0.0
1774367030.876048,47.5,2050.44921875,0.0,0.0
1774367030.9936454,100.0,2050.44921875,0.0,0.0
1774367031.1199431,97.5,2050.4453125,0.0,0.0
1774367031.2495217,100.0,2050.4453125,0.0,0.0
1774367031.3754063,100.0,2050.4453125,0.0,0.0
1774367031.4974687,26.8,2050.4453125,0.0,0.0
1774367031.6146533,27.5,2050.4453125,0.0,0.0
1774367031.7544138,78.6,2050.69140625,0.0,0.0
1774367031.8876219,100.0,2050.69140625,0.0,0.0
1774367032.017639,82.9,2050.69140625,0.0,0.0
1774367032.1467533,100.0,2050.69140625,0.0,0.0
1774367032.2767155,100.0,2050.69140625,0.0,0.0
1774367032.3936193,100.0,2050.69140625,0.0,0.0
1774367032.5103133,25.6,2050.69140625,0.0,0.0
1774367032.6272533,27.5,2050.69140625,0.0,0.0
1774367032.7443354,25.0,2050.69140625,0.0,0.0
1774367032.861074,25.0,2050.69140625,0.0,0.0
1774367032.9780967,27.5,2050.69140625,0.0,0.0
1774367033.0949829,27.5,2050.69140625,0.0,0.0
1774367033.211654,25.6,2050.69140625,0.0,0.0
1774367033.32817,29.3,2050.69140625,0.0,0.0
1774367033.4455166,27.5,2050.69140625,0.0,0.0
1774367033.5623453,25.0,2050.69140625,0.0,0.0
1774367033.6789489,27.5,2050.69140625,0.0,0.0
1774367033.7962773,29.3,2050.69140625,0.0,0.0
1774367033.9135685,25.0,2050.69140625,0.0,0.0
1774367034.030346,25.0,2050.69140625,0.0,0.0
1774367034.1474128,26.8,2050.69140625,0.0,0.0
1774367034.2643182,25.6,2050.69140625,0.0,0.0
1774367034.381152,25.0,2050.69140625,0.0,0.0
1774367034.4976597,27.5,2050.69140625,0.0,0.0
1774367034.6144881,27.5,2050.69140625,0.0,0.0
1774367034.7313652,27.5,2050.69140625,0.0,0.0
1774367034.8480244,27.5,2050.69140625,0.0,0.0
1774367034.9649255,27.5,2050.69140625,0.0,0.0
1774367035.0821857,25.0,2050.69140625,0.0,0.0
1774367035.1991127,25.6,2050.69140625,0.0,0.0
1774367035.327675,40.5,2050.9375,0.0,0.0
1774367035.5417485,67.5,2050.9375,0.0,0.0
1774367035.667322,74.4,2050.9375,0.0,0.0
1774367035.7970226,100.0,2050.9375,0.0,0.0
1774367035.9269345,100.0,2050.9375,0.0,0.0
1774367036.0444906,100.0,2050.9375,0.0,0.0
1774367036.1625147,25.6,2050.9375,0.0,0.0
1774367036.2798185,26.8,2050.9375,0.0,0.0
1774367036.4192336,72.5,2050.9375,0.0,0.0
1774367036.5519903,100.0,2050.9375,0.0,0.0
1774367036.6822524,92.3,2050.9375,0.0,0.0
1774367036.7998002,100.0,2050.9375,0.0,0.0
1774367036.9174159,80.5,2050.9375,0.0,0.0
1774367037.0492346,50.0,2050.9375,0.0,0.0
1774367037.1698632,100.0,2050.9375,0.0,0.0
1774367037.2997193,100.0,2050.9375,0.0,0.0
1774367037.4303937,100.0,2050.9375,0.0,0.0
1774367037.5469563,100.0,2050.9375,0.0,0.0
1774367037.6643915,31.0,2050.9375,0.0,0.0
1774367037.7812898,25.6,2050.9375,0.0,0.0
1774367037.897893,25.6,2050.9375,0.0,0.0
1774367038.014787,25.6,2050.9375,0.0,0.0
1774367038.131551,26.8,2050.9375,0.0,0.0
1774367038.2481701,27.5,2050.9375,0.0,0.0
1774367038.364966,25.6,2050.9375,0.0,0.0
1774367038.4822493,25.6,2050.9375,0.0,0.0
1774367038.5989926,25.0,2050.9375,0.0,0.0
1774367038.715613,31.0,2050.9375,0.0,0.0
1774367038.8324535,27.5,2050.9375,0.0,0.0
1774367038.9491627,25.0,2050.9375,0.0,0.0
1774367039.0658438,29.3,2050.9375,0.0,0.0
1774367039.1826756,25.6,2050.9375,0.0,0.0
1774367039.2994864,28.6,2050.9375,0.0,0.0
1774367039.416135,27.5,2050.9375,0.0,0.0
1774367039.5330427,25.6,2050.9375,0.0,0.0
1774367039.650251,25.0,2050.9375,0.0,0.0
1774367039.766971,25.0,2050.9375,0.0,0.0
1774367039.8833919,31.0,2050.9375,0.0,0.0
1774367040.015255,62.5,2050.9375,0.0,0.0
1774367040.154753,97.6,2050.9375,0.0,0.0
1774367040.2843795,92.7,2050.9375,0.0,0.0
1774367040.4018407,100.0,2050.9375,0.0,0.0
1774367040.519233,100.0,2050.9375,0.0,0.0
1774367040.6539931,28.2,2050.9375,0.0,0.0
1774367040.7853255,100.0,2050.9375,0.0,0.0
1774367040.9032745,37.5,2050.9375,0.0,0.0
1774367041.0334332,45.0,1599.99609375,0.0,0.0
1774367041.1638944,100.0,1600.20703125,0.0,0.0
1774367041.2899692,100.0,1599.96484375,0.0,0.0
1774367041.4262927,77.5,1599.9609375,0.0,0.0
1774367041.5564454,100.0,1599.9609375,0.0,0.0
1774367041.6886442,100.0,1599.9609375,0.0,0.0
1774367041.8214176,82.5,1599.9609375,0.0,0.0
1774367041.9513023,100.0,1599.9609375,0.0,0.0
1774367042.0812874,100.0,1599.9609375,0.0,0.0
1774367042.215364,77.5,1599.9609375,0.0,0.0
1774367042.3523908,97.6,1599.9609375,0.0,0.0
1774367042.4823458,100.0,1599.9609375,0.0,0.0
1774367042.6160827,73.8,1599.9609375,0.0,0.0
1774367042.7427251,94.9,1599.9609375,0.0,0.0
1774367042.8700418,100.0,1599.9609375,0.0,0.0
1774367043.0015485,81.0,1599.9609375,0.0,0.0
1774367043.1329913,92.5,1599.9609375,0.0,0.0
1774367043.2631702,100.0,1599.9609375,0.0,0.0
1774367043.3949986,90.2,1599.9609375,0.0,0.0
1774367043.5258713,97.6,1599.9609375,0.0,0.0
1774367043.6570463,100.0,1599.9609375,0.0,0.0
1774367043.776721,90.0,1599.9609375,0.0,0.0
1774367043.9269943,92.5,1599.9609375,0.0,0.0
1774367044.0580535,100.0,1599.9609375,0.0,0.0
1774367044.1891072,92.5,1599.9609375,0.0,0.0
1774367044.3118942,97.4,1599.9609375,0.0,0.0
1774367044.4344351,100.0,1600.20703125,0.0,0.0
1774367044.5575764,100.0,1600.20703125,0.0,0.0
1774367044.701003,75.0,1600.20703125,0.0,0.0
1774367044.8185573,41.0,1600.20703125,0.0,0.0
1774367044.9363267,23.8,1600.47265625,4.41015625,6.07421875
1774367045.0538769,14.6,1600.5234375,8.7734375,0.0
1774367045.171474,12.8,1600.5390625,9.69921875,0.0
1774367045.2888749,17.5,1600.58203125,8.7734375,0.0
1774367045.4069545,15.0,1600.3515625,9.82421875,0.0
1774367045.5241585,15.4,1600.5,8.8984375,0.0
1774367045.6415334,15.4,1600.421875,9.57421875,0.0
1774367045.7591648,17.1,1600.33203125,8.7734375,0.0
1774367045.8767343,15.0,1600.35546875,9.82421875,0.0
1774367045.9941623,15.4,1600.4140625,8.5234375,0.0
1774367046.1120656,17.1,1599.7734375,9.69921875,0.0
1774367046.2300122,14.6,1599.671875,8.8984375,0.0
1774367046.3475494,16.7,1599.58203125,9.7890625,0.0
1774367046.4652421,17.5,1599.48046875,8.93359375,0.0
1774367046.5830557,12.8,1599.63671875,9.2890625,0.0
1774367046.7007186,16.7,1599.04296875,9.30859375,0.0
1774367046.818223,19.5,1599.81640625,8.9609375,0.0
1774367046.9362526,17.1,1600.65234375,9.38671875,0.0
1774367047.0536454,13.2,1600.52734375,8.8359375,0.0
1774367047.1711528,15.0,1600.3046875,9.51171875,0.0
1774367047.2889018,17.5,1600.24609375,8.7109375,0.0
1774367047.406683,10.3,1600.3125,9.63671875,0.0
1774367047.5234923,12.5,1600.06640625,8.5390625,0.0
1774367047.641295,17.9,1599.93359375,8.93359375,0.0
1774367047.7588394,17.1,1600.49609375,9.2890625,0.0
1774367047.8764362,16.7,1600.4375,9.30859375,0.0
1774367047.993815,15.4,1600.55859375,8.9609375,0.0
1774367048.1116736,15.4,1600.69921875,9.63671875,0.0
1774367048.2291813,14.6,1600.51171875,8.8984375,0.0
1774367048.3468218,15.0,1600.55859375,9.69921875,0.0
1774367048.4643958,17.5,1600.2421875,8.8984375,0.0
1774367048.5822594,15.0,1600.26953125,9.69921875,0.0
1774367048.6995444,17.1,1600.6796875,8.7734375,0.0
1774367048.8188217,22.0,1631.9765625,5.08984375,0.0
1774367048.938242,28.6,1732.22265625,0.0,0.0
1774367049.057527,25.0,1828.46875,0.0,0.0
1774367049.1750324,26.8,1904.4375,2.609375,0.0
1774367049.2926834,15.4,1904.55078125,9.5390625,0.0
1774367049.4109373,17.5,1908.3515625,6.07421875,0.0
1774367049.5285418,30.0,1958.59765625,0.0,0.0
1774367049.646636,27.5,2010.59765625,0.0,0.0
1774367049.7649047,26.8,2060.59765625,0.0,0.0
1774367049.8849256,27.5,2097.375,0.0,0.0
1774367050.0053947,30.0,2136.9375,0.0,0.0
1774367050.1261227,27.5,2174.8515625,0.0,0.0
1774367050.2448678,27.5,2202.37109375,0.0,0.0
1774367050.365993,27.5,1599.453125,0.0,0.0
1774367050.4901612,29.3,1701.62109375,0.0,0.0
1774367050.6143937,26.8,1803.8671875,0.0,0.0
1774367050.7378953,29.3,1903.8671875,0.0,0.0
1774367050.8579829,28.2,1993.0390625,0.0,0.0
1774367050.995218,25.0,2041.8984375,0.0,0.0
1774367051.1141498,27.5,2045.58984375,0.0,0.0
1774367051.232389,28.2,2046.08203125,0.0,0.0
1774367051.3507686,30.0,2046.08203125,0.0,0.0
1774367051.468997,26.8,2046.08203125,0.0,0.0
1774367051.5871205,29.3,2046.08203125,0.0,0.0
1774367051.705509,31.0,2046.08203125,0.0,0.0
1774367051.8242626,25.0,2046.08203125,0.0,0.0
1774367051.9430046,25.6,2046.08203125,0.0,0.0
1774367052.0651166,29.3,2046.08203125,0.0,0.0
1774367052.1836646,29.3,2046.08203125,0.0,0.0
1774367052.3055513,25.0,2046.08203125,0.0,0.0
1774367052.4238782,28.2,2046.08203125,0.0,0.0
1774367052.5421102,27.5,2046.08203125,0.0,0.0
1774367052.6643434,25.0,2046.08203125,0.0,0.0
1774367052.782653,27.5,2046.08203125,0.0,0.0
1774367052.9050574,27.5,2046.328125,0.0,0.0
1774367053.0231576,25.6,2046.328125,0.0,0.0
1774367053.145022,26.8,2046.328125,0.0,0.0
1774367053.262917,30.0,2046.328125,0.0,0.0
1774367053.3827994,29.3,2046.328125,0.0,0.0
1774367053.5049398,29.3,2046.57421875,0.0,0.0
1774367053.6228635,28.2,2046.57421875,0.0,0.0
1774367053.7403152,31.0,1856.2109375,0.0,0.0
1774367053.8693311,85.0,1798.828125,0.0,0.0
1774367053.998382,100.0,1798.828125,0.0,0.0
1774367054.1151161,85.0,1798.80859375,0.0,0.0
1774367054.2530873,36.6,1798.80859375,0.0,0.0
1774367054.3840048,100.0,1798.80859375,0.0,0.0
1774367054.5125434,97.4,1798.80859375,0.0,0.0
1774367054.6443658,100.0,1798.80859375,0.0,0.0
1774367054.7735002,100.0,1798.80859375,0.0,0.0
1774367054.8903716,31.7,1798.80859375,0.0,0.0
1774367055.0075343,27.5,1798.80859375,0.0,0.0
1774367055.127395,25.0,1798.80859375,0.0,0.0
1774367055.244415,25.0,1798.80859375,0.0,0.0
1774367055.36245,27.5,1798.80078125,0.0,0.0
1774367055.479422,27.5,1798.80078125,0.0,0.0
1774367055.5963995,25.0,1798.80078125,0.0,0.0
1774367055.7133095,27.5,1798.80078125,0.0,0.0
1774367055.8302727,27.5,1798.80078125,0.0,0.0
1774367055.949061,25.0,1798.80078125,0.0,0.0
1774367056.066,28.6,1798.80078125,0.0,0.0
1774367056.1841502,25.6,1798.80078125,0.0,0.0
1774367056.301018,26.8,1798.80078125,0.0,0.0
1774367056.417934,25.6,1798.80078125,0.0,0.0
1774367056.5445082,46.2,1798.80078125,0.0,0.0
1774367056.6953099,95.0,1798.80078125,0.0,0.0
1774367056.8476708,90.0,1798.80078125,0.0,0.0
1774367056.9769995,100.0,1798.80078125,0.0,0.0
1774367057.0945797,87.5,1799.046875,0.0,0.0
1774367057.2256975,41.5,1799.046875,0.0,0.0
1774367057.352148,100.0,1799.046875,0.0,0.0
1774367057.4749522,97.5,1799.046875,0.0,0.0
1774367057.6035917,100.0,1799.046875,0.0,0.0
1774367057.7335851,100.0,1798.8046875,0.0,0.0
1774367057.8504748,27.5,1798.8046875,0.0,0.0
1774367057.967925,27.5,1798.8046875,0.0,0.0
1774367058.1276484,75.6,1798.8046875,0.0,0.0
1774367058.24754,100.0,1798.80078125,0.0,0.0
1774367058.3778849,85.4,1798.80078125,0.0,0.0
1774367058.5037432,100.0,1798.80078125,0.0,0.0
1774367058.6337955,100.0,1798.80078125,0.0,0.0
1774367058.763011,100.0,1798.80078125,0.0,0.0
1774367058.879942,25.0,1798.80078125,0.0,0.0
1774367058.9970217,31.7,1799.01953125,0.0,0.0
1774367059.1142995,27.5,1799.01171875,0.0,0.0
1774367059.233589,25.0,1799.01171875,0.0,0.0
1774367059.350678,25.6,1799.01171875,0.0,0.0
1774367059.468791,29.3,1799.01171875,0.0,0.0
1774367059.5859215,25.6,1799.01171875,0.0,0.0
1774367059.703044,25.6,1799.01171875,0.0,0.0
1774367059.8199325,27.5,1799.01171875,0.0,0.0
1774367059.9371448,27.5,1799.01171875,0.0,0.0
1774367060.0561254,25.0,1799.01171875,0.0,0.0
1774367060.1732278,27.5,1799.01171875,0.0,0.0
1774367060.291424,29.3,1799.01171875,0.0,0.0
1774367060.408569,25.0,1799.01171875,0.0,0.0
1774367060.525668,25.0,1799.01171875,0.0,0.0
1774367060.6425579,25.6,1799.01171875,0.0,0.0
1774367060.7598293,31.0,1799.2578125,0.0,0.0
1774367060.876922,25.0,1799.2578125,0.0,0.0
1774367061.0083468,55.3,1799.2578125,0.0,0.0
1774367061.1901526,79.5,1799.2578125,0.0,0.0
1774367061.3202302,69.2,1799.2578125,0.0,0.0
1774367061.4371946,100.0,1799.2578125,0.0,0.0
1774367061.565222,100.0,1799.2578125,0.0,0.0
1774367061.6831057,100.0,1799.2578125,0.0,0.0
1774367061.8005056,26.8,1799.2578125,0.0,0.0
1774367061.9177392,25.6,1799.2578125,0.0,0.0
1774367062.1097367,80.0,1799.2578125,0.0,0.0
1774367062.2404242,90.0,1799.265625,0.0,0.0
1774367062.3705332,100.0,1799.265625,0.0,0.0
1774367062.4873238,100.0,1799.265625,0.0,0.0
1774367062.6111703,25.0,1799.28125,0.0,0.0
1774367062.7514253,92.7,1799.28125,0.0,0.0
1774367062.894769,92.3,1799.28125,0.0,0.0
1774367063.0258389,100.0,1799.28125,0.0,0.0
1774367063.156563,100.0,1799.265625,0.0,0.0
1774367063.274218,60.0,1799.54296875,0.0,0.0
1774367063.391844,25.6,1799.54296875,0.0,0.0
1774367063.509237,25.0,1799.54296875,0.0,0.0
1774367063.6371148,29.3,1799.54296875,0.0,0.0
1774367063.8138542,92.5,1799.7890625,0.0,0.0
1774367063.9442492,85.4,1799.7890625,0.0,0.0
1774367064.061954,100.0,1799.7890625,0.0,0.0
1774367064.1916342,100.0,1799.7890625,0.0,0.0
1774367064.3227131,26.3,1799.7890625,0.0,0.0
1774367064.4593198,100.0,1799.3046875,0.0,0.0
1774367064.5902812,42.5,1799.30078125,0.0,0.0
1774367064.710552,31.0,1349.8671875,0.0,0.0
1774367064.8362057,95.0,1349.625,0.0,0.0
1774367064.966128,100.0,1349.625,0.0,0.0
1774367065.0830817,72.5,1349.625,0.0,0.0
1774367065.209099,85.4,1349.6171875,0.0,0.0
1774367065.3343086,100.0,1349.6171875,0.0,0.0
1774367065.4599674,100.0,1349.6171875,0.0,0.0
1774367065.5936947,82.1,1349.86328125,0.0,0.0
1774367065.7240267,100.0,1349.86328125,0.0,0.0
1774367065.8559487,100.0,1349.86328125,0.0,0.0
1774367065.9907975,80.0,1349.86328125,0.0,0.0
1774367066.1128583,100.0,1349.86328125,0.0,0.0
1774367066.2447867,100.0,1349.86328125,0.0,0.0
1774367066.3778088,80.5,1349.62109375,0.0,0.0
1774367066.5081732,100.0,1349.62109375,0.0,0.0
1774367066.6343143,100.0,1349.62109375,0.0,0.0
1774367066.7675989,75.6,1349.62109375,0.0,0.0
1774367066.9003422,95.0,1349.62109375,0.0,0.0
1774367067.0318408,100.0,1349.62109375,0.0,0.0
1774367067.1658688,80.5,1349.6171875,0.0,0.0
1774367067.2828245,97.5,1349.6171875,0.0,0.0
1774367067.4123182,100.0,1349.6171875,0.0,0.0
1774367067.553819,80.0,1349.6171875,0.0,0.0
1774367067.68653,95.2,1349.375,0.0,0.0
1774367067.8066475,100.0,1349.375,0.0,0.0
1774367067.936055,85.4,1349.375,0.0,0.0
1774367068.068341,94.9,1349.375,0.0,0.0
1774367068.1996486,100.0,1349.37109375,0.0,0.0
1774367068.3189647,89.7,1349.37109375,0.0,0.0
1774367068.449579,90.2,1349.37109375,0.0,0.0
1774367068.5681458,32.5,1349.37109375,0.015625,0.0
1774367068.6858928,20.5,1349.08984375,6.0234375,6.07421875
1774367068.8037403,17.5,1348.828125,8.5234375,0.0
1774367068.9213445,13.2,1348.984375,9.69921875,0.0
1774367069.0389848,17.9,1349.49609375,8.8984375,0.0
1774367069.1569865,15.4,1348.2421875,9.4140625,0.0
1774367069.2745793,15.0,1347.84765625,9.05859375,0.0
1774367069.3920302,20.0,1348.25,9.1796875,0.0
1774367069.5097225,15.4,1348.12890625,9.41796875,0.0
1774367069.6274185,15.0,1348.11328125,8.8359375,0.0
1774367069.7450166,12.8,1348.25390625,9.63671875,0.0
1774367069.8627622,15.4,1347.859375,8.7734375,0.0
1774367069.980581,15.4,1348.1640625,9.82421875,0.0
1774367070.097956,14.6,1347.66015625,8.7734375,0.0
1774367070.215554,12.8,1347.8046875,9.69921875,0.0
1774367070.3330202,10.5,1347.84765625,8.7734375,0.0
1774367070.4505763,12.8,1347.8671875,9.82421875,0.0
1774367070.5676963,13.2,1348.03125,8.7734375,0.0
1774367070.685489,17.5,1348.046875,9.69921875,0.0
1774367070.802815,12.8,1348.09765625,8.8984375,0.0
1774367070.9204197,12.8,1348.1015625,9.82421875,0.0
1774367071.038402,15.4,1348.046875,8.8984375,0.0
1774367071.1562765,13.2,1348.03515625,9.69921875,0.0
1774367071.2737477,12.8,1348.01171875,9.0234375,0.0
1774367071.3911996,12.8,1347.84375,9.5390625,0.0
1774367071.5089808,13.2,1347.8203125,8.93359375,0.0
1774367071.6264684,10.5,1347.90234375,9.2890625,0.0
1774367071.7440128,20.0,1347.51953125,9.30859375,0.0
1774367071.8668852,12.8,1348.2109375,9.1484375,0.0
1774367071.984421,12.5,1348.609375,9.69921875,0.0
1774367072.1014717,12.5,1349.01171875,8.8984375,0.0
1774367072.2188847,15.0,1348.6640625,9.69921875,0.0
1774367072.3359795,17.1,1348.70703125,8.7734375,0.0
1774367072.4532578,14.6,1348.60546875,9.69921875,0.0
1774367072.5720758,27.5,1408.30859375,1.58984375,0.0
1774367072.6913428,27.5,1502.5546875,0.0,0.0
1774367072.8101041,25.0,1602.80078125,0.0,0.0
1774367072.9273515,22.0,1658.5078125,5.609375,0.0
1774367073.0450423,17.9,1665.5703125,8.7734375,0.0
1774367073.1629534,17.9,1703.57421875,3.83984375,0.0
1774367073.2805233,27.5,1758.06640625,0.0,0.0
1774367073.3999062,28.2,1799.203125,0.0,0.0
1774367073.5196388,27.5,1840.81640625,0.0,0.0
1774367073.6395574,26.8,1879.078125,0.0,0.0
1774367073.7589684,27.5,1914.796875,0.0,0.0
1774367073.8788137,28.2,1950.66796875,0.0,0.0
1774367073.9986615,30.2,1985.6640625,0.0,0.0
1774367074.123192,31.0,1409.29296875,0.0,0.0
1774367074.2465582,27.5,1511.66015625,0.0,0.0
1774367074.3701186,29.3,1611.8984375,0.0,0.0
1774367074.4936366,28.6,1712.14453125,0.0,0.0
1774367074.6175718,27.5,1814.390625,0.0,0.0
1774367074.748605,28.2,1851.375,0.0,0.0
1774367074.8669088,25.0,1851.375,0.0,0.0
1774367074.9848437,29.3,1851.375,0.0,0.0
1774367075.1031706,27.5,1851.48828125,0.0,0.0
1774367075.2213402,25.0,1851.734375,0.0,0.0
1774367075.3394017,27.5,1851.734375,0.0,0.0
1774367075.457641,25.6,1851.734375,0.0,0.0
1774367075.5787835,25.6,1851.734375,0.0,0.0
1774367075.696528,27.5,1851.734375,0.0,0.0
1774367075.817784,28.2,1851.734375,0.0,0.0
1774367075.9362295,27.5,1851.734375,0.0,0.0
1774367076.0540948,25.6,1851.734375,0.0,0.0
1774367076.1752427,28.2,1851.734375,0.0,0.0
1774367076.2930598,27.5,1851.734375,0.0,0.0
1774367076.414624,25.0,1851.734375,0.0,0.0
1774367076.5323718,28.6,1852.2265625,0.0,0.0
1774367076.6540258,27.5,1852.2265625,0.0,0.0
1774367076.771728,27.5,1852.2265625,0.0,0.0
1774367076.890644,25.6,1852.2265625,0.0,0.0
1774367077.0119789,29.3,1852.2265625,0.0,0.0
1774367077.1302042,25.6,1871.45703125,0.0,0.0
1774367077.25203,26.8,1889.45703125,0.0,0.0
1774367077.370933,25.6,1904.109375,0.0,0.0
1774367077.4960237,61.0,1912.4375,0.0,0.0
1774367077.6263247,100.0,1912.4375,0.0,0.0
1774367077.743359,100.0,1912.9296875,0.0,0.0
1774367077.8606312,35.9,1913.41796875,0.0,0.0
1774367078.010305,90.2,1913.41796875,0.0,0.0
1774367078.136091,94.9,1913.37109375,0.0,0.0
1774367078.2655375,97.4,1913.37109375,0.0,0.0
1774367078.3950186,100.0,1913.37109375,0.0,0.0
1774367078.5115247,81.0,1913.6171875,0.0,0.0
1774367078.6277733,27.5,1913.6171875,0.0,0.0
1774367078.7443233,25.6,1913.6171875,0.0,0.0
1774367078.8607612,27.5,1913.6171875,0.0,0.0
1774367078.9769933,29.3,1913.6171875,0.0,0.0
1774367079.0934718,27.5,1913.6171875,0.0,0.0
1774367079.2101471,25.0,1913.6171875,0.0,0.0
1774367079.326623,27.5,1913.6171875,0.0,0.0
1774367079.4433398,27.5,1913.6171875,0.0,0.0
1774367079.5598774,26.8,1913.6171875,0.0,0.0
1774367079.6762822,25.0,1913.6171875,0.0,0.0
1774367079.792437,29.3,1913.6171875,0.0,0.0
1774367079.9089565,25.6,1913.6171875,0.0,0.0
1774367080.0253346,25.0,1913.6171875,0.0,0.0
1774367080.1415906,29.3,1913.6171875,0.0,0.0
1774367080.2581697,27.5,1913.6171875,0.0,0.0
1774367080.374638,25.0,1913.6171875,0.0,0.0
1774367080.490902,27.5,1913.6171875,0.0,0.0
1774367080.6074672,31.0,1913.6171875,0.0,0.0
1774367080.7242517,26.8,1913.6171875,0.0,0.0
1774367080.8405712,25.6,1913.6171875,0.0,0.0
1774367080.9895244,84.6,1913.6171875,0.0,0.0
1774367081.1344118,97.9,1913.6171875,0.0,0.0
1774367081.2633471,100.0,1913.6171875,0.0,0.0
1774367081.3928838,100.0,1913.6171875,0.0,0.0
1774367081.510012,45.0,1913.6171875,0.0,0.0
1774367081.6701581,82.9,1913.6171875,0.0,0.0
1774367081.7997363,97.5,1913.6171875,0.0,0.0
1774367081.929915,100.0,1913.6171875,0.0,0.0
1774367082.0594575,100.0,1913.6171875,0.0,0.0
1774367082.176325,42.5,1913.6171875,0.0,0.0
1774367082.2930775,29.3,1913.6171875,0.0,0.0
1774367082.419308,58.5,1913.86328125,0.0,0.0
1774367082.5534732,100.0,1913.86328125,0.0,0.0
1774367082.6831942,75.6,1913.86328125,0.0,0.0
1774367082.8097608,100.0,1913.86328125,0.0,0.0
1774367082.9389927,100.0,1913.86328125,0.0,0.0
1774367083.0637984,100.0,1913.86328125,0.0,0.0
1774367083.1805305,66.7,1913.875,0.0,0.0
1774367083.2973692,25.0,1913.875,0.0,0.0
1774367083.4137986,26.8,1913.875,0.0,0.0
1774367083.5305767,29.3,1913.875,0.0,0.0
1774367083.647061,25.0,1913.875,0.0,0.0
1774367083.7635562,27.5,1913.875,0.0,0.0
1774367083.8797681,29.3,1913.875,0.0,0.0
1774367083.996388,27.5,1913.875,0.0,0.0
1774367084.1128852,26.8,1913.875,0.0,0.0
1774367084.229195,27.5,1914.12109375,0.0,0.0
1774367084.345833,27.5,1914.12109375,0.0,0.0
1774367084.4625108,25.0,1914.12109375,0.0,0.0
1774367084.5789871,27.5,1914.12109375,0.0,0.0
1774367084.695619,29.3,1914.12109375,0.0,0.0
1774367084.8121622,26.8,1914.12109375,0.0,0.0
1774367084.928658,25.6,1914.12109375,0.0,0.0
1774367085.0448887,29.3,1914.12109375,0.0,0.0
1774367085.1614277,25.6,1914.12109375,0.0,0.0
1774367085.2779598,26.8,1914.12109375,0.0,0.0
1774367085.3942628,29.3,1914.13671875,0.0,0.0
1774367085.5108464,27.5,1914.13671875,0.0,0.0
1774367085.627518,26.8,1914.13671875,0.0,0.0
1774367085.7439566,29.3,1914.13671875,0.0,0.0
1774367085.8774633,35.0,1914.13671875,0.0,0.0
1774367086.0564463,75.0,1914.13671875,0.0,0.0
1774367086.1758544,90.2,1914.13671875,0.0,0.0
1774367086.3061156,87.8,1914.13671875,0.0,0.0
1774367086.4353135,100.0,1914.13671875,0.0,0.0
1774367086.5648549,100.0,1914.13671875,0.0,0.0
1774367086.6817527,27.5,1914.13671875,0.0,0.0
1774367086.798751,27.5,1914.13671875,0.0,0.0
1774367086.923171,78.0,1914.13671875,0.0,0.0
1774367087.0682664,100.0,1914.13671875,0.0,0.0
1774367087.1976762,95.0,1914.13671875,0.0,0.0
1774367087.323592,100.0,1914.13671875,0.0,0.0
1774367087.440805,72.5,1914.13671875,0.0,0.0
1774367087.6176515,57.5,1914.13671875,0.0,0.0
1774367087.7477725,97.4,1914.13671875,0.0,0.0
1774367087.878154,100.0,1914.13671875,0.0,0.0
1774367088.0071383,100.0,1914.13671875,0.0,0.0
1774367088.1240559,75.0,1914.16015625,0.0,0.0
1774367088.2405596,26.8,1914.16015625,0.0,0.0
1774367088.3570542,27.5,1914.16015625,0.0,0.0
1774367088.4732535,25.6,1914.16015625,0.0,0.0
1774367088.589805,26.8,1914.16015625,0.0,0.0
1774367088.706315,25.0,1914.16015625,0.0,0.0
1774367088.8224995,29.3,1914.16015625,0.0,0.0
1774367088.9390054,27.5,1914.16015625,0.0,0.0
1774367089.0555024,26.8,1914.16015625,0.0,0.0
1774367089.171785,25.6,1914.16015625,0.0,0.0
1774367089.2883697,27.5,1914.16015625,0.0,0.0
1774367089.4054344,25.0,1914.16015625,0.0,0.0
1774367089.5217826,25.6,1914.16015625,0.0,0.0
1774367089.6379328,26.3,1914.16015625,0.0,0.0
1774367089.7543817,27.5,1914.16015625,0.0,0.0
1774367089.8707876,26.8,1914.16015625,0.0,0.0
1774367089.986954,29.3,1914.16015625,0.0,0.0
1774367090.103482,29.3,1914.16015625,0.0,0.0
1774367090.2199264,26.8,1914.16015625,0.0,0.0
1774367090.3361707,27.5,1914.16015625,0.0,0.0
1774367090.468023,57.5,1914.16015625,0.0,0.0
1774367090.6041322,97.5,1914.16015625,0.0,0.0
1774367090.7340589,87.5,1914.16015625,0.0,0.0
1774367090.8638694,100.0,1914.16015625,0.0,0.0
1774367090.981413,100.0,1914.16015625,0.0,0.0
1774367091.1216044,26.8,1914.16015625,0.0,0.0
1774367091.252533,100.0,1914.16015625,0.0,0.0
1774367091.373152,42.5,1914.16015625,0.0,0.0
1774367091.5058877,53.8,1464.46484375,0.0,0.0
1774367091.632584,100.0,1464.46484375,0.0,0.0
1774367091.7674909,82.9,1464.46484375,0.0,0.0
1774367091.9005408,97.5,1464.46484375,0.0,0.0
1774367092.0334408,100.0,1464.46484375,0.0,0.0
1774367092.158773,72.5,1464.4375,0.0,0.0
1774367092.290261,88.4,1464.4375,0.0,0.0
1774367092.4206257,100.0,1464.4375,0.0,0.0
1774367092.5401862,100.0,1464.4375,0.0,0.0
1774367092.6792226,85.0,1464.4375,0.0,0.0
1774367092.809356,100.0,1464.4375,0.0,0.0
1774367092.9412222,100.0,1464.4375,0.0,0.0
1774367093.077373,82.9,1464.4375,0.0,0.0
1774367093.207276,100.0,1464.4375,0.0,0.0
1774367093.3384986,100.0,1464.4375,0.0,0.0
1774367093.4754267,80.5,1464.4375,0.0,0.0
1774367093.5975213,100.0,1464.4375,0.0,0.0
1774367093.727818,100.0,1464.4375,0.0,0.0
1774367093.8616211,80.5,1464.4375,0.0,0.0
1774367093.9929903,100.0,1464.4375,0.0,0.0
1774367094.109447,100.0,1464.4375,0.0,0.0
1774367094.236659,78.0,1464.4375,0.0,0.0
1774367094.3552136,90.0,1464.4375,0.0,0.0
1774367094.5006802,100.0,1464.4375,0.0,0.0
1774367094.6197186,87.5,1464.4375,0.0,0.0
1774367094.7563198,87.2,1464.4375,0.0,0.0
1774367094.8862138,100.0,1464.4375,0.0,0.0
1774367095.0221448,100.0,1464.4375,0.0,0.0
1774367095.1552415,76.9,1464.4375,0.0,0.0
1774367095.2718704,41.0,1464.4375,0.0,0.0
1774367095.3889217,28.6,1463.67578125,1.41015625,6.07421875
1774367095.5063808,17.1,1463.65625,9.53125,0.0
1774367095.623195,15.0,1464.4375,8.7734375,0.0
1774367095.740391,19.5,1464.8203125,9.82421875,0.0
1774367095.85747,15.4,1464.875,8.7734375,0.0
1774367095.9747195,14.6,1464.6328125,9.69921875,0.0
1774367096.0919871,19.5,1464.69921875,8.8984375,0.0
1774367096.2093134,17.5,1464.5703125,9.57421875,0.0
1774367096.327041,15.0,1465.26171875,8.8984375,0.0
1774367096.444324,14.6,1465.36328125,9.69921875,0.0
1774367096.5615406,17.1,1465.33203125,8.8984375,0.0
1774367096.6790588,15.0,1465.9140625,9.4140625,0.0
1774367096.7963126,19.0,1465.73046875,9.05859375,0.0
1774367096.9134746,15.4,1465.8515625,9.1796875,0.0
1774367097.030949,17.1,1465.83984375,9.41796875,0.0
1774367097.1480393,12.5,1465.90625,8.8359375,0.0
1774367097.2652342,12.8,1465.84375,9.76171875,0.0
1774367097.3825254,17.1,1465.96484375,8.7734375,0.0
1774367097.5003123,14.6,1466.02734375,9.82421875,0.0
1774367097.6171513,12.8,1466.0625,8.7734375,0.0
1774367097.7342083,17.5,1466.08203125,9.69921875,0.0
1774367097.8513644,13.2,1466.00390625,8.7734375,0.0
1774367097.9686484,15.0,1466.01953125,9.69921875,0.0
1774367098.0857265,19.5,1466.4375,8.7734375,0.0
1774367098.2032003,12.8,1466.328125,9.69921875,0.0
1774367098.3199742,17.1,1466.37890625,8.7734375,0.0
1774367098.437732,21.4,1466.84375,9.69921875,0.0
1774367098.555074,17.5,1466.98828125,8.7734375,0.0
1774367098.6730263,12.5,1466.6328125,9.82421875,0.0
1774367098.7901926,15.0,1466.65625,8.7734375,0.0
1774367098.907701,17.5,1466.796875,9.82421875,0.0
1774367099.0257173,15.4,1467.10546875,8.8984375,0.0
1774367099.1430771,12.5,1467.046875,9.5390625,0.0
1774367099.2617428,21.4,1484.34765625,6.07421875,0.0
1774367099.380895,27.5,1580.34765625,0.0,0.0
1774367099.4997172,25.6,1680.59375,0.0,0.0
1774367099.6206484,34.1,1740.42578125,0.0,0.0
1774367099.7390866,27.5,1767.83203125,5.734375,0.0
1774367099.858167,17.5,1768.01171875,8.8984375,0.0
1774367099.9776506,20.5,1778.53125,3.58984375,0.0
1774367100.0979922,29.3,1806.96484375,0.0,0.0
1774367100.21778,30.0,1840.2265625,0.0,0.0
1774367100.3376703,25.0,1874.90234375,0.0,0.0
1774367100.4575887,29.3,1909.31640625,0.0,0.0
1774367100.5776045,28.2,1945.28125,0.0,0.0
1774367100.6975245,26.8,1981.71484375,0.0,0.0
1774367100.8174808,25.6,2017.203125,0.0,0.0
1774367100.9376078,29.3,2052.1953125,0.0,0.0
1774367101.056008,27.5,1656.94140625,0.0,0.0
1774367101.1787908,29.3,1519.53125,0.0,0.0
1774367101.3021712,32.5,1617.78125,0.0,0.0
1774367101.425222,31.7,1719.77734375,0.0,0.0
1774367101.54863,25.0,1821.77734375,0.0,0.0
1774367101.668883,30.0,1882.0234375,0.0,0.0
1774367101.8072946,27.5,1912.5078125,0.0,0.0
1774367101.9261253,29.3,1912.75390625,0.0,0.0
1774367102.0441306,25.0,1912.75390625,0.0,0.0
1774367102.1621778,27.5,1912.78125,0.0,0.0
1774367102.280515,25.6,1912.78125,0.0,0.0
1774367102.3984284,27.5,1912.78125,0.0,0.0
1774367102.51659,28.2,1913.2734375,0.0,0.0
1774367102.6348534,27.5,1913.2734375,0.0,0.0
1774367102.7530239,26.8,1913.2734375,0.0,0.0
1774367102.8748395,26.8,1913.2734375,0.0,0.0
1774367102.9928274,29.3,1913.2734375,0.0,0.0
1774367103.1109638,29.3,1913.2734375,0.0,0.0
1774367103.2327302,28.6,1913.2734375,0.0,0.0
1774367103.3504736,30.0,1913.2734375,0.0,0.0
1774367103.4725213,30.0,1913.2734375,0.0,0.0
1774367103.5907881,25.0,1913.2734375,0.0,0.0
1774367103.71271,27.5,1913.2734375,0.0,0.0
1774367103.8307607,29.3,1913.2734375,0.0,0.0
1774367103.948925,29.3,1913.2734375,0.0,0.0
1774367104.0710278,25.0,1913.2734375,0.0,0.0
1774367104.1891246,31.0,1913.2734375,0.0,0.0
1774367104.3105588,29.3,1913.2734375,0.0,0.0
1774367104.4299462,27.5,1934.2421875,0.0,0.0
1774367104.5468864,82.5,1902.9375,0.0,0.0
1774367104.676388,100.0,1903.18359375,0.0,0.0
1774367104.793437,94.9,1903.1796875,0.0,0.0
1774367104.9273539,35.9,1903.1796875,0.0,0.0
1774367105.0665734,100.0,1903.42578125,0.0,0.0
1774367105.1838148,95.2,1903.31640625,0.0,0.0
1774367105.3140206,100.0,1903.31640625,0.0,0.0
1774367105.438815,100.0,1903.31640625,0.0,0.0
1774367105.5554712,42.9,1903.31640625,0.0,0.0
1774367105.6732838,26.8,1903.80859375,0.0,0.0
1774367105.7910004,27.5,1903.80859375,0.0,0.0
1774367105.9077866,26.8,1903.80859375,0.0,0.0
1774367106.0244675,27.5,1903.80859375,0.0,0.0
1774367106.1408825,28.2,1903.80859375,0.0,0.0
1774367106.2575717,29.3,1903.80859375,0.0,0.0
1774367106.3742373,25.0,1903.80859375,0.0,0.0
1774367106.4907389,27.5,1903.80859375,0.0,0.0
1774367106.6075225,29.3,1903.80859375,0.0,0.0
1774367106.726156,26.8,1903.80859375,0.0,0.0
1774367106.8428106,26.8,1903.80859375,0.0,0.0
1774367106.9606645,27.5,1903.80859375,0.0,0.0
1774367107.0772212,27.5,1903.80859375,0.0,0.0
1774367107.1938188,25.0,1903.80859375,0.0,0.0
1774367107.3102713,29.3,1903.80859375,0.0,0.0
1774367107.4412403,43.6,1903.80859375,0.0,0.0
1774367107.601932,92.7,1903.80859375,0.0,0.0
1774367107.7181919,90.0,1903.80859375,0.0,0.0
1774367107.851937,100.0,1903.80859375,0.0,0.0
1774367107.9810352,100.0,1903.80859375,0.0,0.0
1774367108.1120784,25.6,1904.0546875,0.0,0.0
1774367108.2490368,100.0,1904.046875,0.0,0.0
1774367108.3784742,95.0,1904.046875,0.0,0.0
1774367108.5075862,100.0,1904.046875,0.0,0.0
1774367108.6369755,100.0,1904.046875,0.0,0.0
1774367108.7539227,42.5,1904.29296875,0.0,0.0
1774367108.8706505,25.0,1904.29296875,0.0,0.0
1774367109.0018728,64.3,1904.29296875,0.0,0.0
1774367109.1327393,100.0,1904.29296875,0.0,0.0
1774367109.261492,79.5,1904.29296875,0.0,0.0
1774367109.3913429,100.0,1904.29296875,0.0,0.0
1774367109.5212348,100.0,1904.29296875,0.0,0.0
1774367109.6496704,100.0,1904.29296875,0.0,0.0
1774367109.7659805,46.3,1904.29296875,0.0,0.0
1774367109.882475,27.5,1904.29296875,0.0,0.0
1774367109.9990695,25.0,1904.29296875,0.0,0.0
1774367110.1156588,29.3,1904.29296875,0.0,0.0
1774367110.232279,26.8,1904.29296875,0.0,0.0
1774367110.3487532,25.6,1904.29296875,0.0,0.0
1774367110.465032,25.6,1904.29296875,0.0,0.0
1774367110.5811672,25.6,1904.29296875,0.0,0.0
1774367110.6976795,29.3,1904.29296875,0.0,0.0
1774367110.8140965,26.8,1904.29296875,0.0,0.0
1774367110.930335,27.5,1904.29296875,0.0,0.0
1774367111.0468867,27.5,1904.29296875,0.0,0.0
1774367111.1634104,28.6,1904.30078125,0.0,0.0
1774367111.2798212,27.5,1904.30078125,0.0,0.0
1774367111.3964648,26.8,1904.30078125,0.0,0.0
1774367111.5129614,27.5,1904.30078125,0.0,0.0
1774367111.6294572,27.5,1904.30078125,0.0,0.0
1774367111.7455888,27.5,1904.30078125,0.0,0.0
1774367111.862246,27.5,1904.30078125,0.0,0.0
1774367111.9787478,25.0,1904.30078125,0.0,0.0
1774367112.1195357,29.3,1904.546875,0.0,0.0
1774367112.3241065,75.0,1904.546875,0.0,0.0
1774367112.443632,78.6,1904.5546875,0.0,0.0
1774367112.586245,100.0,1904.5546875,0.0,0.0
1774367112.7152476,100.0,1904.5546875,0.0,0.0
1774367112.8322186,95.0,1904.5546875,0.0,0.0
1774367112.9492862,25.0,1904.5546875,0.0,0.0
1774367113.0660853,25.6,1904.5546875,0.0,0.0
1774367113.2002387,85.0,1904.5546875,0.0,0.0
1774367113.3250747,100.0,1904.5546875,0.0,0.0
1774367113.4517975,94.9,1904.5546875,0.0,0.0
1774367113.580913,100.0,1904.5546875,0.0,0.0
1774367113.6978738,80.5,1904.5546875,0.0,0.0
1774367113.8291304,46.3,1904.5546875,0.0,0.0
1774367113.9512134,100.0,1904.5546875,0.0,0.0
1774367114.0762057,97.4,1904.5546875,0.0,0.0
1774367114.206243,100.0,1904.5546875,0.0,0.0
1774367114.3271067,100.0,1904.5546875,0.0,0.0
1774367114.4440906,30.0,1904.5546875,0.0,0.0
1774367114.5608811,25.6,1904.80078125,0.0,0.0
1774367114.6777034,27.5,1904.80078125,0.0,0.0
1774367114.7942894,27.5,1904.80078125,0.0,0.0
1774367114.910724,27.5,1904.80078125,0.0,0.0
1774367115.0270472,31.7,1904.80078125,0.0,0.0
1774367115.143795,29.3,1904.80078125,0.0,0.0
1774367115.2603736,25.0,1904.80078125,0.0,0.0
1774367115.3769941,27.5,1904.80078125,0.0,0.0
1774367115.4936643,25.6,1904.80078125,0.0,0.0
1774367115.610443,25.0,1904.80078125,0.0,0.0
1774367115.760468,36.4,1904.80078125,0.0,0.0
1774367115.9144948,87.8,1904.80078125,0.0,0.0
1774367116.0448556,85.4,1904.80078125,0.0,0.0
1774367116.1741328,100.0,1904.80078125,0.0,0.0
1774367116.2952619,100.0,1904.80078125,0.0,0.0
1774367116.425548,29.3,1904.80078125,0.0,0.0
1774367116.5572517,100.0,1904.80078125,0.0,0.0
1774367116.6776516,53.8,1904.80078125,0.0,0.0
1774367116.8121657,29.3,1453.84375,0.0,0.0
1774367116.9413676,100.0,1453.84375,0.0,0.0
1774367117.0729704,100.0,1453.84375,0.0,0.0
1774367117.2232184,80.0,1453.7734375,0.0,0.0
1774367117.3527558,100.0,1453.7734375,0.0,0.0
1774367117.4841352,100.0,1453.7734375,0.0,0.0
1774367117.6202478,80.0,1453.7734375,0.0,0.0
1774367117.7493641,100.0,1453.7734375,0.0,0.0
1774367117.880541,100.0,1453.7734375,0.0,0.0
1774367118.029688,75.0,1453.7734375,0.0,0.0
1774367118.1594164,100.0,1453.7734375,0.0,0.0
1774367118.2889154,100.0,1453.7734375,0.0,0.0
1774367118.4226,77.5,1453.7734375,0.0,0.0
1774367118.5539217,100.0,1453.7734375,0.0,0.0
1774367118.686812,100.0,1453.7734375,0.0,0.0
1774367118.8206532,73.8,1453.7734375,0.0,0.0
1774367118.9522183,95.1,1453.7734375,0.0,0.0
1774367119.0864387,100.0,1453.7734375,0.0,0.0
1774367119.2202144,81.0,1453.7734375,0.0,0.0
1774367119.3428447,100.0,1453.7734375,0.0,0.0
1774367119.459899,100.0,1453.7734375,0.0,0.0
1774367119.5933993,75.6,1453.7734375,0.0,0.0
1774367119.7261791,97.5,1453.7734375,0.0,0.0
1774367119.8578806,100.0,1453.7734375,0.0,0.0
1774367119.999623,80.0,1453.7734375,0.0,0.0
1774367120.126309,94.9,1453.7734375,0.0,0.0
1774367120.249721,100.0,1453.7734375,0.0,0.0
1774367120.3831935,80.5,1453.7734375,0.0,0.0
1774367120.5091913,90.0,1453.7734375,0.0,0.0
1774367120.6264799,27.5,1453.53125,0.05078125,3.59375
1774367120.7436516,17.9,1452.8828125,8.61328125,2.48046875
1774367120.8610125,13.2,1452.91015625,9.44921875,0.0
1774367120.9781015,17.1,1452.69140625,9.44921875,0.0
1774367121.0953755,15.4,1452.578125,9.32421875,0.0
1774367121.212872,17.5,1452.23046875,9.32421875,0.0
1774367121.3303933,12.8,1452.359375,9.57421875,0.0
1774367121.447552,15.0,1452.60546875,9.44921875,0.0
1774367121.5650861,15.4,1452.50390625,9.44921875,0.0
1774367121.68211,19.0,1452.47265625,9.32421875,0.0
1774367121.7990036,15.0,1452.4609375,9.32421875,0.0
1774367121.91622,15.4,1452.55078125,9.96484375,0.0
1774367122.0335922,15.0,1452.4453125,9.984375,0.0
1774367122.1507277,16.7,1452.32421875,9.44921875,0.0
1774367122.2678878,17.9,1453.43359375,9.44921875,0.0
1774367122.3853698,15.4,1454.6328125,9.44921875,0.0
1774367122.5025468,12.8,1454.66796875,9.32421875,0.0
1774367122.61972,17.5,1455.06640625,9.44921875,0.0
1774367122.737152,17.1,1455.09765625,9.32421875,0.0
1774367122.854646,13.2,1455.484375,9.44921875,0.0
1774367122.9718046,10.8,1455.83984375,9.44921875,0.0
1774367123.0890853,17.5,1455.79296875,9.44921875,0.0
1774367123.2059386,19.0,1456.26171875,9.19921875,0.0
1774367123.3230584,18.6,1456.77734375,9.60546875,0.0
1774367123.4404347,17.1,1457.05078125,10.21875,0.0
1774367123.5578618,17.5,1457.08203125,9.57421875,0.0
1774367123.6751335,15.4,1456.98828125,9.44921875,0.0
1774367123.7923815,19.5,1457.38671875,9.44921875,0.0
1774367123.9094296,12.8,1457.90625,9.32421875,0.0
1774367124.0267098,14.6,1457.56640625,9.32421875,0.0
1774367124.1439824,15.0,1457.47265625,9.44921875,0.0
1774367124.2613955,17.5,1457.84765625,9.32421875,0.0
1774367124.379042,12.8,1457.47265625,9.44921875,0.0
1774367124.4963527,19.5,1457.36328125,9.44921875,0.0
1774367124.613074,15.4,1457.58203125,9.32421875,0.0
1774367124.7304144,12.8,1457.5703125,9.44921875,0.0
1774367124.8476768,12.5,1457.5390625,10.08984375,0.0
1774367124.9647472,12.8,1457.54296875,9.734375,0.0
1774367125.0820813,15.0,1457.42578125,9.44921875,0.0
1774367125.1992114,17.1,1457.546875,9.44921875,0.0
1774367125.3163116,17.5,1457.4296875,9.44921875,0.0
1774367125.433618,17.5,1457.6796875,9.44921875,0.0
1774367125.5510497,17.1,1463.15234375,9.44921875,0.0
1774367125.668462,15.0,1471.24609375,9.44921875,0.0
1774367125.786004,19.5,1481.22265625,9.44921875,0.0
1774367125.903339,15.4,1491.22265625,9.44921875,0.0
1774367126.0205095,10.5,1499.03515625,9.32421875,0.0
1774367126.1370869,17.5,1509.265625,9.07421875,0.0
1774367126.254595,15.0,1519.4453125,9.83984375,0.0
1774367126.37189,17.5,1529.5390625,9.859375,0.0
1774367126.4896064,17.9,1537.640625,9.32421875,0.0
1774367126.6071277,17.5,1547.60546875,9.57421875,0.0
1774367126.7245076,13.2,1557.57421875,8.57421875,0.0
1774367126.8419125,7.5,1559.38671875,3.96484375,0.0
1774367126.9600825,15.4,1569.484375,9.484375,0.0
1774367127.0790162,24.4,1580.2421875,9.57421875,0.0
1774367127.2003927,30.2,1617.671875,1.58984375,0.0
1774367127.321426,28.2,1665.78125,0.0,0.0
1774367127.4429543,28.2,1713.578125,0.0,0.0
1774367127.5644453,25.0,1760.828125,0.0,0.0
1774367127.687275,28.2,1803.9140625,0.0,0.0
1774367127.8095171,27.5,1853.6796875,0.0,0.0
1774367127.9307272,25.6,1903.08203125,0.0,0.0
1774367128.0516582,25.6,1953.9296875,0.0,0.0
1774367128.1720297,31.7,2000.7265625,0.0,0.0
1774367128.2925951,27.5,2046.53515625,0.0,0.0
1774367128.4105682,23.7,2090.92578125,1.234375,0.0
1774367128.5288484,27.5,2105.12109375,9.0,0.0
1774367128.646563,20.0,2110.83203125,7.82421875,0.0
1774367128.7653058,17.1,2116.34765625,7.94921875,0.0
1774367128.887417,24.4,2135.1015625,4.96484375,0.0
1774367129.0074003,27.5,2176.09765625,0.0,0.0
1774367129.1277146,30.0,2210.78515625,0.0,0.0
1774367129.2471967,25.6,2247.1640625,0.0,0.0
1774367129.3669147,30.0,2283.4453125,0.0,0.0
1774367129.486876,31.7,2321.16015625,0.0,0.0
1774367129.606716,31.7,2361.5625,0.0,0.0
1774367129.7271097,31.7,2398.7265625,0.0,0.0
1774367129.846803,29.3,2434.98828125,0.0,0.0
1774367129.9667478,26.8,2467.96484375,0.0,0.0
1774367130.0868356,27.5,2499.6875,0.0,0.0
1774367130.2073684,30.0,2534.1953125,0.0,0.0
1774367130.3275156,30.0,2572.46875,0.0,0.0
1774367130.447399,27.5,2609.09765625,0.0,0.0
1774367130.5672646,31.7,2645.1875,0.0,0.0
1774367130.6873806,27.5,2680.9765625,0.0,0.0
1774367130.8054323,23.7,2469.90625,0.0,0.0
1774367130.9225345,27.5,2064.07421875,0.0,0.0
1774367131.0451744,30.0,1935.3984375,0.0,0.0
1774367131.1671388,23.1,1989.765625,0.0,0.0
1774367131.289317,27.5,2049.41015625,0.0,0.0
1774367131.4113514,27.5,2109.25390625,0.0,0.0
1774367131.533731,30.0,2169.37109375,0.0,0.0
1774367131.6557097,27.5,2229.62109375,0.0,0.0
1774367131.777416,25.6,2289.30078125,0.0,0.0
1774367131.8996198,28.2,2347.89453125,0.0,0.0
1774367132.0212877,23.1,2407.0,0.0,0.0
1774367132.1431723,25.0,2466.609375,0.0,0.0
1774367132.2660449,27.5,2526.9140625,0.0,0.0
1774367132.4036944,30.0,2624.87109375,0.0,0.0
1774367132.52869,26.8,2632.0078125,0.0,0.0
1774367132.6470997,29.3,2632.5,0.0,0.0
1774367132.7653685,27.5,2632.5,0.0,0.0
1774367132.884044,25.0,2632.5,0.0,0.0
1774367133.002017,25.6,2632.5,0.0,0.0
1774367133.1197824,26.3,2632.5078125,0.0,0.0
1774367133.2379105,27.5,2632.53515625,0.0,0.0
1774367133.3563137,25.0,2632.53515625,0.0,0.0
1774367133.474371,30.0,2632.53515625,0.0,0.0
1774367133.5927243,28.2,2632.53515625,0.0,0.0
1774367133.7109063,25.6,2632.78125,0.0,0.0
1774367133.828777,29.3,2632.78125,0.0,0.0
1774367133.950137,27.5,2632.78125,0.0,0.0
1774367134.0713384,26.8,2632.78125,0.0,0.0
1774367134.1893663,25.0,2632.78125,0.0,0.0
1774367134.3073316,31.7,2632.78125,0.0,0.0
1774367134.4286098,27.5,2632.78125,0.0,0.0
1774367134.5461757,27.5,2632.78125,0.0,0.0
1774367134.6670525,27.5,2632.78125,0.0,0.0
1774367134.785316,29.3,2632.78125,0.0,0.0
1774367134.9065318,25.0,2632.78125,0.0,0.0
1774367135.0241683,27.5,2632.06640625,0.0,0.0
1774367135.1425724,30.0,2632.4765625,0.0,0.0
1774367135.2609708,25.6,2632.4765625,0.0,0.0
1774367135.3789303,25.0,2632.4765625,0.0,0.0
1774367135.4975595,30.0,2632.4765625,0.0,0.0
1774367135.615399,28.2,2632.72265625,0.0,0.0
1774367135.7364645,27.5,2632.72265625,0.0,0.0
1774367135.8539534,27.5,2632.72265625,0.0,0.0
1774367135.975544,27.5,2632.72265625,0.0,0.0
1774367136.0938091,25.0,2632.72265625,0.0,0.0
1774367136.2149186,27.5,2632.7265625,0.0,0.0
1774367136.3328006,29.3,2632.7265625,0.0,0.0
1774367136.454099,27.5,2632.7265625,0.0,0.0
1774367136.5753102,29.3,2632.7265625,0.0,0.0
1774367136.6931596,25.6,2632.7265625,0.0,0.0
1774367136.8145897,27.5,2632.7265625,0.0,0.0
1774367136.964602,30.0,2632.7265625,0.0,0.0
1774367137.0938947,100.0,2632.7265625,0.0,0.0
1774367137.2111628,100.0,2633.21875,0.0,0.0
1774367137.3613057,52.5,2633.21875,0.0,0.0
1774367137.4905865,100.0,2633.21875,0.0,0.0
1774367137.6210535,100.0,2633.21875,0.0,0.0
1774367137.7498462,100.0,2633.21875,0.0,0.0
1774367137.866222,25.0,2633.7109375,0.0,0.0
1774367137.9824004,29.3,2633.7109375,0.0,0.0
1774367138.0989366,27.5,2633.73828125,0.0,0.0
1774367138.2154486,26.8,2633.73828125,0.0,0.0
1774367138.331658,29.3,2633.73828125,0.0,0.0
1774367138.448187,27.5,2633.73828125,0.0,0.0
1774367138.5647757,25.6,2633.73828125,0.0,0.0
1774367138.6811233,28.6,2633.73828125,0.0,0.0
1774367138.7977326,27.5,2633.73828125,0.0,0.0
1774367138.9144766,27.5,2633.73828125,0.0,0.0
1774367139.0311947,26.8,2633.73828125,0.0,0.0
1774367139.1474233,25.6,2633.75,0.0,0.0
1774367139.2640357,27.5,2633.75,0.0,0.0
1774367139.3806012,27.5,2633.75,0.0,0.0
1774367139.49681,30.0,2633.75,0.0,0.0
1774367139.6134377,27.5,2633.75,0.0,0.0
1774367139.730176,25.0,2633.75,0.0,0.0
1774367139.9512188,95.2,2633.75,0.0,0.0
1774367140.072773,100.0,2633.75,0.0,0.0
1774367140.2020879,100.0,2633.75,0.0,0.0
1774367140.3308506,42.5,2633.75,0.0,0.0
1774367140.4516125,100.0,2633.75,0.0,0.0
1774367140.5861433,100.0,2633.75,0.0,0.0
1774367140.7034285,100.0,2633.75,0.0,0.0
1774367140.8331301,100.0,2633.75,0.0,0.0
1774367140.9501195,27.5,2633.75,0.0,0.0
1774367141.067019,25.6,2633.75,0.0,0.0
1774367141.2150812,77.5,2633.75,0.0,0.0
1774367141.338771,100.0,2633.75,0.0,0.0
1774367141.4685144,88.1,2633.75,0.0,0.0
1774367141.597851,100.0,2633.75,0.0,0.0
1774367141.726539,100.0,2633.75,0.0,0.0
1774367141.8429914,100.0,2633.75,0.0,0.0
1774367141.959635,30.0,2633.75,0.0,0.0
1774367142.0759351,26.8,2633.75,0.0,0.0
1774367142.1923757,25.6,2633.75,0.0,0.0
1774367142.308651,27.5,2633.75,0.0,0.0
1774367142.4249234,26.8,2633.75,0.0,0.0
1774367142.5427544,27.5,2633.75,0.0,0.0
1774367142.6591926,28.6,2633.75,0.0,0.0
1774367142.7755806,26.8,2633.75,0.0,0.0
1774367142.8917394,27.5,2633.99609375,0.0,0.0
1774367143.0081754,27.5,2633.99609375,0.0,0.0
1774367143.1248097,25.0,2633.99609375,0.0,0.0
1774367143.2410336,26.8,2633.99609375,0.0,0.0
1774367143.3574705,25.6,2633.99609375,0.0,0.0
1774367143.4736593,27.5,2633.99609375,0.0,0.0
1774367143.5898416,26.8,2633.99609375,0.0,0.0
1774367143.705855,27.5,2633.99609375,0.0,0.0
1774367143.8221529,25.6,2633.99609375,0.0,0.0
1774367143.9384146,25.0,2633.99609375,0.0,0.0
1774367144.0545247,27.5,2633.99609375,0.0,0.0
1774367144.170829,28.6,2633.99609375,0.0,0.0
1774367144.2872298,26.8,2633.99609375,0.0,0.0
1774367144.4033997,26.8,2633.99609375,0.0,0.0
1774367144.5197701,29.3,2633.99609375,0.0,0.0
1774367144.6641283,27.5,2633.99609375,0.0,0.0
1774367144.8431425,75.0,2633.99609375,0.0,0.0
1774367144.9621499,92.5,2633.99609375,0.0,0.0
1774367145.0922456,87.5,2633.99609375,0.0,0.0
1774367145.2215953,100.0,2631.2890625,0.0,0.0
1774367145.3507168,100.0,2631.7109375,0.0,0.0
1774367145.4676118,31.0,2632.3671875,0.0,0.0
1774367145.5843954,28.2,2632.828125,0.0,0.0
1774367145.718076,73.2,2633.3046875,0.0,0.0
1774367145.85072,100.0,2633.3046875,0.0,0.0
1774367145.9795651,90.5,2633.3046875,0.0,0.0
1774367146.1085572,100.0,2633.27734375,0.0,0.0
1774367146.2438595,100.0,2633.27734375,0.0,0.0
1774367146.3606448,25.6,2633.27734375,0.0,0.0
1774367146.4773505,25.0,2633.27734375,0.0,0.0
1774367146.6032956,77.5,2633.27734375,0.0,0.0
1774367146.7366903,100.0,2633.27734375,0.0,0.0
1774367146.8540988,79.5,2633.27734375,0.0,0.0
1774367146.982869,100.0,2633.27734375,0.0,0.0
1774367147.1118858,100.0,2633.76953125,0.0,0.0
1774367147.2402966,100.0,2633.76953125,0.0,0.0
1774367147.3564334,35.9,2633.76953125,0.0,0.0
1774367147.4729261,27.5,2633.76953125,0.0,0.0
1774367147.5892422,27.5,2633.76953125,0.0,0.0
1774367147.7055912,27.5,2633.76953125,0.0,0.0
1774367147.8220487,26.8,2633.76953125,0.0,0.0
1774367147.9387648,26.8,2633.76953125,0.0,0.0
1774367148.055058,26.8,2633.76953125,0.0,0.0
1774367148.1716654,27.5,2633.76953125,0.0,0.0
1774367148.2880065,25.6,2633.76953125,0.0,0.0
1774367148.4044685,26.8,2633.76953125,0.0,0.0
1774367148.5205407,27.5,2633.76953125,0.0,0.0
1774367148.637017,27.5,2633.76953125,0.0,0.0
1774367148.753472,25.0,2633.76953125,0.0,0.0
1774367148.8697157,29.3,2633.76953125,0.0,0.0
1774367148.9862723,27.5,2633.76953125,0.0,0.0
1774367149.1028743,25.6,2633.76953125,0.0,0.0
1774367149.2192159,27.5,2633.76953125,0.0,0.0
1774367149.3358178,27.5,2633.76953125,0.0,0.0
1774367149.466187,27.5,2633.76953125,0.0,0.0
1774367149.6184561,85.7,2633.76953125,0.0,0.0
1774367149.7557855,100.0,2633.76953125,0.0,0.0
1774367149.8818414,74.4,2634.015625,0.0,0.0
1774367150.011127,100.0,2634.015625,0.0,0.0
1774367150.1405697,100.0,2634.015625,0.0,0.0
1774367150.2575397,41.5,2634.015625,0.0,0.0
1774367150.3741856,26.8,2634.015625,0.0,0.0
1774367150.5052722,61.5,2634.015625,0.0,0.0
1774367150.6361217,97.6,2634.015625,0.0,0.0
1774367150.7530992,90.0,2634.015625,0.0,0.0
1774367150.8828073,100.0,2634.015625,0.0,0.0
1774367151.012524,100.0,2634.015625,0.0,0.0
1774367151.1291485,50.0,2634.015625,0.0,0.0
1774367151.2455328,29.3,2634.015625,0.0,0.0
1774367151.3793068,48.7,2634.015625,0.0,0.0
1774367151.5115569,100.0,2634.015625,0.0,0.0
1774367151.6417308,77.5,2634.015625,0.0,0.0
1774367151.771619,100.0,2634.015625,0.0,0.0
1774367151.900058,100.0,2634.015625,0.0,0.0
1774367152.0170703,100.0,2634.015625,0.0,0.0
1774367152.133314,75.0,2634.015625,0.0,0.0
1774367152.249561,25.0,2634.015625,0.0,0.0
1774367152.365722,30.0,2634.26171875,0.0,0.0
1774367152.482102,25.6,2634.26171875,0.0,0.0
1774367152.5987363,25.0,2634.26171875,0.0,0.0
1774367152.714855,26.8,2634.26171875,0.0,0.0
1774367152.8312912,29.3,2634.26171875,0.0,0.0
1774367152.947517,27.5,2634.26171875,0.0,0.0
1774367153.0637817,25.0,2634.26171875,0.0,0.0
1774367153.1797774,25.6,2634.25,0.0,0.0
1774367153.2961564,26.8,2634.25,0.0,0.0
1774367153.4123678,26.8,2634.25,0.0,0.0
1774367153.5283515,25.6,2634.25,0.0,0.0
1774367153.6447089,27.5,2634.25,0.0,0.0
1774367153.761171,26.8,2634.25,0.0,0.0
1774367153.8773062,26.8,2634.25,0.0,0.0
1774367153.9937415,27.5,2634.25,0.0,0.0
1774367154.110029,25.6,2634.25,0.0,0.0
1774367154.2262046,25.0,2634.25,0.0,0.0
1774367154.3422117,29.3,2634.25,0.0,0.0
1774367154.4585311,27.5,2634.25,0.0,0.0
1774367154.574725,26.8,2634.25,0.0,0.0
1774367154.6907148,29.3,2634.25,0.0,0.0
1774367154.8070927,29.3,2634.25,0.0,0.0
1774367154.9233215,27.5,2634.25,0.0,0.0
1774367155.0394094,27.5,2634.25,0.0,0.0
1774367155.1584156,82.5,2634.25,0.0,0.0
1774367155.3146102,82.9,2634.25,0.0,0.0
1774367155.4439504,70.7,2634.25,0.0,0.0
1774367155.5741332,100.0,2634.25,0.0,0.0
1774367155.6905744,100.0,2634.25,0.0,0.0
1774367155.8071895,100.0,2634.25,0.0,0.0
1774367155.924215,31.7,2634.25,0.0,0.0
1774367156.040933,27.5,2634.49609375,0.0,0.0
1774367156.2239742,87.2,2634.49609375,0.0,0.0
1774367156.3530095,90.2,2634.49609375,0.0,0.0
1774367156.48155,100.0,2634.49609375,0.0,0.0
1774367156.6005986,100.0,2634.49609375,0.0,0.0
1774367156.7349458,55.0,2634.49609375,0.0,0.0
1774367156.8661106,100.0,2634.49609375,0.0,0.0
1774367156.9958649,100.0,2634.49609375,0.0,0.0
1774367157.1243002,100.0,2634.49609375,0.0,0.0
1774367157.2405765,39.5,2634.49609375,0.0,0.0
1774367157.3570075,25.0,2634.49609375,0.0,0.0
1774367157.4733212,25.0,2634.49609375,0.0,0.0
1774367157.5895765,29.3,2634.49609375,0.0,0.0
1774367157.7060716,27.5,2634.49609375,0.0,0.0
1774367157.8229072,25.0,2634.49609375,0.0,0.0
1774367157.9392228,28.6,2634.49609375,0.0,0.0
1774367158.0552633,27.5,2634.49609375,0.0,0.0
1774367158.1716697,25.6,2634.49609375,0.0,0.0
1774367158.288084,25.6,2634.49609375,0.0,0.0
1774367158.4042594,29.3,2634.49609375,0.0,0.0
1774367158.5206316,27.5,2634.49609375,0.0,0.0
1774367158.6948102,64.1,2634.49609375,0.0,0.0
1774367158.824628,97.5,2634.49609375,0.0,0.0
1774367158.940887,100.0,2634.49609375,0.0,0.0
1774367159.057836,100.0,2634.49609375,0.0,0.0
1774367159.1914048,48.8,2634.48828125,0.0,0.0
1774367159.3255062,82.5,2634.48828125,0.0,0.0
1774367159.443674,25.6,2634.48828125,0.0,0.0
1774367159.5608938,26.8,2563.23046875,0.0,0.0
1774367159.6776447,28.2,2188.44140625,0.0,0.0
1774367159.8084846,43.6,1885.2734375,0.0,0.0
1774367159.9388885,100.0,1885.2734375,0.0,0.0
1774367160.0576434,92.7,1885.2734375,0.0,0.0
1774367160.1903934,94.9,1885.40625,0.0,0.0
1774367160.3156343,100.0,1885.40625,0.0,0.0
1774367160.446675,100.0,1885.40625,0.0,0.0
1774367160.578614,82.5,1885.40625,0.0,0.0
1774367160.7088253,100.0,1885.40625,0.0,0.0
1774367160.8400025,100.0,1885.40625,0.0,0.0
1774367160.9888284,77.5,1885.8984375,0.0,0.0
1774367161.1182477,100.0,1885.90234375,0.0,0.0
1774367161.2493408,100.0,1885.90234375,0.0,0.0
1774367161.3781106,80.0,1885.90234375,0.0,0.0
1774367161.5072134,100.0,1885.90234375,0.0,0.0
1774367161.6262088,100.0,1885.90234375,0.0,0.0
1774367161.7618957,69.0,1885.90234375,0.0,0.0
1774367161.8949687,95.1,1885.90234375,0.0,0.0
1774367162.014562,100.0,1885.90234375,0.0,0.0
1774367162.133283,88.1,1885.90234375,0.0,0.0
1774367162.2641902,95.0,1885.90234375,0.0,0.0
1774367162.3938544,100.0,1885.90234375,0.0,0.0
1774367162.5250793,100.0,1885.90234375,0.0,0.0
1774367162.662924,76.3,1885.90234375,0.0,0.0
1774367162.7920463,100.0,1885.90234375,0.0,0.0
1774367162.9109285,100.0,1885.90234375,0.0,0.0
1774367163.036816,81.0,1885.90234375,0.0,0.0
1774367163.1625152,100.0,1885.90234375,0.0,0.0
1774367163.283324,100.0,1885.90234375,0.0,0.0
1774367163.4296224,77.5,1885.90234375,0.0,0.0
1774367163.560299,97.5,1885.90234375,0.0,0.0
1774367163.693348,100.0,1885.90234375,0.0,0.0
1774367163.8270085,82.1,1885.90234375,0.0,0.0
1774367163.9709811,100.0,1885.90234375,0.0,0.0
1774367164.1015115,100.0,1885.90234375,0.0,0.0
1774367164.236778,75.0,1885.90234375,0.0,0.0
1774367164.3672686,100.0,1885.90234375,0.0,0.0
1774367164.4977977,100.0,1885.90234375,0.0,0.0
1774367164.6343424,80.0,1885.90234375,0.0,0.0
1774367164.764024,100.0,1885.90234375,0.0,0.0
1774367164.8959813,100.0,1885.90234375,0.0,0.0
1774367165.029317,77.5,1885.90234375,0.0,0.0
1774367165.1608825,97.5,1885.90234375,0.0,0.0
1774367165.2938867,100.0,1885.90234375,0.0,0.0
1774367165.4270847,74.4,1885.90234375,0.0,0.0
1774367165.5703387,100.0,1885.90234375,0.0,0.0
1774367165.6981344,100.0,1885.90234375,0.0,0.0
1774367165.8185058,76.2,1885.90234375,0.0,0.0
1774367165.936009,85.7,1885.90234375,0.0,0.0
1774367166.05271,25.6,1885.90234375,0.0,0.0
1774367166.17017,25.0,1885.953125,0.015625,6.44140625
1774367166.286755,17.5,1885.796875,6.6875,3.8828125
1774367166.40402,19.0,1885.94140625,9.69921875,0.0
1774367166.5206304,15.0,1885.84375,8.7734375,0.0
1774367166.6398883,13.2,1886.23828125,9.82421875,0.0
1774367166.75669,17.1,1886.5078125,8.7734375,0.0
1774367166.8739293,14.6,1886.6640625,9.82421875,0.0
1774367166.9904857,12.8,1886.8046875,8.7734375,0.0
1774367167.1078246,19.5,1886.65625,9.69921875,0.0
1774367167.225084,17.5,1886.4765625,8.7734375,0.0
1774367167.3420506,12.8,1886.47265625,9.82421875,0.0
1774367167.459029,15.4,1886.55078125,8.7734375,0.0
1774367167.5762613,19.0,1886.41015625,9.69921875,0.0
1774367167.6933901,19.0,1886.3515625,8.8984375,0.0
1774367167.8103294,17.5,1886.47265625,9.5390625,0.0
1774367167.9276245,15.4,1886.53515625,8.93359375,0.0
1774367168.0446794,12.5,1886.53515625,9.2890625,0.0
1774367168.1616454,17.1,1886.72265625,9.18359375,0.0
1774367168.2787108,17.1,1886.59765625,9.0546875,0.0
1774367168.395952,17.5,1886.71484375,9.41796875,0.0
1774367168.5128334,14.6,1886.5390625,8.8359375,0.0
1774367168.6296709,17.5,1886.45703125,9.63671875,0.0
1774367168.7467344,17.1,1886.734375,8.6484375,0.0
1774367168.8639698,14.6,1886.6328125,9.82421875,0.0
1774367168.9810138,17.1,1886.54296875,8.7734375,0.0
1774367169.0983343,19.0,1886.36328125,9.57421875,0.0
1774367169.2151704,17.5,1886.49609375,8.8984375,0.0
1774367169.3322995,19.5,1885.953125,9.57421875,0.0
1774367169.449139,15.4,1886.1171875,8.6484375,0.0
1774367169.5665686,14.6,1886.140625,9.69921875,0.0
1774367169.683098,15.0,1886.16015625,8.7734375,0.0
1774367169.80054,17.5,1886.0859375,9.69921875,0.0
1774367169.9174812,17.5,1886.0078125,8.7734375,0.0
1774367170.0344994,16.7,1886.0234375,9.69921875,0.0
1774367170.154147,28.2,1945.24609375,1.21484375,0.0
1774367170.2753692,29.3,1994.203125,0.0,0.0
1774367170.3972602,26.8,2043.8828125,0.0,0.0
1774367170.5191858,30.0,2097.98828125,0.0,0.0
1774367170.63975,29.3,2153.49609375,0.0,0.0
1774367170.7581036,17.9,2183.94140625,5.734375,0.0
1774367170.8761353,17.9,2191.328125,8.7734375,0.0
1774367170.996153,25.0,2219.6015625,3.71484375,0.0
1774367171.1163433,29.3,2260.37890625,0.0,0.0
1774367171.2361183,25.0,2297.8203125,0.0,0.0
1774367171.355703,26.3,2337.87890625,0.0,0.0
1774367171.4752088,27.5,2378.4921875,0.0,0.0
1774367171.594646,26.8,2419.01953125,0.0,0.0
1774367171.7142723,30.0,2459.234375,0.0,0.0
1774367171.833689,27.5,2500.453125,0.0,0.0
1774367171.952072,25.6,2431.90625,0.0,0.0
1774367172.0689487,25.0,2002.2265625,0.0,0.0
1774367172.191787,27.5,1740.1328125,0.0,0.0
1774367172.3131206,31.7,1820.43359375,0.0,0.0
1774367172.4348452,25.0,1876.8984375,0.0,0.0
1774367172.556586,33.3,1935.359375,0.0,0.0
1774367172.6781857,31.7,1995.78125,0.0,0.0
1774367172.801028,29.3,2048.8515625,0.0,0.0
1774367172.9231591,25.0,2100.75,0.0,0.0
1774367173.0538192,28.2,2167.6640625,0.0,0.0
1774367173.1722882,27.5,2167.5234375,0.0,0.0
1774367173.2901864,25.0,2167.5234375,0.0,0.0
1774367173.407987,27.5,2167.5234375,0.0,0.0
1774367173.5259607,27.5,2167.5234375,0.0,0.0
1774367173.644078,25.6,2167.76953125,0.0,0.0
1774367173.7619472,25.6,2167.76953125,0.0,0.0
1774367173.8800995,27.5,2167.76953125,0.0,0.0
1774367173.9975524,27.5,2167.76953125,0.0,0.0
1774367174.1187308,25.0,2167.76953125,0.0,0.0
1774367174.2363145,31.7,2167.76953125,0.0,0.0
1774367174.357892,29.3,2167.76953125,0.0,0.0
1774367174.4792056,25.0,2167.76953125,0.0,0.0
1774367174.5966733,26.3,2167.76953125,0.0,0.0
1774367174.7186282,27.5,2167.76953125,0.0,0.0
1774367174.8367486,25.6,2167.76953125,0.0,0.0
1774367174.9580002,25.6,2167.76953125,0.0,0.0
1774367175.0755308,29.3,2167.765625,0.0,0.0
1774367175.196723,29.3,2167.765625,0.0,0.0
1774367175.3142142,25.6,2167.765625,0.0,0.0
1774367175.4323704,28.2,2167.765625,0.0,0.0
1774367175.554146,27.5,2167.765625,0.0,0.0
1774367175.6740458,25.0,2167.765625,0.0,0.0
1774367175.7912366,60.0,2167.765625,0.0,0.0
1774367175.9247243,100.0,2168.01171875,0.0,0.0
1774367176.0540636,95.1,2168.01171875,0.0,0.0
1774367176.1708715,32.5,2168.01171875,0.0,0.0
1774367176.325866,95.1,2168.01171875,0.0,0.0
1774367176.4524426,97.4,2168.75,0.0,0.0
1774367176.5820951,100.0,2168.75,0.0,0.0
1774367176.7064502,100.0,2168.75,0.0,0.0
1774367176.8226817,52.4,2168.75,0.0,0.0
1774367176.938842,28.6,2168.75,0.0,0.0
1774367177.0549152,29.3,2168.75,0.0,0.0
1774367177.1711013,27.5,2168.74609375,0.0,0.0
1774367177.2872677,28.6,2168.74609375,0.0,0.0
1774367177.403226,25.6,2168.7578125,0.0,0.0
1774367177.519467,27.5,2168.7578125,0.0,0.0
1774367177.6360676,26.8,2168.7578125,0.0,0.0
1774367177.7522,26.8,2168.7578125,0.0,0.0
1774367177.8685443,29.3,2168.7578125,0.0,0.0
1774367177.9847126,27.5,2168.7578125,0.0,0.0
1774367178.100836,25.0,2168.7578125,0.0,0.0
1774367178.2167358,25.6,2168.7578125,0.0,0.0
1774367178.3329136,26.8,2168.7578125,0.0,0.0
1774367178.4490476,25.6,2168.7578125,0.0,0.0
1774367178.565019,26.3,2168.7578125,0.0,0.0
1774367178.6830595,27.5,2168.7578125,0.0,0.0
1774367178.7997062,26.8,2168.7578125,0.0,0.0
1774367178.9160242,25.0,2168.7578125,0.0,0.0
1774367179.0326757,25.0,2168.7578125,0.0,0.0
1774367179.1662946,35.7,2168.7578125,0.0,0.0
1774367179.343007,90.5,2168.7578125,0.0,0.0
1774367179.4685314,87.8,2168.7578125,0.0,0.0
1774367179.5982537,100.0,2168.7578125,0.0,0.0
1774367179.7151535,100.0,2168.7578125,0.0,0.0
1774367179.844949,27.5,2169.00390625,0.0,0.0
1774367179.977543,97.4,2169.49609375,0.0,0.0
1774367180.1066837,95.0,2169.5078125,0.0,0.0
1774367180.235668,100.0,2169.5078125,0.0,0.0
1774367180.364866,100.0,2169.75390625,0.0,0.0
1774367180.4816458,39.0,2169.75390625,0.0,0.0
1774367180.5982096,25.0,2169.75390625,0.0,0.0
1774367180.7292044,60.0,2169.75390625,0.0,0.0
1774367180.8605325,100.0,2169.75390625,0.0,0.0
1774367180.9900875,82.1,2169.75390625,0.0,0.0
1774367181.1190195,100.0,2169.75390625,0.0,0.0
1774367181.2488086,100.0,2169.75390625,0.0,0.0
1774367181.3772235,100.0,2169.75390625,0.0,0.0
1774367181.493346,39.0,2169.75390625,0.0,0.0
1774367181.6097684,25.6,2169.75390625,0.0,0.0
1774367181.725951,26.8,2169.75390625,0.0,0.0
1774367181.8422062,27.5,2169.75390625,0.0,0.0
1774367181.958626,25.6,2169.75390625,0.0,0.0
1774367182.0756881,25.0,2169.75390625,0.0,0.0
1774367182.1919618,25.0,2169.75390625,0.0,0.0
1774367182.3079464,27.5,2169.75390625,0.0,0.0
1774367182.4242406,25.6,2169.75390625,0.0,0.0
1774367182.5405598,27.5,2169.75390625,0.0,0.0
1774367182.6566613,27.5,2169.75390625,0.0,0.0
1774367182.7730088,28.2,2169.75390625,0.0,0.0
1774367182.889342,25.6,2169.75390625,0.0,0.0
1774367183.0055747,27.5,2169.75390625,0.0,0.0
1774367183.122106,25.6,2169.75390625,0.0,0.0
1774367183.2388039,25.0,2169.75390625,0.0,0.0
1774367183.3550653,26.8,2169.75390625,0.0,0.0
1774367183.471363,27.5,2169.75390625,0.0,0.0
1774367183.587738,25.6,2169.75390625,0.0,0.0
1774367183.7039053,26.8,2169.75390625,0.0,0.0
1774367183.8345838,74.4,2169.75390625,0.0,0.0
1774367183.9933906,80.5,2169.75390625,0.0,0.0
1774367184.1102407,70.7,2169.75390625,0.0,0.0
1774367184.2389243,100.0,2169.75390625,0.0,0.0
1774367184.3680356,100.0,2169.75390625,0.0,0.0
1774367184.4849806,100.0,2169.75390625,0.0,0.0
1774367184.6016812,25.6,2169.75390625,0.0,0.0
1774367184.7185948,28.2,2169.75390625,0.0,0.0
1774367184.9132593,82.5,2169.75390625,0.0,0.0
1774367185.0425313,90.0,2169.75390625,0.0,0.0
1774367185.1633906,100.0,2169.76171875,0.0,0.0
1774367185.2847788,100.0,2169.76171875,0.0,0.0
1774367185.4025204,28.2,2169.76171875,0.0,0.0
1774367185.5583298,100.0,2169.76171875,0.0,0.0
1774367185.6752477,95.0,2169.76171875,0.0,0.0
1774367185.8060985,100.0,2169.76171875,0.0,0.0
1774367185.9226494,100.0,2169.76171875,0.0,0.0
1774367186.0392308,60.0,2169.76171875,0.0,0.0
1774367186.15611,29.3,2169.76171875,0.0,0.0
1774367186.2727442,26.8,2169.76171875,0.0,0.0
1774367186.4011161,25.6,2169.76171875,0.0,0.0
1774367186.5704584,97.6,2169.76171875,0.0,0.0
1774367186.6869016,85.0,2169.76171875,0.0,0.0
1774367186.8088899,100.0,2169.76171875,0.0,0.0
1774367186.9381812,100.0,2169.76171875,0.0,0.0
1774367187.055207,42.5,2169.76171875,0.0,0.0
1774367187.213796,88.1,2169.7890625,0.0,0.0
1774367187.3324444,52.5,2169.7890625,0.0,0.0
1774367187.4493475,30.0,2016.578125,0.0,0.0
1774367187.578123,40.0,1719.453125,0.0,0.0
1774367187.708892,100.0,1719.453125,0.0,0.0
1774367187.8277793,100.0,1719.453125,0.0,0.0
1774367187.9625165,82.9,1719.41015625,0.0,0.0
1774367188.0919895,100.0,1719.41015625,0.0,0.0
1774367188.223538,100.0,1719.41015625,0.0,0.0
1774367188.3557315,80.0,1719.41015625,0.0,0.0
1774367188.4855921,100.0,1719.41015625,0.0,0.0
1774367188.6170912,100.0,1719.41015625,0.0,0.0
1774367188.7504847,80.0,1719.41015625,0.0,0.0
1774367188.8717887,100.0,1719.41015625,0.0,0.0
1774367189.0048501,100.0,1719.41015625,0.0,0.0
1774367189.1433272,78.0,1719.1640625,0.0,0.0
1774367189.2690737,97.5,1719.1640625,0.0,0.0
1774367189.3974385,100.0,1719.1640625,0.0,0.0
1774367189.5252948,79.5,1719.1640625,0.0,0.0
1774367189.6541905,92.5,1719.1640625,0.0,0.0
1774367189.7810764,100.0,1719.1640625,0.0,0.0
1774367189.909063,82.5,1719.171875,0.0,0.0
1774367190.041551,92.5,1719.171875,0.0,0.0
1774367190.171572,100.0,1719.171875,0.0,0.0
1774367190.2902846,92.1,1719.171875,0.0,0.0
1774367190.4237006,88.1,1719.171875,0.0,0.0
1774367190.5528812,100.0,1719.171875,0.0,0.0
1774367190.6842198,100.0,1719.171875,0.0,0.0
1774367190.8148751,75.0,1719.171875,0.0,0.0
1774367190.9442997,100.0,1719.171875,0.0,0.0
1774367191.0755625,100.0,1719.171875,0.0,0.0
1774367191.2241547,72.5,1719.171875,0.0,0.0
1774367191.341092,52.5,1719.171875,0.0,0.0
1774367191.4580152,25.6,1719.03515625,2.1640625,6.07421875
1774367191.5752506,10.8,1719.06640625,9.69921875,0.0
1774367191.6924906,12.8,1718.45703125,8.6484375,0.0
1774367191.809549,13.2,1718.57421875,9.69921875,0.0
1774367191.9267054,17.5,1718.59375,8.7734375,0.0
1774367192.0439723,15.0,1718.62890625,9.6640625,0.0
1774367192.1610024,15.4,1718.56640625,8.93359375,0.0
1774367192.2778115,17.5,1718.54296875,9.2890625,0.0
1774367192.3950913,15.4,1718.51171875,9.05859375,0.0
1774367192.511352,19.0,1718.45703125,8.57421875,0.0
1774367192.6284804,15.4,1718.21484375,8.7734375,0.0
1774367192.7457306,10.5,1718.7421875,9.82421875,0.0
1774367192.8627207,17.1,1718.8671875,8.7734375,0.0
1774367192.9797788,15.4,1718.96484375,9.6640625,0.0
1774367193.0970857,15.4,1718.8203125,8.93359375,0.0
1774367193.2143016,10.3,1718.4453125,9.2890625,0.0
1774367193.3312895,12.5,1718.6328125,9.30859375,0.0
1774367193.448641,12.8,1718.5078125,8.9609375,0.0
1774367193.5656419,15.0,1718.3828125,9.51171875,0.0
1774367193.6825094,12.8,1718.515625,8.7109375,0.0
1774367193.7993898,17.9,1718.375,9.76171875,0.0
1774367193.9165275,15.0,1718.74609375,8.7734375,0.0
1774367194.033536,12.5,1718.5625,9.69921875,0.0
1774367194.1502168,17.5,1718.2421875,8.7734375,0.0
1774367194.2675464,15.0,1718.63671875,9.69921875,0.0
1774367194.3844004,15.0,1718.76953125,8.6484375,0.0
1774367194.501369,12.8,1718.578125,9.82421875,0.0
1774367194.6181896,17.1,1718.625,8.7734375,0.0
1774367194.7357237,12.8,1718.52734375,9.69921875,0.0
1774367194.8522298,10.3,1718.5703125,8.7734375,0.0
1774367194.9692597,19.0,1718.61328125,9.57421875,0.0
1774367195.0859692,19.5,1718.7578125,8.8984375,0.0
1774367195.2029247,15.4,1718.64453125,9.69921875,0.0
1774367195.3212743,19.0,1725.796875,6.9140625,0.0
1774367195.439848,27.5,1822.04296875,0.0,0.0
1774367195.5608754,25.0,1869.79296875,0.0,0.0
1774367195.681607,25.6,1918.0546875,0.0,0.0
1774367195.8032146,26.3,1967.0,0.0,0.0
1774367195.923978,29.3,2016.62109375,0.234375,0.0
1774367196.0410347,14.6,2020.48828125,9.69921875,0.0
1774367196.158576,15.4,2020.74609375,8.2890625,0.0
1774367196.278508,29.3,2049.05078125,0.0,0.0
1774367196.3983898,26.8,2085.70703125,0.0,0.0
1774367196.517234,28.2,2124.33203125,0.0,0.0
1774367196.636569,28.2,2164.7734375,0.0,0.0
1774367196.7562754,25.6,2203.64453125,0.0,0.0
1774367196.876874,25.6,2241.5859375,0.0,0.0
1774367196.997636,32.5,2274.46484375,0.0,0.0
1774367197.1167042,29.3,2311.4296875,0.0,0.0
1774367197.2345846,25.6,2076.09765625,0.0,0.0
1774367197.3566597,30.0,1641.12890625,0.0,0.0
1774367197.4807887,28.2,1740.09375,0.0,0.0
1774367197.6020353,27.5,1814.3515625,0.0,0.0
1774367197.7234278,28.2,1876.7421875,0.0,0.0
1774367197.845881,30.0,1923.69140625,0.0,0.0
1774367197.968417,25.6,1983.421875,0.0,0.0
1774367198.0957737,25.6,2037.0625,0.0,0.0
1774367198.221219,31.7,2086.0,0.0,0.0
1774367198.3400035,27.5,2086.0,0.0,0.0
1774367198.457988,25.6,2086.0,0.0,0.0
1774367198.57604,31.7,2086.0,0.0,0.0
1774367198.694317,25.6,2086.0,0.0,0.0
1774367198.8127642,25.6,2086.0,0.0,0.0
1774367198.9307678,25.0,2086.0,0.0,0.0
1774367199.0482213,29.3,2035.0390625,0.0,0.0
1774367199.1662126,29.3,1997.51953125,0.0,0.0
1774367199.283847,25.6,1997.51953125,0.0,0.0
1774367199.4023027,28.2,1997.51953125,0.0,0.0
1774367199.5204158,25.6,1997.51953125,0.0,0.0
1774367199.638268,25.0,1997.51953125,0.0,0.0
1774367199.7566361,29.3,1997.51953125,0.0,0.0
1774367199.874839,27.5,1997.765625,0.0,0.0
1774367199.9934554,31.0,1997.765625,0.0,0.0
1774367200.1111352,25.0,1997.765625,0.0,0.0
1774367200.2288878,31.0,1998.01171875,0.0,0.0
1774367200.3472044,25.6,1998.01171875,0.0,0.0
1774367200.4652002,25.0,1998.01171875,0.0,0.0
1774367200.582927,30.0,1998.01171875,0.0,0.0
1774367200.7059455,52.5,1998.2578125,0.0,0.0
1774367200.8321211,100.0,1998.2578125,0.0,0.0
1774367200.9577904,100.0,1998.50390625,0.0,0.0
1774367201.075129,35.7,1998.50390625,0.0,0.0
1774367201.2265863,97.6,1998.50390625,0.0,0.0
1774367201.3489723,97.6,1998.50390625,0.0,0.0
1774367201.465778,100.0,1998.50390625,0.0,0.0
1774367201.5962145,100.0,1998.75,0.0,0.0
1774367201.7126334,74.4,1998.75,0.0,0.0
1774367201.8292816,27.5,1998.75,0.0,0.0
1774367201.9457636,27.5,1998.75,0.0,0.0
1774367202.0622087,26.8,1998.75,0.0,0.0
1774367202.1783803,29.3,1998.75,0.0,0.0
1774367202.2948742,25.0,1998.75,0.0,0.0
1774367202.4113388,26.8,1998.75,0.0,0.0
1774367202.5275948,27.5,1998.75,0.0,0.0
1774367202.6441143,27.5,1998.75,0.0,0.0
1774367202.7608469,26.8,1998.75,0.0,0.0
1774367202.8772402,25.0,1998.75,0.0,0.0
1774367202.9938524,25.6,1998.75,0.0,0.0
1774367203.1103132,26.8,1998.7421875,0.0,0.0
1774367203.2267427,26.8,1998.7421875,0.0,0.0
1774367203.342961,27.5,1998.7421875,0.0,0.0
1774367203.4594753,27.5,1998.7421875,0.0,0.0
1774367203.5759184,25.0,1998.7421875,0.0,0.0
1774367203.692244,27.5,1998.98828125,0.0,0.0
1774367203.8087971,27.5,1998.98828125,0.0,0.0
1774367203.9256504,25.0,1998.98828125,0.0,0.0
1774367204.042076,25.0,1998.98828125,0.0,0.0
1774367204.2208622,92.3,1998.98828125,0.0,0.0
1774367204.352708,87.5,1998.98828125,0.0,0.0
1774367204.4785912,100.0,1998.98828125,0.0,0.0
1774367204.600235,100.0,1998.98828125,0.0,0.0
1774367204.7176135,34.1,1998.98828125,0.0,0.0
1774367204.867348,97.6,1998.98828125,0.0,0.0
1774367204.996145,97.4,1998.98828125,0.0,0.0
1774367205.1263857,100.0,1998.98828125,0.0,0.0
1774367205.255853,100.0,1998.98828125,0.0,0.0
1774367205.3730018,37.5,1998.98828125,0.0,0.0
1774367205.489934,27.5,1998.98828125,0.0,0.0
1774367205.626897,61.5,1998.98828125,0.0,0.0
1774367205.7495291,97.6,1998.98828125,0.0,0.0
1774367205.879641,75.0,1998.98828125,0.0,0.0
1774367206.002417,100.0,1998.98828125,0.0,0.0
1774367206.1236732,100.0,1998.98828125,0.0,0.0
1774367206.2484045,100.0,1998.98828125,0.0,0.0
1774367206.365097,51.3,1998.98828125,0.0,0.0
1774367206.4817162,26.8,1998.98828125,0.0,0.0
1774367206.5999074,29.3,2001.7578125,0.0,0.0
1774367206.7166605,29.3,1999.8203125,0.0,0.0
1774367206.8332713,27.5,1999.8203125,0.0,0.0
1774367206.949854,26.8,1999.8203125,0.0,0.0
1774367207.0661533,27.5,1999.8203125,0.0,0.0
1774367207.1828084,28.2,2000.06640625,0.0,0.0
1774367207.299453,27.5,2000.06640625,0.0,0.0
1774367207.415886,29.3,2000.06640625,0.0,0.0
1774367207.5325797,25.6,2000.06640625,0.0,0.0
1774367207.6493769,25.0,2000.06640625,0.0,0.0
1774367207.766022,25.6,2000.06640625,0.0,0.0
1774367207.8827453,25.6,2000.06640625,0.0,0.0
1774367207.9992788,30.2,2000.06640625,0.0,0.0
1774367208.1158907,25.6,2000.06640625,0.0,0.0
1774367208.2321506,27.5,2000.3125,0.0,0.0
1774367208.3488073,25.6,2000.3125,0.0,0.0
1774367208.4652872,25.0,2000.3125,0.0,0.0
1774367208.5816677,27.5,2000.3125,0.0,0.0
1774367208.6983457,27.5,2000.3125,0.0,0.0
1774367208.814984,25.0,2000.3125,0.0,0.0
1774367208.9450564,82.9,2000.3125,0.0,0.0
1774367209.106838,88.1,2000.06640625,0.0,0.0
1774367209.2376442,67.4,2000.06640625,0.0,0.0
1774367209.367048,100.0,2000.06640625,0.0,0.0
1774367209.4844465,100.0,2000.06640625,0.0,0.0
1774367209.6013906,82.1,2000.06640625,0.0,0.0
1774367209.7182567,26.8,2000.06640625,0.0,0.0
1774367209.8500414,28.2,2000.06640625,0.0,0.0
1774367210.0090601,97.6,2000.06640625,0.0,0.0
1774367210.138878,90.0,2000.06640625,0.0,0.0
1774367210.2691317,100.0,2000.06640625,0.0,0.0
1774367210.3988295,100.0,2000.06640625,0.0,0.0
1774367210.5302706,29.3,2000.06640625,0.0,0.0
1774367210.6679013,100.0,2000.06640625,0.0,0.0
1774367210.7853112,92.7,2000.06640625,0.0,0.0
1774367210.9225378,100.0,2000.06640625,0.0,0.0
1774367211.0435917,100.0,2000.06640625,0.0,0.0
1774367211.1600747,56.4,2000.06640625,0.0,0.0
1774367211.2767453,26.8,2000.0703125,0.0,0.0
1774367211.3937962,25.0,2000.0703125,0.0,0.0
1774367211.5103211,25.0,2000.0703125,0.0,0.0
1774367211.627097,25.6,2000.0703125,0.0,0.0
1774367211.7439013,29.3,2000.0703125,0.0,0.0
1774367211.8606057,25.6,2000.0703125,0.0,0.0
1774367211.9771123,27.5,2000.0703125,0.0,0.0
1774367212.0937607,25.0,2000.0703125,0.0,0.0
1774367212.210389,25.0,2000.078125,0.0,0.0
1774367212.3268867,27.5,2000.078125,0.0,0.0
1774367212.443624,29.3,2000.078125,0.0,0.0
1774367212.560697,25.0,2000.078125,0.0,0.0
1774367212.6774173,25.6,2000.078125,0.0,0.0
1774367212.7960029,27.5,2000.078125,0.0,0.0
1774367212.9129121,27.5,2000.078125,0.0,0.0
1774367213.04459,72.5,2000.078125,0.0,0.0
1774367213.1845987,100.0,2000.078125,0.0,0.0
1774367213.3146331,90.0,2000.078125,0.0,0.0
1774367213.4387124,100.0,2000.078125,0.0,0.0
1774367213.5560865,80.0,2000.078125,0.0,0.0
1774367213.6937444,50.0,2000.078125,0.0,0.0
1774367213.8153434,100.0,2000.078125,0.0,0.0
1774367213.9338136,27.5,2000.078125,0.0,0.0
1774367214.0703235,27.5,1572.8828125,0.0,0.0
1774367214.1959376,100.0,1549.2421875,0.0,0.0
1774367214.3235586,100.0,1549.2421875,0.0,0.0
1774367214.4674745,76.9,1549.2421875,0.0,0.0
1774367214.5902767,100.0,1549.2421875,0.0,0.0
1774367214.7241943,100.0,1549.2421875,0.0,0.0
1774367214.857022,70.0,1549.24609375,0.0,0.0
1774367214.9873223,100.0,1549.24609375,0.0,0.0
1774367215.1198153,100.0,1549.24609375,0.0,0.0
1774367215.2452524,75.0,1549.24609375,0.0,0.0
1774367215.3748195,97.5,1549.24609375,0.0,0.0
1774367215.50664,100.0,1549.24609375,0.0,0.0
1774367215.6298728,76.7,1549.24609375,0.0,0.0
1774367215.761739,90.0,1549.24609375,0.0,0.0
1774367215.8948615,100.0,1549.24609375,0.0,0.0
1774367216.0144506,92.7,1549.24609375,0.0,0.0
1774367216.144504,92.7,1549.24609375,0.0,0.0
1774367216.273989,100.0,1549.24609375,0.0,0.0
1774367216.408979,100.0,1549.24609375,0.0,0.0
1774367216.5562184,75.0,1549.24609375,0.0,0.0
1774367216.6868386,100.0,1549.24609375,0.0,0.0
1774367216.8213034,100.0,1549.24609375,0.0,0.0
1774367216.9497426,81.6,1549.37890625,0.0,0.0
1774367217.0790508,100.0,1549.37890625,0.0,0.0
1774367217.2088125,100.0,1549.34375,0.0,0.0
1774367217.3348012,78.0,1549.33984375,0.0,0.0
1774367217.4606304,97.6,1549.33984375,0.0,0.0
1774367217.5907216,100.0,1549.33984375,0.0,0.0
1774367217.723856,78.6,1549.33984375,0.0,0.0
1774367217.8409474,87.5,1549.33984375,0.0,0.0
1774367217.9585307,25.0,1549.34375,0.05078125,2.5703125
1774367218.0755682,19.5,1548.67578125,7.3125,3.50390625
1774367218.1930032,17.1,1548.3359375,9.69921875,0.0
1774367218.3098276,12.5,1548.25390625,8.7734375,0.0
1774367218.4269886,15.0,1548.390625,9.82421875,0.0
1774367218.544342,15.4,1548.453125,8.8984375,0.0
1774367218.661841,10.5,1547.5703125,9.69921875,0.0
1774367218.779138,17.1,1547.52734375,8.8984375,0.0
1774367218.896731,19.5,1547.75390625,9.69921875,0.0
1774367219.014232,13.2,1547.72265625,8.8984375,0.0
1774367219.1314175,15.0,1547.71484375,9.4140625,0.0
1774367219.2485762,19.5,1547.65234375,9.05859375,0.0
1774367219.3659866,12.8,1547.77734375,9.1796875,0.0
1774367219.483149,15.0,1546.91796875,9.41796875,0.0
1774367219.600291,20.9,1546.9140625,8.8359375,0.0
1774367219.7177064,12.8,1547.09765625,9.63671875,0.0
1774367219.8349268,14.6,1547.0078125,8.8984375,0.0
1774367219.9523134,17.1,1546.7890625,9.57421875,0.0
1774367220.0699139,19.5,1546.98046875,8.8984375,0.0
1774367220.187854,15.0,1546.671875,9.69921875,0.0
1774367220.30484,14.6,1546.71484375,8.7734375,0.0
1774367220.4220562,15.0,1546.61328125,9.82421875,0.0
1774367220.5391324,15.0,1546.7421875,8.7734375,0.0
1774367220.6565876,15.0,1546.56640625,9.69921875,0.0
1774367220.7734501,17.5,1546.48828125,8.7734375,0.0
1774367220.891129,17.5,1546.74609375,9.69921875,0.0
1774367221.0080602,19.0,1546.73828125,8.6484375,0.0
1774367221.125411,19.5,1546.92578125,9.69921875,0.0
1774367221.2428596,17.5,1546.87109375,8.8984375,0.0
1774367221.3604496,14.6,1546.7421875,9.82421875,0.0
1774367221.477652,16.7,1546.83203125,8.7734375,0.0
1774367221.5952,17.1,1546.953125,9.69921875,0.0
1774367221.712726,19.5,1547.16796875,8.8984375,0.0
1774367221.8300703,14.6,1547.13671875,9.4140625,0.0
1774367221.9487076,31.0,1624.2578125,0.0,0.0
1774367222.0681744,27.5,1722.50390625,0.0,0.0
1774367222.1887662,25.6,1768.16796875,0.0,0.0
1774367222.3095732,28.2,1820.30078125,0.0,0.0
1774367222.4278886,20.0,1846.890625,6.08984375,0.0
1774367222.5451472,5.1,1847.37109375,3.71875,0.0
1774367222.6631062,14.6,1847.48828125,8.4140625,0.0
1774367222.7834272,31.0,1877.85546875,0.0,0.0
1774367222.9036098,28.2,1913.87890625,0.0,0.0
1774367223.0232809,26.8,1953.578125,0.0,0.0
1774367223.143084,31.7,1993.03515625,0.0,0.0
1774367223.2636511,30.0,2028.7421875,0.0,0.0
1774367223.3836317,25.0,2062.1015625,0.0,0.0
1774367223.5023234,27.5,2099.0078125,0.0,0.0
1774367223.6227353,31.0,2132.0546875,0.0,0.0
1774367223.7411287,26.8,1896.5546875,0.0,0.0
1774367223.864612,26.8,1571.27734375,0.0,0.0
1774367223.9878433,28.2,1673.76953125,0.0,0.0
1774367224.1113534,29.3,1774.0546875,0.0,0.0
1774367224.2333577,26.8,1834.5,0.0,0.0
1774367224.3545096,31.7,1893.03125,0.0,0.0
1774367224.4845252,29.3,1951.13671875,0.0,0.0
1774367224.6109383,25.0,1994.734375,0.0,0.0
1774367224.729565,29.3,1994.734375,0.0,0.0
1774367224.8477433,28.2,1994.98046875,0.0,0.0
1774367224.9675279,27.5,1994.98046875,0.0,0.0
1774367225.0855982,25.6,1994.98046875,0.0,0.0
1774367225.203723,26.3,1995.2265625,0.0,0.0
1774367225.321949,29.3,1995.2265625,0.0,0.0
1774367225.4407163,25.0,1995.2265625,0.0,0.0
1774367225.5582614,27.5,1995.2265625,0.0,0.0
1774367225.676312,29.3,1995.2265625,0.0,0.0
1774367225.7946258,29.3,1995.2265625,0.0,0.0
1774367225.9126527,27.5,1995.2265625,0.0,0.0
1774367226.030193,28.2,1995.2265625,0.0,0.0
1774367226.1487553,27.5,1995.2265625,0.0,0.0
1774367226.2667432,25.0,1995.2265625,0.0,0.0
1774367226.3846228,29.3,1995.2265625,0.0,0.0
1774367226.5022542,27.5,1995.2265625,0.0,0.0
1774367226.6199667,25.6,1995.2265625,0.0,0.0
1774367226.7378824,25.0,1995.2265625,0.0,0.0
1774367226.856207,27.5,1995.2265625,0.0,0.0
1774367226.9738054,29.3,1995.2265625,0.0,0.0
1774367227.099423,61.5,1993.03515625,0.0,0.0
1774367227.2285814,100.0,1993.50390625,0.0,0.0
1774367227.358024,100.0,1994.47265625,0.0,0.0
1774367227.4752886,25.0,1994.65234375,0.0,0.0
1774367227.6334312,97.4,1994.8984375,0.0,0.0
1774367227.763113,90.2,1996.0859375,0.0,0.0
1774367227.8933961,100.0,1996.0859375,0.0,0.0
1774367228.0221336,100.0,1996.0859375,0.0,0.0
1774367228.1389937,52.5,1996.04296875,0.0,0.0
1774367228.2563467,26.8,1996.04296875,0.0,0.0
1774367228.3730178,25.6,1996.04296875,0.0,0.0
1774367228.489621,29.3,1996.04296875,0.0,0.0
1774367228.6064293,27.5,1996.04296875,0.0,0.0
1774367228.7232172,25.0,1996.04296875,0.0,0.0
1774367228.8399475,25.6,1996.04296875,0.0,0.0
1774367228.9567273,27.5,1996.04296875,0.0,0.0
1774367229.0733633,25.0,1996.04296875,0.0,0.0
1774367229.1900177,27.5,1996.04296875,0.0,0.0
1774367229.3067782,26.8,1996.04296875,0.0,0.0
1774367229.43813,26.8,1996.04296875,0.0,0.0
1774367229.6213038,95.2,1996.04296875,0.0,0.0
1774367229.7505066,87.2,1996.04296875,0.0,0.0
1774367229.8809538,100.0,1996.04296875,0.0,0.0
1774367229.9984143,100.0,1996.04296875,0.0,0.0
1774367230.1465456,25.6,1996.04296875,0.0,0.0
1774367230.2736328,100.0,1996.04296875,0.0,0.0
1774367230.3953772,97.4,1996.04296875,0.0,0.0
1774367230.5244663,100.0,1996.04296875,0.0,0.0
1774367230.65372,100.0,1996.04296875,0.0,0.0
1774367230.770803,38.5,1996.04296875,0.0,0.0
1774367230.8876991,28.6,1996.04296875,0.0,0.0
1774367231.0190198,63.4,1996.04296875,0.0,0.0
1774367231.1501799,100.0,1996.04296875,0.0,0.0
1774367231.2790504,77.5,1996.04296875,0.0,0.0
1774367231.4082165,100.0,1996.04296875,0.0,0.0
1774367231.5382884,100.0,1996.04296875,0.0,0.0
1774367231.6670403,100.0,1996.04296875,0.0,0.0
1774367231.783679,42.5,1996.04296875,0.0,0.0
1774367231.9005144,27.5,1996.04296875,0.0,0.0
1774367232.0172205,27.5,1996.04296875,0.0,0.0
1774367232.1338248,25.0,1996.04296875,0.0,0.0
1774367232.250239,25.6,1996.04296875,0.0,0.0
1774367232.3669822,26.8,1996.04296875,0.0,0.0
1774367232.483596,26.8,1996.04296875,0.0,0.0
1774367232.6001382,27.5,1996.04296875,0.0,0.0
1774367232.7169356,29.3,1996.04296875,0.0,0.0
1774367232.8338406,25.0,1996.04296875,0.0,0.0
1774367232.9505272,26.8,1996.04296875,0.0,0.0
1774367233.067271,29.3,1996.04296875,0.0,0.0
1774367233.1839077,27.5,1996.04296875,0.0,0.0
1774367233.3005445,25.6,1996.04296875,0.0,0.0
1774367233.416865,25.6,1996.04296875,0.0,0.0
1774367233.5336428,27.5,1996.04296875,0.0,0.0
1774367233.6502507,25.0,1996.04296875,0.0,0.0
1774367233.766747,29.3,1996.04296875,0.0,0.0
1774367233.8836043,29.3,1996.04296875,0.0,0.0
1774367234.0152209,63.4,1996.04296875,0.0,0.0
1774367234.1922953,82.9,1996.04296875,0.0,0.0
1774367234.322834,68.4,1996.04296875,0.0,0.0
1774367234.4392533,100.0,1996.04296875,0.0,0.0
1774367234.5763707,100.0,1996.04296875,0.0,0.0
1774367234.6932797,92.5,1996.04296875,0.0,0.0
1774367234.8103786,29.3,1996.04296875,0.0,0.0
1774367234.9279122,25.0,1996.04296875,0.0,0.0
1774367235.119326,95.0,1996.04296875,0.0,0.0
1774367235.2542307,90.0,1996.04296875,0.0,0.0
1774367235.3708935,100.0,1996.04296875,0.0,0.0
1774367235.4884107,100.0,1996.04296875,0.0,0.0
1774367235.6323814,25.6,1996.04296875,0.0,0.0
1774367235.753237,100.0,1996.3203125,0.0,0.0
1774367235.871042,95.1,1996.3203125,0.0,0.0
1774367236.0010772,100.0,1996.3203125,0.0,0.0
1774367236.11791,100.0,1996.2890625,0.0,0.0
1774367236.2345455,73.2,1996.2890625,0.0,0.0
1774367236.351153,31.0,1996.2890625,0.0,0.0
1774367236.4680467,27.5,1996.2890625,0.0,0.0
1774367236.584948,25.0,1996.2890625,0.0,0.0
1774367236.7016184,27.5,1996.2890625,0.0,0.0
1774367236.8184283,27.5,1996.2890625,0.0,0.0
1774367236.935035,29.3,1996.2890625,0.0,0.0
1774367237.051698,25.0,1996.2890625,0.0,0.0
1774367237.1680095,29.3,1996.2890625,0.0,0.0
1774367237.2847273,27.5,1996.2890625,0.0,0.0
1774367237.4013426,25.0,1996.2890625,0.0,0.0
1774367237.517718,29.3,1996.2890625,0.0,0.0
1774367237.6345778,27.5,1996.2890625,0.0,0.0
1774367237.7515898,26.8,1996.2890625,0.0,0.0
1774367237.8682256,25.0,1996.2890625,0.0,0.0
1774367238.000001,72.5,1996.2890625,0.0,0.0
1774367238.1184425,100.0,1996.2890625,0.0,0.0
1774367238.2481174,90.5,1996.2890625,0.0,0.0
1774367238.3777444,100.0,1996.2890625,0.0,0.0
1774367238.494862,95.0,1996.2890625,0.0,0.0
1774367238.6288614,38.1,1996.2890625,0.0,0.0
1774367238.7604256,100.0,1996.2890625,0.0,0.0
1774367238.8787358,35.0,1996.2890625,0.0,0.0
1774367238.9976733,27.5,1566.76953125,0.0,0.0
1774367239.1272762,95.0,1547.57421875,0.0,0.0
1774367239.256326,100.0,1547.57421875,0.0,0.0
1774367239.3812773,72.5,1547.57421875,0.0,0.0
1774367239.510882,82.9,1547.57421875,0.0,0.0
1774367239.64021,100.0,1547.57421875,0.0,0.0
1774367239.7570486,92.3,1547.57421875,0.0,0.0
1774367239.886873,87.5,1547.57421875,0.0,0.0
1774367240.016043,100.0,1547.57421875,0.0,0.0
1774367240.1475205,100.0,1547.57421875,0.0,0.0
1774367240.2796912,80.0,1547.57421875,0.0,0.0
1774367240.408828,100.0,1547.57421875,0.0,0.0
1774367240.5389192,100.0,1547.57421875,0.0,0.0
1774367240.6721447,82.9,1547.57421875,0.0,0.0
1774367240.802795,100.0,1547.57421875,0.0,0.0
1774367240.9325478,100.0,1547.57421875,0.0,0.0
1774367241.0665042,70.0,1548.06640625,0.0,0.0
1774367241.199391,95.2,1548.06640625,0.0,0.0
1774367241.328587,100.0,1548.06640625,0.0,0.0
1774367241.460886,80.0,1548.06640625,0.0,0.0
1774367241.5933092,97.6,1548.06640625,0.0,0.0
1774367241.711335,100.0,1548.06640625,0.0,0.0
1774367241.8576722,82.1,1548.06640625,0.0,0.0
1774367241.9965253,95.1,1548.06640625,0.0,0.0
1774367242.1266952,100.0,1548.06640625,0.0,0.0
1774367242.2627287,80.5,1548.06640625,0.0,0.0
1774367242.3948414,97.6,1548.06640625,0.0,0.0
1774367242.5298507,100.0,1548.06640625,0.0,0.0
1774367242.6627407,78.6,1548.06640625,0.0,0.0
1774367242.7797985,88.1,1548.06640625,0.0,0.0
1774367242.8973129,25.6,1458.80859375,0.046875,1.171875
1774367243.0145688,17.1,1459.00390625,6.8125,4.90234375
1774367243.1318645,16.7,1459.01171875,9.69921875,0.0
1774367243.2490137,17.5,1459.16015625,8.7734375,0.0
1774367243.3665335,12.8,1459.1875,9.82421875,0.0
1774367243.4833515,17.1,1459.0859375,8.7734375,0.0
1774367243.600588,15.0,1459.1171875,9.69921875,0.0
1774367243.717776,19.5,1459.140625,8.8984375,0.0
1774367243.8350859,19.0,1459.05078125,9.69921875,0.0
1774367243.9524696,17.1,1459.0703125,8.8984375,0.0
1774367244.0699837,15.0,1459.2265625,9.82421875,0.0
1774367244.1873388,12.8,1458.53515625,8.7734375,0.0
1774367244.3047554,13.2,1458.87890625,9.6640625,0.0
1774367244.4223607,19.5,1459.1015625,8.93359375,0.0
1774367244.5400257,12.5,1459.1875,9.2890625,0.0
1774367244.6573613,19.0,1459.0546875,9.43359375,0.0
1774367244.7744079,17.9,1458.7578125,8.8359375,0.0
1774367244.891947,15.4,1459.06640625,9.51171875,0.0
1774367245.0090504,12.8,1458.9453125,8.7109375,0.0
1774367245.1262722,17.5,1459.0078125,9.76171875,0.0
1774367245.2436113,19.5,1458.8828125,8.8984375,0.0
1774367245.3609772,15.0,1458.82421875,9.69921875,0.0
1774367245.4779582,12.8,1458.984375,8.7734375,0.0
1774367245.595377,15.0,1459.0078125,9.69921875,0.0
1774367245.7127943,15.0,1459.171875,8.7734375,0.0
1774367245.8301084,14.6,1459.06640625,9.82421875,0.0
1774367245.9469867,15.8,1459.1171875,8.7734375,0.0
1774367246.064535,17.1,1459.0078125,9.69921875,0.0
1774367246.1815126,16.7,1459.06640625,8.8984375,0.0
1774367246.2988522,17.1,1459.1171875,9.69921875,0.0
1774367246.4163425,15.4,1459.01953125,8.8984375,0.0
1774367246.5336149,15.0,1458.8828125,9.69921875,0.0
1774367246.650804,15.4,1458.96484375,8.7734375,0.0
1774367246.768347,15.0,1459.0703125,9.7890625,0.0
1774367246.8877826,25.0,1540.30859375,0.0,0.0
1774367247.0062952,25.6,1634.30859375,0.0,0.0
1774367247.1255362,27.5,1733.046875,0.0,0.0
1774367247.2427118,15.8,1762.83203125,6.80859375,0.0
1774367247.3600154,17.1,1763.1015625,9.69921875,0.0
1774367247.4789631,25.0,1784.08203125,1.71484375,0.0
1774367247.5986345,27.5,1809.5625,0.0,0.0
1774367247.718251,27.5,1849.578125,0.0,0.0
1774367247.8379555,30.0,1888.80078125,0.0,0.0
1774367247.9575229,29.3,1924.01171875,0.0,0.0
1774367248.0781102,27.5,1958.94921875,0.0,0.0
1774367248.1976461,33.3,1995.25,0.0,0.0
1774367248.3174717,29.3,2030.44921875,0.0,0.0
1774367248.4374168,25.0,2057.7421875,0.0,0.0
1774367248.5558753,25.0,1489.4296875,0.0,0.0
1774367248.6790116,30.0,1547.265625,0.0,0.0
1774367248.8024256,30.0,1649.74609375,0.0,0.0
1774367248.9257905,27.5,1749.9921875,0.0,0.0
1774367249.0467427,30.0,1801.82421875,0.0,0.0
1774367249.1688309,29.3,1858.60546875,0.0,0.0
1774367249.3030949,26.8,1903.0703125,0.0,0.0
1774367249.4218554,27.5,1903.5625,0.0,0.0
1774367249.5399745,29.3,1904.00390625,0.0,0.0
1774367249.6583488,27.5,1904.00390625,0.0,0.0
1774367249.7763584,25.6,1904.00390625,0.0,0.0
1774367249.8945465,28.2,1904.00390625,0.0,0.0
1774367250.01294,31.7,1904.00390625,0.0,0.0
1774367250.1313713,25.0,1903.84375,0.0,0.0
1774367250.2493823,26.8,1903.84375,0.0,0.0
1774367250.3717935,27.5,1903.84375,0.0,0.0
1774367250.4899056,27.5,1904.08984375,0.0,0.0
1774367250.6077576,25.0,1904.08984375,0.0,0.0
1774367250.729515,27.5,1904.08984375,0.0,0.0
1774367250.847408,25.6,1904.08984375,0.0,0.0
1774367250.9694855,26.8,1904.08984375,0.0,0.0
1774367251.0876691,28.2,1904.08984375,0.0,0.0
1774367251.2096446,30.0,1904.08984375,0.0,0.0
1774367251.328115,25.0,1904.08984375,0.0,0.0
1774367251.4492128,25.6,1904.08984375,0.0,0.0
1774367251.570816,29.3,1904.08984375,0.0,0.0
1774367251.6889808,29.3,1904.08984375,0.0,0.0
1774367251.8107898,25.0,1904.08984375,0.0,0.0
1774367251.928297,29.3,1904.08984375,0.0,0.0
1774367252.0545557,87.5,1904.3359375,0.0,0.0
1774367252.1853068,100.0,1904.3359375,0.0,0.0
1774367252.3023632,82.1,1904.3359375,0.0,0.0
1774367252.4334116,47.5,1904.3359375,0.0,0.0
1774367252.563675,100.0,1904.3359375,0.0,0.0
1774367252.6941464,97.5,1904.3359375,0.0,0.0
1774367252.8232646,100.0,1904.3359375,0.0,0.0
1774367252.9482563,100.0,1904.3359375,0.0,0.0
1774367253.0646777,25.0,1904.34375,0.0,0.0
1774367253.1813493,27.5,1904.34375,0.0,0.0
1774367253.2977266,25.6,1904.34375,0.0,0.0
1774367253.414062,25.0,1904.34375,0.0,0.0
1774367253.5301888,27.5,1904.34375,0.0,0.0
1774367253.6467426,26.8,1904.34375,0.0,0.0
1774367253.763191,26.8,1904.34375,0.0,0.0
1774367253.8795624,27.5,1904.34375,0.0,0.0
1774367253.9961245,27.5,1904.34375,0.0,0.0
1774367254.1129663,25.0,1904.34375,0.0,0.0
1774367254.229349,25.0,1904.34375,0.0,0.0
1774367254.3459804,25.6,1904.34375,0.0,0.0
1774367254.4624653,27.5,1904.58984375,0.0,0.0
1774367254.578881,25.0,1904.58984375,0.0,0.0
1774367254.6951208,27.5,1904.58984375,0.0,0.0
1774367254.8116012,27.5,1904.58984375,0.0,0.0
1774367254.928142,25.0,1904.58984375,0.0,0.0
1774367255.0444202,27.5,1904.58984375,0.0,0.0
1774367255.1609282,27.5,1904.58984375,0.0,0.0
1774367255.2778156,25.6,1904.58984375,0.0,0.0
1774367255.4090526,58.5,1904.58984375,0.0,0.0
1774367255.5403287,97.4,1904.8359375,0.0,0.0
1774367255.670366,85.0,1904.8359375,0.0,0.0
1774367255.7876024,100.0,1904.8359375,0.0,0.0
1774367255.9071534,100.0,1904.8359375,0.0,0.0
1774367256.0380447,43.2,1906.2109375,0.0,0.0
1774367256.1722455,100.0,1906.1640625,0.0,0.0
1774367256.3067102,92.7,1906.41796875,0.0,0.0
1774367256.423075,100.0,1906.671875,0.0,0.0
1774367256.5525095,100.0,1906.94140625,0.0,0.0
1774367256.6698802,75.0,1906.8828125,0.0,0.0
1774367256.7870283,25.0,1906.8828125,0.0,0.0
1774367256.946625,37.0,1906.8828125,0.0,0.0
1774367257.099394,95.2,1906.8828125,0.0,0.0
1774367257.229884,82.1,1907.11328125,0.0,0.0
1774367257.359684,100.0,1907.11328125,0.0,0.0
1774367257.4887278,100.0,1907.11328125,0.0,0.0
1774367257.6178446,100.0,1907.11328125,0.0,0.0
1774367257.73491,48.8,1907.11328125,0.0,0.0
1774367257.8518054,26.8,1907.11328125,0.0,0.0
1774367257.9685333,27.5,1907.11328125,0.0,0.0
1774367258.0854778,25.6,1907.11328125,0.0,0.0
1774367258.2029068,28.6,1907.11328125,0.0,0.0
1774367258.3198032,26.8,1907.11328125,0.0,0.0
1774367258.4368496,27.5,1907.11328125,0.0,0.0
1774367258.5537748,27.5,1907.11328125,0.0,0.0
1774367258.6708868,26.8,1907.11328125,0.0,0.0
1774367258.7877796,27.5,1907.11328125,0.0,0.0
1774367258.9049017,27.5,1907.11328125,0.0,0.0
1774367259.021829,25.6,1907.11328125,0.0,0.0
1774367259.1387217,27.5,1907.11328125,0.0,0.0
1774367259.2560658,30.0,1907.3515625,0.0,0.0
1774367259.3748708,25.0,1907.3515625,0.0,0.0
1774367259.4918633,28.6,1907.59765625,0.0,0.0
1774367259.608646,27.5,1907.59765625,0.0,0.0
1774367259.7258017,27.5,1907.59765625,0.0,0.0
1774367259.8428767,25.0,1907.59765625,0.0,0.0
1774367259.9598103,29.3,1907.59765625,0.0,0.0
1774367260.0925238,68.3,1907.59765625,0.0,0.0
1774367260.2466323,82.1,1907.58203125,0.0,0.0
1774367260.3772614,72.5,1907.58203125,0.0,0.0
1774367260.5081663,100.0,1907.58203125,0.0,0.0
1774367260.637807,100.0,1907.58203125,0.0,0.0
1774367260.7552874,78.0,1907.58203125,0.0,0.0
1774367260.87251,27.5,1907.58203125,0.0,0.0
1774367261.016786,27.5,1907.58203125,0.0,0.0
1774367261.1748557,92.7,1907.58203125,0.0,0.0
1774367261.3048596,92.7,1907.58203125,0.0,0.0
1774367261.4355648,100.0,1907.6328125,0.0,0.0
1774367261.552805,100.0,1907.6328125,0.0,0.0
1774367261.6965468,25.6,1907.6328125,0.0,0.0
1774367261.8276987,100.0,1907.6328125,0.0,0.0
1774367261.9532807,95.1,1907.6328125,0.0,0.0
1774367262.0872347,100.0,1907.6328125,0.0,0.0
1774367262.2084436,100.0,1907.58203125,0.0,0.0
1774367262.3256052,57.5,1907.58203125,0.0,0.0
1774367262.443042,26.8,1907.58203125,0.0,0.0
1774367262.5601072,25.0,1907.58203125,0.0,0.0
1774367262.677346,25.6,1907.58203125,0.0,0.0
1774367262.7944002,26.8,1907.58203125,0.0,0.0
1774367262.911661,25.0,1907.58203125,0.0,0.0
1774367263.0286922,27.5,1907.58203125,0.0,0.0
1774367263.145804,25.6,1907.58203125,0.0,0.0
1774367263.2629957,25.0,1907.58984375,0.0,0.0
1774367263.3801086,27.5,1907.58984375,0.0,0.0
1774367263.4971964,25.6,1907.59765625,0.0,0.0
1774367263.614716,25.0,1907.59765625,0.0,0.0
1774367263.7317977,26.8,1907.59765625,0.0,0.0
1774367263.848874,27.5,1907.59765625,0.0,0.0
1774367263.9660962,26.8,1907.59765625,0.0,0.0
1774367264.1045554,37.5,1907.59765625,0.0,0.0
1774367264.2775536,90.2,1907.5859375,0.0,0.0
1774367264.4080734,92.3,1907.5859375,0.0,0.0
1774367264.5379922,100.0,1907.5859375,0.0,0.0
1774367264.6552098,88.1,1907.5859375,0.0,0.0
1774367264.786963,40.0,1907.5859375,0.0,0.0
1774367264.9179804,100.0,1907.5859375,0.0,0.0
1774367265.0363586,43.9,1907.5859375,0.0,0.0
1774367265.181826,31.0,1458.71484375,0.0,0.0
1774367265.3135166,100.0,1458.71484375,0.0,0.0
1774367265.444975,100.0,1458.9609375,0.0,0.0
1774367265.5695326,77.5,1458.9609375,0.0,0.0
1774367265.6996772,100.0,1458.9609375,0.0,0.0
1774367265.8310075,100.0,1458.96484375,0.0,0.0
1774367265.9666848,70.7,1459.2109375,0.0,0.0
1774367266.1065738,100.0,1459.27734375,0.0,0.0
1774367266.2365832,100.0,1459.03515625,0.0,0.0
1774367266.3703725,75.6,1459.03515625,0.0,0.0
1774367266.501249,100.0,1459.03125,0.0,0.0
1774367266.6351185,100.0,1459.03125,0.0,0.0
1774367266.7689123,76.2,1459.03125,0.0,0.0
1774367266.9009206,97.6,1459.27734375,0.0,0.0
1774367267.0529053,100.0,1459.27734375,0.0,0.0
1774367267.1936707,76.9,1459.2578125,0.0,0.0
1774367267.3243206,100.0,1459.50390625,0.0,0.0
1774367267.4551444,100.0,1459.50390625,0.0,0.0
1774367267.5893216,75.6,1459.50390625,0.0,0.0
1774367267.7208018,100.0,1459.50390625,0.0,0.0
1774367267.8535552,100.0,1459.50390625,0.0,0.0
1774367267.986086,73.2,1459.50390625,0.0,0.0
1774367268.1183207,97.6,1459.50390625,0.0,0.0
1774367268.2547843,100.0,1459.50390625,0.0,0.0
1774367268.384199,73.2,1459.50390625,0.0,0.0
1774367268.514295,85.0,1459.50390625,0.0,0.0
1774367268.643718,100.0,1459.50390625,0.0,0.0
1774367268.7666082,85.0,1459.50390625,0.0,0.0
1774367268.8891726,95.0,1459.50390625,0.0,0.0
1774367269.0090356,35.0,1459.75,0.0,0.0
1774367269.1266737,22.5,1387.40625,4.4140625,6.07421875
1774367269.2442627,19.0,1387.5703125,8.8984375,0.0
1774367269.3619087,10.3,1387.59375,9.69921875,0.0
1774367269.479074,15.4,1387.76171875,8.6484375,0.0
1774367269.597108,17.1,1387.65234375,9.82421875,0.0
1774367269.7143586,14.6,1387.46484375,8.8984375,0.0
1774367269.8320537,15.0,1387.46875,9.69921875,0.0
1774367269.9499264,13.2,1386.6796875,8.8984375,0.0
1774367270.0685105,12.8,1386.7890625,9.82421875,0.0
1774367270.1860633,13.2,1386.875,8.8984375,0.0
1774367270.303518,10.5,1386.85546875,9.5390625,0.0
1774367270.4212446,17.1,1386.9453125,8.93359375,0.0
1774367270.5387356,15.0,1385.9375,9.2890625,0.0
1774367270.656331,19.5,1385.8671875,9.30859375,0.0
1774367270.7739787,17.5,1385.98828125,8.9609375,0.0
1774367270.8914866,15.0,1385.93359375,9.63671875,0.0
1774367271.008884,17.1,1385.80859375,8.8984375,0.0
1774367271.1265655,15.0,1385.9921875,9.69921875,0.0
1774367271.244261,12.8,1386.02734375,8.7734375,0.0
1774367271.3618102,15.0,1385.9375,9.82421875,0.0
1774367271.479288,17.5,1386.06640625,8.7734375,0.0
1774367271.5971122,14.6,1385.9921875,9.82421875,0.0
1774367271.7141743,16.7,1385.91796875,8.7734375,0.0
1774367271.8318508,17.1,1385.80859375,9.82421875,0.0
1774367271.9494224,17.5,1385.8671875,8.7734375,0.0
1774367272.067174,17.1,1385.9921875,9.82421875,0.0
1774367272.184944,17.5,1386.19140625,8.8984375,0.0
1774367272.302753,15.0,1386.05078125,9.82421875,0.0
1774367272.4211993,14.6,1386.01953125,8.8984375,0.0
1774367272.5388076,17.1,1385.8671875,9.4140625,0.0
1774367272.6563869,17.9,1386.4609375,9.30859375,0.0
1774367272.7741024,17.1,1386.66015625,8.9609375,0.0
1774367272.891862,14.6,1386.84765625,9.63671875,0.0
1774367273.011336,25.0,1440.41015625,2.46484375,0.0
1774367273.1307595,29.3,1530.65625,0.0,0.0
1774367273.2499216,26.8,1622.90234375,0.0,0.0
1774367273.3677166,25.0,1690.35546875,3.359375,0.0
1774367273.485473,15.0,1690.48046875,8.8359375,0.0
1774367273.6043184,20.9,1696.81640625,6.02734375,0.0
1774367273.7246518,25.6,1739.66015625,0.0,0.0
1774367273.8441923,30.0,1772.28125,0.0,0.0
1774367273.9641707,29.3,1799.5234375,0.0,0.0
1774367274.0840046,25.0,1822.55078125,0.0,0.0
1774367274.2041311,30.0,1848.2578125,0.0,0.0
1774367274.3244488,29.3,1882.4453125,0.0,0.0
1774367274.4450498,25.0,1916.7734375,0.0,0.0
1774367274.5656674,25.6,1950.72265625,0.0,0.0
1774367274.686253,27.5,1986.47265625,0.0,0.0
1774367274.8044984,27.5,1510.203125,0.0,0.0
1774367274.928323,25.6,1479.3671875,0.0,0.0
1774367275.0525882,28.2,1580.09765625,0.0,0.0
1774367275.1764486,29.3,1682.3515625,0.0,0.0
1774367275.2968953,26.8,1770.42578125,0.0,0.0
1774367275.418943,27.5,1819.32421875,0.0,0.0
1774367275.5516183,31.7,1848.8203125,0.0,0.0
1774367275.6702561,27.5,1849.3125,0.0,0.0
1774367275.7885778,26.8,1849.3125,0.0,0.0
1774367275.9071043,27.5,1849.3125,0.0,0.0
1774367276.0259268,29.3,1849.3125,0.0,0.0
1774367276.1443028,25.6,1849.3828125,0.0,0.0
1774367276.2625449,29.3,1849.3828125,0.0,0.0
1774367276.384717,29.3,1849.3828125,0.0,0.0
1774367276.5030954,25.6,1849.3828125,0.0,0.0
1774367276.6239624,26.8,1849.3828125,0.0,0.0
1774367276.7455866,27.5,1849.3828125,0.0,0.0
1774367276.864065,27.5,1849.3828125,0.0,0.0
1774367276.985738,28.6,1849.3828125,0.0,0.0
1774367277.1035266,30.0,1849.3828125,0.0,0.0
1774367277.2219417,30.0,1849.3828125,0.0,0.0
1774367277.3403735,25.0,1849.3828125,0.0,0.0
1774367277.4582393,25.0,1849.3828125,0.0,0.0
1774367277.5805173,29.3,1849.3828125,0.0,0.0
1774367277.6988869,27.5,1849.3828125,0.0,0.0
1774367277.8203547,27.5,1849.62890625,0.0,0.0
1774367277.939157,29.3,1849.62890625,0.0,0.0
1774367278.0592341,28.2,1854.0703125,0.0,0.0
1774367278.1769612,25.6,1875.03125,0.0,0.0
1774367278.3026528,97.5,1875.5234375,0.0,0.0
1774367278.4338815,100.0,1876.015625,0.0,0.0
1774367278.5516143,72.5,1876.0625,0.0,0.0
1774367278.689108,59.0,1876.5546875,0.0,0.0
1774367278.821459,100.0,1876.5546875,0.0,0.0
1774367278.948012,100.0,1876.5546875,0.0,0.0
1774367279.0776687,100.0,1877.046875,0.0,0.0
1774367279.1943712,95.1,1877.046875,0.0,0.0
1774367279.3113027,27.5,1877.29296875,0.0,0.0
1774367279.4283376,25.0,1877.29296875,0.0,0.0
1774367279.5450017,27.5,1877.29296875,0.0,0.0
1774367279.6620145,27.5,1877.29296875,0.0,0.0
1774367279.7789185,25.0,1877.29296875,0.0,0.0
1774367279.8956947,29.3,1877.29296875,0.0,0.0
1774367280.012807,29.3,1877.29296875,0.0,0.0
1774367280.1300974,25.0,1877.29296875,0.0,0.0
1774367280.2469525,26.8,1877.29296875,0.0,0.0
1774367280.363521,27.5,1877.29296875,0.0,0.0
1774367280.480491,26.8,1877.29296875,0.0,0.0
1774367280.5973434,25.0,1877.29296875,0.0,0.0
1774367280.7139888,29.3,1877.29296875,0.0,0.0
1774367280.8309405,27.5,1877.29296875,0.0,0.0
1774367280.9478283,26.8,1877.29296875,0.0,0.0
1774367281.0905015,27.5,1877.29296875,0.0,0.0
1774367281.248853,92.9,1877.29296875,0.0,0.0
1774367281.3664184,87.5,1877.29296875,0.0,0.0
1774367281.4967995,100.0,1877.29296875,0.0,0.0
1774367281.626548,100.0,1877.29296875,0.0,0.0
1774367281.755863,31.7,1877.29296875,0.0,0.0
1774367281.8919308,100.0,1877.29296875,0.0,0.0
1774367282.0221343,97.6,1877.29296875,0.0,0.0
1774367282.15282,100.0,1877.296875,0.0,0.0
1774367282.2826152,100.0,1877.296875,0.0,0.0
1774367282.3999379,43.9,1877.296875,0.0,0.0
1774367282.517139,27.5,1877.296875,0.0,0.0
1774367282.6493406,53.8,1877.296875,0.0,0.0
1774367282.7943027,95.3,1877.296875,0.0,0.0
1774367282.9195678,65.8,1877.296875,0.0,0.0
1774367283.0448046,100.0,1877.296875,0.0,0.0
1774367283.1698887,100.0,1877.296875,0.0,0.0
1774367283.2990286,100.0,1877.296875,0.0,0.0
1774367283.4156797,81.0,1877.54296875,0.0,0.0
1774367283.532818,25.0,1877.54296875,0.0,0.0
1774367283.6499684,25.6,1877.54296875,0.0,0.0
1774367283.767057,27.5,1877.54296875,0.0,0.0
1774367283.8840487,26.8,1877.54296875,0.0,0.0
1774367284.0009465,25.0,1877.54296875,0.0,0.0
1774367284.1175523,29.3,1877.55078125,0.0,0.0
1774367284.2345324,25.6,1877.55078125,0.0,0.0
1774367284.3514562,26.8,1877.55078125,0.0,0.0
1774367284.4682295,29.3,1877.55078125,0.0,0.0
1774367284.585335,27.5,1877.55078125,0.0,0.0
1774367284.7024548,25.0,1877.55078125,0.0,0.0
1774367284.8193698,27.5,1877.55078125,0.0,0.0
1774367284.9364827,27.5,1877.55078125,0.0,0.0
1774367285.0535212,26.8,1877.55078125,0.0,0.0
1774367285.170392,25.6,1877.55078125,0.0,0.0
1774367285.2869713,29.3,1877.55078125,0.0,0.0
1774367285.404017,29.3,1877.55078125,0.0,0.0
1774367285.52098,25.0,1877.55078125,0.0,0.0
1774367285.637776,25.6,1877.55078125,0.0,0.0
1774367285.776454,31.0,1877.55078125,0.0,0.0
1774367285.9781954,79.5,1877.55078125,0.0,0.0
1774367286.1091418,73.2,1877.55078125,0.0,0.0
1774367286.2388685,100.0,1877.55078125,0.0,0.0
1774367286.3640108,100.0,1877.55078125,0.0,0.0
1774367286.4815097,100.0,1877.55078125,0.0,0.0
1774367286.5986469,25.0,1877.55078125,0.0,0.0
1774367286.716221,29.3,1877.55078125,0.0,0.0
1774367286.8947632,90.0,1877.55078125,0.0,0.0
1774367287.0126584,90.5,1877.55078125,0.0,0.0
1774367287.1431642,100.0,1877.55078125,0.0,0.0
1774367287.2732413,100.0,1877.55078125,0.0,0.0
1774367287.4019513,30.0,1877.55078125,0.0,0.0
1774367287.542419,100.0,1877.55078125,0.0,0.0
1774367287.6730032,95.2,1877.55078125,0.0,0.0
1774367287.8041053,100.0,1877.55078125,0.0,0.0
1774367287.9339037,100.0,1877.55078125,0.0,0.0
1774367288.0512848,36.6,1877.55078125,0.0,0.0
1774367288.1688707,25.6,1877.5625,0.0,0.0
1774367288.2866237,25.0,1877.5625,0.0,0.0
1774367288.4183474,51.2,1877.5625,0.0,0.0
1774367288.5705717,97.7,1875.22265625,0.0,0.0
1774367288.701822,88.1,1875.3046875,0.0,0.0
1774367288.8322914,100.0,1875.3046875,0.0,0.0
1774367288.9494746,85.0,1875.55078125,0.0,0.0
1774367289.0819397,40.0,1876.2890625,0.0,0.0
1774367289.213326,100.0,1876.72265625,0.0,0.0
1774367289.3317885,32.5,1876.72265625,0.0,0.0
1774367289.4695926,45.0,1428.73046875,0.0,0.0
1774367289.5992827,100.0,1428.73046875,0.0,0.0
1774367289.7186542,97.5,1428.6484375,0.0,0.0
1774367289.8483179,85.4,1428.6484375,0.0,0.0
1774367289.9776843,100.0,1428.6484375,0.0,0.0
1774367290.1122997,100.0,1428.89453125,0.0,0.0
1774367290.2368805,72.5,1428.89453125,0.0,0.0
1774367290.3669047,100.0,1428.89453125,0.0,0.0
1774367290.4995234,100.0,1428.89453125,0.0,0.0
1774367290.63273,74.4,1428.89453125,0.0,0.0
1774367290.7635858,97.5,1429.38671875,0.0,0.0
1774367290.8949487,100.0,1429.38671875,0.0,0.0
1774367291.0291116,78.0,1429.38671875,0.0,0.0
1774367291.158796,97.6,1429.38671875,0.0,0.0
1774367291.2883594,100.0,1429.38671875,0.0,0.0
1774367291.4207854,82.9,1429.38671875,0.0,0.0
1774367291.553534,92.5,1429.38671875,0.0,0.0
1774367291.685013,100.0,1429.38671875,0.0,0.0
1774367291.8044662,90.2,1429.38671875,0.0,0.0
1774367291.9353027,92.7,1429.38671875,0.0,0.0
1774367292.066058,100.0,1429.38671875,0.0,0.0
1774367292.1940901,100.0,1429.39453125,0.0,0.0
1774367292.3108387,82.5,1429.39453125,0.0,0.0
1774367292.4323905,100.0,1429.39453125,0.0,0.0
1774367292.5649736,100.0,1429.39453125,0.0,0.0
1774367292.695423,77.5,1429.39453125,0.0,0.0
1774367292.8345246,100.0,1429.39453125,0.0,0.0
1774367292.9656882,100.0,1429.39453125,0.0,0.0
1774367293.0994258,78.0,1429.39453125,0.0,0.0
1774367293.2169237,75.0,1429.39453125,0.0,0.0
1774367293.3349504,23.1,1429.56640625,0.05078125,6.07421875
1774367293.4525738,21.4,1429.41796875,8.93359375,0.0
1774367293.5702794,15.0,1428.78515625,9.2890625,0.0
1774367293.6880188,12.5,1428.8828125,9.18359375,0.0
1774367293.805525,19.5,1428.91796875,9.0859375,0.0
1774367293.9233212,13.2,1428.9375,9.63671875,0.0
1774367294.0415914,14.6,1429.21875,8.8984375,0.0
1774367294.1592405,12.5,1428.93359375,9.69921875,0.0
1774367294.2765307,15.4,1428.96484375,8.8984375,0.0
1774367294.3943048,12.8,1428.9921875,9.69921875,0.0
1774367294.5114245,10.3,1428.90625,8.8984375,0.0
1774367294.6289883,15.4,1428.80078125,9.69921875,0.0
1774367294.7464116,15.4,1428.1328125,8.7734375,0.0
1774367294.8640468,15.0,1428.25,9.44921875,0.0
1774367294.9812353,19.5,1428.6015625,8.6484375,0.0
1774367295.0990288,17.5,1428.6875,9.57421875,0.0
1774367295.2167437,17.5,1428.48828125,8.5234375,0.0
1774367295.3344324,13.2,1429.12109375,9.69921875,0.0
1774367295.4516742,13.5,1429.4140625,8.6484375,0.0
1774367295.5694356,15.0,1429.734375,9.82421875,0.0
1774367295.6866262,17.1,1429.875,8.7734375,0.0
1774367295.8041537,17.1,1430.27734375,9.69921875,0.0
1774367295.9216428,15.4,1430.05078125,8.7734375,0.0
1774367296.0395274,14.6,1430.453125,9.69921875,0.0
1774367296.1571271,15.0,1430.11328125,8.7734375,0.0
1774367296.2749703,13.2,1430.2265625,9.69921875,0.0
1774367296.3926525,19.5,1430.3046875,8.7734375,0.0
1774367296.5101852,15.0,1430.1640625,9.69921875,0.0
1774367296.6279032,17.9,1430.12890625,8.7734375,0.0
1774367296.7456915,17.5,1430.34375,9.5390625,0.0
1774367296.8633125,17.1,1430.30859375,8.93359375,0.0
1774367296.9809933,19.5,1430.28515625,9.2890625,0.0
1774367297.0988283,17.5,1430.58984375,9.05859375,0.0
1774367297.2166684,12.5,1430.59375,9.1640625,0.0
1774367297.33608,25.6,1513.84375,0.0,0.0
1774367297.455989,30.0,1610.08984375,0.0,0.0
1774367297.5757124,27.5,1708.3359375,0.0,0.0
1774367297.6937895,20.5,1734.72265625,7.30859375,0.0
1774367297.8114104,13.2,1734.203125,9.69921875,0.0
1774367297.9315863,26.3,1750.05859375,1.21484375,0.0
1774367298.0520036,25.0,1784.97265625,0.0,0.0
1774367298.1727898,30.0,1821.3125,0.0,0.0
1774367298.2935493,27.5,1855.5546875,0.0,0.0
1774367298.4136243,27.5,1889.14453125,0.0,0.0
1774367298.5343423,25.6,1922.63671875,0.0,0.0
1774367298.6544585,30.0,1958.13671875,0.0,0.0
1774367298.7745385,29.3,1993.96484375,0.0,0.0
1774367298.89491,26.8,2028.97265625,0.0,0.0
1774367299.0140219,30.0,1464.62890625,0.0,0.0
1774367299.1378808,30.0,1521.79296875,0.0,0.0
1774367299.2616594,28.6,1624.0390625,0.0,0.0
1774367299.389414,28.2,1716.27734375,0.0,0.0
1774367299.5129788,30.0,1821.02734375,0.0,0.0
1774367299.635339,26.3,1854.1015625,0.0,0.0
1774367299.7702405,27.5,1875.515625,0.0,0.0
1774367299.888788,27.5,1876.0078125,0.0,0.0
1774367300.0076053,29.3,1876.0078125,0.0,0.0
1774367300.126393,27.5,1876.03125,0.0,0.0
1774367300.2449641,25.6,1876.03125,0.0,0.0
1774367300.3635662,27.5,1876.03125,0.0,0.0
1774367300.4823077,27.5,1876.27734375,0.0,0.0
1774367300.6043274,26.8,1876.27734375,0.0,0.0
1774367300.7225473,30.0,1876.27734375,0.0,0.0
1774367300.8447855,31.0,1876.27734375,0.0,0.0
1774367300.9638252,25.0,1876.27734375,0.0,0.0
1774367301.0844774,27.5,1876.27734375,0.0,0.0
1774367301.2059898,28.2,1876.27734375,0.0,0.0
1774367301.3244464,25.0,1876.27734375,0.0,0.0
1774367301.4462705,25.0,1876.27734375,0.0,0.0
1774367301.5647633,30.0,1876.27734375,0.0,0.0
1774367301.6868918,30.0,1876.27734375,0.0,0.0
1774367301.8053703,27.5,1876.27734375,0.0,0.0
1774367301.9239905,25.6,1876.27734375,0.0,0.0
1774367302.046299,27.5,1876.27734375,0.0,0.0
1774367302.1649804,30.0,1876.28125,0.0,0.0
1774367302.2868538,25.6,1876.28125,0.0,0.0
1774367302.4043024,31.7,1876.28125,0.0,0.0
1774367302.533922,97.5,1876.28125,0.0,0.0
1774367302.6645868,100.0,1876.28125,0.0,0.0
1774367302.782012,57.5,1876.52734375,0.0,0.0
1774367302.9423103,70.0,1876.52734375,0.0,0.0
1774367303.0729373,92.3,1876.52734375,0.0,0.0
1774367303.2036774,100.0,1876.52734375,0.0,0.0
1774367303.329722,100.0,1876.7734375,0.0,0.0
1774367303.4469,82.9,1876.7734375,0.0,0.0
1774367303.5638456,25.0,1876.7734375,0.0,0.0
1774367303.6805146,27.5,1877.01953125,0.0,0.0
1774367303.7974818,26.8,1877.01953125,0.0,0.0
1774367303.9144874,25.0,1877.01953125,0.0,0.0
1774367304.0312567,27.5,1877.01953125,0.0,0.0
1774367304.1483707,27.5,1877.0234375,0.0,0.0
1774367304.2652779,25.0,1877.0234375,0.0,0.0
1774367304.3821957,25.6,1877.0234375,0.0,0.0
1774367304.4987705,29.3,1877.0234375,0.0,0.0
1774367304.615714,29.3,1877.0234375,0.0,0.0
1774367304.7326157,25.0,1877.0234375,0.0,0.0
1774367304.8492692,29.3,1877.0234375,0.0,0.0
1774367304.9661274,27.5,1877.0234375,0.0,0.0
1774367305.0850036,25.6,1877.0234375,0.0,0.0
1774367305.2017913,25.0,1877.015625,0.0,0.0
1774367305.318734,27.5,1877.015625,0.0,0.0
1774367305.4354634,26.8,1877.015625,0.0,0.0
1774367305.5521905,25.0,1877.015625,0.0,0.0
1774367305.6686292,29.3,1877.015625,0.0,0.0
1774367305.7854862,29.3,1877.015625,0.0,0.0
1774367305.9542208,92.7,1877.015625,0.0,0.0
1774367306.0878925,90.2,1877.0078125,0.0,0.0
1774367306.2185283,100.0,1877.0078125,0.0,0.0
1774367306.3487115,100.0,1877.0078125,0.0,0.0
1774367306.4764628,29.3,1877.0078125,0.0,0.0
1774367306.6212826,100.0,1877.0078125,0.0,0.0
1774367306.7513132,97.5,1877.0078125,0.0,0.0
1774367306.8811014,100.0,1877.0078125,0.0,0.0
1774367307.0109107,100.0,1877.0078125,0.0,0.0
1774367307.1282861,39.0,1877.0078125,0.0,0.0
1774367307.2455838,27.5,1877.0078125,0.0,0.0
1774367307.3773088,63.4,1877.0078125,0.0,0.0
1774367307.50852,100.0,1877.0078125,0.0,0.0
1774367307.63491,80.0,1877.0078125,0.0,0.0
1774367307.7641351,100.0,1877.25390625,0.0,0.0
1774367307.8937187,100.0,1877.25390625,0.0,0.0
1774367308.0231388,100.0,1877.25390625,0.0,0.0
1774367308.1402113,36.6,1877.25390625,0.0,0.0
1774367308.257326,29.3,1877.25390625,0.0,0.0
1774367308.37477,26.8,1877.25390625,0.0,0.0
1774367308.4917963,27.5,1877.25390625,0.0,0.0
1774367308.6088915,29.3,1877.25390625,0.0,0.0
1774367308.7260036,27.5,1877.25390625,0.0,0.0
1774367308.8430088,25.0,1877.25390625,0.0,0.0
1774367308.9599838,25.6,1877.25390625,0.0,0.0
1774367309.0771904,27.5,1877.25390625,0.0,0.0
1774367309.1942976,27.5,1877.25390625,0.0,0.0
1774367309.3113818,28.2,1877.5,0.0,0.0
1774367309.4286256,27.5,1877.5,0.0,0.0
1774367309.5620067,40.0,1877.5,0.0,0.0
1774367309.7602737,78.0,1877.5,0.0,0.0
1774367309.8899915,72.5,1877.5,0.0,0.0
1774367310.020287,100.0,1877.5,0.0,0.0
1774367310.150388,100.0,1877.5078125,0.0,0.0
1774367310.267665,95.0,1877.5078125,0.0,0.0
1774367310.3850112,27.5,1877.5078125,0.0,0.0
1774367310.5022142,28.6,1877.5078125,0.0,0.0
1774367310.6847723,97.5,1877.5078125,0.0,0.0
1774367310.802293,90.2,1877.5078125,0.0,0.0
1774367310.9328983,100.0,1877.5078125,0.0,0.0
1774367311.0615678,100.0,1877.5078125,0.0,0.0
1774367311.1924078,25.6,1877.5078125,0.0,0.0
1774367311.3272343,100.0,1877.5078125,0.0,0.0
1774367311.469392,97.5,1877.5078125,0.0,0.0
1774367311.5998633,100.0,1877.5078125,0.0,0.0
1774367311.728725,100.0,1877.5078125,0.0,0.0
1774367311.8457258,35.9,1877.5078125,0.0,0.0
1774367311.9628503,25.0,1877.5078125,0.0,0.0
1774367312.0799673,26.8,1877.5078125,0.0,0.0
1774367312.1970363,27.5,1877.5078125,0.0,0.0
1774367312.3138888,27.5,1877.5078125,0.0,0.0
1774367312.430805,26.8,1877.5078125,0.0,0.0
1774367312.547491,27.5,1877.5078125,0.0,0.0
1774367312.664636,27.5,1877.5078125,0.0,0.0
1774367312.7815862,26.8,1877.5078125,0.0,0.0
1774367312.898448,25.6,1877.5078125,0.0,0.0
1774367313.015528,25.6,1877.5078125,0.0,0.0
1774367313.1326792,27.5,1877.5078125,0.0,0.0
1774367313.24957,27.5,1877.5078125,0.0,0.0
1774367313.3666995,25.6,1877.5078125,0.0,0.0
1774367313.523284,86.0,1877.5078125,0.0,0.0
1774367313.6553316,97.6,1877.5078125,0.0,0.0
1774367313.7855353,100.0,1877.5078125,0.0,0.0
1774367313.9155295,100.0,1877.5078125,0.0,0.0
1774367314.0331028,42.5,1877.5078125,0.0,0.0
1774367314.202052,85.7,1877.5078125,0.0,0.0
1774367314.3207893,46.2,1877.5078125,0.0,0.0
1774367314.4543462,34.1,1427.40234375,0.0,0.0
1774367314.5842636,100.0,1427.40234375,0.0,0.0
1774367314.7031605,100.0,1427.40234375,0.0,0.0
1774367314.864065,82.1,1427.40234375,0.0,0.0
1774367314.9898684,100.0,1427.40234375,0.0,0.0
1774367315.120736,100.0,1427.578125,0.0,0.0
1774367315.2659147,75.0,1427.578125,0.0,0.0
1774367315.3923213,100.0,1427.578125,0.0,0.0
1774367315.5241501,100.0,1427.578125,0.0,0.0
1774367315.6601744,80.5,1427.578125,0.0,0.0
1774367315.7898736,100.0,1427.578125,0.0,0.0
1774367315.9205818,100.0,1427.578125,0.0,0.0
1774367316.0614264,80.5,1427.578125,0.0,0.0
1774367316.1885448,100.0,1427.578125,0.0,0.0
1774367316.3151937,100.0,1427.578125,0.0,0.0
1774367316.4805322,72.5,1427.578125,0.0,0.0
1774367316.6111655,100.0,1427.578125,0.0,0.0
1774367316.7430966,100.0,1427.578125,0.0,0.0
1774367316.8764465,80.5,1427.578125,0.0,0.0
1774367317.0081573,100.0,1427.578125,0.0,0.0
1774367317.1262307,100.0,1427.578125,0.0,0.0
1774367317.2600803,70.0,1427.578125,0.0,0.0
1774367317.3909965,97.6,1427.578125,0.0,0.0
1774367317.5223897,100.0,1427.578125,0.0,0.0
1774367317.6536138,76.2,1427.578125,0.0,0.0
1774367317.786076,95.0,1427.578125,0.0,0.0
1774367317.918013,100.0,1427.578125,0.0,0.0
1774367318.0502129,78.0,1427.578125,0.0,0.0
1774367318.1679087,95.0,1427.578125,0.0,0.0
1774367318.2855957,28.6,1427.578125,0.05078125,0.49609375
1774367318.4036977,17.5,1427.6484375,7.36328125,5.578125
1774367318.521346,17.1,1427.98046875,9.44921875,0.0
1774367318.6392133,15.0,1428.15625,9.57421875,0.0
1774367318.7569141,17.5,1428.28125,9.44921875,0.0
1774367318.8746412,15.0,1428.28515625,9.44921875,0.0
1774367318.9922833,17.5,1428.20703125,9.57421875,0.0
1774367319.1099796,10.8,1427.92578125,9.44921875,0.0
1774367319.2271123,16.7,1428.0234375,9.32421875,0.0
1774367319.3440976,19.0,1427.390625,9.01171875,0.0
1774367319.4619918,18.6,1427.23828125,10.27734375,0.0
1774367319.579777,12.8,1427.1171875,9.734375,0.0
1774367319.6973736,15.0,1427.23828125,9.57421875,0.0
1774367319.815246,19.5,1427.23828125,9.44921875,0.0
1774367319.9330757,17.1,1427.0,9.44921875,0.0
1774367320.0506945,14.6,1426.99609375,9.44921875,0.0
1774367320.1684656,19.5,1426.75390625,9.44921875,0.0
1774367320.2863634,17.5,1426.63671875,9.57421875,0.0
1774367320.404107,17.1,1426.87890625,9.44921875,0.0
1774367320.521778,13.2,1427.0078125,9.44921875,0.0
1774367320.6398447,16.7,1427.63671875,9.44921875,0.0
1774367320.757237,14.6,1428.10546875,9.44921875,0.0
1774367320.8747277,12.5,1428.828125,9.44921875,0.0
1774367320.9926286,15.0,1429.41015625,9.96484375,0.0
1774367321.1103032,17.1,1429.53515625,10.109375,0.0
1774367321.2278066,15.4,1429.2890625,9.44921875,0.0
1774367321.3454118,17.5,1429.4140625,9.44921875,0.0
1774367321.4631202,17.5,1429.29296875,9.57421875,0.0
1774367321.580665,10.3,1429.41796875,9.44921875,0.0
1774367321.698135,15.4,1429.921875,9.32421875,0.0
1774367321.8161774,15.4,1429.953125,9.44921875,0.0
1774367321.9345663,15.0,1430.10546875,9.57421875,0.0
1774367322.052351,14.6,1430.13671875,9.44921875,0.0
1774367322.1697555,17.1,1429.93359375,9.44921875,0.0
1774367322.2871027,17.1,1429.90625,9.44921875,0.0
1774367322.404542,17.1,1430.13671875,9.32421875,0.0
1774367322.522026,20.9,1430.10546875,9.83984375,0.0
1774367322.639945,12.8,1430.0546875,10.234375,0.0
1774367322.757567,14.6,1430.109375,9.07421875,0.0
1774367322.87518,17.5,1429.8671875,9.57421875,0.0
1774367322.9930127,15.4,1429.8671875,9.57421875,0.0
1774367323.1111534,12.8,1429.74609375,9.57421875,0.0
1774367323.2288783,13.2,1434.73828125,9.32421875,0.0
1774367323.3468726,17.5,1444.73046875,9.57421875,0.0
1774367323.4648762,19.5,1452.87109375,9.44921875,0.0
1774367323.5825033,17.1,1462.6484375,9.44921875,0.0
1774367323.7001152,22.0,1472.63671875,9.44921875,0.0
1774367323.8174062,19.5,1480.60546875,9.07421875,0.0
1774367323.935129,14.6,1490.55078125,9.32421875,0.0
1774367324.0527983,17.1,1500.91796875,10.21484375,0.0
1774367324.1707494,17.5,1510.59765625,9.609375,0.0
1774367324.289003,19.0,1520.57421875,9.44921875,0.0
1774367324.4069781,10.5,1528.54296875,9.44921875,0.0
1774367324.5247788,15.4,1538.6328125,9.44921875,0.0
1774367324.6436043,22.5,1549.33203125,9.57421875,0.0
1774367324.7647293,25.0,1574.59375,4.08984375,0.0
1774367324.890417,28.2,1620.765625,0.0,0.0
1774367325.0103846,30.0,1673.8828125,0.0,0.0
1774367325.131363,25.0,1704.671875,0.0,0.0
1774367325.2526577,25.6,1736.1484375,0.0,0.0
1774367325.373707,29.3,1784.0703125,0.0,0.0
1774367325.495958,30.0,1832.3046875,0.0,0.0
1774367325.6177404,30.2,1880.2109375,0.0,0.0
1774367325.7398057,31.7,1925.76171875,0.0,0.0
1774367325.8610733,27.5,1971.7109375,0.0,0.0
1774367325.9834023,26.8,2020.46875,0.0,0.0
1774367326.1036954,27.5,2061.05859375,0.109375,0.0
1774367326.2226942,25.6,2072.328125,8.25,0.0
1774367326.3416436,21.4,2081.33984375,7.69921875,0.0
1774367326.4607086,17.5,2087.0625,8.94921875,0.0
1774367326.581481,22.5,2104.4765625,5.96484375,0.0
1774367326.7018292,27.5,2145.51171875,0.0,0.0
1774367326.8219852,25.0,2180.85546875,0.0,0.0
1774367326.9415684,29.3,2218.140625,0.0,0.0
1774367327.0614989,28.2,2252.7734375,0.0,0.0
1774367327.1822574,26.8,2288.02734375,0.0,0.0
1774367327.3023205,27.5,2323.89453125,0.0,0.0
1774367327.4218516,29.3,2360.984375,0.0,0.0
1774367327.542278,27.5,2392.71484375,0.0,0.0
1774367327.6625915,25.0,2416.28515625,0.0,0.0
1774367327.7829003,31.0,2445.62109375,0.0,0.0
1774367327.903036,27.5,2481.33984375,0.0,0.0
1774367328.0238998,28.6,2515.82421875,0.0,0.0
1774367328.14413,27.5,2552.140625,0.0,0.0
1774367328.2640352,29.3,2589.109375,0.0,0.0
1774367328.3839328,27.5,2624.30859375,0.0,0.0
1774367328.5042675,27.5,2658.38671875,0.0,0.0
1774367328.6225526,29.3,2399.203125,0.0,0.0
1774367328.7404943,27.5,1982.08203125,0.0,0.0
1774367328.8641744,25.0,1918.140625,0.0,0.0
1774367328.98664,28.2,1968.3671875,0.0,0.0
1774367329.1093535,29.3,2025.03125,0.0,0.0
1774367329.2321818,27.5,2084.7890625,0.0,0.0
1774367329.3544447,25.6,2143.58984375,0.0,0.0
1774367329.4771957,29.3,2204.08984375,0.0,0.0
1774367329.5995743,29.3,2264.234375,0.0,0.0
1774367329.7221377,27.5,2323.3359375,0.0,0.0
1774367329.8450787,31.7,2382.12890625,0.0,0.0
1774367329.967731,27.5,2436.91796875,0.0,0.0
1774367330.0911944,25.0,2493.203125,0.0,0.0
1774367330.2179997,29.3,2578.32421875,0.0,0.0
1774367330.346605,30.8,2605.140625,0.0,0.0
1774367330.4654105,29.3,2605.515625,0.0,0.0
1774367330.5837414,26.8,2605.515625,0.0,0.0
1774367330.7019422,29.3,2605.515625,0.0,0.0
1774367330.8203447,28.2,2605.515625,0.0,0.0
1774367330.9397175,25.0,2605.515625,0.0,0.0
1774367331.0579653,25.0,2605.515625,0.0,0.0
1774367331.1761723,28.2,2605.44921875,0.0,0.0
1774367331.2945533,27.5,2605.44921875,0.0,0.0
1774367331.4127302,26.8,2605.44921875,0.0,0.0
1774367331.5308642,27.5,2605.44921875,0.0,0.0
1774367331.649361,27.5,2605.44921875,0.0,0.0
1774367331.77114,25.0,2605.44921875,0.0,0.0
1774367331.8924127,27.5,2605.44921875,0.0,0.0
1774367332.0111187,27.5,2605.44921875,0.0,0.0
1774367332.1327846,27.5,2605.453125,0.0,0.0
1774367332.2546048,27.5,2605.453125,0.0,0.0
1774367332.3727007,30.0,2605.453125,0.0,0.0
1774367332.494341,29.3,2605.453125,0.0,0.0
1774367332.6127908,25.0,2605.453125,0.0,0.0
1774367332.7343507,31.0,2605.453125,0.0,0.0
1774367332.852437,29.3,2605.453125,0.0,0.0
1774367332.9745207,25.0,2605.453125,0.0,0.0
1774367333.0926876,26.8,2605.453125,0.0,0.0
1774367333.214172,28.2,2605.45703125,0.0,0.0
1774367333.3329375,25.6,2605.45703125,0.0,0.0
1774367333.4538808,26.8,2605.45703125,0.0,0.0
1774367333.5718453,29.3,2605.45703125,0.0,0.0
1774367333.6926568,30.0,2605.45703125,0.0,0.0
1774367333.81125,26.8,2605.45703125,0.0,0.0
1774367333.9297628,25.6,2605.45703125,0.0,0.0
1774367334.049299,27.5,2605.45703125,0.0,0.0
1774367334.167656,27.5,2605.703125,0.0,0.0
1774367334.2865908,26.8,2605.703125,0.0,0.0
1774367334.4050648,30.0,2605.703125,0.0,0.0
1774367334.5272179,29.3,2605.703125,0.0,0.0
1774367334.649127,26.8,2605.703125,0.0,0.0
1774367334.7675467,29.3,2605.703125,0.0,0.0
1774367334.8946433,70.0,2605.94921875,0.0,0.0
1774367335.0168567,100.0,2605.94921875,0.0,0.0
1774367335.1341934,74.4,2605.953125,0.0,0.0
1774367335.2728693,81.0,2605.953125,0.0,0.0
1774367335.4032564,100.0,2605.953125,0.0,0.0
1774367335.53313,100.0,2605.953125,0.0,0.0
1774367335.6501427,100.0,2605.953125,0.0,0.0
1774367335.7671301,25.0,2605.953125,0.0,0.0
1774367335.88404,29.3,2605.953125,0.0,0.0
1774367336.00117,28.6,2605.94921875,0.0,0.0
1774367336.1182714,26.8,2605.94921875,0.0,0.0
1774367336.2351577,29.3,2605.94921875,0.0,0.0
1774367336.3523312,29.3,2605.94921875,0.0,0.0
1774367336.4699402,25.6,2605.94921875,0.0,0.0
1774367336.5870223,25.0,2605.94921875,0.0,0.0
1774367336.7037926,27.5,2605.94921875,0.0,0.0
1774367336.8208988,27.5,2605.94921875,0.0,0.0
1774367336.9379854,25.0,2605.94921875,0.0,0.0
1774367337.0548894,27.5,2605.94921875,0.0,0.0
1774367337.1720176,29.3,2605.94921875,0.0,0.0
1774367337.2892556,25.0,2605.953125,0.0,0.0
1774367337.4062016,27.5,2605.953125,0.0,0.0
1774367337.523377,27.5,2605.953125,0.0,0.0
1774367337.644447,25.6,2605.953125,0.0,0.0
1774367337.8118806,95.1,2605.953125,0.0,0.0
1774367337.9423213,95.0,2606.19921875,0.0,0.0
1774367338.0719905,100.0,2606.19921875,0.0,0.0
1774367338.1896951,76.9,2606.19921875,0.0,0.0
1774367338.3360386,78.6,2606.19921875,0.0,0.0
1774367338.4657497,97.6,2606.19921875,0.0,0.0
1774367338.5964482,100.0,2606.19921875,0.0,0.0
1774367338.726448,100.0,2606.19921875,0.0,0.0
1774367338.84398,37.5,2606.19921875,0.0,0.0
1774367338.96164,29.3,2606.19921875,0.0,0.0
1774367339.0933309,58.5,2606.19921875,0.0,0.0
1774367339.2245314,97.5,2606.203125,0.0,0.0
1774367339.3557463,83.3,2606.203125,0.0,0.0
1774367339.4777296,100.0,2606.203125,0.0,0.0
1774367339.607189,100.0,2606.203125,0.0,0.0
1774367339.7362328,100.0,2606.203125,0.0,0.0
1774367339.8539038,55.0,2606.203125,0.0,0.0
1774367339.971113,25.0,2606.203125,0.0,0.0
1774367340.0881922,29.3,2606.203125,0.0,0.0
1774367340.2055337,29.3,2606.203125,0.0,0.0
1774367340.3234043,25.0,2606.203125,0.0,0.0
1774367340.4405622,29.3,2606.203125,0.0,0.0
1774367340.557362,27.5,2606.203125,0.0,0.0
1774367340.674519,25.6,2606.203125,0.0,0.0
1774367340.791622,26.8,2606.203125,0.0,0.0
1774367340.908532,27.5,2606.203125,0.0,0.0
1774367341.0258503,27.5,2606.203125,0.0,0.0
1774367341.1431367,25.0,2606.21484375,0.0,0.0
1774367341.2602592,29.3,2606.21484375,0.0,0.0
1774367341.3776472,29.3,2606.21484375,0.0,0.0
1774367341.4947472,26.8,2606.21484375,0.0,0.0
1774367341.6118371,26.8,2606.21484375,0.0,0.0
1774367341.7286983,27.5,2606.21484375,0.0,0.0
1774367341.8459067,29.3,2606.21484375,0.0,0.0
1774367341.9630513,27.5,2606.21484375,0.0,0.0
1774367342.0800605,27.5,2606.21484375,0.0,0.0
1774367342.197362,29.3,2606.21484375,0.0,0.0
1774367342.314933,25.0,2606.21484375,0.0,0.0
1774367342.4320605,27.5,2606.21484375,0.0,0.0
1774367342.5640054,70.0,2606.21484375,0.0,0.0
1774367342.7201073,80.5,2606.21484375,0.0,0.0
1774367342.8504539,70.0,2606.21484375,0.0,0.0
1774367342.9685364,100.0,2606.21484375,0.0,0.0
1774367343.0985987,100.0,2606.21484375,0.0,0.0
1774367343.2160223,100.0,2606.21484375,0.0,0.0
1774367343.3333414,25.6,2606.21484375,0.0,0.0
1774367343.4509888,26.8,2606.21484375,0.0,0.0
1774367343.6299758,87.8,2606.21484375,0.0,0.0
1774367343.761773,88.1,2606.21484375,0.0,0.0
1774367343.8933012,100.0,2606.21484375,0.0,0.0
1774367344.0234609,100.0,2606.21484375,0.0,0.0
1774367344.1408896,79.5,2606.21484375,0.0,0.0
1774367344.258162,25.6,2606.21484375,0.0,0.0
1774367344.4010177,25.6,2606.21484375,0.0,0.0
1774367344.570073,97.6,2606.21484375,0.0,0.0
1774367344.7007883,74.4,2606.21484375,0.0,0.0
1774367344.830462,100.0,2606.21484375,0.0,0.0
1774367344.961168,100.0,2606.21484375,0.0,0.0
1774367345.0908117,100.0,2606.21484375,0.0,0.0
1774367345.2078762,61.0,2606.21484375,0.0,0.0
1774367345.3251534,26.8,2606.21484375,0.0,0.0
1774367345.4423573,25.0,2606.21484375,0.0,0.0
1774367345.5594757,27.5,2606.21484375,0.0,0.0
1774367345.676727,27.5,2606.21484375,0.0,0.0
1774367345.7943082,25.0,2606.21484375,0.0,0.0
1774367345.9114869,25.0,2606.21484375,0.0,0.0
1774367346.0283768,29.3,2606.21484375,0.0,0.0
1774367346.1455982,25.6,2606.21484375,0.0,0.0
1774367346.262739,25.6,2606.21484375,0.0,0.0
1774367346.3797722,29.3,2606.21484375,0.0,0.0
1774367346.497024,27.5,2606.21484375,0.0,0.0
1774367346.6143641,25.0,2606.21484375,0.0,0.0
1774367346.7315288,27.5,2606.21484375,0.0,0.0
1774367346.8488855,25.6,2606.21484375,0.0,0.0
1774367346.9661136,25.0,2606.21484375,0.0,0.0
1774367347.0832007,26.8,2606.2421875,0.0,0.0
1774367347.2000828,27.5,2606.2421875,0.0,0.0
1774367347.3173926,27.5,2606.2421875,0.0,0.0
1774367347.4345937,25.0,2606.2421875,0.0,0.0
1774367347.551632,27.5,2606.2421875,0.0,0.0
1774367347.6855347,39.0,2606.2421875,0.0,0.0
1774367347.8666644,70.7,2606.2421875,0.0,0.0
1774367347.9973922,84.8,2606.2421875,0.0,0.0
1774367348.127609,97.5,2606.2421875,0.0,0.0
1774367348.2588701,100.0,2606.2421875,0.0,0.0
1774367348.3764439,100.0,2606.2421875,0.0,0.0
1774367348.4939365,27.5,2606.2421875,0.0,0.0
1774367348.6115012,25.6,2606.2421875,0.0,0.0
1774367348.7487617,80.0,2606.2421875,0.0,0.0
1774367348.8813102,100.0,2606.2421875,0.0,0.0
1774367349.01253,94.9,2606.2421875,0.0,0.0
1774367349.142605,100.0,2606.2421875,0.0,0.0
1774367349.2703013,100.0,2606.2421875,0.0,0.0
1774367349.3876529,27.5,2606.25,0.0,0.0
1774367349.5052574,26.8,2606.25,0.0,0.0
1774367349.6483521,80.0,2606.25,0.0,0.0
1774367349.7768059,100.0,2606.25,0.0,0.0
1774367349.9075153,85.0,2606.25,0.0,0.0
1774367350.0367076,100.0,2606.25,0.0,0.0
1774367350.1669898,100.0,2606.25390625,0.0,0.0
1774367350.2886581,100.0,2606.25390625,0.0,0.0
1774367350.4058886,26.8,2606.25390625,0.0,0.0
1774367350.5239077,28.2,2606.5,0.0,0.0
1774367350.6415884,27.5,2606.5,0.0,0.0
1774367350.759168,25.0,2606.5,0.0,0.0
1774367350.8764608,26.8,2606.9921875,0.0,0.0
1774367350.9939587,27.5,2606.9921875,0.0,0.0
1774367351.11126,25.6,2606.98046875,0.0,0.0
1774367351.2287807,25.0,2606.98046875,0.0,0.0
1774367351.3458097,27.5,2606.98046875,0.0,0.0
1774367351.4631402,27.5,2606.98046875,0.0,0.0
1774367351.5804572,28.6,2606.98046875,0.0,0.0
1774367351.697747,29.3,2606.98046875,0.0,0.0
1774367351.8150628,27.5,2606.98046875,0.0,0.0
1774367351.9323852,26.8,2606.98046875,0.0,0.0
1774367352.0495288,25.0,2606.98046875,0.0,0.0
1774367352.166439,25.6,2606.98046875,0.0,0.0
1774367352.2837234,25.6,2606.98046875,0.0,0.0
1774367352.4009209,25.0,2606.98046875,0.0,0.0
1774367352.517876,30.0,2606.98046875,0.0,0.0
1774367352.635181,27.5,2606.98046875,0.0,0.0
1774367352.754067,92.9,2606.98046875,0.0,0.0
1774367352.9127603,87.8,2606.98046875,0.0,0.0
1774367353.0427659,70.0,2606.98046875,0.0,0.0
1774367353.1600149,100.0,2606.98046875,0.0,0.0
1774367353.2900543,100.0,2606.98046875,0.0,0.0
1774367353.407824,87.5,2606.98046875,0.0,0.0
1774367353.5254908,26.8,2606.98046875,0.0,0.0
1774367353.6430695,25.0,2606.98046875,0.0,0.0
1774367353.8225632,92.9,2606.98046875,0.0,0.0
1774367353.9530485,92.7,2606.98046875,0.0,0.0
1774367354.0837092,100.0,2606.98046875,0.0,0.0
1774367354.2013235,90.0,2606.98046875,0.0,0.0
1774367354.3360233,65.0,2606.98046875,0.0,0.0
1774367354.465856,100.0,2606.98046875,0.0,0.0
1774367354.5965698,100.0,2606.98046875,0.0,0.0
1774367354.7257202,100.0,2606.98046875,0.0,0.0
1774367354.8430638,32.5,2606.98046875,0.0,0.0
1774367354.960667,26.8,2606.98046875,0.0,0.0
1774367355.0778303,25.0,2606.98046875,0.0,0.0
1774367355.1952965,27.5,2606.98046875,0.0,0.0
1774367355.3125374,25.6,2606.98046875,0.0,0.0
1774367355.4297116,25.0,2606.98046875,0.0,0.0
1774367355.546768,28.2,2606.98046875,0.0,0.0
1774367355.6640978,27.5,2606.98046875,0.0,0.0
1774367355.7813532,25.0,2606.98046875,0.0,0.0
1774367355.8985224,27.5,2606.98046875,0.0,0.0
1774367356.0158834,27.5,2606.98046875,0.0,0.0
1774367356.145922,25.0,2606.98046875,0.0,0.0
1774367356.3015385,100.0,2606.98046875,0.0,0.0
1774367356.4241781,92.9,2606.98046875,0.0,0.0
1774367356.5537443,100.0,2606.98046875,0.0,0.0
1774367356.6713119,82.5,2606.98046875,0.0,0.0
1774367356.8230855,72.5,2606.98046875,0.0,0.0
1774367356.9425495,59.5,2606.98046875,0.0,0.0
1774367357.0616128,27.5,2606.98046875,0.0,0.0
1774367357.17982,25.0,2436.2578125,0.0,0.0
1774367357.2973785,27.5,2051.4765625,0.0,0.0
1774367357.4280362,66.7,1856.5625,0.0,0.0
1774367357.570689,100.0,1856.5625,0.0,0.0
1774367357.695096,78.0,1856.54296875,0.0,0.0
1774367357.8280044,92.3,1856.54296875,0.0,0.0
1774367357.9590623,100.0,1856.54296875,0.0,0.0
1774367358.0901666,90.5,1856.54296875,0.0,0.0
1774367358.2215495,97.6,1856.54296875,0.0,0.0
1774367358.353614,100.0,1856.54296875,0.0,0.0
1774367358.4838061,89.7,1856.54296875,0.0,0.0
1774367358.6174738,97.5,1856.54296875,0.0,0.0
1774367358.7499106,100.0,1856.30078125,0.0,0.0
1774367358.8827975,90.2,1856.30078125,0.0,0.0
1774367359.0157206,95.1,1856.30078125,0.0,0.0
1774367359.1484454,100.0,1856.296875,0.0,0.0
1774367359.2814465,87.5,1856.296875,0.0,0.0
1774367359.4132483,97.5,1856.296875,0.0,0.0
1774367359.5410557,100.0,1856.296875,0.0,0.0
1774367359.6782846,90.0,1856.296875,0.0,0.0
1774367359.8020246,95.2,1856.296875,0.0,0.0
1774367359.9325738,100.0,1856.296875,0.0,0.0
1774367360.0597465,100.0,1856.296875,0.0,0.0
1774367360.2113452,87.2,1856.296875,0.0,0.0
1774367360.3339553,100.0,1858.359375,0.0,0.0
1774367360.4659858,100.0,1858.359375,0.0,0.0
1774367360.6007202,81.6,1856.3984375,0.0,0.0
1774367360.732432,100.0,1856.63671875,0.0,0.0
1774367360.8648837,100.0,1856.39453125,0.0,0.0
1774367361.0015736,80.5,1856.390625,0.0,0.0
1774367361.1323907,100.0,1856.390625,0.0,0.0
1774367361.264512,100.0,1856.390625,0.0,0.0
1774367361.401905,76.9,1856.1484375,0.0,0.0
1774367361.53251,100.0,1856.14453125,0.0,0.0
1774367361.6809578,100.0,1856.14453125,0.0,0.0
1774367361.8165274,79.5,1856.14453125,0.0,0.0
1774367361.947555,100.0,1856.14453125,0.0,0.0
1774367362.0797074,100.0,1856.14453125,0.0,0.0
1774367362.2154262,75.0,1856.14453125,0.0,0.0
1774367362.332386,100.0,1856.14453125,0.0,0.0
1774367362.4664192,100.0,1856.14453125,0.0,0.0
1774367362.601193,78.0,1856.14453125,0.0,0.0
1774367362.731864,97.6,1856.14453125,0.0,0.0
1774367362.8654704,100.0,1856.14453125,0.0,0.0
1774367363.0128577,77.5,1856.14453125,0.0,0.0
1774367363.1583307,100.0,1856.14453125,0.0,0.0
1774367363.2879796,100.0,1856.14453125,0.0,0.0
1774367363.4222353,76.9,1856.390625,0.0,0.0
1774367363.5403454,73.2,1856.390625,0.0,0.0
1774367363.6578724,25.0,1856.390625,0.0,0.0
1774367363.7762394,25.6,1856.015625,0.01953125,10.32421875
1774367363.8943524,15.4,1856.18359375,8.80859375,0.0
1774367364.012279,16.7,1855.80078125,9.4140625,0.0
1774367364.130084,17.1,1855.734375,9.18359375,0.0
1774367364.2481306,12.8,1855.1171875,9.0546875,0.0
1774367364.3667026,15.0,1854.83984375,9.54296875,0.0
1774367364.4845223,12.5,1855.046875,8.7734375,0.0
1774367364.6022875,15.4,1855.10546875,9.82421875,0.0
1774367364.7203526,15.0,1854.89453125,8.7734375,0.0
1774367364.8382053,14.6,1855.04296875,9.82421875,0.0
1774367364.9558024,15.0,1854.83203125,8.7734375,0.0
1774367365.0740893,15.0,1854.9765625,9.82421875,0.0
1774367365.1915061,14.6,1855.01953125,8.8984375,0.0
1774367365.309532,12.8,1854.90625,9.69921875,0.0
1774367365.4273088,15.4,1854.96484375,8.8984375,0.0
1774367365.546071,15.0,1854.72265625,9.82421875,0.0
1774367365.664028,15.4,1855.0390625,8.8984375,0.0
1774367365.7816906,17.1,1854.8984375,9.82421875,0.0
1774367365.899878,17.5,1854.73828125,8.7734375,0.0
1774367366.017783,15.0,1854.70703125,9.5390625,0.0
1774367366.1357634,17.9,1854.93359375,9.05859375,0.0
1774367366.2537873,15.4,1854.88671875,9.2109375,0.0
1774367366.3716972,15.0,1854.703125,9.38671875,0.0
1774367366.489456,15.0,1854.82421875,8.8359375,0.0
1774367366.6075814,19.5,1855.234375,9.63671875,0.0
1774367366.725853,14.6,1855.11328125,8.8984375,0.0
1774367366.84381,15.0,1855.046875,9.69921875,0.0
1774367366.961285,15.4,1855.109375,8.7734375,0.0
1774367367.0795724,13.2,1855.1328125,9.82421875,0.0
1774367367.1969173,12.8,1855.52734375,8.8984375,0.0
1774367367.3148034,15.0,1855.43359375,9.82421875,0.0
1774367367.4324765,15.4,1855.453125,8.8984375,0.0
1774367367.5528352,13.2,1860.3515625,9.94921875,0.0
1774367367.6724865,15.8,1878.79296875,6.6640625,0.0
1774367367.7958026,29.3,1970.5546875,0.0,0.0
1774367367.917942,25.6,2020.953125,0.0,0.0
1774367368.0400019,27.5,2073.05859375,0.0,0.0
1774367368.162303,31.7,2123.30859375,0.0,0.0
1774367368.2810407,28.6,2169.45703125,1.859375,0.0
1774367368.402493,15.0,2178.484375,9.44921875,0.0
1774367368.5241766,22.0,2191.3125,6.9140625,0.0
1774367368.6460931,28.2,2234.2578125,0.0,0.0
1774367368.767109,27.5,2275.97265625,0.0,0.0
1774367368.8878865,25.0,2316.66015625,0.0,0.0
1774367369.0085397,30.0,2356.984375,0.0,0.0
1774367369.129188,28.2,2398.72265625,0.0,0.0
1774367369.2529666,26.8,2439.3046875,0.0,0.0
1774367369.3735013,28.2,2481.2109375,0.0,0.0
1774367369.4950366,27.5,2516.73828125,0.0,0.0
1774367369.6135588,27.5,2113.953125,0.0,0.0
1774367369.7365863,25.0,1720.91015625,0.0,0.0
1774367369.860865,33.3,1822.91015625,0.0,0.0
1774367369.9817216,27.5,1900.109375,0.0,0.0
1774367370.1081653,28.6,1957.3671875,0.0,0.0
1774367370.2308922,29.3,2018.46875,0.0,0.0
1774367370.3559413,31.7,2078.05859375,0.0,0.0
1774367370.49538,28.2,2157.97265625,0.0,0.0
1774367370.6144376,25.6,2158.7109375,0.0,0.0
1774367370.732942,30.0,2158.28125,0.0,0.0
1774367370.851709,27.5,2158.4296875,0.0,0.0
1774367370.973041,25.0,2158.4296875,0.0,0.0
1774367371.091843,25.0,2158.5859375,0.0,0.0
1774367371.210175,28.2,2159.32421875,0.0,0.0
1774367371.328866,27.5,2159.32421875,0.0,0.0
1774367371.4499445,25.0,2159.32421875,0.0,0.0
1774367371.5721853,27.5,2159.5703125,0.0,0.0
1774367371.6911364,25.6,2159.5703125,0.0,0.0
1774367371.8133223,28.6,2159.5703125,0.0,0.0
1774367371.9357007,26.8,2159.5703125,0.0,0.0
1774367372.054324,29.3,2159.5703125,0.0,0.0
1774367372.1765916,31.0,2159.5703125,0.0,0.0
1774367372.2952735,26.8,2159.5703125,0.0,0.0
1774367372.4172933,30.0,2159.5703125,0.0,0.0
1774367372.5358357,25.6,2159.5703125,0.0,0.0
1774367372.6579947,25.0,2159.5703125,0.0,0.0
1774367372.7804604,29.3,2159.5703125,0.0,0.0
1774367372.8993936,26.3,2159.5703125,0.0,0.0
1774367373.0213487,27.5,2159.5703125,0.0,0.0
1774367373.139334,27.5,2159.5703125,0.0,0.0
1774367373.2573764,87.5,2159.5703125,0.0,0.0
1774367373.3888025,100.0,2159.5703125,0.0,0.0
1774367373.5064445,90.0,2159.5703125,0.0,0.0
1774367373.623377,43.9,2159.5703125,0.0,0.0
1774367373.758587,100.0,2159.5703125,0.0,0.0
1774367373.884382,93.0,2159.5703125,0.0,0.0
1774367374.0146224,100.0,2159.5703125,0.0,0.0
1774367374.1456313,100.0,2159.5703125,0.0,0.0
1774367374.2628825,60.0,2160.0625,0.0,0.0
1774367374.3798661,29.3,2160.0625,0.0,0.0
1774367374.4971292,27.5,2160.0625,0.0,0.0
1774367374.6143014,25.0,2160.0625,0.0,0.0
1774367374.731354,27.5,2160.0625,0.0,0.0
1774367374.8485978,29.3,2160.0625,0.0,0.0
1774367374.96647,25.0,2160.0625,0.0,0.0
1774367375.0837278,27.5,2160.0625,0.0,0.0
1774367375.2005394,27.5,2160.0625,0.0,0.0
1774367375.3178575,27.5,2160.0625,0.0,0.0
1774367375.4350893,26.8,2160.0625,0.0,0.0
1774367375.5521948,29.3,2160.0625,0.0,0.0
1774367375.6695137,28.6,2160.0625,0.0,0.0
1774367375.7869363,25.0,2160.0625,0.0,0.0
1774367375.9042768,30.2,2160.0625,0.0,0.0
1774367376.03583,67.5,2160.0625,0.0,0.0
1774367376.168363,92.5,2160.0625,0.0,0.0
1774367376.2989695,84.6,2160.0625,0.0,0.0
1774367376.42982,100.0,2160.0625,0.0,0.0
1774367376.5481884,100.0,2160.0625,0.0,0.0
1774367376.6690345,26.8,2160.30859375,0.0,0.0
1774367376.8206115,95.1,2160.5546875,0.0,0.0
1774367376.9518414,92.5,2160.5546875,0.0,0.0
1774367377.0818875,100.0,2160.5546875,0.0,0.0
1774367377.211881,100.0,2160.5546875,0.0,0.0
1774367377.330069,38.5,2160.5546875,0.0,0.0
1774367377.4479065,25.0,2160.5546875,0.0,0.0
1774367377.5798383,63.4,2160.5546875,0.0,0.0
1774367377.7116535,100.0,2160.5546875,0.0,0.0
1774367377.841082,78.0,2160.5546875,0.0,0.0
1774367377.970529,100.0,2160.5546875,0.0,0.0
1774367378.0875854,100.0,2160.5546875,0.0,0.0
1774367378.2169316,100.0,2160.5546875,0.0,0.0
1774367378.3345318,60.0,2160.5546875,0.0,0.0
1774367378.4523833,25.6,2160.5546875,0.0,0.0
1774367378.569921,25.0,2160.5546875,0.0,0.0
1774367378.6873899,25.6,2160.5546875,0.0,0.0
1774367378.8045435,28.2,2160.5546875,0.0,0.0
1774367378.9221442,27.5,2160.5546875,0.0,0.0
1774367379.039577,25.0,2160.5546875,0.0,0.0
1774367379.1570594,27.5,2160.5546875,0.0,0.0
1774367379.2746983,26.8,2160.5546875,0.0,0.0
1774367379.3925366,26.8,2160.5546875,0.0,0.0
1774367379.5100105,25.0,2160.5546875,0.0,0.0
1774367379.6417203,60.0,2160.5546875,0.0,0.0
1774367379.825239,80.0,2160.5546875,0.0,0.0
1774367379.9561238,60.0,2160.5546875,0.0,0.0
1774367380.0875094,100.0,2160.5546875,0.0,0.0
1774367380.218511,100.0,2160.5546875,0.0,0.0
1774367380.336282,80.5,2160.5546875,0.0,0.0
1774367380.4537506,27.5,2160.5546875,0.0,0.0
1774367380.599256,27.5,2160.5546875,0.0,0.0
1774367380.7586954,92.3,2160.5546875,0.0,0.0
1774367380.8892992,90.5,2160.5546875,0.0,0.0
1774367381.0191333,100.0,2160.5546875,0.0,0.0
1774367381.1373434,100.0,2160.5546875,0.0,0.0
1774367381.2692266,25.6,2160.5546875,0.0,0.0
1774367381.4169703,100.0,2160.5546875,0.0,0.0
1774367381.5470672,95.0,2160.80078125,0.0,0.0
1774367381.6776605,100.0,2160.80078125,0.0,0.0
1774367381.806768,100.0,2160.80078125,0.0,0.0
1774367381.9239073,40.5,2160.80078125,0.0,0.0
1774367382.0410655,29.3,2160.80078125,0.0,0.0
1774367382.1581168,25.0,2160.80078125,0.0,0.0
1774367382.2749412,27.5,2160.80078125,0.0,0.0
1774367382.39209,29.3,2160.80078125,0.0,0.0
1774367382.5091877,25.0,2160.80078125,0.0,0.0
1774367382.6260889,27.5,2160.80078125,0.0,0.0
1774367382.7432785,25.6,2160.80078125,0.0,0.0
1774367382.8604205,25.6,2160.80078125,0.0,0.0
1774367382.9775078,25.0,2160.80078125,0.0,0.0
1774367383.0944495,29.3,2160.80078125,0.0,0.0
1774367383.211573,27.5,2160.80078125,0.0,0.0
1774367383.3286421,25.0,2160.80078125,0.0,0.0
1774367383.4454937,27.5,2160.80078125,0.0,0.0
1774367383.5625973,27.5,2160.80078125,0.0,0.0
1774367383.6800733,25.6,2160.80078125,0.0,0.0
1774367383.797034,25.0,2160.80078125,0.0,0.0
1774367383.9145155,27.5,2160.80078125,0.0,0.0
1774367384.0315368,27.5,2160.80078125,0.0,0.0
1774367384.148553,25.6,2160.80078125,0.0,0.0
1774367384.279894,61.0,2160.80078125,0.0,0.0
1774367384.4309309,95.1,2160.80078125,0.0,0.0
1774367384.561414,87.8,2160.80078125,0.0,0.0
1774367384.6920397,100.0,2160.80078125,0.0,0.0
1774367384.8098748,90.0,2160.80078125,0.0,0.0
1774367384.9413097,40.0,2160.80078125,0.0,0.0
1774367385.0728536,100.0,2160.80078125,0.0,0.0
1774367385.1939662,32.5,2161.046875,0.0,0.0
1774367385.3116777,27.5,1798.62890625,0.0,0.0
1774367385.443013,87.2,1711.00390625,0.0,0.0
1774367385.5682952,100.0,1711.00390625,0.0,0.0
1774367385.7012248,78.0,1711.00390625,0.0,0.0
1774367385.8330438,97.4,1711.00390625,0.0,0.0
1774367385.9649,100.0,1711.00390625,0.0,0.0
1774367386.0963514,80.0,1711.00390625,0.0,0.0
1774367386.2288144,90.2,1711.01171875,0.0,0.0
1774367386.3632247,100.0,1711.01171875,0.0,0.0
1774367386.4933062,72.5,1711.01171875,0.0,0.0
1774367386.6255147,95.0,1711.01171875,0.0,0.0
1774367386.756415,100.0,1711.01171875,0.0,0.0
1774367386.8758957,92.3,1711.01171875,0.0,0.0
1774367387.0103629,87.2,1711.01171875,0.0,0.0
1774367387.1403916,100.0,1711.01171875,0.0,0.0
1774367387.2726448,100.0,1711.01171875,0.0,0.0
1774367387.4229798,77.5,1711.01171875,0.0,0.0
1774367387.5580416,100.0,1711.01171875,0.0,0.0
1774367387.690068,100.0,1711.01171875,0.0,0.0
1774367387.824532,80.0,1711.01171875,0.0,0.0
1774367387.954875,100.0,1711.01171875,0.0,0.0
1774367388.0869267,100.0,1711.01171875,0.0,0.0
1774367388.21756,80.5,1711.01171875,0.0,0.0
1774367388.3435428,100.0,1711.01171875,0.0,0.0
1774367388.465456,100.0,1711.01171875,0.0,0.0
1774367388.5932744,76.9,1711.01171875,0.0,0.0
1774367388.7276871,92.5,1711.01171875,0.0,0.0
1774367388.8578227,100.0,1711.01171875,0.0,0.0
1774367388.9969885,80.0,1711.01171875,0.0,0.0
1774367389.1150393,90.2,1711.01171875,0.0,0.0
1774367389.2333035,24.4,1711.2578125,0.05078125,1.5078125
1774367389.350925,20.0,1711.20703125,6.6875,4.56640625
1774367389.4689906,12.8,1710.98046875,9.69921875,0.0
1774367389.586612,15.4,1710.76171875,8.7734375,0.0
1774367389.7045465,17.9,1710.91015625,9.82421875,0.0
1774367389.8222623,19.5,1710.31640625,8.7734375,0.0
1774367389.9405105,14.6,1710.23046875,9.82421875,0.0
1774367390.058061,15.4,1710.49609375,8.8984375,0.0
1774367390.1764445,20.0,1710.2109375,9.82421875,0.0
1774367390.2945652,17.5,1710.28125,8.8984375,0.0
1774367390.412563,16.7,1710.1875,9.69921875,0.0
1774367390.5304177,15.4,1710.16015625,8.7734375,0.0
1774367390.64852,15.0,1710.390625,9.57421875,0.0
1774367390.766409,13.2,1710.3515625,8.6484375,0.0
1774367390.884434,17.1,1710.46875,9.6640625,0.0
1774367391.0024707,14.6,1710.390625,8.68359375,0.0
1774367391.1207178,12.5,1710.1953125,9.5390625,0.0
1774367391.2385406,10.5,1710.25390625,9.05859375,0.0
1774367391.3561664,13.2,1710.375,9.1640625,0.0
1774367391.4741552,15.8,1710.36328125,9.43359375,0.0
1774367391.5920014,15.0,1710.4296875,8.8359375,0.0
1774367391.7098773,15.4,1710.1171875,9.76171875,0.0
1774367391.8278897,15.4,1710.23828125,8.8984375,0.0
1774367391.9459577,14.6,1710.41796875,9.69921875,0.0
1774367392.0634992,15.0,1710.375,8.8984375,0.0
1774367392.1815338,15.0,1710.4765625,9.82421875,0.0
1774367392.2993042,13.2,1710.5234375,8.6484375,0.0
1774367392.4174306,12.8,1709.921875,9.69921875,0.0
1774367392.5347872,13.2,1710.21875,8.8984375,0.0
1774367392.6528728,15.4,1710.47265625,9.69921875,0.0
1774367392.7704558,15.0,1710.40625,8.8984375,0.0
1774367392.8883474,15.0,1710.28125,9.82421875,0.0
1774367393.0062997,17.5,1710.234375,8.8984375,0.0
1774367393.124549,12.8,1710.21484375,9.69921875,0.0
1774367393.2439694,29.3,1791.453125,0.08984375,0.0
1774367393.3646736,28.2,1879.453125,0.0,0.0
1774367393.4869967,25.6,1932.9296875,0.0,0.0
1774367393.6091218,29.3,1988.28125,0.0,0.0
1774367393.7277625,20.0,2011.71875,6.12109375,0.0
1774367393.845896,13.2,2012.1484375,9.76171875,0.0
1774367393.966136,22.0,2028.33203125,2.33984375,0.0
1774367394.0867207,26.3,2069.23046875,0.0,0.0
1774367394.207268,29.3,2110.625,0.0,0.0
1774367394.3284128,27.5,2151.4375,0.0,0.0
1774367394.4486454,26.8,2192.31640625,0.0,0.0
1774367394.5693696,27.5,2233.07421875,0.0,0.0
1774367394.6900826,27.5,2274.06640625,0.0,0.0
1774367394.8107839,29.3,2310.25,0.0,0.0
1774367394.9285426,29.3,1938.97265625,0.0,0.0
1774367395.0529523,31.0,1759.46875,0.0,0.0
1774367395.1780682,26.8,1861.328125,0.0,0.0
1774367395.300742,29.3,1923.44140625,0.0,0.0
1774367395.421787,28.2,1982.88671875,0.0,0.0
1774367395.5447056,25.6,2033.02734375,0.0,0.0
1774367395.6691241,25.6,2093.84765625,0.0,0.0
1774367395.8006277,28.2,2158.62890625,0.0,0.0
1774367395.9197438,27.5,2159.0859375,0.0,0.0
1774367396.0383873,25.0,2159.07421875,0.0,0.0
1774367396.1568534,29.3,2159.06640625,0.0,0.0
1774367396.275542,29.3,2159.06640625,0.0,0.0
1774367396.3944538,29.3,2159.06640625,0.0,0.0
1774367396.5130045,26.8,2159.06640625,0.0,0.0
1774367396.6315193,28.2,2159.06640625,0.0,0.0
1774367396.7499747,27.5,2159.06640625,0.0,0.0
1774367396.8717346,25.0,2159.06640625,0.0,0.0
1774367396.9903235,26.3,2159.06640625,0.0,0.0
1774367397.1123185,32.5,2159.796875,0.0,0.0
1774367397.235,29.3,2159.796875,0.0,0.0
1774367397.353484,28.6,2159.796875,0.0,0.0
1774367397.4760668,29.3,2159.796875,0.0,0.0
1774367397.595045,27.5,2159.796875,0.0,0.0
1774367397.7171807,26.8,2159.796875,0.0,0.0
1774367397.8356633,27.5,2159.796875,0.0,0.0
1774367397.9551895,29.3,2159.796875,0.0,0.0
1774367398.0780733,26.8,2159.796875,0.0,0.0
1774367398.1968286,27.5,2159.796875,0.0,0.0
1774367398.3181758,28.2,2159.796875,0.0,0.0
1774367398.435447,25.6,2159.796875,0.0,0.0
1774367398.5580542,95.1,2159.796875,0.0,0.0
1774367398.688408,100.0,2159.796875,0.0,0.0
1774367398.8056922,71.1,2159.796875,0.0,0.0
1774367398.9378812,51.3,2159.796875,0.0,0.0
1774367399.065988,100.0,2159.796875,0.0,0.0
1774367399.1957695,100.0,2160.04296875,0.0,0.0
1774367399.318636,100.0,2160.04296875,0.0,0.0
1774367399.4434967,100.0,2160.04296875,0.0,0.0
1774367399.560756,30.0,2160.04296875,0.0,0.0
1774367399.6778333,25.0,2160.04296875,0.0,0.0
1774367399.794703,27.5,2160.04296875,0.0,0.0
1774367399.9118547,29.3,2160.04296875,0.0,0.0
1774367400.0293527,25.0,2160.04296875,0.0,0.0
1774367400.146367,26.8,2160.04296875,0.0,0.0
1774367400.2632954,27.5,2160.04296875,0.0,0.0
1774367400.3804376,25.6,2160.04296875,0.0,0.0
1774367400.4975123,25.6,2160.04296875,0.0,0.0
1774367400.6142921,27.5,2160.04296875,0.0,0.0
1774367400.7313704,27.5,2160.04296875,0.0,0.0
1774367400.8484724,25.0,2160.04296875,0.0,0.0
1774367400.9654162,25.6,2160.04296875,0.0,0.0
1774367401.0828109,27.5,2160.04296875,0.0,0.0
1774367401.1999853,30.2,2160.04296875,0.0,0.0
1774367401.3170564,25.0,2160.04296875,0.0,0.0
1774367401.433848,28.2,2160.04296875,0.0,0.0
1774367401.5510163,27.5,2160.04296875,0.0,0.0
1774367401.6679745,25.6,2160.04296875,0.0,0.0
1774367401.7848954,29.3,2160.04296875,0.0,0.0
1774367401.9150958,62.5,2160.2890625,0.0,0.0
1774367402.0497196,93.2,2160.2890625,0.0,0.0
1774367402.1803803,87.2,2160.53515625,0.0,0.0
1774367402.3112876,100.0,2160.53515625,0.0,0.0
1774367402.4290702,100.0,2160.53515625,0.0,0.0
1774367402.5693212,34.1,2160.53515625,0.0,0.0
1774367402.7004325,100.0,2160.53515625,0.0,0.0
1774367402.818946,97.5,2160.53515625,0.0,0.0
1774367402.9488983,100.0,2160.53515625,0.0,0.0
1774367403.0790784,100.0,2160.53515625,0.0,0.0
1774367403.1972537,33.3,2160.53515625,0.0,0.0
1774367403.3147397,25.0,2160.53515625,0.0,0.0
1774367403.446958,73.8,2160.53515625,0.0,0.0
1774367403.5803237,100.0,2160.53515625,0.0,0.0
1774367403.7106564,82.5,2160.53515625,0.0,0.0
1774367403.840441,100.0,2160.53515625,0.0,0.0
1774367403.9711244,100.0,2160.53515625,0.0,0.0
1774367404.099318,100.0,2160.53515625,0.0,0.0
1774367404.216565,25.0,2160.52734375,0.0,0.0
1774367404.3340235,26.8,2160.52734375,0.0,0.0
1774367404.4511802,27.5,2160.52734375,0.0,0.0
1774367404.5684469,28.6,2160.52734375,0.0,0.0
1774367404.685385,25.6,2160.52734375,0.0,0.0
1774367404.802734,27.5,2160.52734375,0.0,0.0
1774367404.9199712,26.8,2160.52734375,0.0,0.0
1774367405.0370457,27.5,2160.52734375,0.0,0.0
1774367405.154331,27.5,2160.52734375,0.0,0.0
1774367405.271967,25.6,2160.52734375,0.0,0.0
1774367405.3891654,25.0,2160.52734375,0.0,0.0
1774367405.5064526,29.3,2160.52734375,0.0,0.0
1774367405.62378,25.6,2160.52734375,0.0,0.0
1774367405.7410834,25.6,2160.52734375,0.0,0.0
1774367405.8581402,27.5,2160.52734375,0.0,0.0
1774367405.9754732,29.3,2160.52734375,0.0,0.0
1774367406.0925891,25.0,2160.52734375,0.0,0.0
1774367406.2097447,27.5,2160.52734375,0.0,0.0
1774367406.3270397,27.5,2160.52734375,0.0,0.0
1774367406.4442751,25.0,2160.52734375,0.0,0.0
1774367406.576313,68.3,2160.52734375,0.0,0.0
1774367406.7469804,78.0,2160.52734375,0.0,0.0
1774367406.8769877,70.7,2160.52734375,0.0,0.0
1774367407.0068169,100.0,2160.52734375,0.0,0.0
1774367407.1359317,100.0,2160.52734375,0.0,0.0
1774367407.2538555,97.4,2160.52734375,0.0,0.0
1774367407.3716948,25.6,2160.52734375,0.0,0.0
1774367407.4893472,27.5,2160.52734375,0.0,0.0
1774367407.6673877,90.0,2160.52734375,0.0,0.0
1774367407.8102622,92.3,2160.52734375,0.0,0.0
1774367407.9410365,100.0,2160.52734375,0.0,0.0
1774367408.0644588,100.0,2160.52734375,0.0,0.0
1774367408.1946058,30.0,2160.52734375,0.0,0.0
1774367408.3293443,100.0,2160.52734375,0.0,0.0
1774367408.459612,95.0,2160.52734375,0.0,0.0
1774367408.590353,100.0,2160.52734375,0.0,0.0
1774367408.7075324,100.0,2160.52734375,0.0,0.0
1774367408.8247128,74.4,2160.52734375,0.0,0.0
1774367408.9416661,27.5,2160.52734375,0.0,0.0
1774367409.0590377,29.3,2160.52734375,0.0,0.0
1774367409.1762774,26.8,2160.52734375,0.0,0.0
1774367409.2934723,27.5,2160.52734375,0.0,0.0
1774367409.410764,25.6,2160.52734375,0.0,0.0
1774367409.5287557,26.8,2160.52734375,0.0,0.0
1774367409.6460235,25.0,2160.52734375,0.0,0.0
1774367409.7630029,25.6,2160.52734375,0.0,0.0
1774367409.880383,27.5,2160.52734375,0.0,0.0
1774367409.9976377,25.0,2160.52734375,0.0,0.0
1774367410.1146023,25.6,2160.52734375,0.0,0.0
1774367410.2319472,28.6,2160.52734375,0.0,0.0
1774367410.34946,25.0,2160.52734375,0.0,0.0
1774367410.4666097,29.3,2160.52734375,0.0,0.0
1774367410.5840583,27.5,2160.52734375,0.0,0.0
1774367410.7730303,89.7,2160.52734375,0.0,0.0
1774367410.9031513,85.4,2160.52734375,0.0,0.0
1774367411.033049,100.0,2160.52734375,0.0,0.0
1774367411.1635575,100.0,2160.52734375,0.0,0.0
1774367411.2816765,30.0,2160.52734375,0.0,0.0
1774367411.437629,97.6,2160.52734375,0.0,0.0
1774367411.5578299,51.2,2160.52734375,0.0,0.0
1774367411.675668,27.5,1881.54296875,0.0,0.0
1774367411.8032084,70.7,1710.34765625,0.0,0.0
1774367411.9432025,100.0,1710.34765625,0.0,0.0
1774367412.0671299,79.5,1710.34765625,0.0,0.0
1774367412.206401,92.3,1710.30078125,0.0,0.0
1774367412.3389275,100.0,1710.546875,0.0,0.0
1774367412.4858677,78.0,1710.546875,0.0,0.0
1774367412.6138017,95.0,1710.546875,0.0,0.0
1774367412.7402186,100.0,1710.546875,0.0,0.0
1774367412.869685,79.5,1710.546875,0.0,0.0
1774367412.9994648,82.1,1710.546875,0.0,0.0
1774367413.12951,100.0,1710.546875,0.0,0.0
1774367413.2470522,100.0,1710.546875,0.0,0.0
1774367413.3802314,80.5,1710.546875,0.0,0.0
1774367413.5106993,100.0,1710.546875,0.0,0.0
1774367413.64321,100.0,1710.546875,0.0,0.0
1774367413.7763433,80.0,1710.546875,0.0,0.0
1774367413.9026845,100.0,1710.546875,0.0,0.0
1774367414.0326278,100.0,1710.546875,0.0,0.0
1774367414.1633315,78.0,1710.546875,0.0,0.0
1774367414.3080804,100.0,1710.546875,0.0,0.0
1774367414.44329,100.0,1710.546875,0.0,0.0
1774367414.5805511,81.0,1710.546875,0.0,0.0
1774367414.7108748,90.0,1710.546875,0.0,0.0
1774367414.8413248,100.0,1710.546875,0.0,0.0
1774367414.9737964,82.5,1710.546875,0.0,0.0
1774367415.1020648,97.6,1710.546875,0.0,0.0
1774367415.233685,100.0,1710.546875,0.0,0.0
1774367415.3535142,92.7,1710.546875,0.0,0.0
1774367415.4721398,95.1,1710.546875,0.0,0.0
1774367415.5906246,37.5,1710.546875,0.0,0.0
1774367415.7086475,23.1,1710.45703125,4.9140625,6.07421875
1774367415.826226,17.5,1710.3515625,8.8984375,0.0
1774367415.946367,12.8,1710.6328125,9.94921875,0.0
1774367416.0645804,17.1,1710.66015625,8.8984375,0.0
1774367416.1882102,17.1,1710.6171875,9.9140625,0.0
1774367416.306282,17.1,1710.58984375,9.18359375,0.0
1774367416.4240375,15.0,1710.421875,9.0390625,0.0
1774367416.541852,17.5,1710.53515625,9.43359375,0.0
1774367416.659843,12.8,1710.4765625,8.8359375,0.0
1774367416.7777615,17.1,1710.296875,9.63671875,0.0
1774367416.8956327,19.5,1710.4140625,8.7734375,0.0
1774367417.0137174,17.5,1710.359375,9.69921875,0.0
1774367417.1318932,16.7,1710.4765625,8.7734375,0.0
1774367417.249828,17.1,1710.421875,9.69921875,0.0
1774367417.3672616,17.5,1710.57421875,8.7734375,0.0
1774367417.485285,13.2,1710.48046875,9.69921875,0.0
1774367417.6027997,14.6,1710.515625,8.6484375,0.0
1774367417.720672,17.1,1710.4140625,9.69921875,0.0
1774367417.8382554,19.0,1710.30078125,8.6484375,0.0
1774367417.9565027,10.3,1710.11328125,9.57421875,0.0
1774367418.0738716,17.5,1710.64453125,8.7734375,0.0
1774367418.191985,17.5,1710.4140625,9.69921875,0.0
1774367418.3096855,19.5,1710.33984375,8.6484375,0.0
1774367418.4276717,17.1,1710.35546875,9.69921875,0.0
1774367418.5451,20.0,1710.52734375,8.7734375,0.0
1774367418.663094,15.0,1710.4140625,9.69921875,0.0
1774367418.7806804,17.1,1709.765625,8.7734375,0.0
1774367418.8985221,15.0,1709.921875,9.69921875,0.0
1774367419.0164995,17.5,1709.4375,8.5234375,0.0
1774367419.1345308,12.5,1709.66796875,9.82421875,0.0
1774367419.2523618,17.5,1709.984375,8.7734375,0.0
1774367419.3706293,17.5,1710.33984375,9.57421875,0.0
1774367419.4890091,17.5,1711.40234375,8.8984375,0.0
1774367419.6087496,20.0,1756.8046875,3.71484375,0.0
1774367419.7281988,27.5,1857.05078125,0.0,0.0
1774367419.8452075,26.8,1896.01953125,0.0,0.0
1774367419.966272,25.6,1921.44140625,0.0,0.0
1774367420.0887012,31.0,1968.13671875,0.0,0.0
1774367420.2079232,25.6,2011.5625,3.109375,0.0
1774367420.3260908,16.7,2011.51953125,9.0546875,0.0
1774367420.4456255,17.5,2013.34765625,6.05859375,0.0
1774367420.5663493,28.2,2050.953125,0.0,0.0
1774367420.6867878,27.5,2083.59765625,0.0,0.0
1774367420.8071527,27.5,2105.90625,0.0,0.0
1774367420.927354,29.3,2134.74609375,0.0,0.0
1774367421.0489576,28.2,2168.46484375,0.0,0.0
1774367421.1691163,25.0,2203.68359375,0.0,0.0
1774367421.2897775,31.0,2238.828125,0.0,0.0
1774367421.4104362,28.2,2275.38671875,0.0,0.0
1774367421.5316145,26.8,2310.19921875,0.0,0.0
1774367421.6492777,25.6,1891.3515625,0.0,0.0
1774367421.773548,28.2,1770.6171875,0.0,0.0
1774367421.8977413,29.3,1870.8515625,0.0,0.0
1774367422.020431,27.5,1939.83984375,0.0,0.0
1774367422.1437194,31.7,1999.51171875,0.0,0.0
1774367422.266618,27.5,2052.40625,0.0,0.0
1774367422.3977516,26.8,2113.984375,0.0,0.0
1774367422.5230763,29.3,2158.6328125,0.0,0.0
1774367422.6422353,29.3,2159.125,0.0,0.0
1774367422.7611198,30.0,2159.37109375,0.0,0.0
1774367422.8799148,25.6,2159.36328125,0.0,0.0
1774367422.9983764,25.6,2159.36328125,0.0,0.0
1774367423.1172163,27.5,2159.3359375,0.0,0.0
1774367423.2361035,27.5,2159.58203125,0.0,0.0
1774367423.3538458,25.0,2013.484375,0.0,0.0
1774367423.4744506,30.0,1872.1875,0.0,0.0
1774367423.5968742,31.0,1872.6796875,0.0,0.0
1774367423.715634,25.6,1872.6796875,0.0,0.0
1774367423.837377,30.0,1872.6796875,0.0,0.0
1774367423.9602885,27.5,1872.6796875,0.0,0.0
1774367424.078736,25.6,1872.6796875,0.0,0.0
1774367424.201295,29.3,1872.66796875,0.0,0.0
1774367424.3202271,27.5,1872.66796875,0.0,0.0
1774367424.4429488,26.8,1872.66796875,0.0,0.0
1774367424.5615351,28.6,1872.9140625,0.0,0.0
1774367424.6828158,31.7,1872.9140625,0.0,0.0
1774367424.805771,27.5,1872.9140625,0.0,0.0
1774367424.9242876,27.5,1872.9140625,0.0,0.0
1774367425.0466545,28.2,1872.9140625,0.0,0.0
1774367425.1647742,29.3,1898.390625,0.0,0.0
1774367425.299616,95.0,1898.390625,0.0,0.0
1774367425.4210684,100.0,1898.8828125,0.0,0.0
1774367425.5388172,67.5,1898.8828125,0.0,0.0
1774367425.678366,64.3,1898.8828125,0.0,0.0
1774367425.811913,95.0,1898.8828125,0.0,0.0
1774367425.938833,100.0,1898.8828125,0.0,0.0
1774367426.0605848,100.0,1898.89453125,0.0,0.0
1774367426.1777163,95.0,1898.89453125,0.0,0.0
1774367426.2950845,29.3,1898.90234375,0.0,0.0
1774367426.412176,30.2,1898.90234375,0.0,0.0
1774367426.5291355,25.6,1898.90234375,0.0,0.0
1774367426.645991,27.5,1898.90234375,0.0,0.0
1774367426.7631783,27.5,1898.90234375,0.0,0.0
1774367426.8803198,26.8,1898.90234375,0.0,0.0
1774367426.9972863,29.3,1898.90234375,0.0,0.0
1774367427.1144612,27.5,1898.90234375,0.0,0.0
1774367427.23203,25.0,1898.90234375,0.0,0.0
1774367427.3491347,26.8,1898.90234375,0.0,0.0
1774367427.466227,29.3,1898.90234375,0.0,0.0
1774367427.5833366,29.3,1898.90234375,0.0,0.0
1774367427.700564,25.0,1898.90234375,0.0,0.0
1774367427.8174105,27.5,1898.90234375,0.0,0.0
1774367427.9345963,27.5,1898.90234375,0.0,0.0
1774367428.0519302,26.8,1898.90234375,0.0,0.0
1774367428.168975,27.5,1898.90234375,0.0,0.0
1774367428.3103259,39.5,1898.90234375,0.0,0.0
1774367428.466849,92.9,1898.90234375,0.0,0.0
1774367428.5934293,87.8,1898.90234375,0.0,0.0
1774367428.724031,100.0,1898.90234375,0.0,0.0
1774367428.8431726,100.0,1898.90234375,0.0,0.0
1774367428.9813309,26.8,1898.90234375,0.0,0.0
1774367429.1131024,100.0,1899.40625,0.0,0.0
1774367429.2436364,95.2,1899.40625,0.0,0.0
1774367429.3739371,100.0,1899.40625,0.0,0.0
1774367429.5039248,100.0,1899.40625,0.0,0.0
1774367429.621637,35.9,1899.40625,0.0,0.0
1774367429.7393708,25.0,1899.40625,0.0,0.0
1774367429.8671663,68.3,1899.40625,0.0,0.0
1774367430.0000982,97.7,1899.40625,0.0,0.0
1774367430.1293902,74.4,1899.40625,0.0,0.0
1774367430.25864,100.0,1899.65234375,0.0,0.0
1774367430.387881,100.0,1899.65234375,0.0,0.0
1774367430.5137255,100.0,1899.65234375,0.0,0.0
1774367430.6346018,63.4,1899.65234375,0.0,0.0
1774367430.7520216,29.3,1899.65234375,0.0,0.0
1774367430.8697474,25.0,1899.65234375,0.0,0.0
1774367430.9868963,25.0,1899.65234375,0.0,0.0
1774367431.1042047,29.3,1899.65234375,0.0,0.0
1774367431.2214541,25.6,1899.65234375,0.0,0.0
1774367431.3386667,25.0,1899.65234375,0.0,0.0
1774367431.455703,29.3,1899.65234375,0.0,0.0
1774367431.573169,29.3,1899.65234375,0.0,0.0
1774367431.6904302,25.0,1899.65234375,0.0,0.0
1774367431.8075976,25.6,1899.65234375,0.0,0.0
1774367431.9248798,32.5,1900.23828125,0.0,0.0
1774367432.042361,25.0,1900.2421875,0.0,0.0
1774367432.1596284,25.0,1900.23828125,0.0,0.0
1774367432.2764752,27.5,1900.23828125,0.0,0.0
1774367432.3940418,25.6,1900.23828125,0.0,0.0
1774367432.5112188,25.0,1900.23828125,0.0,0.0
1774367432.6284385,27.5,1900.23828125,0.0,0.0
1774367432.7457645,28.6,1900.23828125,0.0,0.0
1774367432.8631024,25.0,1900.23828125,0.0,0.0
1774367432.994007,55.0,1900.23828125,0.0,0.0
1774367433.1694252,83.3,1900.23828125,0.0,0.0
1774367433.2999008,72.5,1900.23828125,0.0,0.0
1774367433.4296775,100.0,1900.23828125,0.0,0.0
1774367433.5599577,100.0,1900.23828125,0.0,0.0
1774367433.6773343,100.0,1900.23828125,0.0,0.0
1774367433.7949936,26.8,1900.23828125,0.0,0.0
1774367433.9124694,26.8,1900.23828125,0.0,0.0
1774367434.0970497,85.0,1900.23828125,0.0,0.0
1774367434.2287674,88.4,1900.25390625,0.0,0.0
1774367434.3586211,100.0,1900.50390625,0.0,0.0
1774367434.4889255,100.0,1900.50390625,0.0,0.0
1774367434.6334405,27.5,1900.50390625,0.0,0.0
1774367434.7529926,100.0,1900.50390625,0.0,0.0
1774367434.8835485,95.1,1900.50390625,0.0,0.0
1774367435.0141187,100.0,1900.50390625,0.0,0.0
1774367435.144606,100.0,1900.5,0.0,0.0
1774367435.2623224,45.0,1900.5,0.0,0.0
1774367435.3798954,27.5,1900.5,0.0,0.0
1774367435.4975343,25.6,1900.5,0.0,0.0
1774367435.6157799,26.8,1900.5,0.0,0.0
1774367435.7335107,25.6,1900.5,0.0,0.0
1774367435.9158742,97.4,1900.5,0.0,0.0
1774367436.0455399,86.8,1900.5,0.0,0.0
1774367436.1763408,100.0,1900.5,0.0,0.0
1774367436.303216,100.0,1900.5,0.0,0.0
1774367436.4423404,27.5,1900.5,0.0,0.0
1774367436.5745318,100.0,1900.5,0.0,0.0
1774367436.6930776,46.3,1900.5,0.0,0.0
1774367436.8103712,28.2,1600.640625,0.0,0.0
1774367436.9399898,76.9,1451.2109375,0.0,0.0
1774367437.069349,100.0,1451.2109375,0.0,0.0
1774367437.1912236,77.5,1451.2421875,0.0,0.0
1774367437.3246872,94.9,1451.2421875,0.0,0.0
1774367437.4555109,100.0,1451.2421875,0.0,0.0
1774367437.5764608,94.9,1451.2421875,0.0,0.0
1774367437.7091284,90.2,1451.2421875,0.0,0.0
1774367437.8396604,100.0,1451.2421875,0.0,0.0
1774367437.9714262,100.0,1451.2421875,0.0,0.0
1774367438.1048796,82.9,1451.2421875,0.0,0.0
1774367438.2414799,100.0,1451.2421875,0.0,0.0
1774367438.3732414,100.0,1451.2421875,0.0,0.0
1774367438.5118344,78.0,1451.2421875,0.0,0.0
1774367438.641668,100.0,1451.2421875,0.0,0.0
1774367438.773181,100.0,1451.2421875,0.0,0.0
1774367438.9171765,71.8,1451.2421875,0.0,0.0
1774367439.0440788,100.0,1451.2421875,0.0,0.0
1774367439.1801758,100.0,1451.2421875,0.0,0.0
1774367439.316636,70.7,1451.2421875,0.0,0.0
1774367439.4455583,100.0,1451.2421875,0.0,0.0
1774367439.5839765,100.0,1451.2421875,0.0,0.0
1774367439.7189226,69.2,1451.2421875,0.0,0.0
1774367439.8423553,100.0,1451.2421875,0.0,0.0
1774367439.9796894,100.0,1451.2421875,0.0,0.0
1774367440.1182916,76.9,1451.2421875,0.0,0.0
1774367440.2416391,97.6,1451.2421875,0.0,0.0
1774367440.3733358,100.0,1451.2421875,0.0,0.0
1774367440.5067022,77.5,1451.2421875,0.0,0.0
1774367440.6242373,87.5,1451.2421875,0.0,0.0
1774367440.7423615,27.5,1451.48828125,0.046875,2.8203125
1774367440.8597791,17.5,1450.9453125,7.4375,3.25390625
1774367440.9774182,15.4,1450.9765625,9.82421875,0.0
1774367441.0949962,19.5,1451.08984375,8.8984375,0.0
1774367441.213064,16.7,1451.0390625,9.69921875,0.0
1774367441.3307114,12.5,1451.01171875,9.0234375,0.0
1774367441.4487085,15.0,1451.14453125,9.69921875,0.0
1774367441.5667229,15.4,1451.25,8.6484375,0.0
1774367441.6845279,16.7,1450.7578125,9.6640625,0.0
1774367441.8022323,20.9,1451.0,9.05859375,0.0
1774367441.9199553,17.1,1450.37109375,9.1796875,0.0
1774367442.0376236,10.5,1449.1484375,9.41796875,0.0
1774367442.155138,17.9,1448.89453125,8.8359375,0.0
1774367442.2732465,17.1,1449.3359375,9.76171875,0.0
1774367442.391107,13.2,1449.14453125,8.8984375,0.0
1774367442.5088813,15.0,1449.1953125,9.69921875,0.0
1774367442.626494,19.0,1449.37890625,8.8984375,0.0
1774367442.7443092,17.1,1449.1796875,9.69921875,0.0
1774367442.8616467,17.1,1449.3671875,8.7734375,0.0
1774367442.9793222,17.5,1449.31640625,9.82421875,0.0
1774367443.0969474,15.4,1448.55078125,8.8984375,0.0
1774367443.2147079,12.8,1448.46875,9.69921875,0.0
1774367443.3324058,17.9,1448.79296875,8.7734375,0.0
1774367443.4505055,15.0,1448.4453125,9.82421875,0.0
1774367443.5687065,15.4,1448.296875,9.0234375,0.0
1774367443.686454,13.2,1448.55078125,9.6640625,0.0
1774367443.804628,19.5,1448.38671875,8.93359375,0.0
1774367443.922582,15.0,1448.40625,9.2890625,0.0
1774367444.040416,15.0,1448.125,9.30859375,0.0
1774367444.1580892,15.8,1448.265625,8.9609375,0.0
1774367444.276062,17.5,1448.40234375,9.63671875,0.0
1774367444.3937385,12.5,1448.125,8.8984375,0.0
1774367444.511561,15.0,1448.2109375,9.69921875,0.0
1774367444.6321597,17.5,1448.14453125,8.1640625,0.0
1774367444.752426,27.5,1545.375,0.0,0.0
1774367444.8720202,25.6,1647.62109375,0.0,0.0
1774367444.9910538,30.0,1744.359375,0.015625,0.0
1774367445.1090102,17.1,1752.43359375,9.29296875,0.0
1774367445.2270637,17.1,1752.5390625,8.9140625,0.0
1774367445.3461275,30.0,1775.2890625,0.0,0.0
1774367445.4663942,29.3,1810.44921875,0.0,0.0
1774367445.588705,27.5,1838.60546875,0.0,0.0
1774367445.7080116,27.5,1876.4296875,0.0,0.0
1774367445.828312,31.0,1915.6484375,0.0,0.0
1774367445.948052,27.5,1957.16796875,0.0,0.0
1774367446.0683556,25.6,1982.42578125,0.0,0.0
1774367446.1884675,27.5,2022.4140625,0.0,0.0
1774367446.307566,27.5,2050.9921875,0.0,0.0
1774367446.4306896,25.0,1466.2265625,0.0,0.0
1774367446.5543952,27.5,1565.9921875,0.0,0.0
1774367446.6783738,31.7,1666.21484375,0.0,0.0
1774367446.8021657,31.0,1766.4609375,0.0,0.0
1774367446.924508,25.0,1830.88671875,0.0,0.0
1774367447.0473638,30.0,1867.39453125,0.0,0.0
1774367447.1820285,28.2,1894.30078125,0.0,0.0
1774367447.3011322,27.5,1894.30078125,0.0,0.0
1774367447.4195783,25.6,1894.30078125,0.0,0.0
1774367447.5381918,29.3,1894.30078125,0.0,0.0
1774367447.6568236,29.3,1894.30078125,0.0,0.0
1774367447.7752006,25.0,1894.546875,0.0,0.0
1774367447.8935459,30.0,1894.546875,0.0,0.0
1774367448.0124824,29.3,1894.546875,0.0,0.0
1774367448.1306455,26.8,1894.59765625,0.0,0.0
1774367448.2530594,31.0,1894.84375,0.0,0.0
1774367448.3717923,30.0,1895.08203125,0.0,0.0
1774367448.491259,25.0,1895.08203125,0.0,0.0
1774367448.613458,25.6,1895.08203125,0.0,0.0
1774367448.7317023,29.3,1895.08203125,0.0,0.0
1774367448.8542457,27.5,1895.08203125,0.0,0.0
1774367448.9728947,28.6,1895.08203125,0.0,0.0
1774367449.0953255,27.5,1895.08203125,0.0,0.0
1774367449.2140343,27.5,1895.08203125,0.0,0.0
1774367449.3358984,25.0,1895.08203125,0.0,0.0
1774367449.4580588,25.0,1895.08203125,0.0,0.0
1774367449.5763876,28.2,1895.08203125,0.0,0.0
1774367449.6988873,28.2,1895.328125,0.0,0.0
1774367449.8189228,27.5,1910.890625,0.0,0.0
1774367449.936801,61.0,1920.81640625,0.0,0.0
1774367450.0676928,100.0,1921.765625,0.0,0.0
1774367450.1895535,100.0,1921.734375,0.0,0.0
1774367450.3071146,25.6,1921.98046875,0.0,0.0
1774367450.4507143,97.6,1921.98046875,0.0,0.0
1774367450.5800219,85.4,1921.98046875,0.0,0.0
1774367450.7015545,100.0,1921.98046875,0.0,0.0
1774367450.8308434,100.0,1921.98046875,0.0,0.0
1774367450.9473321,95.1,1921.98046875,0.0,0.0
1774367451.0644486,27.5,1921.98046875,0.0,0.0
1774367451.181283,27.5,1921.98046875,0.0,0.0
1774367451.2981436,26.8,1921.98046875,0.0,0.0
1774367451.4147491,27.5,1921.98046875,0.0,0.0
1774367451.531759,29.3,1921.98046875,0.0,0.0
1774367451.6486795,25.0,1921.98046875,0.0,0.0
1774367451.765335,29.3,1921.98046875,0.0,0.0
1774367451.8823965,27.5,1921.98046875,0.0,0.0
1774367451.9996748,25.6,1921.98046875,0.0,0.0
1774367452.1164916,25.0,1921.98046875,0.0,0.0
1774367452.2336047,27.5,1921.98046875,0.0,0.0
1774367452.3507113,27.5,1921.98046875,0.0,0.0
1774367452.4676738,25.6,1920.2734375,0.0,0.0
1774367452.5842454,27.5,1920.765625,0.0,0.0
1774367452.701255,27.5,1920.765625,0.0,0.0
1774367452.8181202,26.8,1920.765625,0.0,0.0
1774367452.9347856,27.5,1921.2578125,0.0,0.0
1774367453.0518892,29.3,1921.50390625,0.0,0.0
1774367453.1690943,25.0,1921.4453125,0.0,0.0
1774367453.2859704,25.0,1921.4453125,0.0,0.0
1774367453.4178133,69.2,1921.4453125,0.0,0.0
1774367453.549324,95.0,1921.4453125,0.0,0.0
1774367453.678991,92.3,1921.4453125,0.0,0.0
1774367453.809677,100.0,1921.4453125,0.0,0.0
1774367453.927856,90.0,1921.4453125,0.0,0.0
1774367454.0593853,40.0,1921.4453125,0.0,0.0
1774367454.190085,100.0,1921.4453125,0.0,0.0
1774367454.3069327,97.6,1921.4453125,0.0,0.0
1774367454.4246943,100.0,1921.9375,0.0,0.0
1774367454.554583,100.0,1921.9375,0.0,0.0
1774367454.6721935,34.1,1921.9296875,0.0,0.0
1774367454.789461,25.0,1921.9296875,0.0,0.0
1774367454.921478,67.5,1921.9296875,0.0,0.0
1774367455.0533643,95.0,1921.9296875,0.0,0.0
1774367455.1836638,82.5,1921.9296875,0.0,0.0
1774367455.3133779,100.0,1921.9296875,0.0,0.0
1774367455.4432433,100.0,1921.9296875,0.0,0.0
1774367455.564381,100.0,1921.9296875,0.0,0.0
1774367455.6812437,42.5,1921.9296875,0.0,0.0
1774367455.7984443,28.6,1921.9296875,0.0,0.0
1774367455.9155502,26.8,1921.9296875,0.0,0.0
1774367456.0325854,29.3,1921.9296875,0.0,0.0
1774367456.1496718,27.5,1921.9296875,0.0,0.0
1774367456.2671359,26.8,1921.9296875,0.0,0.0
1774367456.3842828,26.8,1921.9296875,0.0,0.0
1774367456.5010064,27.5,1921.9296875,0.0,0.0
1774367456.6181376,29.3,1921.9296875,0.0,0.0
1774367456.7352157,25.6,1921.9296875,0.0,0.0
1774367456.8521144,25.6,1921.9296875,0.0,0.0
1774367456.9692845,25.6,1921.9296875,0.0,0.0
1774367457.0863283,26.8,1921.9296875,0.0,0.0
1774367457.2032702,27.5,1921.9296875,0.0,0.0
1774367457.3203766,29.3,1921.9296875,0.0,0.0
1774367457.4375021,26.8,1921.9296875,0.0,0.0
1774367457.5545776,25.0,1921.9296875,0.0,0.0
1774367457.6713903,29.3,1921.9296875,0.0,0.0
1774367457.788556,25.0,1921.9296875,0.0,0.0
1774367457.9199483,65.0,1921.9296875,0.0,0.0
1774367458.0978308,82.5,1922.17578125,0.0,0.0
1774367458.2204478,69.2,1922.1796875,0.0,0.0
1774367458.350379,100.0,1922.1796875,0.0,0.0
1774367458.4672706,100.0,1922.1796875,0.0,0.0
1774367458.5970922,85.0,1922.1796875,0.0,0.0
1774367458.7147117,25.6,1922.1796875,0.0,0.0
1774367458.8489048,26.8,1922.1796875,0.0,0.0
1774367459.0309145,95.2,1922.1796875,0.0,0.0
1774367459.1613193,85.7,1922.1796875,0.0,0.0
1774367459.2830577,100.0,1922.1796875,0.0,0.0
1774367459.40049,100.0,1922.1796875,0.0,0.0
1774367459.5179682,31.7,1922.42578125,0.0,0.0
1774367459.6525207,100.0,1922.42578125,0.0,0.0
1774367459.7828243,92.5,1922.42578125,0.0,0.0
1774367459.912,100.0,1922.42578125,0.0,0.0
1774367460.0415294,100.0,1922.42578125,0.0,0.0
1774367460.1596582,78.0,1922.42578125,0.0,0.0
1774367460.2773397,26.8,1922.42578125,0.0,0.0
1774367460.3945858,27.5,1922.42578125,0.0,0.0
1774367460.5121398,25.0,1922.42578125,0.0,0.0
1774367460.6294932,27.5,1922.42578125,0.0,0.0
1774367460.746384,28.2,1922.42578125,0.0,0.0
1774367460.8637366,27.5,1922.42578125,0.0,0.0
1774367460.9809117,25.0,1922.42578125,0.0,0.0
1774367461.097968,27.5,1922.42578125,0.0,0.0
1774367461.2152493,27.5,1922.42578125,0.0,0.0
1774367461.3468466,67.5,1922.42578125,0.0,0.0
1774367461.478843,92.9,1922.42578125,0.0,0.0
1774367461.5982893,90.2,1922.42578125,0.0,0.0
1774367461.7285888,100.0,1922.42578125,0.0,0.0
1774367461.846146,100.0,1922.42578125,0.0,0.0
1774367461.9773293,25.6,1922.42578125,0.0,0.0
1774367462.1164336,100.0,1922.421875,0.0,0.0
1774367462.2356794,47.4,1922.421875,0.0,0.0
1774367462.3750548,29.3,1529.9765625,0.0,0.0
1774367462.498261,100.0,1472.484375,0.0,0.0
1774367462.6329472,100.0,1472.484375,0.0,0.0
1774367462.758497,79.5,1472.484375,0.0,0.0
1774367462.8882284,100.0,1472.484375,0.0,0.0
1774367463.0190732,100.0,1472.484375,0.0,0.0
1774367463.1536078,78.6,1472.4375,0.0,0.0
1774367463.277545,100.0,1472.4375,0.0,0.0
1774367463.410508,100.0,1472.4375,0.0,0.0
1774367463.5457757,78.0,1472.4375,0.0,0.0
1774367463.675931,95.0,1472.4375,0.0,0.0
1774367463.8072588,100.0,1472.4375,0.0,0.0
1774367463.9301958,78.9,1472.4375,0.0,0.0
1774367464.05953,92.9,1472.4375,0.0,0.0
1774367464.1890516,100.0,1472.4375,0.0,0.0
1774367464.3088548,92.7,1472.4375,0.0,0.0
1774367464.4401615,92.5,1472.4375,0.0,0.0
1774367464.5710416,100.0,1472.4375,0.0,0.0
1774367464.703032,100.0,1472.4375,0.0,0.0
1774367464.8404222,83.3,1472.4375,0.0,0.0
1774367464.966657,100.0,1472.4375,0.0,0.0
1774367465.0835297,100.0,1472.4375,0.0,0.0
1774367465.2128925,66.7,1472.4375,0.0,0.0
1774367465.3441532,84.6,1472.4375,0.0,0.0
1774367465.4734178,100.0,1472.4375,0.0,0.0
1774367465.591307,85.0,1472.4375,0.0,0.0
1774367465.7240038,95.2,1472.4375,0.0,0.0
1774367465.854507,100.0,1472.4375,0.0,0.0
1774367465.9863954,100.0,1472.4375,0.0,0.0
1774367466.1172147,85.0,1472.4375,0.0,0.0
1774367466.235244,40.0,1472.4375,0.0,0.0
1774367466.3530543,24.4,1471.359375,4.7890625,6.07421875
1774367466.4704468,19.5,1471.2578125,8.7734375,0.0
1774367466.5883806,17.1,1471.2890625,9.69921875,0.0
1774367466.7057135,17.1,1471.0625,8.8984375,0.0
1774367466.8237967,17.5,1471.25,9.69921875,0.0
1774367466.9415379,17.5,1471.515625,8.8984375,0.0
1774367467.0593705,17.1,1471.55078125,9.82421875,0.0
1774367467.1770787,17.5,1471.37109375,8.8984375,0.0
1774367467.2950954,15.0,1471.37109375,9.5390625,0.0
1774367467.4128685,18.6,1471.33203125,9.05859375,0.0
1774367467.5305336,15.4,1470.91015625,9.2109375,0.0
1774367467.6485617,17.5,1471.66796875,9.51171875,0.0
1774367467.7663593,12.5,1470.64453125,8.7109375,0.0
1774367467.8841338,12.5,1470.6484375,9.51171875,0.0
1774367468.002008,15.0,1470.87890625,9.0234375,0.0
1774367468.1201084,15.0,1471.12109375,9.69921875,0.0
1774367468.23769,12.5,1471.27734375,8.8984375,0.0
1774367468.355194,15.0,1471.30078125,9.69921875,0.0
1774367468.4728022,17.5,1471.22265625,8.8984375,0.0
1774367468.590512,12.5,1471.1171875,9.82421875,0.0
1774367468.707822,17.9,1472.15234375,8.6484375,0.0
1774367468.8257554,17.5,1472.41796875,9.82421875,0.0
1774367468.9435744,15.4,1472.6875,8.8984375,0.0
1774367469.0613112,14.6,1473.3671875,9.69921875,0.0
1774367469.1793375,17.1,1473.91015625,8.8984375,0.0
1774367469.2973568,16.7,1473.7734375,9.82421875,0.0
1774367469.4151375,15.4,1473.33984375,8.8984375,0.0
1774367469.5327597,17.9,1473.70703125,9.4140625,0.0
1774367469.6508522,15.4,1473.69140625,9.18359375,0.0
1774367469.768577,14.6,1473.5234375,9.0859375,0.0
1774367469.8861918,15.0,1473.4609375,9.63671875,0.0
1774367470.0040271,17.1,1473.45703125,8.8984375,0.0
1774367470.1219943,12.5,1473.71484375,9.69921875,0.0
1774367470.241016,22.5,1532.84765625,2.08984375,0.0
1774367470.3608294,27.5,1627.09375,0.0,0.0
1774367470.480167,29.3,1727.09375,0.0,0.0
1774367470.597955,20.5,1777.24609375,5.609375,0.0
1774367470.7156663,17.9,1777.5703125,8.8984375,0.0
1774367470.8345056,27.5,1790.359375,3.71484375,0.0
1774367470.954578,26.8,1821.58984375,0.0,0.0
1774367471.0746253,29.3,1843.33984375,0.0,0.0
1774367471.1953108,31.0,1870.7265625,0.0,0.0
1774367471.3164575,26.8,1905.234375,0.0,0.0
1774367471.436343,25.6,1939.5703125,0.0,0.0
1774367471.5566556,30.0,1974.50390625,0.0,0.0
1774367471.6769385,29.3,2010.4765625,0.0,0.0
1774367471.797244,27.5,2046.54296875,0.0,0.0
1774367471.9159977,30.0,2077.140625,0.0,0.0
1774367472.0402148,27.5,1495.890625,0.0,0.0
1774367472.1645768,25.6,1597.88671875,0.0,0.0
1774367472.2883596,25.0,1698.625,0.0,0.0
1774367472.4125338,29.3,1801.1171875,0.0,0.0
1774367472.5346315,27.5,1869.859375,0.0,0.0
1774367472.674326,26.8,1920.6796875,0.0,0.0
1774367472.7931871,27.5,1921.125,0.0,0.0
1774367472.9120896,27.5,1921.5390625,0.0,0.0
1774367473.0308168,27.5,1921.5390625,0.0,0.0
1774367473.14927,26.8,1921.40234375,0.0,0.0
1774367473.267637,27.5,1921.6484375,0.0,0.0
1774367473.3863583,29.3,1921.6484375,0.0,0.0
1774367473.5048702,29.3,1922.140625,0.0,0.0
1774367473.6229248,28.2,1922.38671875,0.0,0.0
1774367473.7448404,29.3,1922.38671875,0.0,0.0
1774367473.864017,25.0,1922.6328125,0.0,0.0
1774367473.985451,25.6,1922.625,0.0,0.0
1774367474.1077862,27.5,1922.625,0.0,0.0
1774367474.2260108,29.3,1922.625,0.0,0.0
1774367474.3448126,25.0,1922.625,0.0,0.0
1774367474.4630241,25.6,1922.625,0.0,0.0
1774367474.5815501,29.3,1922.625,0.0,0.0
1774367474.6993773,27.5,1922.625,0.0,0.0
1774367474.8174078,28.2,1922.625,0.0,0.0
1774367474.9366417,25.6,1922.625,0.0,0.0
1774367475.0558372,25.0,1922.625,0.0,0.0
1774367475.175091,23.7,1929.48828125,0.0,0.0
1774367475.3140411,34.1,1947.75390625,0.0,0.0
1774367475.4403465,100.0,1948.24609375,0.0,0.0
1774367475.5703511,100.0,1948.24609375,0.0,0.0
1774367475.6878521,41.0,1948.24609375,0.0,0.0
1774367475.8456318,90.0,1948.69140625,0.0,0.0
1774367475.9749362,87.2,1948.69140625,0.0,0.0
1774367476.0915253,100.0,1949.18359375,0.0,0.0
1774367476.2208192,100.0,1949.30078125,0.0,0.0
1774367476.3375173,88.1,1949.30078125,0.0,0.0
1774367476.4542062,29.3,1949.30078125,0.0,0.0
1774367476.5712428,25.6,1949.30078125,0.0,0.0
1774367476.6881082,26.8,1949.30078125,0.0,0.0
1774367476.8050628,27.5,1949.30078125,0.0,0.0
1774367476.922203,27.5,1949.30078125,0.0,0.0
1774367477.0397959,25.0,1949.30078125,0.0,0.0
1774367477.1568441,26.8,1949.30078125,0.0,0.0
1774367477.2735121,27.5,1949.30078125,0.0,0.0
1774367477.390584,27.5,1949.30078125,0.0,0.0
1774367477.5075865,26.8,1949.30078125,0.0,0.0
1774367477.624425,27.5,1949.30078125,0.0,0.0
1774367477.7416375,27.5,1949.30078125,0.0,0.0
1774367477.8587759,25.0,1949.30078125,0.0,0.0
1774367477.975794,28.6,1949.30078125,0.0,0.0
1774367478.0929263,27.5,1949.30078125,0.0,0.0
1774367478.2788336,95.0,1949.30078125,0.0,0.0
1774367478.4053137,87.8,1949.30078125,0.0,0.0
1774367478.5358636,100.0,1949.30078125,0.0,0.0
1774367478.6549318,100.0,1949.79296875,0.0,0.0
1774367478.7873418,25.6,1949.79296875,0.0,0.0
1774367478.9235063,100.0,1949.79296875,0.0,0.0
1774367479.0528762,95.1,1949.79296875,0.0,0.0
1774367479.1819916,100.0,1949.79296875,0.0,0.0
1774367479.3112307,100.0,1949.79296875,0.0,0.0
1774367479.4282959,61.5,1949.78515625,0.0,0.0
1774367479.5458899,25.0,1949.78515625,0.0,0.0
1774367479.6998239,33.3,1949.78515625,0.0,0.0
1774367479.852921,92.5,1949.78515625,0.0,0.0
1774367479.9832366,81.6,1949.78515625,0.0,0.0
1774367480.10659,100.0,1949.78515625,0.0,0.0
1774367480.2232323,100.0,1949.78515625,0.0,0.0
1774367480.3532414,100.0,1949.78515625,0.0,0.0
1774367480.4703279,43.9,1949.78515625,0.0,0.0
1774367480.5879257,27.5,1950.03125,0.0,0.0
1774367480.7052305,28.2,1950.03125,0.0,0.0
1774367480.822983,29.3,1950.03125,0.0,0.0
1774367480.9412715,25.0,1950.03125,0.0,0.0
1774367481.0587783,25.6,1950.03125,0.0,0.0
1774367481.1783757,95.1,1950.03125,0.0,0.0
1774367481.3334477,92.9,1950.03125,0.0,0.0
1774367481.4632714,62.5,1950.03125,0.0,0.0
1774367481.5813015,100.0,1950.03125,0.0,0.0
1774367481.7111416,100.0,1950.03125,0.0,0.0
1774367481.8285491,100.0,1950.03125,0.0,0.0
1774367481.9460332,29.3,1950.03125,0.0,0.0
1774367482.0640345,25.0,1950.03125,0.0,0.0
1774367482.2543871,87.5,1950.03125,0.0,0.0
1774367482.3847888,92.5,1950.03125,0.0,0.0
1774367482.5102663,100.0,1950.03125,0.0,0.0
1774367482.639503,100.0,1950.03125,0.0,0.0
1774367482.7563643,25.6,1950.03125,0.0,0.0
1774367482.9164357,85.0,1950.03125,0.0,0.0
1774367483.046928,97.4,1950.03125,0.0,0.0
1774367483.1773915,100.0,1950.0390625,0.0,0.0
1774367483.3063335,100.0,1950.0390625,0.0,0.0
1774367483.423114,50.0,1950.04296875,0.0,0.0
1774367483.5404081,26.8,1950.04296875,0.0,0.0
1774367483.6573427,29.3,1950.04296875,0.0,0.0
1774367483.7741249,26.3,1950.04296875,0.0,0.0
1774367483.891179,27.5,1950.04296875,0.0,0.0
1774367484.008301,25.0,1950.04296875,0.0,0.0
1774367484.1251702,27.5,1950.04296875,0.0,0.0
1774367484.2423468,29.3,1950.04296875,0.0,0.0
1774367484.3593388,26.8,1950.04296875,0.0,0.0
1774367484.4763606,27.5,1950.04296875,0.0,0.0
1774367484.5935178,27.5,1950.04296875,0.0,0.0
1774367484.7109325,25.0,1950.04296875,0.0,0.0
1774367484.827984,27.5,1950.04296875,0.0,0.0
1774367484.944713,29.3,1950.04296875,0.0,0.0
1774367485.0618951,27.5,1950.04296875,0.0,0.0
1774367485.2090523,35.9,1950.04296875,0.0,0.0
1774367485.3599615,92.9,1950.04296875,0.0,0.0
1774367485.4907558,84.6,1950.04296875,0.0,0.0
1774367485.6136024,100.0,1950.04296875,0.0,0.0
1774367485.7325046,100.0,1950.04296875,0.0,0.0
1774367485.8660607,27.5,1950.04296875,0.0,0.0
1774367485.9971428,100.0,1950.04296875,0.0,0.0
1774367486.1163702,52.5,1950.04296875,0.0,0.0
1774367486.2614884,29.3,1516.55859375,0.0,0.0
1774367486.3922093,100.0,1501.82421875,0.0,0.0
1774367486.515882,100.0,1501.82421875,0.0,0.0
1774367486.6426113,78.0,1501.82421875,0.0,0.0
1774367486.7723384,100.0,1501.82421875,0.0,0.0
1774367486.9021223,100.0,1501.82421875,0.0,0.0
1774367487.0316477,70.0,1501.82421875,0.0,0.0
1774367487.162328,84.2,1501.75390625,0.0,0.0
1774367487.292278,100.0,1501.75390625,0.0,0.0
1774367487.4100842,84.6,1501.75390625,0.0,0.0
1774367487.5411396,95.0,1502.24609375,0.0,0.0
1774367487.6686904,100.0,1502.24609375,0.0,0.0
1774367487.8012707,100.0,1502.24609375,0.0,0.0
1774367487.9342089,80.0,1502.24609375,0.0,0.0
1774367488.0651867,100.0,1502.24609375,0.0,0.0
1774367488.1972306,100.0,1502.2578125,0.0,0.0
1774367488.3311832,80.0,1502.2578125,0.0,0.0
1774367488.4610515,100.0,1502.2578125,0.0,0.0
1774367488.59153,100.0,1502.2578125,0.0,0.0
1774367488.7229173,70.0,1502.2578125,0.0,0.0
1774367488.8524466,97.9,1502.2578125,0.0,0.0
1774367488.984086,100.0,1502.2578125,0.0,0.0
1774367489.1098094,77.5,1502.2578125,0.0,0.0
1774367489.2313395,87.5,1502.2578125,0.0,0.0
1774367489.3609276,100.0,1502.2578125,0.0,0.0
1774367489.4872317,100.0,1502.2578125,0.0,0.0
1774367489.628602,75.6,1502.2578125,0.0,0.0
1774367489.7544355,100.0,1502.2578125,0.0,0.0
1774367489.877088,100.0,1502.2578125,0.0,0.0
1774367490.0111668,72.5,1502.2578125,0.0,0.0
1774367490.1412756,64.1,1502.2578125,0.0,0.0
1774367490.2587297,25.0,1501.37109375,1.6640625,6.07421875
1774367490.3763874,12.5,1500.9140625,9.69921875,0.0
1774367490.4942527,17.1,1501.1796875,8.8984375,0.0
1774367490.6121411,12.8,1501.21484375,9.82421875,0.0
1774367490.729861,12.8,1501.1640625,8.7734375,0.0
1774367490.8475995,17.5,1500.40625,9.7890625,0.0
1774367490.9655201,15.4,1500.42578125,8.80859375,0.0
1774367491.0834868,16.7,1500.1484375,9.4140625,0.0
1774367491.2011492,17.1,1500.1171875,9.05859375,0.0
1774367491.3189313,15.0,1499.9609375,9.1640625,0.0
1774367491.4372575,12.8,1499.77734375,9.30859375,0.0
1774367491.5548558,10.8,1499.7734375,8.9609375,0.0
1774367491.6723082,19.5,1499.84375,9.51171875,0.0
1774367491.7900658,17.1,1500.26953125,8.7109375,0.0
1774367491.9077358,12.8,1500.08203125,9.88671875,0.0
1774367492.0253153,15.0,1500.11328125,8.7734375,0.0
1774367492.1432922,17.1,1500.078125,9.69921875,0.0
1774367492.2608426,12.8,1499.9921875,8.8984375,0.0
1774367492.3785422,17.5,1499.88671875,9.69921875,0.0
1774367492.4961617,13.2,1499.93359375,8.8984375,0.0
1774367492.6141913,15.0,1499.9453125,9.69921875,0.0
1774367492.7316093,14.6,1500.24609375,8.8984375,0.0
1774367492.8491855,15.0,1500.92578125,9.69921875,0.0
1774367492.9670005,19.5,1501.19140625,8.8984375,0.0
1774367493.084726,10.5,1501.47265625,9.82421875,0.0
1774367493.2024453,17.5,1501.49609375,8.7734375,0.0
1774367493.3203733,17.1,1501.34765625,9.7890625,0.0
1774367493.4384506,19.0,1501.69140625,8.93359375,0.0
1774367493.5562267,17.5,1501.6640625,9.2890625,0.0
1774367493.674123,17.5,1501.76171875,9.43359375,0.0
1774367493.7920659,17.1,1501.3671875,8.8359375,0.0
1774367493.9097526,15.0,1501.6328125,9.76171875,0.0
1774367494.0274208,15.0,1501.66796875,8.7734375,0.0
1774367494.1469789,19.5,1528.71484375,5.71484375,0.0
1774367494.266366,31.0,1626.71484375,0.0,0.0
1774367494.3859484,31.0,1718.9609375,0.0,0.0
1774367494.5066793,35.7,1798.984375,0.046875,0.0
1774367494.625661,40.0,1806.55859375,9.76171875,0.0
1774367494.7450852,30.8,1806.92578125,8.4140625,0.0
1774367494.865435,27.5,1832.59375,0.0,0.0
1774367494.9855938,29.3,1863.12109375,0.0,0.0
1774367495.10668,29.3,1896.578125,0.0,0.0
1774367495.2271252,33.3,1933.39453125,0.0,0.0
1774367495.3478084,30.0,1969.6875,0.0,0.0
1774367495.4685342,27.5,2009.4453125,0.0,0.0
1774367495.5892172,25.6,2044.90625,0.0,0.0
1774367495.7099144,30.0,2083.5625,0.0,0.0
1774367495.8291485,30.0,1804.5234375,0.0,0.0
1774367495.953324,25.0,1523.85546875,0.0,0.0
1774367496.0779643,30.0,1623.84765625,0.0,0.0
1774367496.2024198,30.0,1725.94921875,0.0,0.0
1774367496.3272948,29.3,1830.1953125,0.0,0.0
1774367496.4496481,25.6,1880.9609375,0.0,0.0
1774367496.5912619,28.2,1933.12890625,0.0,0.0
1774367496.7107396,26.3,1948.03125,0.0,0.0
1774367496.8293815,29.3,1948.03125,0.0,0.0
1774367496.9480138,27.5,1948.03125,0.0,0.0
1774367497.067125,25.6,1948.03125,0.0,0.0
1774367497.1863976,26.8,1948.03125,0.0,0.0
1774367497.3050544,26.8,1948.03125,0.0,0.0
1774367497.423677,25.6,1948.03125,0.0,0.0
1774367497.5459316,27.5,1948.03125,0.0,0.0
1774367497.6655643,25.0,1948.03125,0.0,0.0
1774367497.7842357,28.2,1948.03125,0.0,0.0
1774367497.9063993,27.5,1948.03125,0.0,0.0
1774367498.0249758,25.0,1948.03125,0.0,0.0
1774367498.14336,27.5,1948.03515625,0.0,0.0
1774367498.2622378,27.5,1948.03515625,0.0,0.0
1774367498.3810072,27.5,1948.28125,0.0,0.0
1774367498.5000982,26.8,1948.28125,0.0,0.0
1774367498.6180449,30.0,1948.28125,0.0,0.0
1774367498.7362294,27.5,1948.28125,0.0,0.0
1774367498.8548772,28.6,1948.28125,0.0,0.0
1774367498.9732354,29.3,1948.28125,0.0,0.0
1774367499.0916345,27.5,1948.28125,0.0,0.0
1774367499.2221842,48.8,1948.28125,0.0,0.0
1774367499.3525832,100.0,1948.28125,0.0,0.0
1774367499.4704428,100.0,1948.52734375,0.0,0.0
1774367499.588394,25.6,1948.515625,0.0,0.0
1774367499.7528062,85.0,1948.515625,0.0,0.0
1774367499.882689,87.8,1948.76171875,0.0,0.0
1774367500.017041,100.0,1948.76171875,0.0,0.0
1774367500.142306,100.0,1948.78125,0.0,0.0
1774367500.2593238,50.0,1948.78125,0.0,0.0
1774367500.3765252,27.5,1949.02734375,0.0,0.0
1774367500.493977,25.0,1949.02734375,0.0,0.0
1774367500.6109905,25.0,1949.02734375,0.0,0.0
1774367500.727753,27.5,1949.02734375,0.0,0.0
1774367500.8448768,25.6,1949.02734375,0.0,0.0
1774367500.961896,25.6,1949.02734375,0.0,0.0
1774367501.0789773,25.6,1949.02734375,0.0,0.0
1774367501.1962173,29.3,1949.02734375,0.0,0.0
1774367501.3137052,26.8,1949.02734375,0.0,0.0
1774367501.430776,25.6,1949.02734375,0.0,0.0
1774367501.5478208,29.3,1949.02734375,0.0,0.0
1774367501.6646078,25.6,1949.2734375,0.0,0.0
1774367501.7812874,25.0,1949.2734375,0.0,0.0
1774367501.8977833,29.3,1949.2734375,0.0,0.0
1774367502.0146835,27.5,1949.2734375,0.0,0.0
1774367502.1382148,52.4,1949.2734375,0.0,0.0
1774367502.2938418,100.0,1949.765625,0.0,0.0
1774367502.424315,85.0,1949.765625,0.0,0.0
1774367502.5550568,100.0,1949.765625,0.0,0.0
1774367502.6725452,90.0,1949.765625,0.0,0.0
1774367502.8019025,40.9,1949.765625,0.0,0.0
1774367502.9332871,100.0,1949.765625,0.0,0.0
1774367503.0636952,97.5,1949.765625,0.0,0.0
1774367503.1946983,100.0,1949.79296875,0.0,0.0
1774367503.3124819,100.0,1949.79296875,0.0,0.0
1774367503.4295988,25.0,1949.79296875,0.0,0.0
1774367503.5612795,67.5,1949.79296875,0.0,0.0
1774367503.6884627,100.0,1949.79296875,0.0,0.0
1774367503.8174367,82.5,1949.79296875,0.0,0.0
1774367503.9473667,100.0,1949.79296875,0.0,0.0
1774367504.0732708,100.0,1950.0390625,0.0,0.0
1774367504.1982331,100.0,1950.04296875,0.0,0.0
1774367504.315141,30.0,1950.2890625,0.0,0.0
1774367504.4322257,28.6,1950.2890625,0.0,0.0
1774367504.5496259,25.0,1950.2890625,0.0,0.0
1774367504.6665452,25.0,1950.2890625,0.0,0.0
1774367504.783655,29.3,1950.2890625,0.0,0.0
1774367504.9005127,25.6,1950.2890625,0.0,0.0
1774367505.0173717,25.0,1950.2890625,0.0,0.0
1774367505.1340349,27.5,1950.28125,0.0,0.0
1774367505.250966,27.5,1950.52734375,0.0,0.0
1774367505.367953,29.3,1950.52734375,0.0,0.0
1774367505.484729,25.6,1950.52734375,0.0,0.0
1774367505.601721,25.6,1950.52734375,0.0,0.0
1774367505.7189589,25.0,1950.52734375,0.0,0.0
1774367505.835906,27.5,1950.52734375,0.0,0.0
1774367505.9528103,26.8,1950.52734375,0.0,0.0
1774367506.0698447,27.5,1950.52734375,0.0,0.0
1774367506.1867151,26.8,1950.52734375,0.0,0.0
1774367506.3035772,29.3,1950.52734375,0.0,0.0
1774367506.4205809,29.3,1950.52734375,0.0,0.0
1774367506.5633729,33.3,1950.52734375,0.0,0.0
1774367506.7606628,79.5,1950.52734375,0.0,0.0
1774367506.8900437,65.0,1950.52734375,0.0,0.0
1774367507.023972,100.0,1950.52734375,0.0,0.0
1774367507.145961,100.0,1950.52734375,0.0,0.0
1774367507.2629755,92.7,1950.52734375,0.0,0.0
1774367507.3801847,27.5,1950.52734375,0.0,0.0
1774367507.5561585,89.7,1950.52734375,0.0,0.0
1774367507.6859903,90.2,1950.52734375,0.0,0.0
1774367507.8162663,100.0,1950.52734375,0.0,0.0
1774367507.943928,100.0,1950.52734375,0.0,0.0
1774367508.061422,25.0,1950.52734375,0.0,0.0
1774367508.2088282,100.0,1950.52734375,0.0,0.0
1774367508.3393788,92.5,1950.52734375,0.0,0.0
1774367508.4703126,100.0,1950.52734375,0.0,0.0
1774367508.587047,100.0,1950.52734375,0.0,0.0
1774367508.703951,57.5,1950.52734375,0.0,0.0
1774367508.820783,27.5,1950.52734375,0.0,0.0
1774367508.9375668,25.6,1950.52734375,0.0,0.0
1774367509.0541303,29.3,1950.52734375,0.0,0.0
1774367509.1709807,27.5,1950.52734375,0.0,0.0
1774367509.2878559,28.6,1950.52734375,0.0,0.0
1774367509.4044518,27.5,1950.52734375,0.0,0.0
1774367509.521359,26.8,1950.52734375,0.0,0.0
1774367509.6382828,25.0,1950.52734375,0.0,0.0
1774367509.7550223,29.3,1950.52734375,0.0,0.0
1774367509.8719513,27.5,1950.52734375,0.0,0.0
1774367509.9887414,26.8,1950.52734375,0.0,0.0
1774367510.1054869,26.8,1950.52734375,0.0,0.0
1774367510.2219281,27.5,1950.52734375,0.0,0.0
1774367510.3386726,25.0,1950.52734375,0.0,0.0
1774367510.4729192,75.6,1950.52734375,0.0,0.0
1774367510.60498,100.0,1950.52734375,0.0,0.0
1774367510.734339,87.5,1950.52734375,0.0,0.0
1774367510.8641243,100.0,1950.52734375,0.0,0.0
1774367510.9814997,85.0,1950.52734375,0.0,0.0
1774367511.123862,35.0,1950.52734375,0.0,0.0
1774367511.2473679,100.0,1950.52734375,0.0,0.0
1774367511.3752782,30.0,1950.52734375,0.0,0.0
1774367511.5116606,38.1,1500.15234375,0.0,0.0
1774367511.6337523,100.0,1500.15234375,0.0,0.0
1774367511.7527547,100.0,1500.15234375,0.0,0.0
1774367511.8871188,87.8,1500.15234375,0.0,0.0
1774367512.029907,100.0,1500.15234375,0.0,0.0
1774367512.1558444,100.0,1500.16015625,0.0,0.0
1774367512.2835612,87.5,1500.16015625,0.0,0.0
1774367512.409092,100.0,1500.16015625,0.0,0.0
1774367512.5408938,100.0,1500.16015625,0.0,0.0
1774367512.6735415,82.1,1500.16015625,0.0,0.0
1774367512.8076673,100.0,1500.16015625,0.0,0.0
1774367512.9388874,100.0,1500.16015625,0.0,0.0
1774367513.0772805,76.2,1500.16015625,0.0,0.0
1774367513.206574,100.0,1500.16015625,0.0,0.0
1774367513.3357024,100.0,1500.16015625,0.0,0.0
1774367513.470618,78.0,1500.16015625,0.0,0.0
1774367513.6023476,97.6,1500.16015625,0.0,0.0
1774367513.7344189,100.0,1500.16015625,0.0,0.0
1774367513.8677328,77.5,1500.9921875,0.0,0.0
1774367513.9984088,95.0,1500.99609375,0.0,0.0
1774367514.1294296,100.0,1500.9921875,0.0,0.0
1774367514.2729943,75.0,1500.9921875,0.0,0.0
1774367514.3933325,94.7,1500.9921875,0.0,0.0
1774367514.5236375,100.0,1500.75,0.0,0.0
1774367514.656518,82.5,1500.74609375,0.0,0.0
1774367514.7810476,95.1,1500.9921875,0.0,0.0
1774367514.9117105,100.0,1500.75,0.0,0.0
1774367515.0310678,94.7,1500.75,0.0,0.0
1774367515.161173,95.3,1500.74609375,0.0,0.0
1774367515.2807279,27.5,1500.74609375,0.046875,0.0
1774367515.3982878,20.5,1499.80859375,5.890625,6.07421875
1774367515.5160902,17.5,1499.70703125,8.8984375,0.0
1774367515.6341822,10.5,1499.6171875,9.5390625,0.0
1774367515.7516415,15.0,1499.328125,9.05859375,0.0
1774367515.8691137,17.5,1499.3515625,9.1640625,0.0
1774367515.986684,17.5,1499.328125,9.43359375,0.0
1774367516.1039934,17.5,1499.2109375,8.8359375,0.0
1774367516.2214203,15.8,1498.67578125,9.63671875,0.0
1774367516.338854,12.8,1499.06640625,8.7734375,0.0
1774367516.4562898,12.8,1498.90234375,9.82421875,0.0
1774367516.5734937,12.8,1499.08203125,8.7734375,0.0
1774367516.6912496,15.0,1499.00390625,9.69921875,0.0
1774367516.8104522,15.0,1498.57421875,9.0234375,0.0
1774367516.9279149,17.5,1498.86328125,9.69921875,0.0
1774367517.0454013,19.5,1499.296875,8.7734375,0.0
1774367517.163023,17.5,1499.1953125,9.82421875,0.0
1774367517.2801821,17.1,1499.24609375,8.7734375,0.0
1774367517.397541,19.5,1498.92578125,9.69921875,0.0
1774367517.515172,17.5,1498.953125,8.8984375,0.0
1774367517.6326776,16.7,1498.8203125,9.69921875,0.0
1774367517.7500272,20.9,1498.79296875,8.7734375,0.0
1774367517.8677666,15.0,1498.765625,9.7890625,0.0
1774367517.9854786,17.1,1498.48046875,8.80859375,0.0
1774367518.1028738,13.2,1498.56640625,9.4140625,0.0
1774367518.220531,19.5,1498.796875,9.18359375,0.0
1774367518.337993,15.0,1498.625,9.0859375,0.0
1774367518.4556763,14.6,1498.55859375,9.51171875,0.0
1774367518.5730288,15.0,1498.828125,8.7109375,0.0
1774367518.6907701,14.6,1498.9375,9.76171875,0.0
1774367518.8083835,17.1,1498.90625,8.7734375,0.0
1774367518.9259727,19.0,1498.77734375,9.69921875,0.0
1774367519.043732,15.4,1500.12109375,8.8984375,0.0
1774367519.1615357,15.0,1499.9765625,9.69921875,0.0
1774367519.2810004,20.5,1565.80078125,1.71484375,0.0
1774367519.40083,27.5,1664.046875,0.0,0.0
1774367519.520328,25.6,1762.5390625,0.0,0.0
1774367519.6379805,19.5,1804.4296875,6.07421875,0.0
1774367519.7555704,17.1,1804.48828125,9.30859375,0.0
1774367519.8744667,25.0,1819.64453125,2.83984375,0.0
1774367519.9941957,25.6,1855.73828125,0.0,0.0
1774367520.1152647,36.6,1893.18359375,0.0,0.0
1774367520.2359524,27.5,1923.671875,0.0,0.0
1774367520.3568265,25.0,1959.71484375,0.0,0.0
1774367520.47693,23.7,1996.27734375,0.0,0.0
1774367520.596809,33.3,2033.734375,0.0,0.0
1774367520.7219834,28.2,2069.65625,0.0,0.0
1774367520.8406374,23.7,2105.0390625,0.0,0.0
1774367520.9603875,29.3,1508.2421875,0.0,0.0
1774367521.0841334,28.2,1598.4921875,0.0,0.0
1774367521.2130578,25.6,1701.04296875,0.0,0.0
1774367521.3368235,26.8,1805.2890625,0.0,0.0
1774367521.458792,31.7,1860.328125,0.0,0.0
1774367521.5922875,28.2,1918.0390625,0.0,0.0
1774367521.7210307,27.5,1947.6953125,0.0,0.0
1774367521.8397565,25.6,1948.1875,0.0,0.0
1774367521.9581497,27.5,1948.6796875,0.0,0.0
1774367522.0767965,25.0,1948.6796875,0.0,0.0
1774367522.1949792,26.8,1948.7265625,0.0,0.0
1774367522.3130903,29.3,1948.7265625,0.0,0.0
1774367522.4317453,27.5,1948.7265625,0.0,0.0
1774367522.5501115,25.0,1948.7265625,0.0,0.0
1774367522.667922,27.5,1948.7265625,0.0,0.0
1774367522.7862275,25.6,1948.7265625,0.0,0.0
1774367522.9051695,27.5,1948.7265625,0.0,0.0
1774367523.0237544,25.6,1948.7265625,0.0,0.0
1774367523.1416013,27.5,1948.7265625,0.0,0.0
1774367523.26021,25.6,1948.7265625,0.0,0.0
1774367523.3782024,28.6,1948.7265625,0.0,0.0
1774367523.4963205,28.2,1948.7265625,0.0,0.0
1774367523.6142626,29.3,1948.7265625,0.0,0.0
1774367523.7320607,26.8,1948.7265625,0.0,0.0
1774367523.8502307,27.5,1948.7265625,0.0,0.0
1774367523.9686723,27.5,1948.97265625,0.0,0.0
1774367524.0869327,36.6,1946.9921875,0.0,0.0
1774367524.2165408,56.1,1947.60546875,0.0,0.0
1774367524.3460429,100.0,1947.8515625,0.0,0.0
1774367524.4641192,100.0,1947.8515625,0.0,0.0
1774367524.5925517,26.8,1947.8515625,0.0,0.0
1774367524.743598,100.0,1948.09765625,0.0,0.0
1774367524.873281,97.5,1948.09765625,0.0,0.0
1774367525.0039625,100.0,1948.09765625,0.0,0.0
1774367525.120961,100.0,1949.0859375,0.0,0.0
1774367525.2378318,48.7,1949.0859375,0.0,0.0
1774367525.3548872,25.0,1949.0859375,0.0,0.0
1774367525.4718258,29.3,1949.0859375,0.0,0.0
1774367525.5890076,27.5,1949.0859375,0.0,0.0
1774367525.7066557,25.0,1949.0859375,0.0,0.0
1774367525.8236759,25.0,1949.0859375,0.0,0.0
1774367525.9403038,25.6,1949.0859375,0.0,0.0
1774367526.0573955,29.3,1949.0859375,0.0,0.0
1774367526.1744084,25.0,1949.0859375,0.0,0.0
1774367526.2912064,27.5,1949.0859375,0.0,0.0
1774367526.4083261,29.3,1949.0859375,0.0,0.0
1774367526.5252857,26.8,1949.0859375,0.0,0.0
1774367526.6422832,27.5,1949.0859375,0.0,0.0
1774367526.773987,53.8,1949.0859375,0.0,0.0
1774367526.9117155,95.1,1949.0859375,0.0,0.0
1774367527.041582,92.5,1949.0859375,0.0,0.0
1774367527.1720397,100.0,1949.0859375,0.0,0.0
1774367527.2897787,97.5,1949.0859375,0.0,0.0
1774367527.4282455,36.4,1949.0859375,0.0,0.0
1774367527.5596597,100.0,1949.0859375,0.0,0.0
1774367527.6897366,100.0,1949.0859375,0.0,0.0
1774367527.8203354,100.0,1949.0859375,0.0,0.0
1774367527.9500659,100.0,1949.0859375,0.0,0.0
1774367528.0675533,32.5,1949.08984375,0.0,0.0
1774367528.1851158,26.8,1949.08984375,0.0,0.0
1774367528.3167052,67.5,1949.08984375,0.0,0.0
1774367528.4485853,97.4,1949.08984375,0.0,0.0
1774367528.5832307,78.0,1949.08984375,0.0,0.0
1774367528.7048862,100.0,1949.08984375,0.0,0.0
1774367528.8308592,100.0,1949.08984375,0.0,0.0
1774367528.951835,100.0,1949.08984375,0.0,0.0
1774367529.0685885,38.5,1949.3359375,0.0,0.0
1774367529.1855881,25.6,1949.34375,0.0,0.0
1774367529.302773,25.0,1949.34375,0.0,0.0
1774367529.4196491,27.5,1949.34375,0.0,0.0
1774367529.5368774,27.5,1949.34375,0.0,0.0
1774367529.6537225,27.5,1949.34375,0.0,0.0
1774367529.7705703,26.8,1949.34375,0.0,0.0
1774367529.8871312,27.5,1949.34375,0.0,0.0
1774367530.0042295,29.3,1949.34375,0.0,0.0
1774367530.1211274,25.6,1949.34375,0.0,0.0
1774367530.2378244,25.6,1949.34375,0.0,0.0
1774367530.3548288,27.5,1949.34375,0.0,0.0
1774367530.4722412,28.6,1949.34375,0.0,0.0
1774367530.5890439,25.6,1949.34375,0.0,0.0
1774367530.7059755,25.6,1949.34375,0.0,0.0
1774367530.822939,25.6,1949.34375,0.0,0.0
1774367530.9398587,26.8,1949.34375,0.0,0.0
1774367531.05647,27.5,1949.34375,0.0,0.0
1774367531.1734405,25.6,1949.58984375,0.0,0.0
1774367531.2903025,25.6,1949.58203125,0.0,0.0
1774367531.4070327,29.3,1949.58203125,0.0,0.0
1774367531.5240016,26.8,1949.58203125,0.0,0.0
1774367531.641112,25.0,1949.58203125,0.0,0.0
1774367531.7578752,25.0,1949.58203125,0.0,0.0
1774367531.8744493,27.5,1949.58203125,0.0,0.0
1774367531.9993541,71.4,1949.58203125,0.0,0.0
1774367532.1796439,80.0,1949.58203125,0.0,0.0
1774367532.3022234,61.5,1949.58203125,0.0,0.0
1774367532.4327996,100.0,1949.58203125,0.0,0.0
1774367532.5637496,100.0,1949.58203125,0.0,0.0
1774367532.6809373,87.8,1949.58203125,0.0,0.0
1774367532.7981892,26.8,1949.58203125,0.0,0.0
1774367532.9268234,25.6,1949.58203125,0.0,0.0
1774367533.0981846,95.7,1949.58203125,0.0,0.0
1774367533.228561,87.5,1949.58203125,0.0,0.0
1774367533.3585157,100.0,1949.58203125,0.0,0.0
1774367533.4759476,100.0,1949.58203125,0.0,0.0
1774367533.593413,25.6,1949.828125,0.0,0.0
1774367533.7420266,95.1,1949.828125,0.0,0.0
1774367533.8657668,92.3,1949.828125,0.0,0.0
1774367533.9969685,100.0,1949.828125,0.0,0.0
1774367534.1270041,100.0,1949.828125,0.0,0.0
1774367534.2445648,71.4,1949.828125,0.0,0.0
1774367534.3616288,26.8,1949.828125,0.0,0.0
1774367534.4782753,27.5,1949.828125,0.0,0.0
1774367534.5952897,29.3,1949.828125,0.0,0.0
1774367534.7122188,25.0,1949.828125,0.0,0.0
1774367534.8290124,27.5,1949.828125,0.0,0.0
1774367534.9461296,27.5,1949.828125,0.0,0.0
1774367535.0631447,25.0,1949.828125,0.0,0.0
1774367535.1799388,27.5,1949.828125,0.0,0.0
1774367535.2973373,27.5,1949.828125,0.0,0.0
1774367535.414701,25.6,1949.828125,0.0,0.0
1774367535.531677,25.0,1949.828125,0.0,0.0
1774367535.6488297,29.3,1949.828125,0.0,0.0
1774367535.7658002,25.6,1949.828125,0.0,0.0
1774367535.8826544,25.6,1949.828125,0.0,0.0
1774367535.9994195,27.5,1949.828125,0.0,0.0
1774367536.179389,95.0,1949.828125,0.0,0.0
1774367536.3100343,87.8,1949.828125,0.0,0.0
1774367536.4315162,100.0,1949.828125,0.0,0.0
1774367536.561166,100.0,1949.828125,0.0,0.0
1774367536.6795158,35.9,1949.828125,0.0,0.0
1774367536.8374512,92.7,1949.828125,0.0,0.0
1774367536.9558928,48.8,1949.828125,0.0,0.0
1774367537.0740972,27.5,1550.8125,0.0,0.0
1774367537.194435,75.6,1499.6328125,0.0,0.0
1774367537.3235474,100.0,1499.6328125,0.0,0.0
1774367537.4409962,97.4,1499.6328125,0.0,0.0
1774367537.5848641,75.0,1499.62890625,0.0,0.0
1774367537.7102706,100.0,1499.62890625,0.0,0.0
1774367537.842158,100.0,1499.62890625,0.0,0.0
1774367537.9758348,80.5,1499.62890625,0.0,0.0
1774367538.1057286,100.0,1499.62890625,0.0,0.0
1774367538.2384226,100.0,1499.62890625,0.0,0.0
1774367538.3763032,78.6,1499.62890625,0.0,0.0
1774367538.5056748,100.0,1499.62890625,0.0,0.0
1774367538.6533952,100.0,1499.62890625,0.0,0.0
1774367538.7944365,76.9,1499.62890625,0.0,0.0
1774367538.913306,100.0,1499.62890625,0.0,0.0
1774367539.0442162,100.0,1499.62890625,0.0,0.0
1774367539.1783144,72.5,1499.62890625,0.0,0.0
1774367539.310994,97.6,1499.62890625,0.0,0.0
1774367539.4358397,100.0,1499.62890625,0.0,0.0
1774367539.5535047,75.6,1499.62890625,0.0,0.0
1774367539.6833324,82.9,1499.62890625,0.0,0.0
1774367539.8130755,100.0,1499.62890625,0.0,0.0
1774367539.9356325,100.0,1499.62890625,0.0,0.0
1774367540.062631,72.5,1499.6328125,0.0,0.0
1774367540.1927671,100.0,1499.64453125,0.0,0.0
1774367540.3231108,100.0,1499.64453125,0.0,0.0
1774367540.456633,78.6,1499.64453125,0.0,0.0
1774367540.5734363,100.0,1499.64453125,0.0,0.0
1774367540.7055335,100.0,1499.64453125,0.0,0.0
1774367540.839194,76.9,1499.64453125,0.0,0.0
1774367540.9694896,77.5,1499.64453125,0.0,0.0
1774367541.088002,29.3,1499.41796875,0.046875,5.73828125
1774367541.205713,13.2,1499.5234375,8.8125,0.3359375
1774367541.323287,12.5,1499.48828125,9.4140625,0.0
1774367541.4408102,19.5,1499.19921875,9.18359375,0.0
1774367541.5583618,12.8,1499.046875,9.0546875,0.0
1774367541.6761558,17.1,1498.98046875,9.41796875,0.0
1774367541.7936072,12.8,1499.34765625,8.8359375,0.0
1774367541.9113743,17.5,1499.22265625,9.76171875,0.0
1774367542.0290453,14.6,1498.91015625,8.6484375,0.0
1774367542.1466,12.5,1498.74609375,9.69921875,0.0
1774367542.2644603,19.0,1498.88671875,8.7734375,0.0
1774367542.3820987,15.0,1498.921875,9.82421875,0.0
1774367542.4993424,13.2,1498.828125,8.7734375,0.0
1774367542.6169217,19.5,1498.8515625,9.69921875,0.0
1774367542.734412,15.4,1498.8828125,8.6484375,0.0
1774367542.852174,12.8,1498.93359375,9.82421875,0.0
1774367542.9694114,17.5,1498.859375,8.8984375,0.0
1774367543.0871701,15.0,1498.59765625,9.69921875,0.0
1774367543.2062225,15.0,1498.66015625,9.0234375,0.0
1774367543.3239748,12.8,1498.89453125,9.69921875,0.0
1774367543.4417431,15.0,1498.96875,8.8984375,0.0
1774367543.55954,17.1,1499.1953125,9.69921875,0.0
1774367543.6770134,15.0,1499.1640625,9.0234375,0.0
1774367543.7944982,17.5,1498.80859375,9.2890625,0.0
1774367543.9124804,20.0,1499.11328125,9.18359375,0.0
1774367544.0301166,14.6,1499.07421875,9.0546875,0.0
1774367544.1477473,17.5,1498.8828125,9.41796875,0.0
1774367544.2653944,15.0,1499.00390625,8.8359375,0.0
1774367544.3833475,12.8,1498.9375,9.88671875,0.0
1774367544.5011122,15.0,1498.96875,8.7734375,0.0
1774367544.618564,15.4,1498.99609375,9.82421875,0.0
1774367544.7361333,17.1,1498.91015625,8.7734375,0.0
1774367544.8537288,12.8,1499.05078125,9.82421875,0.0
1774367544.9737482,15.8,1502.41796875,7.5390625,0.0
1774367545.093432,29.3,1594.3359375,0.0,0.0
1774367545.2130039,25.6,1690.828125,0.0,0.0
1774367545.332032,25.6,1788.828125,0.0,0.0
1774367545.4498312,17.5,1803.0,8.68359375,0.0
1774367545.5667367,15.0,1804.9765625,6.57421875,0.0
1774367545.6848598,12.5,1805.4453125,2.96484375,0.0
1774367545.8049002,34.1,1844.71875,0.0,0.0
1774367545.924246,28.9,1882.98828125,0.0,0.0
1774367546.0450833,25.0,1915.01171875,0.0,0.0
1774367546.166042,30.0,1939.17578125,0.0,0.0
1774367546.2867625,25.6,1971.51171875,0.0,0.0
1774367546.4072282,26.8,2008.4140625,0.0,0.0
1774367546.5273428,25.6,2043.98046875,0.0,0.0
1774367546.6474762,32.5,2080.97265625,0.0,0.0
1774367546.7660959,30.0,1775.2109375,0.0,0.0
1774367546.8893838,26.8,1542.546875,0.0,0.0
1774367547.0131264,30.8,1643.0390625,0.0,0.0
1774367547.1367602,28.2,1743.04296875,0.0,0.0
1774367547.2598174,27.5,1834.03125,0.0,0.0
1774367547.38178,26.8,1891.88671875,0.0,0.0
1774367547.5203362,33.3,1948.17578125,0.0,0.0
1774367547.639224,25.6,1948.421875,0.0,0.0
1774367547.757571,26.8,1948.421875,0.0,0.0
1774367547.875949,25.6,1948.421875,0.0,0.0
1774367547.9944801,27.5,1948.421875,0.0,0.0
1774367548.113209,26.8,1948.19140625,0.0,0.0
1774367548.2316267,25.6,1948.19140625,0.0,0.0
1774367548.3499763,28.2,1948.19140625,0.0,0.0
1774367548.468385,27.5,1948.19140625,0.0,0.0
1774367548.5900493,26.8,1948.19140625,0.0,0.0
1774367548.7084785,28.2,1948.19140625,0.0,0.0
1774367548.8301303,26.3,1948.19140625,0.0,0.0
1774367548.9494047,25.0,1948.4375,0.0,0.0
1774367549.0676754,31.0,1948.4375,0.0,0.0
1774367549.1897101,25.6,1948.44140625,0.0,0.0
1774367549.3087623,25.6,1948.6875,0.0,0.0
1774367549.4308848,25.6,1948.6875,0.0,0.0
1774367549.5489862,31.7,1948.6875,0.0,0.0
1774367549.671082,27.5,1948.6875,0.0,0.0
1774367549.7894437,25.0,1948.6875,0.0,0.0
1774367549.9080734,29.3,1948.6875,0.0,0.0
1774367550.0304906,29.3,1948.6875,0.0,0.0
1774367550.1489513,26.8,1948.6875,0.0,0.0
1774367550.2784612,67.5,1948.6875,0.0,0.0
1774367550.4089227,100.0,1948.6875,0.0,0.0
1774367550.526541,95.0,1948.6875,0.0,0.0
1774367550.6770246,38.1,1948.6875,0.0,0.0
1774367550.80769,100.0,1948.6875,0.0,0.0
1774367550.928307,97.5,1948.6875,0.0,0.0
1774367551.0463338,100.0,1948.6875,0.0,0.0
1774367551.175502,100.0,1948.93359375,0.0,0.0
1774367551.2928653,50.0,1949.42578125,0.0,0.0
1774367551.4100606,27.5,1949.42578125,0.0,0.0
1774367551.5272338,25.6,1949.42578125,0.0,0.0
1774367551.6444173,25.6,1949.42578125,0.0,0.0
1774367551.7617826,25.0,1949.42578125,0.0,0.0
1774367551.8787649,25.0,1949.42578125,0.0,0.0
1774367551.9960098,27.5,1949.42578125,0.0,0.0
1774367552.1130717,27.5,1949.44140625,0.0,0.0
1774367552.230148,25.0,1949.44140625,0.0,0.0
1774367552.3470137,27.5,1949.44140625,0.0,0.0
1774367552.464197,25.0,1949.44140625,0.0,0.0
1774367552.5812578,25.0,1949.44140625,0.0,0.0
1774367552.6982288,27.5,1949.44140625,0.0,0.0
1774367552.8153777,25.6,1949.44140625,0.0,0.0
1774367552.9489894,66.7,1949.44140625,0.0,0.0
1774367553.0803525,97.6,1949.44140625,0.0,0.0
1774367553.1983018,92.5,1949.44140625,0.0,0.0
1774367553.3277972,100.0,1949.44140625,0.0,0.0
1774367553.4452558,97.5,1949.44140625,0.0,0.0
1774367553.5885231,37.8,1949.44140625,0.0,0.0
1774367553.7207456,100.0,1949.44140625,0.0,0.0
1774367553.8386307,97.6,1949.44140625,0.0,0.0
1774367553.9685724,100.0,1949.44140625,0.0,0.0
1774367554.098238,100.0,1949.44140625,0.0,0.0
1774367554.2156298,37.5,1949.44140625,0.0,0.0
1774367554.3329422,28.2,1949.44140625,0.0,0.0
1774367554.4698262,57.5,1949.44140625,0.0,0.0
1774367554.6013026,95.0,1949.44140625,0.0,0.0
1774367554.732569,82.1,1949.44140625,0.0,0.0
1774367554.862173,100.0,1949.44140625,0.0,0.0
1774367554.9878008,100.0,1949.44140625,0.0,0.0
1774367555.116921,100.0,1949.44140625,0.0,0.0
1774367555.2347465,65.9,1952.234375,0.0,0.0
1774367555.352091,26.8,1957.078125,0.0,0.0
1774367555.469875,27.5,1961.1640625,0.0,0.0
1774367555.5873752,29.3,1966.37890625,0.0,0.0
1774367555.7045205,29.3,1970.87890625,0.0,0.0
1774367555.8223035,26.8,1974.85546875,0.0,0.0
1774367555.9402225,30.0,1980.61328125,0.0,0.0
1774367556.0573955,27.5,1984.6640625,0.0,0.0
1774367556.1752663,25.0,1988.640625,0.0,0.0
1774367556.2930357,27.5,1993.6015625,0.0,0.0
1774367556.41089,27.5,1998.25390625,0.0,0.0
1774367556.5280137,31.0,2002.8203125,0.0,0.0
1774367556.6458395,26.8,2006.87109375,0.0,0.0
1774367556.763365,27.5,2011.8359375,0.0,0.0
1774367556.881384,25.6,2016.35546875,0.0,0.0
1774367556.9991586,26.8,2020.67578125,0.0,0.0
1774367557.1165192,29.3,2025.7734375,0.0,0.0
1774367557.2341754,27.5,2030.078125,0.0,0.0
1774367557.35225,25.0,2034.25,0.0,0.0
1774367557.4699707,26.8,2038.734375,0.0,0.0
1774367557.5879798,27.5,2043.61328125,0.0,0.0
1774367557.7419086,37.2,2048.2109375,0.0,0.0
1774367557.864828,56.1,1989.24609375,0.0,0.0
1774367558.0782745,35.7,2047.78125,0.0,0.0
1774367558.1962168,73.2,1949.03125,0.0,0.0
1774367558.3266096,87.8,1949.03125,0.0,0.0
1774367558.448215,100.0,1949.5234375,0.0,0.0
1774367558.5780401,100.0,1949.5234375,0.0,0.0
1774367558.695423,32.5,1949.76953125,0.0,0.0
1774367558.8130867,27.5,1950.015625,0.0,0.0
1774367558.9521048,70.0,1950.015625,0.0,0.0
1774367559.087939,100.0,1950.015625,0.0,0.0
1774367559.2147267,92.7,1949.98828125,0.0,0.0
1774367559.3454416,100.0,1949.98828125,0.0,0.0
1774367559.4630396,65.0,1949.98828125,0.0,0.0
1774367559.6245742,65.0,1949.98828125,0.0,0.0
1774367559.7519298,92.5,1949.98828125,0.0,0.0
1774367559.8817415,100.0,1949.98828125,0.0,0.0
1774367560.0140743,95.0,1949.98828125,0.0,0.0
1774367560.131245,100.0,1949.9921875,0.0,0.0
1774367560.2481236,26.8,1949.9921875,0.0,0.0
1774367560.364767,27.5,1949.9921875,0.0,0.0
1774367560.4817955,27.5,1949.9921875,0.0,0.0
1774367560.598738,27.5,1949.9921875,0.0,0.0
1774367560.715506,29.3,1949.9921875,0.0,0.0
1774367560.832637,27.5,1949.9921875,0.0,0.0
1774367560.95186,25.0,1949.9921875,0.0,0.0
1774367561.0686817,25.0,1949.9921875,0.0,0.0
1774367561.1867952,25.6,1949.9921875,0.0,0.0
1774367561.3037353,28.6,1949.9921875,0.0,0.0
1774367561.4207158,25.0,1949.9921875,0.0,0.0
1774367561.537481,27.5,1949.9921875,0.0,0.0
1774367561.6545234,27.5,1949.9921875,0.0,0.0
1774367561.7715182,27.5,1949.9921875,0.0,0.0
1774367561.8883057,27.5,1949.9921875,0.0,0.0
1774367562.0063517,27.5,1949.9921875,0.0,0.0
1774367562.1234047,25.0,1949.9921875,0.0,0.0
1774367562.2403064,25.6,1949.9921875,0.0,0.0
1774367562.357012,27.5,1949.9921875,0.0,0.0
1774367562.474103,25.6,1949.9921875,0.0,0.0
1774367562.6339934,82.5,1949.9921875,0.0,0.0
1774367562.783019,90.0,1949.9921875,0.0,0.0
1774367562.91351,100.0,1949.9921875,0.0,0.0
1774367563.0458765,100.0,1949.9921875,0.0,0.0
1774367563.1634865,33.3,1950.015625,0.0,0.0
1774367563.3204272,90.0,1950.015625,0.0,0.0
1774367563.4399326,58.5,1950.015625,0.0,0.0
1774367563.5698786,23.7,1536.21875,0.0,0.0
1774367563.705466,97.5,1499.1796875,0.0,0.0
1774367563.8369634,100.0,1499.1796875,0.0,0.0
1774367563.9846308,75.0,1499.1796875,0.0,0.0
1774367564.1163769,100.0,1499.1796875,0.0,0.0
1774367564.2486572,100.0,1499.1796875,0.0,0.0
1774367564.3901765,82.1,1499.1796875,0.0,0.0
1774367564.522027,100.0,1499.1796875,0.0,0.0
1774367564.653917,100.0,1499.1796875,0.0,0.0
1774367564.786836,81.0,1499.1796875,0.0,0.0
1774367564.9163604,100.0,1499.1796875,0.0,0.0
1774367565.048127,100.0,1499.1796875,0.0,0.0
1774367565.180948,75.0,1499.1796875,0.0,0.0
1774367565.3112173,100.0,1499.1796875,0.0,0.0
1774367565.4437244,100.0,1499.1796875,0.0,0.0
1774367565.5777562,77.5,1499.1796875,0.0,0.0
1774367565.7083373,97.4,1499.1796875,0.0,0.0
1774367565.8395813,100.0,1499.1796875,0.0,0.0
1774367565.9731817,70.7,1499.1796875,0.0,0.0
1774367566.1052976,92.7,1499.18359375,0.0,0.0
1774367566.2484796,100.0,1499.18359375,0.0,0.0
1774367566.3665068,76.9,1499.18359375,0.0,0.0
1774367566.5001845,88.1,1499.4296875,0.0,0.0
1774367566.6316175,100.0,1499.4296875,0.0,0.0
1774367566.751001,92.7,1499.4296875,0.0,0.0
1774367566.8844066,95.2,1499.4296875,0.0,0.0
1774367567.0014362,100.0,1499.4296875,0.0,0.0
1774367567.13326,100.0,1499.4296875,0.0,0.0
1774367567.2768545,78.0,1499.4296875,0.0,0.0
1774367567.3943233,42.5,1499.4296875,0.0,0.0
1774367567.5120678,18.9,1499.5546875,3.1640625,6.07421875
1774367567.6297638,13.2,1499.7109375,9.0859375,0.0
1774367567.7478154,15.4,1499.484375,9.51171875,0.0
1774367567.8653972,12.5,1498.8046875,8.7109375,0.0
1774367567.983001,12.8,1499.0703125,9.88671875,0.0
1774367568.1010492,15.0,1498.98828125,8.8984375,0.0
1774367568.2187576,12.8,1498.890625,9.69921875,0.0
1774367568.3361895,17.5,1498.9296875,8.8984375,0.0
1774367568.4542127,15.4,1499.07421875,9.69921875,0.0
1774367568.5718238,16.7,1499.12109375,8.7734375,0.0
1774367568.6895452,15.0,1499.1328125,9.82421875,0.0
1774367568.807062,17.9,1499.1875,8.8984375,0.0
1774367568.9250395,12.8,1498.9453125,9.69921875,0.0
1774367569.0427136,12.8,1499.171875,8.8984375,0.0
1774367569.1604013,17.1,1499.12109375,9.69921875,0.0
1774367569.2783267,15.4,1499.078125,8.8984375,0.0
1774367569.396062,15.4,1499.1796875,9.6640625,0.0
1774367569.513824,20.0,1498.8203125,9.05859375,0.0
1774367569.631685,15.0,1499.22265625,9.1796875,0.0
1774367569.7496104,16.7,1499.12109375,9.54296875,0.0
1774367569.8672104,15.4,1499.15625,8.7109375,0.0
1774367569.9851294,13.2,1499.296875,9.88671875,0.0
1774367570.1030962,14.6,1498.890625,8.8984375,0.0
1774367570.2208612,12.8,1498.90234375,9.69921875,0.0
1774367570.3384275,15.4,1498.63671875,8.6484375,0.0
1774367570.4564104,17.5,1499.1484375,9.69921875,0.0
1774367570.573783,15.4,1498.9296875,8.7734375,0.0
1774367570.691478,15.0,1498.95703125,9.82421875,0.0
1774367570.8088887,19.0,1499.96484375,8.7734375,0.0
1774367570.9269187,12.5,1499.875,9.69921875,0.0
1774367571.0446315,17.5,1500.38671875,9.0234375,0.0
1774367571.1619928,17.1,1501.0234375,6.82421875,0.0
1774367571.280031,12.5,1501.01171875,5.94921875,0.0
1774367571.397709,16.7,1500.98828125,9.6640625,0.0
1774367571.5168014,28.6,1582.3515625,0.0,0.0
1774367571.6364343,27.5,1678.59765625,0.0,0.0
1774367571.7557492,25.0,1776.84375,0.0,0.0
1774367571.8729818,15.8,1804.875,7.18359375,0.0
1774367571.9909995,19.5,1804.890625,9.57421875,0.0
1774367572.109898,24.4,1835.23828125,1.46484375,0.0
1774367572.2299082,26.8,1867.109375,0.0,0.0
1774367572.349897,29.3,1904.6171875,0.0,0.0
1774367572.4701092,25.6,1939.53515625,0.0,0.0
1774367572.590905,25.0,1963.71875,0.0,0.0
1774367572.711657,28.2,1987.7421875,0.0,0.0
1774367572.8318932,27.5,2013.421875,0.0,0.0
1774367572.9521317,25.6,2047.2265625,0.0,0.0
1774367573.0722213,30.0,2082.03515625,0.0,0.0
1774367573.1932752,27.5,1874.7890625,0.0,0.0
1774367573.3172157,25.0,1539.0703125,0.0,0.0
1774367573.441226,25.6,1639.796875,0.0,0.0
1774367573.5657575,30.0,1742.04296875,0.0,0.0
1774367573.6900203,30.0,1842.04296875,0.0,0.0
1774367573.8122656,27.5,1900.1015625,0.0,0.0
1774367573.9504364,30.0,1948.12109375,0.0,0.0
1774367574.0697057,30.0,1948.61328125,0.0,0.0
1774367574.1886222,25.6,1948.8046875,0.0,0.0
1774367574.3070948,26.8,1949.05078125,0.0,0.0
1774367574.4255757,31.7,1949.05078125,0.0,0.0
1774367574.5445065,27.5,1949.05078125,0.0,0.0
1774367574.6630275,26.8,1949.05078125,0.0,0.0
1774367574.781403,31.0,1949.05078125,0.0,0.0
1774367574.900176,27.5,1817.10546875,0.0,0.0
1774367575.0193653,25.0,1817.10546875,0.0,0.0
1774367575.1377313,25.0,1817.015625,0.0,0.0
1774367575.2562144,28.2,1817.015625,0.0,0.0
1774367575.3785982,27.5,1817.015625,0.0,0.0
1774367575.4968815,27.5,1817.015625,0.0,0.0
1774367575.6187534,30.0,1817.015625,0.0,0.0
1774367575.7375326,29.3,1817.015625,0.0,0.0
1774367575.8583534,26.8,1817.015625,0.0,0.0
1774367575.9762573,29.3,1817.015625,0.0,0.0
1774367576.0959194,27.5,1817.015625,0.0,0.0
1774367576.218399,25.0,1817.015625,0.0,0.0
1774367576.3371246,28.6,1838.24609375,0.0,0.0
1774367576.4587286,29.3,1854.24609375,0.0,0.0
1774367576.578486,29.3,1870.73046875,0.0,0.0
1774367576.7091324,73.2,1877.8359375,0.0,0.0
1774367576.8386557,100.0,1878.328125,0.0,0.0
1774367576.9563947,90.2,1878.328125,0.0,0.0
1774367577.0877857,42.5,1878.43359375,0.0,0.0
1774367577.2186537,100.0,1878.43359375,0.0,0.0
1774367577.3487651,97.6,1878.6796875,0.0,0.0
1774367577.4798841,100.0,1878.6796875,0.0,0.0
1774367577.608878,100.0,1878.92578125,0.0,0.0
1774367577.7261481,27.5,1879.171875,0.0,0.0
1774367577.8436496,25.0,1879.171875,0.0,0.0
1774367577.960616,25.0,1879.171875,0.0,0.0
1774367578.0774024,29.3,1879.171875,0.0,0.0
1774367578.194475,27.5,1879.171875,0.0,0.0
1774367578.311529,26.8,1879.171875,0.0,0.0
1774367578.4283004,27.5,1879.171875,0.0,0.0
1774367578.545495,25.0,1879.171875,0.0,0.0
1774367578.6626246,25.0,1879.171875,0.0,0.0
1774367578.7794933,27.5,1879.171875,0.0,0.0
1774367578.8965514,29.3,1879.171875,0.0,0.0
1774367579.0135903,26.8,1879.171875,0.0,0.0
1774367579.1306584,25.0,1879.171875,0.0,0.0
1774367579.2473016,25.6,1879.171875,0.0,0.0
1774367579.3644295,25.6,1879.171875,0.0,0.0
1774367579.4814234,25.0,1879.171875,0.0,0.0
1774367579.5981898,27.5,1879.171875,0.0,0.0
1774367579.7152815,27.5,1879.171875,0.0,0.0
1774367579.862558,92.5,1879.171875,0.0,0.0
1774367579.9846284,100.0,1879.171875,0.0,0.0
1774367580.1015816,95.1,1879.171875,0.0,0.0
1774367580.231307,100.0,1879.171875,0.0,0.0
1774367580.348852,80.5,1879.171875,0.0,0.0
1774367580.4802268,46.3,1879.171875,0.0,0.0
1774367580.607189,100.0,1879.171875,0.0,0.0
1774367580.7298791,97.6,1879.171875,0.0,0.0
1774367580.8610644,100.0,1879.171875,0.0,0.0
1774367580.9892452,100.0,1879.171875,0.0,0.0
1774367581.1066308,30.0,1879.42578125,0.0,0.0
1774367581.2242393,29.3,1879.42578125,0.0,0.0
1774367581.3583584,82.5,1879.42578125,0.0,0.0
1774367581.4862843,100.0,1879.42578125,0.0,0.0
1774367581.6169071,79.5,1879.42578125,0.0,0.0
1774367581.7465525,100.0,1879.42578125,0.0,0.0
1774367581.8763158,100.0,1879.42578125,0.0,0.0
1774367581.9940217,100.0,1879.42578125,0.0,0.0
1774367582.111639,40.0,1879.42578125,0.0,0.0
1774367582.229176,27.5,1879.42578125,0.0,0.0
1774367582.3466876,25.6,1879.42578125,0.0,0.0
1774367582.4644885,25.0,1879.42578125,0.0,0.0
1774367582.5819113,25.6,1879.42578125,0.0,0.0
1774367582.7144976,48.7,1879.42578125,0.0,0.0
1774367582.912551,78.6,1879.42578125,0.0,0.0
1774367583.035546,61.0,1879.42578125,0.0,0.0
1774367583.1607587,100.0,1879.44140625,0.0,0.0
1774367583.2901316,100.0,1879.44140625,0.0,0.0
1774367583.4066854,100.0,1879.44140625,0.0,0.0
1774367583.523462,30.0,1879.44140625,0.0,0.0
1774367583.6408417,27.5,1879.44140625,0.0,0.0
1774367583.7686362,48.7,1879.44140625,0.0,0.0
1774367583.916835,97.5,1879.44140625,0.0,0.0
1774367584.0457788,95.1,1879.44140625,0.0,0.0
1774367584.17239,100.0,1879.44140625,0.0,0.0
1774367584.2899249,92.7,1879.44140625,0.0,0.0
1774367584.4229445,35.9,1879.44140625,0.0,0.0
1774367584.5540063,100.0,1879.44140625,0.0,0.0
1774367584.6844096,97.4,1879.44140625,0.0,0.0
1774367584.8145416,100.0,1879.44140625,0.0,0.0
1774367584.9406927,100.0,1879.44140625,0.0,0.0
1774367585.0597038,32.5,1879.44140625,0.0,0.0
1774367585.1766777,25.0,1879.44140625,0.0,0.0
1774367585.293455,28.2,1879.44140625,0.0,0.0
1774367585.410482,27.5,1879.44140625,0.0,0.0
1774367585.5279872,26.8,1877.1328125,0.0,0.0
1774367585.6447248,27.5,1877.8046875,0.0,0.0
1774367585.7617533,27.5,1878.54296875,0.0,0.0
1774367585.880885,25.0,1878.54296875,0.0,0.0
1774367585.997738,25.0,1878.54296875,0.0,0.0
1774367586.115892,29.3,1878.515625,0.0,0.0
1774367586.2328322,28.2,1878.515625,0.0,0.0
1774367586.3497405,25.0,1878.515625,0.0,0.0
1774367586.466465,29.3,1878.76171875,0.0,0.0
1774367586.5836368,25.6,1878.76171875,0.0,0.0
1774367586.7006109,25.0,1878.76171875,0.0,0.0
1774367586.817353,27.5,1878.76171875,0.0,0.0
1774367586.9353664,25.6,1878.76171875,0.0,0.0
1774367587.0542223,25.0,1878.76171875,0.0,0.0
1774367587.1712034,25.0,1878.76171875,0.0,0.0
1774367587.3240733,44.0,1878.76171875,0.0,0.0
1774367587.4817,92.5,1878.76171875,0.0,0.0
1774367587.612236,87.5,1878.76171875,0.0,0.0
1774367587.7416449,100.0,1878.76171875,0.0,0.0
1774367587.861728,100.0,1878.76171875,0.0,0.0
1774367587.9974475,27.5,1878.76171875,0.0,0.0
1774367588.1349885,100.0,1878.76171875,0.0,0.0
1774367588.2543502,52.5,1878.76171875,0.0,0.0
1774367588.408902,27.5,1429.5546875,0.0,0.0
1774367588.5396595,100.0,1429.3125,0.0,0.0
1774367588.6645079,100.0,1429.3125,0.0,0.0
1774367588.812877,85.0,1429.55859375,0.0,0.0
1774367588.9438982,100.0,1429.55859375,0.0,0.0
1774367589.0631118,95.1,1429.55859375,0.0,0.0
1774367589.1993916,87.8,1429.51953125,0.0,0.0
1774367589.3306835,100.0,1429.51953125,0.0,0.0
1774367589.462708,100.0,1429.51953125,0.0,0.0
1774367589.593672,82.9,1429.51953125,0.0,0.0
1774367589.723637,100.0,1429.51953125,0.0,0.0
1774367589.855365,100.0,1429.51953125,0.0,0.0
1774367589.988236,80.5,1429.51953125,0.0,0.0
1774367590.1184044,100.0,1429.51953125,0.0,0.0
1774367590.249182,100.0,1429.51953125,0.0,0.0
1774367590.383355,80.0,1429.51953125,0.0,0.0
1774367590.528398,100.0,1429.51953125,0.0,0.0
1774367590.6597962,100.0,1429.51953125,0.0,0.0
1774367590.8088913,77.5,1429.51953125,0.0,0.0
1774367590.9407406,100.0,1429.51953125,0.0,0.0
1774367591.0726397,100.0,1429.51953125,0.0,0.0
1774367591.2052746,79.5,1429.51953125,0.0,0.0
1774367591.3218544,100.0,1429.51953125,0.0,0.0
1774367591.454675,100.0,1429.51953125,0.0,0.0
1774367591.588508,71.4,1429.51953125,0.0,0.0
1774367591.7181756,97.5,1429.51953125,0.0,0.0
1774367591.8469133,100.0,1429.51953125,0.0,0.0
1774367591.9802861,77.5,1429.51953125,0.0,0.0
1774367592.0976677,87.5,1429.51953125,0.0,0.0
1774367592.2162414,27.5,1429.51953125,0.05078125,2.3515625
1774367592.3333874,17.1,1429.59375,7.3125,3.72265625
1774367592.4510875,17.1,1429.625,9.69921875,0.0
1774367592.5685682,19.5,1429.64453125,8.8984375,0.0
1774367592.6867108,14.6,1429.5859375,9.82421875,0.0
1774367592.804392,15.0,1429.48828125,8.8984375,0.0
1774367592.9219346,17.5,1429.64453125,9.69921875,0.0
1774367593.0398695,19.0,1429.6640625,8.8984375,0.0
1774367593.1575804,15.0,1429.5703125,9.6640625,0.0
1774367593.2753155,15.4,1429.5390625,8.93359375,0.0
1774367593.393125,15.4,1430.21875,9.2890625,0.0
1774367593.5110464,14.6,1430.1640625,9.43359375,0.0
1774367593.628669,17.1,1430.40625,8.8359375,0.0
1774367593.7465267,15.0,1430.33984375,9.76171875,0.0
1774367593.8644466,16.7,1430.21875,8.8984375,0.0
1774367593.982095,10.3,1430.15234375,9.82421875,0.0
1774367594.0995631,12.8,1429.984375,8.6484375,0.0
1774367594.217536,17.1,1429.98046875,9.69921875,0.0
1774367594.334822,13.2,1430.14453125,8.8984375,0.0
1774367594.4525146,15.4,1430.0390625,9.69921875,0.0
1774367594.5700185,15.4,1430.08203125,8.8984375,0.0
1774367594.687762,12.5,1430.09765625,9.69921875,0.0
1774367594.8050582,17.1,1430.70703125,8.5234375,0.0
1774367594.922993,12.8,1431.5703125,9.69921875,0.0
1774367595.0411716,16.7,1431.7578125,8.8984375,0.0
1774367595.1587875,17.1,1431.5625,9.82421875,0.0
1774367595.276217,19.5,1431.515625,8.8984375,0.0
1774367595.3941152,19.5,1432.3359375,9.69921875,0.0
1774367595.5119467,12.8,1432.44921875,8.8984375,0.0
1774367595.6295667,19.0,1432.5703125,9.4140625,0.0
1774367595.7476134,22.0,1432.9453125,9.05859375,0.0
1774367595.8651993,12.5,1432.8984375,9.2109375,0.0
1774367595.982786,19.5,1432.76953125,9.51171875,0.0
1774367596.1013227,19.0,1432.7109375,8.6640625,0.0
1774367596.2213175,25.0,1524.09375,0.0,0.0
1774367596.3404963,27.5,1620.5859375,0.0,0.0
1774367596.4601684,30.0,1712.83203125,0.0,0.0
1774367596.577582,19.5,1737.109375,7.30859375,0.0
1774367596.6951585,12.5,1737.24609375,9.69921875,0.0
1774367596.8129537,25.6,1767.44921875,1.21484375,0.0
1774367596.9337406,27.5,1803.5,0.0,0.0
1774367597.0543058,27.5,1839.5,0.0,0.0
1774367597.174908,31.0,1874.7734375,0.0,0.0
1774367597.2951152,29.3,1907.01953125,0.0,0.0
1774367597.4163117,23.1,1939.15234375,0.0,0.0
1774367597.5364864,23.7,1972.515625,0.0,0.0
1774367597.6563444,30.0,2008.44140625,0.0,0.0
1774367597.775798,27.5,2034.98828125,0.0,0.0
1774367597.898334,25.0,1459.046875,0.0,0.0
1774367598.0217261,30.0,1559.76953125,0.0,0.0
1774367598.1462483,31.7,1662.140625,0.0,0.0
1774367598.2708998,25.0,1762.140625,0.0,0.0
1774367598.392248,29.3,1835.203125,0.0,0.0
1774367598.5250294,31.7,1877.7890625,0.0,0.0
1774367598.644154,25.6,1878.28125,0.0,0.0
1774367598.7626069,25.6,1878.28125,0.0,0.0
1774367598.8809643,30.0,1878.28125,0.0,0.0
1774367598.9995153,27.5,1878.28125,0.0,0.0
1774367599.1183538,25.0,1878.28125,0.0,0.0
1774367599.236868,25.6,1878.28125,0.0,0.0
1774367599.3557808,27.5,1878.52734375,0.0,0.0
1774367599.4747999,25.6,1878.52734375,0.0,0.0
1774367599.5936794,27.5,1878.52734375,0.0,0.0
1774367599.7122896,28.2,1878.52734375,0.0,0.0
1774367599.8313315,27.5,1878.52734375,0.0,0.0
1774367599.950095,27.5,1878.52734375,0.0,0.0
1774367600.0683932,26.3,1878.52734375,0.0,0.0
1774367600.1867788,29.3,1878.52734375,0.0,0.0
1774367600.3088572,34.1,1842.04296875,0.0,0.0
1774367600.4255757,62.5,1842.2890625,0.0,0.0
1774367600.542578,29.3,1842.2890625,0.0,0.0
1774367600.6701217,80.5,1842.2890625,0.0,0.0
1774367600.7993906,100.0,1842.2890625,0.0,0.0
1774367600.9167645,92.5,1842.2890625,0.0,0.0
1774367601.0468085,92.3,1842.2890625,0.0,0.0
1774367601.1688993,100.0,1842.28125,0.0,0.0
1774367601.2859397,100.0,1842.28515625,0.0,0.0
1774367601.4029362,29.3,1842.28515625,0.0,0.0
1774367601.5196514,31.0,1842.28515625,0.0,0.0
1774367601.6366293,27.5,1842.28515625,0.0,0.0
1774367601.753595,26.8,1842.28515625,0.0,0.0
1774367601.8705497,28.2,1842.53125,0.0,0.0
1774367601.9876778,29.3,1842.5234375,0.0,0.0
1774367602.1067107,25.0,1842.51953125,0.0,0.0
1774367602.2236972,26.8,1842.51953125,0.0,0.0
1774367602.3756638,75.6,1842.51953125,0.0,0.0
1774367602.5021834,100.0,1842.51953125,0.0,0.0
1774367602.619307,97.5,1842.51953125,0.0,0.0
1774367602.7496183,90.2,1842.51953125,0.0,0.0
1774367602.8793387,100.0,1842.51953125,0.0,0.0
1774367603.009128,92.7,1842.51953125,0.0,0.0
1774367603.139565,100.0,1842.51953125,0.0,0.0
1774367603.2565928,64.1,1842.51953125,0.0,0.0
1774367603.3734677,27.5,1842.51953125,0.0,0.0
1774367603.4900568,28.2,1842.51953125,0.0,0.0
1774367603.6070826,27.5,1842.51953125,0.0,0.0
1774367603.724046,26.8,1842.51953125,0.0,0.0
1774367603.8540127,29.3,1842.51953125,0.0,0.0
1774367603.984119,100.0,1842.51953125,0.0,0.0
1774367604.101534,100.0,1842.51953125,0.0,0.0
1774367604.2220755,97.5,1842.51953125,0.0,0.0
1774367604.342055,29.3,1752.03515625,0.0,0.0
1774367604.4689467,85.0,1391.9296875,0.0,0.0
1774367604.5863562,100.0,1391.9296875,0.0,0.0
1774367604.7180607,80.0,1391.9296875,0.0,0.0
1774367604.8466816,92.9,1391.9296875,0.0,0.0
1774367604.979369,100.0,1391.9296875,0.0,0.0
1774367605.107095,75.6,1391.828125,0.0,0.0
1774367605.2401743,90.2,1391.828125,0.0,0.0
1774367605.3711224,100.0,1391.828125,0.0,0.0
1774367605.4907658,87.8,1391.828125,0.0,0.0
1774367605.6214697,92.7,1391.828125,0.0,0.0
1774367605.7514627,100.0,1391.828125,0.0,0.0
1774367605.8834202,100.0,1391.828125,0.0,0.0
1774367606.0151217,82.9,1395.125,0.0,0.0
1774367606.1467233,100.0,1395.40234375,0.0,0.0
1774367606.2787395,100.0,1395.40234375,0.0,0.0
1774367606.411622,78.6,1393.40625,0.0,0.0
1774367606.5334265,100.0,1393.40625,0.0,0.0
1774367606.6796505,100.0,1393.6484375,0.0,0.0
1774367606.817047,80.0,1393.6484375,0.0,0.0
1774367606.946375,100.0,1393.6484375,0.0,0.0
1774367607.0644486,100.0,1393.6484375,0.0,0.0
1774367607.1968026,79.5,1393.6484375,0.0,0.0
1774367607.3294108,90.2,1393.6484375,0.0,0.0
1774367607.459705,100.0,1393.6484375,0.0,0.0
1774367607.5850773,79.5,1393.6484375,0.0,0.0
1774367607.7168972,95.1,1393.6484375,0.0,0.0
1774367607.8490038,100.0,1393.6484375,0.0,0.0
1774367607.9689114,87.5,1393.6484375,0.0,0.0
1774367608.0911155,90.2,1393.6484375,0.0,0.0
1774367608.209975,40.0,1393.640625,0.0,0.0
1774367608.3277974,20.0,1392.81640625,5.41015625,6.07421875
1774367608.4461982,15.4,1392.8359375,8.8984375,0.0
1774367608.5638957,12.8,1392.375,9.57421875,0.0
1774367608.681333,20.0,1392.39453125,8.7734375,0.0
1774367608.7990415,15.0,1392.3046875,9.82421875,0.0
1774367608.9167304,17.1,1392.44921875,8.8984375,0.0
1774367609.0342016,15.4,1392.23828125,9.4140625,0.0
1774367609.1520584,17.5,1392.0703125,9.18359375,0.0
1774367609.2697508,14.6,1391.7890625,9.0546875,0.0
1774367609.387268,19.0,1392.6328125,9.41796875,0.0
1774367609.5050094,17.5,1393.1953125,8.8359375,0.0
1774367609.6228724,12.8,1393.01171875,9.76171875,0.0
1774367609.740353,16.7,1393.0078125,8.7734375,0.0
1774367609.8578188,15.0,1393.3125,9.69921875,0.0
1774367609.975237,15.0,1394.08203125,8.7734375,0.0
1774367610.0928733,12.8,1394.2578125,9.69921875,0.0
1774367610.210092,17.9,1394.27734375,8.7734375,0.0
1774367610.3280287,13.2,1394.66796875,9.69921875,0.0
1774367610.4450903,12.5,1394.7109375,8.8984375,0.0
1774367610.5626545,15.0,1394.73828125,9.69921875,0.0
1774367610.6800778,21.4,1395.140625,8.8984375,0.0
1774367610.7984617,12.5,1395.02734375,9.82421875,0.0
1774367610.9161499,14.6,1395.21484375,8.8984375,0.0
1774367611.0336902,17.1,1395.453125,9.69921875,0.0
1774367611.1514862,19.5,1395.7578125,8.8984375,0.0
1774367611.2690566,10.5,1395.4921875,9.6640625,0.0
1774367611.3865895,19.5,1395.58203125,8.93359375,0.0
1774367611.5044575,12.8,1395.546875,9.2890625,0.0
1774367611.6220813,10.5,1395.73046875,9.30859375,0.0
1774367611.7398064,10.8,1395.72265625,8.9609375,0.0
1774367611.8576736,17.5,1396.08984375,9.63671875,0.0
1774367611.975564,15.0,1396.39453125,8.8984375,0.0
1774367612.0932448,10.3,1396.33203125,9.69921875,0.0
1774367612.2118082,25.6,1455.78125,2.08984375,0.0
1774367612.3313792,27.5,1551.78125,0.0,0.0
1774367612.4505606,25.6,1652.02734375,0.0,0.0
1774367612.5681815,24.4,1700.0546875,5.859375,0.0
1774367612.685958,17.5,1700.015625,8.7734375,0.0
1774367612.8055186,22.0,1718.42578125,3.58984375,0.0
1774367612.926156,51.3,1752.98828125,0.0,0.0
1774367613.0485523,55.0,1795.60546875,0.0,0.0
1774367613.1732132,50.0,1832.26171875,0.0,0.0
1774367613.2935984,25.6,1871.54296875,0.0,0.0
1774367613.4144044,28.2,1903.03125,0.0,0.0
1774367613.5338795,29.3,1931.1015625,0.0,0.0
1774367613.653869,26.8,1961.70703125,0.0,0.0
1774367613.7738128,26.3,1994.78125,0.0,0.0
1774367613.8935935,27.5,1408.23046875,0.0,0.0
1774367614.0230553,26.8,1489.74609375,0.0,0.0
1774367614.148819,27.5,1596.48828125,0.0,0.0
1774367614.2729807,29.3,1698.7265625,0.0,0.0
1774367614.3947158,27.5,1767.3125,0.0,0.0
1774367614.5153594,27.5,1794.39453125,0.0,0.0
1774367614.6541412,31.7,1836.80859375,0.0,0.0
1774367614.7730522,30.0,1840.9921875,0.0,0.0
1774367614.8916993,27.5,1840.9921875,0.0,0.0
1774367615.0099726,25.0,1841.23828125,0.0,0.0
1774367615.1287029,27.5,1841.15625,0.0,0.0
1774367615.247297,29.3,1841.15625,0.0,0.0
1774367615.3656266,25.6,1841.15625,0.0,0.0
1774367615.48388,30.0,1841.15625,0.0,0.0
1774367615.6019442,25.6,1841.40234375,0.0,0.0
1774367615.7205396,25.0,1841.40234375,0.0,0.0
1774367615.8387523,27.5,1841.40234375,0.0,0.0
1774367615.956979,31.0,1841.41015625,0.0,0.0
1774367616.0755506,25.0,1841.41015625,0.0,0.0
1774367616.1939833,25.0,1841.41015625,0.0,0.0
1774367616.311938,29.3,1841.41015625,0.0,0.0
1774367616.4306002,29.3,1841.41015625,0.0,0.0
1774367616.5481606,27.5,1840.1796875,0.0,0.0
1774367616.6784952,92.5,1840.671875,0.0,0.0
1774367616.8127441,100.0,1840.671875,0.0,0.0
1774367616.9300656,65.9,1840.671875,0.0,0.0
1774367617.1036966,64.1,1841.07421875,0.0,0.0
1774367617.234122,95.0,1841.07421875,0.0,0.0
1774367617.3511865,100.0,1841.3203125,0.0,0.0
1774367617.4815562,100.0,1841.3203125,0.0,0.0
1774367617.5988579,75.0,1841.3203125,0.0,0.0
1774367617.7162733,26.8,1841.3203125,0.0,0.0
1774367617.8334186,25.6,1841.3203125,0.0,0.0
1774367617.9509506,25.6,1841.3203125,0.0,0.0
1774367618.1350067,92.7,1841.56640625,0.0,0.0
1774367618.2655962,87.8,1841.56640625,0.0,0.0
1774367618.3918717,100.0,1841.56640625,0.0,0.0
1774367618.5218942,100.0,1841.56640625,0.0,0.0
1774367618.6677833,29.3,1841.8125,0.0,0.0
1774367618.7988977,100.0,1841.8125,0.0,0.0
1774367618.9281693,100.0,1841.8125,0.0,0.0
1774367619.0583076,100.0,1841.8125,0.0,0.0
1774367619.1756382,97.6,1841.8125,0.0,0.0
1774367619.2928765,25.6,1841.8125,0.0,0.0
1774367619.4617443,97.5,1841.8125,0.0,0.0
1774367619.5923018,82.1,1841.8125,0.0,0.0
1774367619.7217917,100.0,1841.8125,0.0,0.0
1774367619.8512535,100.0,1841.8125,0.0,0.0
1774367619.9705608,100.0,1841.8125,0.0,0.0
1774367620.0873475,28.6,1841.8125,0.0,0.0
1774367620.2039034,31.0,1841.8125,0.0,0.0
1774367620.3207977,27.5,1841.8125,0.0,0.0
1774367620.437729,25.6,1841.8125,0.0,0.0
1774367620.5543375,26.8,1841.8125,0.0,0.0
1774367620.6712704,27.5,1841.8125,0.0,0.0
1774367620.788114,26.8,1841.8125,0.0,0.0
1774367620.9049942,25.0,1841.8125,0.0,0.0
1774367621.0214434,28.2,1841.8125,0.0,0.0
1774367621.1386297,27.5,1841.8125,0.0,0.0
1774367621.255489,26.8,1841.8125,0.0,0.0
1774367621.3719802,25.6,1841.8125,0.0,0.0
1774367621.4888659,27.5,1841.8125,0.0,0.0
1774367621.605881,25.0,1841.8125,0.0,0.0
1774367621.7225149,26.8,1841.8125,0.0,0.0
1774367621.839448,27.5,1841.8125,0.0,0.0
1774367621.956283,25.6,1841.8125,0.0,0.0
1774367622.0730722,26.8,1841.8125,0.0,0.0
1774367622.1895447,27.5,1841.8125,0.0,0.0
1774367622.3064375,28.6,1841.8125,0.0,0.0
1774367622.4232283,29.3,1842.05859375,0.0,0.0
1774367622.5398037,27.5,1842.05859375,0.0,0.0
1774367622.656696,27.5,1842.05859375,0.0,0.0
1774367622.784069,25.6,1842.05859375,0.0,0.0
1774367622.9783595,87.2,1842.05859375,0.0,0.0
1774367623.1036747,79.5,1842.05078125,0.0,0.0
1774367623.2339358,100.0,1842.05078125,0.0,0.0
1774367623.363774,100.0,1842.05078125,0.0,0.0
1774367623.4812746,72.5,1842.05078125,0.0,0.0
1774367623.619162,39.0,1842.05078125,0.0,0.0
1774367623.7511048,100.0,1842.05078125,0.0,0.0
1774367623.8711798,53.7,1842.05078125,0.0,0.0
1774367624.0090902,36.4,1392.234375,0.0,0.0
1774367624.1396408,100.0,1392.0,0.0,0.0
1774367624.2713854,100.0,1392.0,0.0,0.0
1774367624.4040265,84.2,1392.0,0.0,0.0
1774367624.5210283,100.0,1392.0,0.0,0.0
1774367624.6521907,100.0,1392.0,0.0,0.0
1774367624.7860563,77.5,1392.0,0.0,0.0
1774367624.9185326,100.0,1392.0,0.0,0.0
1774367625.0510583,100.0,1392.0,0.0,0.0
1774367625.1875758,74.4,1392.015625,0.0,0.0
1774367625.3140109,97.4,1392.26171875,0.0,0.0
1774367625.4458077,100.0,1392.26171875,0.0,0.0
1774367625.577204,76.9,1392.26171875,0.0,0.0
1774367625.710035,92.5,1392.26171875,0.0,0.0
1774367625.8397667,100.0,1392.26171875,0.0,0.0
1774367625.9737616,79.5,1392.5078125,0.0,0.0
1774367626.106397,100.0,1392.5078125,0.0,0.0
1774367626.225849,100.0,1392.5078125,0.0,0.0
1774367626.3558438,90.0,1392.5078125,0.0,0.0
1774367626.4883232,97.5,1392.75390625,0.0,0.0
1774367626.6200895,100.0,1392.75390625,0.0,0.0
1774367626.7398772,90.0,1392.51171875,0.0,0.0
1774367626.8724709,92.3,1392.51171875,0.0,0.0
1774367626.999198,100.0,1392.51171875,0.0,0.0
1774367627.131021,100.0,1392.53125,0.0,0.0
1774367627.2635992,80.0,1392.53125,0.0,0.0
1774367627.3933845,100.0,1392.53125,0.0,0.0
1774367627.5246413,100.0,1392.53125,0.0,0.0
1774367627.6584315,76.9,1392.53125,0.0,0.0
1774367627.7759054,73.2,1392.53125,0.0,0.0
1774367627.8939078,22.5,1391.6171875,0.1015625,6.07421875
1774367628.0115526,13.2,1391.4140625,9.63671875,0.0
1774367628.1288157,15.4,1391.5703125,8.5859375,0.0
1774367628.2466478,13.2,1391.40234375,9.63671875,0.0
1774367628.3641047,12.5,1391.42578125,8.5859375,0.0
1774367628.4816966,13.2,1391.234375,9.63671875,0.0
1774367628.5993147,15.0,1391.234375,8.8984375,0.0
1774367628.7170396,14.6,1391.3046875,9.44921875,0.0
1774367628.834456,17.1,1391.9140625,8.7734375,0.0
1774367628.9522536,15.0,1391.33984375,9.82421875,0.0
1774367629.0699265,13.2,1391.37109375,8.7734375,0.0
1774367629.1876414,12.8,1391.23828125,9.82421875,0.0
1774367629.3045285,13.2,1391.90234375,8.3984375,0.0
1774367629.4222355,19.0,1392.9140625,9.82421875,0.0
1774367629.5393581,14.6,1393.078125,8.7734375,0.0
1774367629.6569493,13.2,1393.21484375,9.69921875,0.0
1774367629.7740989,13.2,1393.51171875,8.6484375,0.0
1774367629.8919346,15.0,1393.76953125,9.69921875,0.0
1774367630.009044,17.5,1393.6953125,8.7734375,0.0
1774367630.126826,17.1,1394.19921875,9.82421875,0.0
1774367630.2447305,19.5,1394.13671875,8.8984375,0.0
1774367630.3623402,15.4,1394.98828125,9.69921875,0.0
1774367630.4799418,13.2,1395.6875,8.7734375,0.0
1774367630.597661,17.5,1395.6796875,9.82421875,0.0
1774367630.7152245,14.6,1395.64453125,8.8984375,0.0
1774367630.8327563,17.1,1395.73828125,9.4140625,0.0
1774367630.9505477,17.5,1395.671875,9.18359375,0.0
1774367631.0685222,15.0,1395.66796875,9.0859375,0.0
1774367631.1861708,17.1,1395.8046875,9.51171875,0.0
1774367631.303901,15.4,1395.82421875,8.7109375,0.0
1774367631.4215548,15.0,1395.7734375,9.63671875,0.0
1774367631.5390184,10.5,1396.10546875,8.8984375,0.0
1774367631.6565716,15.4,1396.4140625,9.57421875,0.0
1774367631.7753012,17.5,1396.3203125,8.2890625,0.0
1774367631.8948793,26.8,1491.55078125,0.0,0.0
1774367632.0141304,31.0,1587.796875,0.0,0.0
1774367632.1437309,27.5,1685.83203125,0.015625,0.0
1774367632.2629182,15.4,1700.38671875,9.54296875,0.0
1774367632.381843,15.4,1700.9609375,8.6640625,0.0
1774367632.5012057,28.2,1721.52734375,0.0,0.0
1774367632.620843,27.5,1758.31640625,0.0,0.0
1774367632.7406933,27.5,1793.0234375,0.0,0.0
1774367632.8606951,28.2,1827.78125,0.0,0.0
1774367632.9816768,29.3,1864.859375,0.0,0.0
1774367633.1005828,27.5,1904.2421875,0.0,0.0
1774367633.2211797,25.6,1924.90234375,0.0,0.0
1774367633.3411846,25.6,1955.69921875,0.0,0.0
1774367633.4613957,27.5,1992.6015625,0.0,0.0
1774367633.5796375,27.5,1441.86328125,0.0,0.0
1774367633.702482,33.3,1473.390625,0.0,0.0
1774367633.8262274,29.3,1575.6328125,0.0,0.0
1774367633.949954,27.5,1678.125,0.0,0.0
1774367634.072237,31.7,1761.43359375,0.0,0.0
1774367634.19778,27.5,1815.1953125,0.0,0.0
1774367634.3243802,25.0,1840.96875,0.0,0.0
1774367634.4430797,25.6,1841.21484375,0.0,0.0
1774367634.561332,30.0,1841.21484375,0.0,0.0
1774367634.6796734,27.5,1841.34375,0.0,0.0
1774367634.7978017,25.0,1841.34375,0.0,0.0
1774367634.9159853,27.5,1841.34375,0.0,0.0
1774367635.0342867,27.5,1841.34375,0.0,0.0
1774367635.1566665,26.8,1841.42578125,0.0,0.0
1774367635.2745643,27.5,1841.42578125,0.0,0.0
1774367635.3968623,29.3,1841.42578125,0.0,0.0
1774367635.516338,27.5,1841.42578125,0.0,0.0
1774367635.6343026,25.0,1841.42578125,0.0,0.0
1774367635.7561958,31.0,1841.671875,0.0,0.0
1774367635.8741994,25.6,1841.671875,0.0,0.0
1774367635.9964154,26.8,1841.671875,0.0,0.0
1774367636.1147366,25.6,1841.671875,0.0,0.0
1774367636.235783,31.0,1841.671875,0.0,0.0
1774367636.3537617,25.0,1841.671875,0.0,0.0
1774367636.4715014,25.6,1841.671875,0.0,0.0
1774367636.5929165,28.2,1841.671875,0.0,0.0
1774367636.712306,29.3,1842.1640625,0.0,0.0
1774367636.8333824,26.8,1842.12890625,0.0,0.0
1774367636.9509532,28.2,1816.80859375,0.0,0.0
1774367637.0815232,73.8,1693.734375,0.0,0.0
1774367637.2081277,100.0,1693.6640625,0.0,0.0
1774367637.3253553,92.3,1693.6640625,0.0,0.0
1774367637.4566514,41.5,1694.15625,0.0,0.0
1774367637.5875344,100.0,1694.15625,0.0,0.0
1774367637.7173622,97.5,1694.15625,0.0,0.0
1774367637.8484428,100.0,1694.15625,0.0,0.0
1774367637.9777482,100.0,1694.15625,0.0,0.0
1774367638.094789,28.6,1694.109375,0.0,0.0
1774367638.2136114,29.3,1694.109375,0.0,0.0
1774367638.3305182,26.8,1694.109375,0.0,0.0
1774367638.4476576,26.8,1694.109375,0.0,0.0
1774367638.5643163,27.5,1694.109375,0.0,0.0
1774367638.6812592,27.5,1694.109375,0.0,0.0
1774367638.798165,25.0,1694.109375,0.0,0.0
1774367638.9150145,29.3,1694.109375,0.0,0.0
1774367639.0321476,27.5,1694.109375,0.0,0.0
1774367639.1494799,25.0,1694.12890625,0.0,0.0
1774367639.2664418,25.0,1694.12890625,0.0,0.0
1774367639.3834136,27.5,1694.12890625,0.0,0.0
1774367639.5003545,26.8,1694.12890625,0.0,0.0
1774367639.6173406,26.8,1694.12890625,0.0,0.0
1774367639.7339602,27.5,1694.12890625,0.0,0.0
1774367639.9235845,95.1,1694.12890625,0.0,0.0
1774367640.0585697,87.2,1694.375,0.0,0.0
1774367640.188918,100.0,1694.375,0.0,0.0
1774367640.3118446,100.0,1694.375,0.0,0.0
1774367640.453433,27.5,1694.375,0.0,0.0
1774367640.5849116,100.0,1694.375,0.0,0.0
1774367640.7155845,97.6,1694.375,0.0,0.0
1774367640.8460257,100.0,1694.375,0.0,0.0
1774367640.969665,100.0,1694.375,0.0,0.0
1774367641.086692,25.0,1694.375,0.0,0.0
1774367641.2037327,30.0,1694.375,0.0,0.0
1774367641.323764,71.8,1694.375,0.0,0.0
1774367641.4546413,100.0,1694.375,0.0,0.0
1774367641.5846994,83.3,1694.375,0.0,0.0
1774367641.7014415,100.0,1694.375,0.0,0.0
1774367641.8304448,100.0,1694.375,0.0,0.0
1774367641.9470153,100.0,1696.375,0.0,0.0
1774367642.0642984,57.5,1698.375,0.0,0.0
1774367642.1809797,26.8,1702.37890625,0.0,0.0
1774367642.297345,27.5,1706.37890625,0.0,0.0
1774367642.4140034,27.5,1710.37890625,0.0,0.0
1774367642.5306246,26.8,1714.37890625,0.0,0.0
1774367642.6472063,27.5,1716.37890625,0.0,0.0
1774367642.7640493,29.3,1720.37890625,0.0,0.0
1774367642.8812792,29.3,1724.625,0.0,0.0
1774367642.9978757,25.6,1728.625,0.0,0.0
1774367643.1146271,27.5,1732.6171875,0.0,0.0
1774367643.2333481,29.3,1729.77734375,0.0,0.0
1774367643.3501978,25.0,1733.25390625,0.0,0.0
1774367643.4666395,25.6,1737.16015625,0.0,0.0
1774367643.5837333,27.5,1740.66796875,0.0,0.0
1774367643.7007258,25.0,1743.703125,0.0,0.0
1774367643.8177211,29.3,1747.66015625,0.0,0.0
1774367643.9345725,27.5,1751.51953125,0.0,0.0
1774367644.05243,28.6,1754.390625,0.0,0.0
1774367644.1693673,25.6,1757.94921875,0.0,0.0
1774367644.285799,30.0,1762.0234375,0.0,0.0
1774367644.40309,28.6,1765.68359375,0.0,0.0
1774367644.51985,28.6,1768.62890625,0.0,0.0
1774367644.636731,27.5,1772.78125,0.0,0.0
1774367644.7540355,27.5,1776.0703125,0.0,0.0
1774367644.8708293,25.0,1779.14453125,0.0,0.0
1774367644.987982,29.3,1783.46875,0.0,0.0
1774367645.1053507,27.5,1786.91015625,0.0,0.0
1774367645.2338915,40.0,1789.80078125,0.0,0.0
1774367645.3566678,70.0,1740.6640625,0.0,0.0
1774367645.5589848,46.3,1789.83203125,0.0,0.0
1774367645.6767287,68.3,1690.9609375,0.0,0.0
1774367645.806727,92.3,1691.453125,0.0,0.0
1774367645.9230218,100.0,1691.453125,0.0,0.0
1774367646.0401943,100.0,1691.453125,0.0,0.0
1774367646.1647308,35.9,1691.46875,0.0,0.0
1774367646.2815056,25.6,1691.9609375,0.0,0.0
1774367646.4128847,67.5,1691.9609375,0.0,0.0
1774367646.5432277,100.0,1691.9609375,0.0,0.0
1774367646.673133,92.7,1691.9609375,0.0,0.0
1774367646.8030572,100.0,1691.9609375,0.0,0.0
1774367646.920039,81.0,1691.9609375,0.0,0.0
1774367647.0511682,50.0,1691.9609375,0.0,0.0
1774367647.178422,100.0,1691.9296875,0.0,0.0
1774367647.308776,100.0,1691.9296875,0.0,0.0
1774367647.424833,100.0,1691.9296875,0.0,0.0
1774367647.5534823,100.0,1691.9296875,0.0,0.0
1774367647.6703625,29.3,1692.17578125,0.0,0.0
1774367647.7867699,26.8,1692.17578125,0.0,0.0
1774367647.9028947,29.3,1692.17578125,0.0,0.0
1774367648.0193,30.2,1692.17578125,0.0,0.0
1774367648.1358614,25.0,1692.1875,0.0,0.0
1774367648.25204,28.2,1692.1796875,0.0,0.0
1774367648.3685615,25.6,1692.1796875,0.0,0.0
1774367648.4852424,27.5,1692.1796875,0.0,0.0
1774367648.6015308,25.0,1692.1796875,0.0,0.0
1774367648.7181373,25.6,1692.1796875,0.0,0.0
1774367648.834534,25.6,1692.1796875,0.0,0.0
1774367648.9509025,26.8,1692.1796875,0.0,0.0
1774367649.0668957,31.0,1692.1796875,0.0,0.0
1774367649.1832166,27.5,1692.1796875,0.0,0.0
1774367649.2994635,26.8,1692.1796875,0.0,0.0
1774367649.4154756,29.3,1692.1796875,0.0,0.0
1774367649.5318701,25.6,1692.1796875,0.0,0.0
1774367649.6485054,25.0,1692.1796875,0.0,0.0
1774367649.7792234,52.5,1692.1796875,0.0,0.0
1774367649.9214826,97.4,1692.1796875,0.0,0.0
1774367650.050313,78.0,1692.1796875,0.0,0.0
1774367650.166203,100.0,1692.1796875,0.0,0.0
1774367650.2833323,100.0,1692.1796875,0.0,0.0
1774367650.400459,31.6,1692.1796875,0.0,0.0
1774367650.552513,95.1,1692.1796875,0.0,0.0
1774367650.6720777,55.0,1692.1796875,0.0,0.0
1774367650.7897139,27.5,1286.38671875,0.0,0.0
1774367650.9193783,92.7,1241.36328125,0.0,0.0
1774367651.05034,100.0,1241.36328125,0.0,0.0
1774367651.1790211,75.6,1241.2734375,0.0,0.0
1774367651.308589,100.0,1241.2734375,0.0,0.0
1774367651.4408066,100.0,1241.2734375,0.0,0.0
1774367651.5808053,76.9,1241.2734375,0.0,0.0
1774367651.7125094,95.0,1241.2734375,0.0,0.0
1774367651.843866,100.0,1241.2734375,0.0,0.0
1774367651.9784768,79.5,1241.2734375,0.0,0.0
1774367652.1101127,97.6,1241.2734375,0.0,0.0
1774367652.230189,100.0,1241.27734375,0.0,0.0
1774367652.3601458,78.6,1241.27734375,0.0,0.0
1774367652.4929554,90.0,1241.27734375,0.0,0.0
1774367652.6232846,100.0,1241.27734375,0.0,0.0
1774367652.7487943,80.0,1241.27734375,0.0,0.0
1774367652.8796506,89.7,1241.27734375,0.0,0.0
1774367653.0095663,100.0,1241.27734375,0.0,0.0
1774367653.1279798,97.6,1241.27734375,0.0,0.0
1774367653.2622175,82.5,1241.27734375,0.0,0.0
1774367653.3784013,100.0,1241.27734375,0.0,0.0
1774367653.5097337,100.0,1241.27734375,0.0,0.0
1774367653.6413627,78.0,1241.27734375,0.0,0.0
1774367653.771646,100.0,1241.27734375,0.0,0.0
1774367653.9025004,100.0,1241.27734375,0.0,0.0
1774367654.023127,75.6,1241.27734375,0.0,0.0
1774367654.1652093,100.0,1241.27734375,0.0,0.0
1774367654.296136,100.0,1241.27734375,0.0,0.0
1774367654.4300547,80.0,1241.27734375,0.0,0.0
1774367654.547286,67.5,1241.27734375,0.0,0.0
1774367654.6641185,25.6,1240.390625,0.53515625,6.07421875
1774367654.781476,10.5,1240.421875,10.5,0.0
1774367654.8986428,15.0,1240.57421875,9.31640625,0.0
1774367655.0159726,19.5,1240.4765625,9.31640625,0.0
1774367655.1332786,15.4,1240.1328125,9.31640625,0.0
1774367655.2499092,15.4,1240.2578125,9.31640625,0.0
1774367655.3669147,17.5,1240.20703125,10.20703125,0.0
1774367655.4842186,17.1,1240.515625,9.609375,0.0
1774367655.601371,14.6,1240.10546875,9.44140625,0.0
1774367655.7185922,19.0,1240.26171875,9.19140625,0.0
1774367655.8360944,19.0,1240.5625,9.31640625,0.0
1774367655.953308,12.5,1240.515625,9.25390625,0.0
1774367656.0703466,10.5,1240.7109375,10.5625,0.0
1774367656.1877933,13.2,1240.5390625,9.44140625,0.0
1774367656.3052194,15.0,1240.40234375,9.19140625,0.0
1774367656.422303,10.8,1240.4296875,9.31640625,0.0
1774367656.53885,15.8,1240.4609375,9.31640625,0.0
1774367656.6561968,15.0,1240.50390625,10.5,0.0
1774367656.7733154,15.0,1240.41015625,9.44140625,0.0
1774367656.8904235,15.4,1240.44140625,9.44140625,0.0
1774367657.0077944,17.5,1240.50390625,9.31640625,0.0
1774367657.1251633,12.8,1241.6796875,9.31640625,0.0
1774367657.2421389,15.0,1253.19921875,9.34765625,0.0
1774367657.3593416,17.5,1263.421875,10.46875,0.0
1774367657.4767582,10.5,1273.671875,9.31640625,0.0
1774367657.5939507,15.0,1281.7578125,9.44140625,0.0
1774367657.7107015,15.0,1292.5703125,8.44140625,0.0
1774367657.8278525,19.0,1301.7109375,9.44140625,0.0
1774367657.9450753,17.5,1312.84765625,10.375,0.0
1774367658.0621774,17.5,1320.96875,9.44140625,0.0
1774367658.1795366,19.5,1330.49609375,8.56640625,0.0
1774367658.2968605,7.5,1334.18359375,4.75,0.0
1774367658.413919,17.5,1344.28515625,9.19140625,0.0
1774367658.5315661,17.5,1352.5078125,9.44140625,0.0
1774367658.6490712,15.0,1362.61328125,9.31640625,0.0
1774367658.7662148,10.5,1371.58203125,9.31640625,0.0
1774367658.8837745,15.0,1383.14453125,10.5,0.0
1774367659.001471,14.6,1392.10546875,9.31640625,0.0
1774367659.1188312,17.1,1402.08984375,9.31640625,0.0
1774367659.2360103,19.5,1412.6796875,9.44140625,0.0
1774367659.3532038,15.4,1420.78125,9.31640625,0.0
1774367659.470525,14.6,1431.33984375,9.95703125,0.0
1774367659.587935,17.5,1440.82421875,9.984375,0.0
1774367659.7056377,15.4,1451.16796875,9.44140625,0.0
1774367659.822909,15.0,1461.02734375,9.44140625,0.0
1774367659.9403582,17.5,1468.8046875,9.31640625,0.0
1774367660.0575552,15.0,1479.2109375,9.31640625,0.0
1774367660.17538,14.6,1489.05078125,10.5,0.0
1774367660.2927067,15.0,1499.02734375,8.94140625,0.0
1774367660.4106195,17.5,1506.8828125,9.31640625,0.0
1774367660.5281765,21.4,1517.234375,9.44140625,0.0
1774367660.6450388,17.1,1525.84375,9.19140625,0.0
1774367660.7622623,17.1,1537.0234375,10.33203125,0.0
1774367660.8805587,20.0,1540.9140625,9.609375,0.0
1774367660.998827,12.8,1548.3984375,9.44140625,0.0
1774367661.1171854,24.4,1556.78515625,8.81640625,0.0
1774367661.2361045,16.2,1566.85546875,8.94140625,0.0
1774367661.3550599,17.9,1576.29296875,9.95703125,0.0
1774367661.473706,20.0,1585.21875,9.609375,0.0
1774367661.5925531,17.9,1596.55078125,9.06640625,0.0
1774367661.7108092,19.5,1605.16796875,9.06640625,0.0
1774367661.8285801,17.9,1613.09765625,8.31640625,0.0
1774367661.9468782,13.9,1621.921875,9.875,0.0
1774367662.0676944,30.0,1660.37109375,0.83203125,0.0
1774367662.187482,25.6,1696.33203125,0.0,0.0
1774367662.3088262,30.0,1740.90234375,0.0,0.0
1774367662.430569,27.5,1788.95703125,0.0,0.0
1774367662.552163,28.6,1836.4765625,0.0,0.0
1774367662.672769,25.6,1885.30859375,0.0,0.0
1774367662.7939065,29.3,1932.1015625,0.0,0.0
1774367662.9149404,29.3,1980.48046875,0.0,0.0
1774367663.0362647,25.0,2025.546875,0.0,0.0
1774367663.1565282,30.0,2054.65234375,0.0,0.0
1774367663.277836,30.0,2097.5703125,0.0,0.0
1774367663.3993962,25.0,2143.51953125,0.0,0.0
1774367663.5200367,31.7,2191.80859375,0.0,0.0
1774367663.6388235,20.0,2214.29296875,6.484375,0.0
1774367663.7574387,19.5,2222.2421875,8.31640625,0.0
1774367663.8754008,12.8,2234.32421875,8.94140625,0.0
1774367663.9940412,22.0,2242.0390625,10.125,0.0
1774367664.1152244,29.3,2278.6328125,1.20703125,0.0
1774367664.234951,27.5,2316.30078125,0.0,0.0
1774367664.35604,34.1,2352.08984375,0.0,0.0
1774367664.4755814,27.5,2385.46484375,0.0,0.0
1774367664.5962017,45.0,2420.75,0.0,0.0
1774367664.7154193,53.7,2454.95703125,0.0,0.0
1774367664.8357322,52.5,2489.39453125,0.0,0.0
1774367664.9559124,28.2,2527.96875,0.0,0.0
1774367665.0753849,30.0,2565.2265625,0.0,0.0
1774367665.1950262,27.5,2598.54296875,0.0,0.0
1774367665.3143227,29.3,2625.15625,0.0,0.0
1774367665.43424,30.0,2649.9140625,0.0,0.0
1774367665.555039,30.0,2671.76171875,0.0,0.0
1774367665.6778576,25.0,2695.5078125,0.0,0.0
1774367665.7985368,27.5,2719.6328125,0.0,0.0
1774367665.9177105,29.3,2751.06640625,0.0,0.0
1774367666.0375228,27.5,2785.80078125,0.0,0.0
1774367666.1579769,25.6,2820.5703125,0.0,0.0
1774367666.2773361,27.5,2855.91796875,0.0,0.0
1774367666.3970525,27.5,2891.28515625,0.0,0.0
1774367666.517658,25.0,2541.23828125,0.0,0.0
1774367666.6351528,26.8,1875.8359375,0.0,0.0
1774367666.7612188,29.3,1561.50390625,0.0,0.0
1774367666.8845289,27.5,1653.453125,0.0,0.0
1774367667.0084536,25.6,1743.69140625,0.0,0.0
1774367667.1321235,31.7,1833.9453125,0.0,0.0
1774367667.253297,29.3,1902.81640625,0.0,0.0
1774367667.3787525,29.3,1965.59375,0.0,0.0
1774367667.4988673,25.6,2026.7890625,0.0,0.0
1774367667.6216433,29.3,2062.09375,0.0,0.0
1774367667.7426395,27.5,2125.30078125,0.0,0.0
1774367667.8633454,30.2,2175.83984375,0.0,0.0
1774367667.9814587,27.5,2237.6640625,0.0,0.0
1774367668.1167665,27.5,2294.9453125,0.0,0.0
1774367668.2415006,27.5,2295.4375,0.0,0.0
1774367668.360025,25.6,2295.4375,0.0,0.0
1774367668.4780798,29.3,2295.4375,0.0,0.0
1774367668.5963242,26.8,2295.4375,0.0,0.0
1774367668.7142565,26.8,2295.4375,0.0,0.0
1774367668.832114,27.5,2295.4375,0.0,0.0
1774367668.950946,25.6,2295.68359375,0.0,0.0
1774367669.0711503,25.6,2295.68359375,0.0,0.0
1774367669.1890802,25.6,2295.9296875,0.0,0.0
1774367669.307348,27.5,2295.9296875,0.0,0.0
1774367669.425816,25.0,2295.9296875,0.0,0.0
1774367669.5436692,25.0,2295.9296875,0.0,0.0
1774367669.6614833,28.2,2295.9296875,0.0,0.0
1774367669.7834053,27.5,2295.9296875,0.0,0.0
1774367669.9017055,25.6,2295.9296875,0.0,0.0
1774367670.0232263,28.2,2295.9296875,0.0,0.0
1774367670.1415846,29.3,2308.39453125,0.0,0.0
1774367670.2650752,25.6,2326.5859375,0.0,0.0
1774367670.3843617,27.5,2335.8828125,0.0,0.0
1774367670.5041428,29.3,2359.4765625,0.0,0.0
1774367670.6245253,27.5,2367.3984375,0.0,0.0
1774367670.7445643,26.8,2395.31640625,0.0,0.0
1774367670.867307,29.3,2412.86328125,0.0,0.0
1774367670.9867158,27.5,2428.56640625,0.0,0.0
1774367671.1098619,29.3,2448.03125,0.0,0.0
1774367671.229222,31.7,2457.09765625,0.0,0.0
1774367671.3487253,28.2,2480.80078125,0.0,0.0
1774367671.468936,25.0,2487.578125,0.0,0.0
1774367671.58871,25.0,2515.8984375,0.0,0.0
1774367671.7116714,28.2,2534.36328125,0.0,0.0
1774367671.8309815,25.6,2549.3671875,0.0,0.0
1774367671.9541264,25.6,2569.53515625,0.0,0.0
1774367672.0734377,28.2,2578.0078125,0.0,0.0
1774367672.1928296,30.0,2600.58984375,0.0,0.0
1774367672.312526,25.0,2607.26171875,0.0,0.0
1774367672.4326718,27.5,2635.7109375,0.0,0.0
1774367672.5561013,27.5,2655.79296875,0.0,0.0
1774367672.6755552,29.3,2669.078125,0.0,0.0
1774367672.7974508,25.0,2691.14453125,0.0,0.0
1774367672.9159276,28.2,2699.3046875,0.0,0.0
1774367673.0353951,29.3,2722.5625,0.0,0.0
1774367673.155325,26.8,2728.5703125,0.0,0.0
1774367673.2752745,27.5,2757.1015625,0.0,0.0
1774367673.3977132,28.2,2769.3515625,0.0,0.0
1774367673.5175493,25.0,2789.2734375,0.0,0.0
1774367673.6487415,43.6,2802.1875,0.0,0.0
1774367673.7661717,100.0,2803.171875,0.0,0.0
1774367673.882493,100.0,2803.171875,0.0,0.0
1774367673.9993565,80.5,2803.0625,0.0,0.0
1774367674.144618,25.6,2803.53515625,0.0,0.0
1774367674.2832575,100.0,2803.53515625,0.0,0.0
1774367674.4123557,87.5,2803.53515625,0.0,0.0
1774367674.538644,100.0,2803.53515625,0.0,0.0
1774367674.668873,100.0,2803.53515625,0.0,0.0
1774367674.7978702,100.0,2803.53515625,0.0,0.0
1774367674.914436,27.5,2803.53515625,0.0,0.0
1774367675.0313087,27.5,2803.53515625,0.0,0.0
1774367675.1480293,26.8,2803.53515625,0.0,0.0
1774367675.2645912,29.3,2803.53515625,0.0,0.0
1774367675.3814378,27.5,2803.53515625,0.0,0.0
1774367675.4986377,26.8,2803.53515625,0.0,0.0
1774367675.6153984,26.8,2803.53515625,0.0,0.0
1774367675.7320673,27.5,2803.53515625,0.0,0.0
1774367675.8489573,29.3,2803.53515625,0.0,0.0
1774367675.9656563,25.0,2803.53515625,0.0,0.0
1774367676.082228,27.5,2803.53515625,0.0,0.0
1774367676.1990132,29.3,2803.578125,0.0,0.0
1774367676.3157768,27.5,2803.578125,0.0,0.0
1774367676.4323416,30.0,2803.578125,0.0,0.0
1774367676.5490997,25.6,2803.578125,0.0,0.0
1774367676.66621,25.0,2803.578125,0.0,0.0
1774367676.7828503,26.8,2803.578125,0.0,0.0
1774367676.8996875,29.3,2803.578125,0.0,0.0
1774367677.0193033,70.0,2803.578125,0.0,0.0
1774367677.1767724,87.5,2803.578125,0.0,0.0
1774367677.3064966,76.9,2803.578125,0.0,0.0
1774367677.4367912,100.0,2803.578125,0.0,0.0
1774367677.5538123,100.0,2803.578125,0.0,0.0
1774367677.6705196,50.0,2801.4375,0.0,0.0
1774367677.8021472,58.5,2802.140625,0.0,0.0
1774367677.9325771,100.0,2802.140625,0.0,0.0
1774367678.0583417,92.5,2802.6328125,0.0,0.0
1774367678.1745942,100.0,2802.87890625,0.0,0.0
1774367678.3032877,100.0,2803.37109375,0.0,0.0
1774367678.424164,42.5,2803.37109375,0.0,0.0
1774367678.541083,27.5,2803.6171875,0.0,0.0
1774367678.6719298,41.0,2803.6171875,0.0,0.0
1774367678.825201,95.0,2803.6171875,0.0,0.0
1774367678.954285,75.0,2803.6171875,0.0,0.0
1774367679.0814838,100.0,2803.6171875,0.0,0.0
1774367679.2103703,100.0,2803.62109375,0.0,0.0
1774367679.339798,100.0,2803.62109375,0.0,0.0
1774367679.4570456,61.5,2803.62109375,0.0,0.0
1774367679.5738633,25.0,2803.62109375,0.0,0.0
1774367679.6908474,27.5,2803.62109375,0.0,0.0
1774367679.8076313,26.8,2803.62109375,0.0,0.0
1774367679.9247508,25.0,2803.62109375,0.0,0.0
1774367680.0412886,29.3,2803.62109375,0.0,0.0
1774367680.1583507,25.6,2803.62109375,0.0,0.0
1774367680.275159,25.0,2803.62109375,0.0,0.0
1774367680.3919508,29.3,2803.62109375,0.0,0.0
1774367680.5090199,25.6,2803.62109375,0.0,0.0
1774367680.6260846,27.5,2803.62109375,0.0,0.0
1774367680.7428384,26.8,2803.62109375,0.0,0.0
1774367680.8599207,29.3,2803.62109375,0.0,0.0
1774367680.9944983,43.9,2803.62109375,0.0,0.0
1774367681.1747074,81.0,2803.62109375,0.0,0.0
1774367681.3048146,78.0,2803.62109375,0.0,0.0
1774367681.4349704,100.0,2803.62109375,0.0,0.0
1774367681.5636628,100.0,2803.62109375,0.0,0.0
1774367681.6808083,92.3,2803.62109375,0.0,0.0
1774367681.798002,25.6,2803.62109375,0.0,0.0
1774367681.9151225,25.6,2803.62109375,0.0,0.0
1774367682.0913649,92.7,2803.62109375,0.0,0.0
1774367682.2174447,82.9,2803.6484375,0.0,0.0
1774367682.3481905,100.0,2803.6484375,0.0,0.0
1774367682.4774146,100.0,2803.6484375,0.0,0.0
1774367682.5943098,84.6,2803.6484375,0.0,0.0
1774367682.7114992,25.6,2803.6484375,0.0,0.0
1774367682.8575068,26.8,2803.6484375,0.0,0.0
1774367683.0213892,97.6,2803.6484375,0.0,0.0
1774367683.1507244,72.5,2803.6484375,0.0,0.0
1774367683.2809396,100.0,2803.6484375,0.0,0.0
1774367683.3971076,100.0,2803.6484375,0.0,0.0
1774367683.526859,100.0,2803.89453125,0.0,0.0
1774367683.643821,85.4,2803.89453125,0.0,0.0
1774367683.7606122,26.8,2803.89453125,0.0,0.0
1774367683.8773127,29.3,2803.89453125,0.0,0.0
1774367683.9942274,27.5,2803.89453125,0.0,0.0
1774367684.1110528,26.8,2803.9140625,0.0,0.0
1774367684.2278154,29.3,2803.9140625,0.0,0.0
1774367684.3446672,26.8,2803.9140625,0.0,0.0
1774367684.4616761,27.5,2803.9140625,0.0,0.0
1774367684.578392,25.0,2803.9140625,0.0,0.0
1774367684.6947596,27.5,2803.9140625,0.0,0.0
1774367684.8115883,29.3,2803.9140625,0.0,0.0
1774367684.9282768,25.0,2803.9140625,0.0,0.0
1774367685.0451245,29.3,2803.9140625,0.0,0.0
1774367685.1620097,25.6,2803.9140625,0.0,0.0
1774367685.278784,25.0,2803.9140625,0.0,0.0
1774367685.4100232,63.4,2803.9140625,0.0,0.0
1774367685.5884283,81.0,2803.9140625,0.0,0.0
1774367685.7053523,67.5,2803.9140625,0.0,0.0
1774367685.8347776,100.0,2803.9140625,0.0,0.0
1774367685.964014,100.0,2803.9140625,0.0,0.0
1774367686.0816143,100.0,2803.9140625,0.0,0.0
1774367686.1985662,25.0,2803.9140625,0.0,0.0
1774367686.315369,31.0,2803.9140625,0.0,0.0
1774367686.4918084,85.4,2804.16015625,0.0,0.0
1774367686.623074,85.0,2804.16015625,0.0,0.0
1774367686.747959,100.0,2804.16015625,0.0,0.0
1774367686.870701,100.0,2804.16015625,0.0,0.0
1774367686.9876559,95.1,2804.16015625,0.0,0.0
1774367687.1049168,25.6,2804.16015625,0.0,0.0
1774367687.221743,30.0,2804.16015625,0.0,0.0
1774367687.3837266,95.1,2804.16015625,0.0,0.0
1774367687.5011003,79.5,2804.16015625,0.0,0.0
1774367687.6306152,100.0,2804.16015625,0.0,0.0
1774367687.7606747,100.0,2804.16015625,0.0,0.0
1774367687.876836,100.0,2804.16015625,0.0,0.0
1774367688.0050557,100.0,2801.9140625,0.0,0.0
1774367688.1223462,26.8,2801.92578125,0.0,0.0
1774367688.23921,25.0,2801.92578125,0.0,0.0
1774367688.3561568,29.3,2802.91015625,0.0,0.0
1774367688.473193,27.5,2803.40234375,0.0,0.0
1774367688.5903661,25.0,2803.40234375,0.0,0.0
1774367688.7072747,25.6,2803.6484375,0.0,0.0
1774367688.8244288,25.6,2803.89453125,0.0,0.0
1774367688.9416025,25.6,2804.6328125,0.0,0.0
1774367689.058446,29.3,2804.62109375,0.0,0.0
1774367689.1751163,29.3,2804.62109375,0.0,0.0
1774367689.292088,29.3,2804.62109375,0.0,0.0
1774367689.408818,25.6,2804.62109375,0.0,0.0
1774367689.5425625,43.6,2804.62109375,0.0,0.0
1774367689.7462022,80.0,2804.62109375,0.0,0.0
1774367689.8751845,65.9,2804.62109375,0.0,0.0
1774367690.0057518,100.0,2804.62109375,0.0,0.0
1774367690.1351075,100.0,2804.62109375,0.0,0.0
1774367690.2520678,80.5,2804.62109375,0.0,0.0
1774367690.3691192,27.5,2804.62109375,0.0,0.0
1774367690.4859595,26.8,2804.62109375,0.0,0.0
1774367690.6619837,97.6,2804.62109375,0.0,0.0
1774367690.7922888,84.6,2804.62109375,0.0,0.0
1774367690.92175,100.0,2804.62109375,0.0,0.0
1774367691.0511038,100.0,2804.62109375,0.0,0.0
1774367691.1679976,46.3,2804.62109375,0.0,0.0
1774367691.2868383,61.0,2804.62109375,0.0,0.0
1774367691.4174535,100.0,2804.62109375,0.0,0.0
1774367691.5350132,85.4,2804.62109375,0.0,0.0
1774367691.6644392,100.0,2804.62109375,0.0,0.0
1774367691.7933824,100.0,2804.62109375,0.0,0.0
1774367691.9231782,100.0,2804.62109375,0.0,0.0
1774367692.0405712,29.3,2804.62109375,0.0,0.0
1774367692.1576102,25.6,2804.62109375,0.0,0.0
1774367692.2746122,26.3,2804.62109375,0.0,0.0
1774367692.4325302,38.3,2804.62109375,0.0,0.0
1774367692.607517,80.0,2804.62109375,0.0,0.0
1774367692.7249653,73.2,2804.62109375,0.0,0.0
1774367692.854895,100.0,2804.62109375,0.0,0.0
1774367692.9851534,100.0,2804.62109375,0.0,0.0
1774367693.1021047,80.0,2804.62109375,0.0,0.0
1774367693.2491815,37.0,2804.62109375,0.0,0.0
1774367693.3998148,100.0,2804.62109375,0.0,0.0
1774367693.519897,43.9,2804.62109375,0.0,0.0
1774367693.6380117,28.2,2804.62109375,0.0,0.0
1774367693.7557876,27.5,2377.359375,0.0,0.0
1774367693.8809953,32.5,2054.1875,0.0,0.0
1774367694.010349,97.4,2054.6796875,0.0,0.0
1774367694.139355,100.0,2054.8984375,0.0,0.0
1774367694.2648947,62.5,2054.8984375,0.0,0.0
1774367694.3947375,90.0,2054.8984375,0.0,0.0
1774367694.5237567,100.0,2054.8984375,0.0,0.0
1774367694.6536498,77.5,2054.890625,0.0,0.0
1774367694.7865202,95.1,2054.890625,0.0,0.0
1774367694.9164019,100.0,2054.890625,0.0,0.0
1774367695.0356135,95.1,2054.890625,0.0,0.0
1774367695.1692128,87.8,2054.890625,0.0,0.0
1774367695.2990718,100.0,2054.890625,0.0,0.0
1774367695.421022,100.0,2054.890625,0.0,0.0
1774367695.5527465,78.0,2054.890625,0.0,0.0
1774367695.6827388,100.0,2054.890625,0.0,0.0
1774367695.813475,100.0,2054.890625,0.0,0.0
1774367695.9471152,70.0,2054.890625,0.0,0.0
1774367696.0749125,100.0,2054.890625,0.0,0.0
1774367696.209021,100.0,2054.6484375,0.0,0.0
1774367696.3387227,71.8,2054.890625,0.0,0.0
1774367696.4665747,97.6,2054.890625,0.0,0.0
1774367696.5986898,100.0,2054.890625,0.0,0.0
1774367696.7329342,73.8,2054.890625,0.0,0.0
1774367696.8652544,95.0,2054.890625,0.0,0.0
1774367696.9945316,100.0,2054.890625,0.0,0.0
1774367697.1139286,90.0,2054.890625,0.0,0.0
1774367697.230525,94.9,2054.890625,0.0,0.0
1774367697.360029,100.0,2054.890625,0.0,0.0
1774367697.4915516,100.0,2054.890625,0.0,0.0
1774367697.624676,79.5,2054.890625,0.0,0.0
1774367697.7565074,100.0,2054.890625,0.0,0.0
1774367697.8865175,100.0,2054.890625,0.0,0.0
1774367698.022266,73.8,2054.890625,0.0,0.0
1774367698.1444259,100.0,2054.890625,0.0,0.0
1774367698.2764266,100.0,2054.890625,0.0,0.0
1774367698.407181,75.0,2054.890625,0.0,0.0
1774367698.5391726,92.5,2054.890625,0.0,0.0
1774367698.6694906,100.0,2054.890625,0.0,0.0
1774367698.8060796,78.0,2054.890625,0.0,0.0
1774367698.9389794,97.6,2054.890625,0.0,0.0
1774367699.0707393,100.0,2054.890625,0.0,0.0
1774367699.2069554,79.1,2054.89453125,0.0,0.0
1774367699.3487973,97.8,2054.89453125,0.0,0.0
1774367699.4801428,100.0,2054.89453125,0.0,0.0
1774367699.6149688,80.0,2054.89453125,0.0,0.0
1774367699.7600515,95.7,2054.89453125,0.0,0.0
1774367699.8902118,100.0,2054.89453125,0.0,0.0
1774367700.0207818,78.6,2054.89453125,0.0,0.0
1774367700.1378355,87.2,2054.89453125,0.0,0.0
1774367700.254673,29.3,2055.140625,0.0,0.0
1774367700.3723128,29.3,2055.38671875,0.015625,3.140625
1774367700.48988,17.9,2055.27734375,5.86328125,8.55078125
1774367700.6070452,17.5,2055.296875,8.7734375,0.0
1774367700.7246354,18.6,2055.57421875,9.6640625,0.0
1774367700.8420017,19.5,2055.59375,8.80859375,0.0
1774367700.9592814,12.5,2055.50390625,9.4140625,0.0
1774367701.0766582,17.5,2055.82421875,9.05859375,0.0
1774367701.1942158,17.1,2055.79296875,9.1796875,0.0
1774367701.3116033,19.0,2054.875,9.29296875,0.0
1774367701.4309027,15.8,2054.875,8.9609375,0.0
1774367701.54845,15.4,2054.80859375,9.76171875,0.0
1774367701.6657639,14.6,2054.6796875,8.6484375,0.0
1774367701.7829874,10.5,2054.62109375,9.69921875,0.0
1774367701.9003575,17.1,2054.8125,8.7734375,0.0
1774367702.0178645,15.0,2055.0234375,9.69921875,0.0
1774367702.1348789,14.6,2054.71875,8.7734375,0.0
1774367702.2520123,17.1,2055.109375,9.69921875,0.0
1774367702.3691103,17.1,2054.74609375,8.7734375,0.0
1774367702.4863732,15.0,2054.515625,9.69921875,0.0
1774367702.6031413,13.2,2054.68359375,8.7734375,0.0
1774367702.7207744,19.0,2054.69921875,9.69921875,0.0
1774367702.8377943,17.1,2054.75,8.8984375,0.0
1774367702.9551077,15.0,2054.5078125,9.69921875,0.0
1774367703.0728984,19.5,2054.44921875,8.8984375,0.0
1774367703.1904573,19.0,2054.4765625,9.82421875,0.0
1774367703.3077254,15.0,2054.5546875,8.8984375,0.0
1774367703.4249363,15.4,2054.65625,9.6640625,0.0
1774367703.5424247,15.4,2054.5,8.80859375,0.0
1774367703.659639,12.5,2054.58984375,9.4140625,0.0
1774367703.7768245,15.0,2054.65234375,9.05859375,0.0
1774367703.8943486,12.5,2054.65234375,9.1640625,0.0
1774367704.0119312,12.5,2054.58984375,9.18359375,0.0
1774367704.1290793,12.8,2054.8359375,9.0859375,0.0
1774367704.2465942,15.0,2054.5625,9.38671875,0.0
1774367704.3660152,26.8,2110.046875,2.71484375,0.0
1774367704.4848964,26.8,2202.046875,0.0,0.0
1774367704.6035485,29.3,2296.29296875,0.0,0.0
1774367704.721034,22.5,2358.35546875,3.734375,0.0
1774367704.8382432,15.0,2358.234375,8.7734375,0.0
1774367704.955816,20.5,2376.4296875,5.71484375,0.0
1774367705.0737364,27.5,2428.67578125,0.0,0.0
1774367705.1938584,25.0,2466.4921875,0.0,0.0
1774367705.3139293,26.8,2505.9609375,0.0,0.0
1774367705.4340324,27.5,2545.76953125,0.0,0.0
1774367705.553838,27.5,2583.1015625,0.0,0.0
1774367705.6732254,27.5,2617.78515625,0.0,0.0
1774367705.7934165,28.2,2651.328125,0.0,0.0
1774367705.913637,27.5,2685.7421875,0.0,0.0
1774367706.0316443,25.6,2071.7734375,0.0,0.0
1774367706.1545603,31.0,1819.42578125,0.0,0.0
1774367706.277638,30.0,1921.42578125,0.0,0.0
1774367706.400221,27.5,2021.65625,0.0,0.0
1774367706.5227325,27.5,2121.90234375,0.0,0.0
1774367706.678516,30.0,2210.5703125,0.0,0.0
1774367706.7970877,31.0,2217.1328125,0.0,0.0
1774367706.9156733,27.5,2217.625,0.0,0.0
1774367707.0337093,25.0,2217.87109375,0.0,0.0
1774367707.1515787,28.2,2217.7890625,0.0,0.0
1774367707.2697608,25.6,2217.7890625,0.0,0.0
1774367707.3878038,25.0,2217.7890625,0.0,0.0
1774367707.5056589,29.3,2217.7890625,0.0,0.0
1774367707.6273954,27.5,2217.7890625,0.0,0.0
1774367707.7496579,25.0,2217.7890625,0.0,0.0
1774367707.8678064,26.8,2217.7890625,0.0,0.0
1774367707.9899755,31.0,2217.7890625,0.0,0.0
1774367708.109335,27.5,2217.7890625,0.0,0.0
1774367708.2270246,25.6,2217.7890625,0.0,0.0
1774367708.348577,29.3,2217.7890625,0.0,0.0
1774367708.469048,29.3,2217.7890625,0.0,0.0
1774367708.590496,25.0,2217.7890625,0.0,0.0
1774367708.7083445,31.7,2217.7890625,0.0,0.0
1774367708.8300345,26.3,2217.7890625,0.0,0.0
1774367708.952424,26.8,2217.7890625,0.0,0.0
1774367709.0706196,25.6,2217.7890625,0.0,0.0
1774367709.1920667,31.7,2218.04296875,0.0,0.0
1774367709.3099396,29.3,2218.04296875,0.0,0.0
1774367709.4269104,25.0,1794.30078125,0.0,0.0
1774367709.5572116,83.3,1713.34765625,0.0,0.0
1774367709.6793427,100.0,1713.34765625,0.0,0.0
1774367709.796493,82.5,1713.34765625,0.0,0.0
1774367709.9277704,48.8,1713.34765625,0.0,0.0
1774367710.0462155,100.0,1713.34765625,0.0,0.0
1774367710.1623907,97.5,1713.2421875,0.0,0.0
1774367710.2913225,100.0,1713.2421875,0.0,0.0
1774367710.4201224,100.0,1713.2421875,0.0,0.0
1774367710.536579,46.2,1717.48828125,0.0,0.0
1774367710.6528082,27.5,1721.48828125,0.0,0.0
1774367710.7694218,27.5,1725.48828125,0.0,0.0
1774367710.8863099,25.0,1727.48828125,0.0,0.0
1774367711.002698,26.8,1731.48828125,0.0,0.0
1774367711.1193724,29.3,1731.62109375,0.0,0.0
1774367711.2359912,27.5,1735.3671875,0.0,0.0
1774367711.35261,26.8,1738.2265625,0.0,0.0
1774367711.4691474,27.5,1741.9765625,0.0,0.0
1774367711.5862656,27.5,1745.34375,0.0,0.0
1774367711.70281,25.0,1748.48828125,0.0,0.0
1774367711.819766,29.3,1752.48828125,0.0,0.0
1774367711.936924,27.5,1755.85546875,0.0,0.0
1774367712.0542445,25.0,1758.75390625,0.0,0.0
1774367712.1709242,26.8,1762.64453125,0.0,0.0
1774367712.287619,31.0,1765.9140625,0.0,0.0
1774367712.404168,27.5,1769.6484375,0.0,0.0
1774367712.5210261,25.6,1773.3984375,0.0,0.0
1774367712.6372774,27.5,1776.42578125,0.0,0.0
1774367712.753819,26.8,1779.9140625,0.0,0.0
1774367712.8703408,25.0,1783.421875,0.0,0.0
1774367713.0027611,72.5,1719.53125,0.0,0.0
1774367713.1861203,31.7,1784.828125,0.0,0.0
1774367713.3155756,72.5,1711.4609375,0.0,0.0
1774367713.446128,100.0,1711.4609375,0.0,0.0
1774367713.5631711,100.0,1711.70703125,0.0,0.0
1774367713.6884406,46.5,1712.19921875,0.0,0.0
1774367713.8422682,87.5,1712.19921875,0.0,0.0
1774367713.9716408,87.5,1712.19921875,0.0,0.0
1774367714.0883937,100.0,1712.25,0.0,0.0
1774367714.2175884,100.0,1712.25,0.0,0.0
1774367714.3349469,74.4,1730.7421875,0.0,0.0
1774367714.4536257,26.8,1748.86328125,0.0,0.0
1774367714.5722759,25.6,1769.55859375,0.0,0.0
1774367714.7056499,61.0,1711.00390625,0.0,0.0
1774367714.8924851,40.0,1780.86328125,0.0,0.0
1774367715.0219436,65.0,1710.9609375,0.0,0.0
1774367715.1391761,100.0,1711.47265625,0.0,0.0
1774367715.280238,100.0,1711.47265625,0.0,0.0
1774367715.4091024,100.0,1711.47265625,0.0,0.0
1774367715.5256715,90.5,1715.47265625,0.0,0.0
1774367715.6421964,25.0,1719.47265625,0.0,0.0
1774367715.7585511,27.5,1723.47265625,0.0,0.0
1774367715.875223,27.5,1727.71875,0.0,0.0
1774367715.992081,25.0,1731.71875,0.0,0.0
1774367716.1085527,25.0,1731.82421875,0.0,0.0
1774367716.225959,27.5,1735.29296875,0.0,0.0
1774367716.342541,26.8,1739.21875,0.0,0.0
1774367716.4596827,26.8,1742.62109375,0.0,0.0
1774367716.5765948,29.3,1746.79296875,0.0,0.0
1774367716.6932523,29.3,1750.7421875,0.0,0.0
1774367716.8103344,26.8,1753.9140625,0.0,0.0
1774367716.9273825,27.5,1757.73046875,0.0,0.0
1774367717.0442731,27.5,1761.8046875,0.0,0.0
1774367717.1617813,25.6,1765.05078125,0.0,0.0
1774367717.2782524,25.0,1769.4453125,0.0,0.0
1774367717.3955626,27.5,1772.9140625,0.0,0.0
1774367717.5145607,27.5,1776.8203125,0.0,0.0
1774367717.6315835,26.8,1780.10546875,0.0,0.0
1774367717.7478383,27.5,1784.640625,0.0,0.0
1774367717.8650875,27.5,1788.05859375,0.0,0.0
1774367717.9823396,25.0,1791.9453125,0.0,0.0
1774367718.0991552,27.5,1795.953125,0.0,0.0
1774367718.2158687,25.6,1799.37109375,0.0,0.0
1774367718.3331041,25.0,1802.90625,0.0,0.0
1774367718.4502082,25.0,1806.77734375,0.0,0.0
1774367718.5825484,52.4,1810.625,0.0,0.0
1774367718.7048347,58.5,1758.046875,0.0,0.0
1774367718.9045,40.5,1809.609375,0.0,0.0
1774367719.0228772,72.5,1710.93359375,0.0,0.0
1774367719.1484706,80.5,1710.93359375,0.0,0.0
1774367719.2780452,100.0,1711.1796875,0.0,0.0
1774367719.407666,100.0,1715.42578125,0.0,0.0
1774367719.5259247,35.9,1738.4375,0.0,0.0
1774367719.6444693,27.5,1759.28515625,0.0,0.0
1774367719.7846181,25.0,1779.09375,0.0,0.0
1774367719.906935,72.5,1755.09765625,0.0,0.0
1774367720.045095,78.0,1781.59375,0.0,0.0
1774367720.1742318,68.4,1711.1953125,0.0,0.0
1774367720.291816,100.0,1711.93359375,0.0,0.0
1774367720.4217832,100.0,1711.93359375,0.0,0.0
1774367720.538719,32.5,1711.93359375,0.0,0.0
1774367720.7065713,90.2,1711.93359375,0.0,0.0
1774367720.8361194,93.0,1711.93359375,0.0,0.0
1774367720.965019,100.0,1712.1796875,0.0,0.0
1774367721.0945077,100.0,1712.1796875,0.0,0.0
1774367721.2112215,63.4,1716.1796875,0.0,0.0
1774367721.3278065,26.8,1720.1796875,0.0,0.0
1774367721.4443693,23.1,1724.1796875,0.0,0.0
1774367721.560806,27.5,1728.1796875,0.0,0.0
1774367721.677761,29.3,1732.1796875,0.0,0.0
1774367721.7943752,25.6,1734.296875,0.0,0.0
1774367721.9117048,27.5,1738.8125,0.0,0.0
1774367722.0284135,29.3,1742.8359375,0.0,0.0
1774367722.1450186,25.0,1746.5390625,0.0,0.0
1774367722.2615755,27.5,1750.6171875,0.0,0.0
1774367722.378275,27.5,1755.01953125,0.0,0.0
1774367722.4952726,25.0,1758.92578125,0.0,0.0
1774367722.612295,25.6,1762.94140625,0.0,0.0
1774367722.7285528,29.3,1766.64453125,0.0,0.0
1774367722.845625,26.8,1770.625,0.0,0.0
1774367722.962144,25.0,1773.92578125,0.0,0.0
1774367723.078976,27.5,1778.25,0.0,0.0
1774367723.19615,27.5,1781.859375,0.0,0.0
1774367723.3264365,46.3,1785.05859375,0.0,0.0
1774367723.449158,51.2,1769.23046875,0.0,0.0
1774367723.5805666,92.5,1785.1328125,0.0,0.0
1774367723.697218,69.2,1711.02734375,0.0,0.0
1774367723.8265612,100.0,1711.51953125,0.0,0.0
1774367723.9565454,100.0,1711.51953125,0.0,0.0
1774367724.0735667,23.1,1711.53515625,0.0,0.0
1774367724.2275279,97.7,1711.53515625,0.0,0.0
1774367724.3458693,48.7,1711.53515625,0.0,0.0
1774367724.4635897,33.3,1260.5625,0.0,0.0
1774367724.5926907,100.0,1260.49609375,0.0,0.0
1774367724.7217326,100.0,1260.49609375,0.0,0.0
1774367724.8508613,65.0,1260.4921875,0.0,0.0
1774367724.9671524,92.7,1260.73828125,0.0,0.0
1774367725.0929294,100.0,1260.73828125,0.0,0.0
1774367725.2100925,89.7,1260.73828125,0.0,0.0
1774367725.3425086,92.3,1260.73828125,0.0,0.0
1774367725.4736063,100.0,1260.73828125,0.0,0.0
1774367725.605123,100.0,1260.73828125,0.0,0.0
1774367725.7363553,85.0,1260.73828125,0.0,0.0
1774367725.8543954,100.0,1260.73828125,0.0,0.0
1774367725.9861684,100.0,1260.73828125,0.0,0.0
1774367726.1192343,83.3,1260.7421875,0.0,0.0
1774367726.2492874,100.0,1260.7421875,0.0,0.0
1774367726.3711517,100.0,1260.7421875,0.0,0.0
1774367726.5043468,69.0,1260.98828125,0.0,0.0
1774367726.6301343,97.5,1260.98828125,0.0,0.0
1774367726.7463682,100.0,1260.98828125,0.0,0.0
1774367726.8630254,100.0,1260.98828125,0.0,0.0
1774367726.991596,73.2,1260.98828125,0.0,0.0
1774367727.1219878,100.0,1260.97265625,0.0,0.0
1774367727.2509363,100.0,1260.97265625,0.0,0.0
1774367727.3844755,79.1,1260.97265625,0.0,0.0
1774367727.5022154,97.4,1260.97265625,0.0,0.0
1774367727.6316116,100.0,1260.97265625,0.0,0.0
1774367727.7652118,79.5,1260.97265625,0.0,0.0
1774367727.8984947,97.4,1260.97265625,0.0,0.0
1774367728.032244,100.0,1260.97265625,0.0,0.0
1774367728.1850903,70.7,1260.97265625,0.0,0.0
1774367728.3023732,80.5,1260.97265625,0.0,0.0
1774367728.4201212,25.6,1261.1171875,0.05078125,5.68359375
1774367728.5373874,17.5,1260.578125,8.6875,0.390625
1774367728.6548438,15.0,1260.3359375,9.5390625,0.0
1774367728.772374,17.1,1260.3125,8.93359375,0.0
1774367728.8896012,12.5,1260.39453125,9.2890625,0.0
1774367729.0070367,17.1,1260.25390625,9.18359375,0.0
1774367729.124612,19.5,1260.20703125,9.0546875,0.0
1774367729.2418363,15.0,1260.47265625,9.41796875,0.0
1774367729.358841,17.5,1260.50390625,8.8359375,0.0
1774367729.4762552,21.4,1260.5234375,9.63671875,0.0
1774367729.593389,8.1,1260.6796875,8.7734375,0.0
1774367729.710613,17.5,1260.578125,9.69921875,0.0
1774367729.828053,15.0,1260.98046875,8.7734375,0.0
1774367729.9453623,14.6,1261.0,9.69921875,0.0
1774367730.0623074,17.5,1261.02734375,8.7734375,0.0
1774367730.1797812,17.1,1260.890625,9.69921875,0.0
1774367730.2972605,15.0,1260.79296875,8.7734375,0.0
1774367730.4145353,16.7,1260.80859375,9.69921875,0.0
1774367730.5313869,15.4,1260.97265625,8.6484375,0.0
1774367730.6489444,15.4,1260.5078125,9.69921875,0.0
1774367730.765562,19.0,1260.66015625,8.5234375,0.0
1774367730.8829129,17.5,1260.734375,9.57421875,0.0
1774367731.0000575,17.5,1260.65625,8.8984375,0.0
1774367731.1173058,17.1,1260.625,9.69921875,0.0
1774367731.2343204,22.0,1260.43359375,8.6484375,0.0
1774367731.3519166,17.1,1271.7265625,9.82421875,0.0
1774367731.4695532,17.1,1278.9453125,8.8984375,0.0
1774367731.5868554,15.4,1289.93359375,9.69921875,0.0
1774367731.7045324,19.5,1297.765625,8.7734375,0.0
1774367731.8221664,17.1,1307.890625,9.82421875,0.0
1774367731.9394598,17.5,1317.97265625,8.7734375,0.0
1774367732.05692,15.4,1325.73046875,9.5390625,0.0
1774367732.1744304,17.5,1335.94140625,8.93359375,0.0
1774367732.2919254,15.0,1344.734375,9.2890625,0.0
1774367732.4107065,28.2,1426.96484375,0.0,0.0
1774367732.5298388,27.5,1523.2109375,0.0,0.0
1774367732.6481001,25.0,1621.45703125,0.0,0.0
1774367732.7651918,17.9,1655.703125,6.80859375,0.0
1774367732.8826327,15.0,1665.8203125,9.69921875,0.0
1774367733.0010977,26.8,1711.734375,1.71484375,0.0
1774367733.1204884,26.8,1759.78125,0.0,0.0
1774367733.2406297,28.2,1799.6015625,0.0,0.0
1774367733.3606458,27.5,1840.453125,0.0,0.0
1774367733.480959,26.8,1881.22265625,0.0,0.0
1774367733.6010265,28.2,1921.74609375,0.0,0.0
1774367733.721485,28.2,1962.97265625,0.0,0.0
1774367733.8415074,23.1,2003.6796875,0.0,0.0
1774367733.9642076,27.5,1428.7734375,0.0,0.0
1774367734.0883272,28.2,1529.234375,0.0,0.0
1774367734.2140083,27.5,1631.36328125,0.0,0.0
1774367734.3369832,29.3,1735.84765625,0.0,0.0
1774367734.457907,31.0,1801.64453125,0.0,0.0
1774367734.5988178,30.0,1846.03125,0.0,0.0
1774367734.717478,26.8,1849.72265625,0.0,0.0
1774367734.83538,26.8,1850.21484375,0.0,0.0
1774367734.953679,27.5,1850.21484375,0.0,0.0
1774367735.0721164,27.5,1850.21484375,0.0,0.0
1774367735.1900647,25.0,1850.16796875,0.0,0.0
1774367735.308068,34.1,1850.40625,0.0,0.0
1774367735.4270148,30.0,1850.8984375,0.0,0.0
1774367735.5473502,26.8,1850.8984375,0.0,0.0
1774367735.6695986,28.2,1850.8984375,0.0,0.0
1774367735.7881722,27.5,1850.8984375,0.0,0.0
1774367735.9105065,25.0,1850.8984375,0.0,0.0
1774367736.0315478,27.5,1850.8984375,0.0,0.0
1774367736.1497624,29.3,1850.8984375,0.0,0.0
1774367736.2719457,27.5,1850.8984375,0.0,0.0
1774367736.3901489,26.8,1850.8984375,0.0,0.0
1774367736.512112,29.3,1850.8984375,0.0,0.0
1774367736.63131,27.5,1850.8984375,0.0,0.0
1774367736.7531083,25.0,1850.8984375,0.0,0.0
1774367736.8716135,30.0,1850.8984375,0.0,0.0
1774367736.9899104,27.5,1850.8984375,0.0,0.0
1774367737.1122484,26.8,1850.8984375,0.0,0.0
1774367737.2320046,27.5,1864.5078125,0.0,0.0
1774367737.361186,55.0,1876.671875,0.0,0.0
1774367737.4908407,100.0,1876.91796875,0.0,0.0
1774367737.60812,100.0,1876.91796875,0.0,0.0
1774367737.7375052,27.5,1876.91796875,0.0,0.0
1774367737.8694,100.0,1877.1640625,0.0,0.0
1774367737.9994998,95.0,1877.1640625,0.0,0.0
1774367738.1288188,100.0,1877.14453125,0.0,0.0
1774367738.2577782,100.0,1877.390625,0.0,0.0
1774367738.3744838,46.3,1877.390625,0.0,0.0
1774367738.4910038,27.5,1877.390625,0.0,0.0
1774367738.6078959,27.5,1877.390625,0.0,0.0
1774367738.7251694,25.0,1877.390625,0.0,0.0
1774367738.8417525,25.0,1877.390625,0.0,0.0
1774367738.9580433,27.5,1877.390625,0.0,0.0
1774367739.0749762,27.5,1877.390625,0.0,0.0
1774367739.1916466,28.6,1877.390625,0.0,0.0
1774367739.3080451,27.5,1877.390625,0.0,0.0
1774367739.4248023,25.6,1877.390625,0.0,0.0
1774367739.5413156,26.8,1877.390625,0.0,0.0
1774367739.6577888,27.5,1877.390625,0.0,0.0
1774367739.774459,26.8,1877.390625,0.0,0.0
1774367739.8916764,25.6,1877.390625,0.0,0.0
1774367740.0082836,27.5,1877.63671875,0.0,0.0
1774367740.124672,28.2,1877.63671875,0.0,0.0
1774367740.2414224,29.3,1877.63671875,0.0,0.0
1774367740.3580017,25.0,1877.63671875,0.0,0.0
1774367740.4743805,25.6,1877.63671875,0.0,0.0
1774367740.5928776,29.3,1877.63671875,0.0,0.0
1774367740.723598,43.6,1877.63671875,0.0,0.0
1774367740.8820963,92.9,1877.63671875,0.0,0.0
1774367741.0127172,90.0,1877.63671875,0.0,0.0
1774367741.1431942,100.0,1877.63671875,0.0,0.0
1774367741.2605052,100.0,1877.63671875,0.0,0.0
1774367741.4009101,37.2,1877.63671875,0.0,0.0
1774367741.531717,100.0,1877.63671875,0.0,0.0
1774367741.6613452,97.4,1877.63671875,0.0,0.0
1774367741.7920988,100.0,1877.63671875,0.0,0.0
1774367741.9137816,100.0,1877.63671875,0.0,0.0
1774367742.03099,25.0,1877.63671875,0.0,0.0
1774367742.1479826,26.8,1877.62890625,0.0,0.0
1774367742.2667732,78.0,1877.62890625,0.0,0.0
1774367742.397447,97.6,1877.62890625,0.0,0.0
1774367742.5273643,80.0,1877.62890625,0.0,0.0
1774367742.649458,100.0,1877.62890625,0.0,0.0
1774367742.7785347,100.0,1877.62890625,0.0,0.0
1774367742.8952076,100.0,1877.62890625,0.0,0.0
1774367743.012167,48.8,1877.62890625,0.0,0.0
1774367743.1292713,25.6,1877.62890625,0.0,0.0
1774367743.2460022,25.0,1877.62890625,0.0,0.0
1774367743.362907,27.5,1877.62890625,0.0,0.0
1774367743.479746,29.3,1877.62890625,0.0,0.0
1774367743.5984676,25.0,1877.62890625,0.0,0.0
1774367743.7150245,25.6,1877.62890625,0.0,0.0
1774367743.8318522,29.3,1877.62890625,0.0,0.0
1774367743.9486318,26.8,1877.62890625,0.0,0.0
1774367744.065328,29.3,1877.62890625,0.0,0.0
1774367744.1822355,25.6,1877.62890625,0.0,0.0
1774367744.2994487,25.0,1877.62890625,0.0,0.0
1774367744.4162023,26.8,1877.62890625,0.0,0.0
1774367744.5330102,27.5,1877.62890625,0.0,0.0
1774367744.6498563,25.6,1877.62890625,0.0,0.0
1774367744.7666125,26.8,1877.62890625,0.0,0.0
1774367744.8832426,27.5,1877.62890625,0.0,0.0
1774367745.000087,26.8,1877.62890625,0.0,0.0
1774367745.116818,25.0,1877.62890625,0.0,0.0
1774367745.247922,65.0,1877.6328125,0.0,0.0
1774367745.426999,80.0,1878.125,0.0,0.0
1774367745.5578206,71.4,1878.125,0.0,0.0
1774367745.6876724,100.0,1878.125,0.0,0.0
1774367745.8039458,100.0,1878.125,0.0,0.0
1774367745.9211643,87.5,1878.37109375,0.0,0.0
1774367746.0384152,25.0,1878.37109375,0.0,0.0
1774367746.1555016,27.5,1878.37109375,0.0,0.0
1774367746.3478906,92.9,1878.37109375,0.0,0.0
1774367746.4781651,90.0,1878.37109375,0.0,0.0
1774367746.6061177,100.0,1878.37109375,0.0,0.0
1774367746.7233312,100.0,1878.37109375,0.0,0.0
1774367746.8445642,27.5,1878.37109375,0.0,0.0
1774367746.9911606,92.5,1878.37109375,0.0,0.0
1774367747.1209202,92.7,1878.37109375,0.0,0.0
1774367747.250284,100.0,1878.37109375,0.0,0.0
1774367747.3807905,100.0,1878.37109375,0.0,0.0
1774367747.4975693,62.5,1878.37109375,0.0,0.0
1774367747.6158528,27.5,1878.37109375,0.0,0.0
1774367747.7326427,26.8,1878.37109375,0.0,0.0
1774367747.8494036,26.8,1878.37109375,0.0,0.0
1774367747.9660673,27.5,1878.37109375,0.0,0.0
1774367748.0830276,27.5,1878.37109375,0.0,0.0
1774367748.2001243,25.0,1878.37109375,0.0,0.0
1774367748.3168576,25.6,1878.37109375,0.0,0.0
1774367748.4337268,27.5,1878.37109375,0.0,0.0
1774367748.550487,27.5,1878.37109375,0.0,0.0
1774367748.6671882,28.6,1878.37109375,0.0,0.0
1774367748.7836218,31.0,1878.37109375,0.0,0.0
1774367748.9003894,27.5,1878.37109375,0.0,0.0
1774367749.0171442,25.0,1878.37109375,0.0,0.0
1774367749.13376,25.6,1878.37109375,0.0,0.0
1774367749.2506342,28.6,1878.37109375,0.0,0.0
1774367749.4335155,82.9,1875.828125,0.0,0.0
1774367749.578012,88.9,1876.23046875,0.0,0.0
1774367749.7082303,100.0,1876.953125,0.0,0.0
1774367749.8380404,100.0,1876.953125,0.0,0.0
1774367749.955636,27.5,1876.953125,0.0,0.0
1774367750.102851,97.6,1876.953125,0.0,0.0
1774367750.2235181,60.0,1877.203125,0.0,0.0
1774367750.358731,25.6,1441.453125,0.0,0.0
1774367750.4887,100.0,1427.76953125,0.0,0.0
1774367750.6220186,100.0,1427.76953125,0.0,0.0
1774367750.7570117,75.0,1427.76953125,0.0,0.0
1774367750.8878913,100.0,1427.76953125,0.0,0.0
1774367751.006847,100.0,1427.76953125,0.0,0.0
1774367751.1598654,76.2,1427.76171875,0.0,0.0
1774367751.2853308,100.0,1427.76171875,0.0,0.0
1774367751.4160995,100.0,1427.76171875,0.0,0.0
1774367751.5499837,70.7,1427.76171875,0.0,0.0
1774367751.6800654,97.5,1427.76171875,0.0,0.0
1774367751.809043,100.0,1427.76171875,0.0,0.0
1774367751.942268,74.4,1427.76171875,0.0,0.0
1774367752.062959,92.9,1428.0078125,0.0,0.0
1774367752.1925251,100.0,1428.0078125,0.0,0.0
1774367752.3118596,89.7,1428.0078125,0.0,0.0
1774367752.434038,97.5,1428.0078125,0.0,0.0
1774367752.5505807,100.0,1428.0078125,0.0,0.0
1774367752.6814532,100.0,1428.0078125,0.0,0.0
1774367752.8282123,69.2,1428.0078125,0.0,0.0
1774367752.95533,100.0,1428.0078125,0.0,0.0
1774367753.0854871,100.0,1428.0078125,0.0,0.0
1774367753.2317307,75.6,1428.0078125,0.0,0.0
1774367753.3631258,100.0,1428.0078125,0.0,0.0
1774367753.4942472,100.0,1428.0078125,0.0,0.0
1774367753.628226,70.7,1428.25390625,0.0,0.0
1774367753.7540917,100.0,1428.25390625,0.0,0.0
1774367753.8877976,100.0,1428.25390625,0.0,0.0
1774367754.0212379,72.5,1428.25390625,0.0,0.0
1774367754.1385007,78.0,1428.25390625,0.0,0.0
1774367754.256422,24.4,1428.2890625,0.046875,5.5703125
1774367754.3738816,15.8,1428.33984375,8.3125,0.50390625
1774367754.49156,10.5,1428.86328125,9.82421875,0.0
1774367754.6093252,17.1,1428.8828125,8.6484375,0.0
1774367754.7268038,15.4,1428.79296875,9.6640625,0.0
1774367754.8446267,17.5,1428.8125,8.93359375,0.0
1774367754.9620318,12.8,1428.84765625,9.2890625,0.0
1774367755.0796869,14.6,1428.5,9.43359375,0.0
1774367755.1969664,15.4,1428.4921875,8.8359375,0.0
1774367755.3145208,15.4,1428.6171875,9.63671875,0.0
1774367755.4318612,12.8,1428.42578125,8.8984375,0.0
1774367755.5491378,17.1,1428.4921875,9.69921875,0.0
1774367755.6665804,19.5,1428.3984375,8.7734375,0.0
1774367755.784235,12.8,1428.3046875,9.69921875,0.0
1774367755.9012015,15.0,1428.6640625,8.8984375,0.0
1774367756.018562,15.0,1428.50390625,9.57421875,0.0
1774367756.1357787,19.0,1428.390625,8.6484375,0.0
1774367756.253175,12.5,1428.41796875,9.69921875,0.0
1774367756.3700774,17.5,1428.5625,8.7734375,0.0
1774367756.4876933,15.4,1428.34765625,9.69921875,0.0
1774367756.6046069,15.0,1428.3671875,8.8984375,0.0
1774367756.7219808,17.1,1428.40234375,9.69921875,0.0
1774367756.8395882,19.5,1428.546875,8.8984375,0.0
1774367756.9578128,12.5,1429.1953125,9.82421875,0.0
1774367757.0753431,12.8,1429.70703125,8.8984375,0.0
1774367757.1925159,13.2,1429.7578125,9.6640625,0.0
1774367757.3101282,15.4,1430.09765625,8.80859375,0.0
1774367757.427744,10.5,1429.9375,9.4140625,0.0
1774367757.5451524,17.5,1430.0390625,9.18359375,0.0
1774367757.6626115,13.2,1430.23828125,9.0546875,0.0
1774367757.7801085,17.5,1430.234375,9.54296875,0.0
1774367757.897336,15.0,1430.296875,8.7109375,0.0
1774367758.0149245,17.1,1430.1171875,9.88671875,0.0
1774367758.133387,15.0,1430.14453125,8.2890625,0.0
1774367758.2523594,26.8,1523.62109375,0.0,0.0
1774367758.3711581,27.5,1619.8671875,0.0,0.0
1774367758.49069,29.3,1720.11328125,0.0,0.0
1774367758.6081846,12.5,1734.1640625,8.80859375,0.0
1774367758.7254987,15.0,1734.0859375,9.4140625,0.0
1774367758.843181,25.6,1770.51953125,0.0,0.0
1774367758.961296,26.8,1822.51953125,0.0,0.0
1774367759.0814793,25.6,1857.93359375,0.0,0.0
1774367759.2021377,29.3,1895.48828125,0.0,0.0
1774367759.3225076,27.5,1934.20703125,0.0,0.0
1774367759.4425347,26.8,1973.5546875,0.0,0.0
1774367759.5623744,29.3,2013.609375,0.0,0.0
1774367759.6805272,31.0,1621.83984375,0.0,0.0
1774367759.8040109,27.5,1484.671875,0.0,0.0
1774367759.9271777,31.7,1585.046875,0.0,0.0
1774367760.0506492,27.5,1685.53125,0.0,0.0
1774367760.1743755,29.3,1785.87109375,0.0,0.0
1774367760.2952678,29.3,1842.7421875,0.0,0.0
1774367760.4279747,32.5,1877.24609375,0.0,0.0
1774367760.5468085,27.5,1877.24609375,0.0,0.0
1774367760.6647267,26.8,1877.24609375,0.0,0.0
1774367760.7828093,27.5,1877.24609375,0.0,0.0
1774367760.901301,31.0,1877.4921875,0.0,0.0
1774367761.0196793,23.7,1877.48828125,0.0,0.0
1774367761.1376374,25.0,1877.734375,0.0,0.0
1774367761.2560554,27.5,1877.734375,0.0,0.0
1774367761.3741968,27.5,1877.734375,0.0,0.0
1774367761.4951665,26.8,1877.734375,0.0,0.0
1774367761.6169958,29.3,1877.734375,0.0,0.0
1774367761.7388587,27.5,1877.98046875,0.0,0.0
1774367761.8569515,27.5,1877.98046875,0.0,0.0
1774367761.9784703,25.0,1877.98046875,0.0,0.0
1774367762.096779,29.3,1877.98046875,0.0,0.0
1774367762.2185013,27.5,1877.98046875,0.0,0.0
1774367762.3363602,27.5,1877.98046875,0.0,0.0
1774367762.4546027,30.0,1877.98046875,0.0,0.0
1774367762.5760477,27.5,1877.98046875,0.0,0.0
1774367762.694186,25.0,1877.98046875,0.0,0.0
1774367762.8150923,29.3,1877.98046875,0.0,0.0
1774367762.9319623,29.3,1877.98046875,0.0,0.0
1774367763.062756,97.5,1877.98046875,0.0,0.0
1774367763.1799777,100.0,1877.98046875,0.0,0.0
1774367763.2984626,32.5,1877.98046875,0.0,0.0
1774367763.4153507,100.0,1877.98046875,0.0,0.0
1774367763.5580342,100.0,1877.98046875,0.0,0.0
1774367763.6783054,100.0,1877.98046875,0.0,0.0
1774367763.7950845,25.6,1877.98046875,0.0,0.0
1774367763.9118369,27.5,1877.98046875,0.0,0.0
1774367764.0284147,26.3,1877.98046875,0.0,0.0
1774367764.1452665,25.6,1877.98046875,0.0,0.0
1774367764.2622461,25.0,1877.98046875,0.0,0.0
1774367764.378989,26.8,1877.98046875,0.0,0.0
1774367764.495897,27.5,1877.98046875,0.0,0.0
1774367764.6126275,26.8,1877.98046875,0.0,0.0
1774367764.7294438,25.6,1877.98046875,0.0,0.0
1774367764.8759584,37.5,1877.98046875,0.0,0.0
1774367765.0061262,100.0,1877.98046875,0.0,0.0
1774367765.1361089,100.0,1877.98046875,0.0,0.0
1774367765.2531877,95.1,1877.98046875,0.0,0.0
1774367765.4015436,52.5,1877.98046875,0.0,0.0
1774367765.5313854,100.0,1877.98046875,0.0,0.0
1774367765.6620152,100.0,1877.98046875,0.0,0.0
1774367765.786687,100.0,1877.98046875,0.0,0.0
1774367765.9039397,25.6,1877.98046875,0.0,0.0
1774367766.0826194,78.0,1877.98046875,0.0,0.0
1774367766.2116444,83.3,1877.984375,0.0,0.0
1774367766.340784,100.0,1877.984375,0.0,0.0
1774367766.4706764,100.0,1877.984375,0.0,0.0
1774367766.6004813,100.0,1877.984375,0.0,0.0
1774367766.7169528,64.1,1877.9765625,0.0,0.0
1774367766.833557,25.6,1877.9765625,0.0,0.0
1774367766.9501295,25.0,1877.9765625,0.0,0.0
1774367767.066689,27.5,1877.9765625,0.0,0.0
1774367767.1832917,29.3,1878.22265625,0.0,0.0
1774367767.2998812,25.0,1878.22265625,0.0,0.0
1774367767.416211,29.3,1878.22265625,0.0,0.0
1774367767.532827,25.6,1878.22265625,0.0,0.0
1774367767.6497674,25.0,1878.22265625,0.0,0.0
1774367767.7662554,25.0,1878.22265625,0.0,0.0
1774367767.883057,27.5,1878.22265625,0.0,0.0
1774367767.99959,27.5,1878.22265625,0.0,0.0
1774367768.1160665,26.8,1878.22265625,0.0,0.0
1774367768.23232,27.5,1878.22265625,0.0,0.0
1774367768.348982,27.5,1878.22265625,0.0,0.0
1774367768.4655766,25.6,1878.22265625,0.0,0.0
1774367768.5819855,27.5,1878.22265625,0.0,0.0
1774367768.698661,25.6,1878.22265625,0.0,0.0
1774367768.8156354,26.8,1878.22265625,0.0,0.0
1774367768.9320955,25.0,1878.22265625,0.0,0.0
1774367769.0490012,27.5,1878.22265625,0.0,0.0
1774367769.1655586,27.5,1878.22265625,0.0,0.0
1774367769.28207,25.0,1878.22265625,0.0,0.0
1774367769.3984177,27.5,1878.22265625,0.0,0.0
1774367769.5150883,29.3,1878.22265625,0.0,0.0
1774367769.631696,26.8,1878.22265625,0.0,0.0
1774367769.7632735,73.2,1878.22265625,0.0,0.0
1774367769.9238672,87.5,1878.71484375,0.0,0.0
1774367770.045325,69.2,1878.71484375,0.0,0.0
1774367770.1751318,100.0,1878.71875,0.0,0.0
1774367770.3041942,100.0,1878.71875,0.0,0.0
1774367770.420757,76.9,1878.71875,0.0,0.0
1774367770.5507174,25.6,1878.71875,0.0,0.0
1774367770.7140427,100.0,1878.71875,0.0,0.0
1774367770.8436668,92.7,1878.71875,0.0,0.0
1774367770.9737551,100.0,1878.71875,0.0,0.0
1774367771.0909028,100.0,1878.72265625,0.0,0.0
1774367771.2333581,36.4,1878.72265625,0.0,0.0
1774367771.3646636,100.0,1878.72265625,0.0,0.0
1774367771.4949915,97.5,1878.72265625,0.0,0.0
1774367771.6164236,100.0,1878.72265625,0.0,0.0
1774367771.741155,100.0,1878.72265625,0.0,0.0
1774367771.8577347,43.9,1878.72265625,0.0,0.0
1774367771.974167,27.5,1878.72265625,0.0,0.0
1774367772.0912654,25.0,1878.96875,0.0,0.0
1774367772.2079573,26.8,1878.96484375,0.0,0.0
1774367772.324379,25.6,1878.96484375,0.0,0.0
1774367772.4411542,27.5,1878.96484375,0.0,0.0
1774367772.5578425,26.8,1878.96484375,0.0,0.0
1774367772.6743574,30.0,1878.96484375,0.0,0.0
1774367772.7911599,27.5,1878.96484375,0.0,0.0
1774367772.908462,26.8,1878.96484375,0.0,0.0
1774367773.0251014,25.0,1878.96484375,0.0,0.0
1774367773.1414669,27.5,1878.96484375,0.0,0.0
1774367773.2582507,27.5,1878.96484375,0.0,0.0
1774367773.374899,25.6,1878.96484375,0.0,0.0
1774367773.49125,30.0,1878.96484375,0.0,0.0
1774367773.608063,27.5,1878.96484375,0.0,0.0
1774367773.7245615,26.8,1878.96484375,0.0,0.0
1774367773.8410516,29.3,1878.96484375,0.0,0.0
1774367773.9723732,65.0,1878.96484375,0.0,0.0
1774367774.1198914,92.5,1878.96484375,0.0,0.0
1774367774.23708,87.5,1878.96484375,0.0,0.0
1774367774.3668659,100.0,1878.96484375,0.0,0.0
1774367774.484316,100.0,1878.96484375,0.0,0.0
1774367774.624696,34.9,1878.96484375,0.0,0.0
1774367774.7559843,100.0,1878.96484375,0.0,0.0
1774367774.8753622,35.0,1878.96484375,0.0,0.0
1774367775.005092,36.6,1428.9453125,0.0,0.0
1774367775.135015,100.0,1428.921875,0.0,0.0
1774367775.264482,100.0,1428.921875,0.0,0.0
1774367775.382029,70.0,1428.921875,0.0,0.0
1774367775.513856,97.6,1428.921875,0.0,0.0
1774367775.6475675,100.0,1428.921875,0.0,0.0
1774367775.7813015,75.0,1428.921875,0.0,0.0
1774367775.912043,97.5,1428.921875,0.0,0.0
1774367776.0419612,100.0,1428.6796875,0.0,0.0
1774367776.1735692,78.0,1428.6875,0.0,0.0
1774367776.3066921,97.4,1428.6875,0.0,0.0
1774367776.4396918,100.0,1428.6875,0.0,0.0
1774367776.5664623,78.0,1428.6875,0.0,0.0
1774367776.6867917,95.1,1428.6875,0.0,0.0
1774367776.8178577,100.0,1428.6875,0.0,0.0
1774367776.9482133,88.1,1428.6875,0.0,0.0
1774367777.0810723,97.4,1428.6875,0.0,0.0
1774367777.2115853,100.0,1428.6875,0.0,0.0
1774367777.349054,90.2,1428.6875,0.0,0.0
1774367777.4804513,95.1,1428.6875,0.0,0.0
1774367777.612188,100.0,1428.6875,0.0,0.0
1774367777.7315872,89.7,1428.6875,0.0,0.0
1774367777.8626807,92.5,1428.6875,0.0,0.0
1774367777.9925077,100.0,1428.6875,0.0,0.0
1774367778.1242192,100.0,1428.6875,0.0,0.0
1774367778.2622123,75.6,1428.6875,0.0,0.0
1774367778.3918216,100.0,1428.6875,0.0,0.0
1774367778.523569,100.0,1428.6875,0.0,0.0
1774367778.6513438,80.0,1428.6875,0.0,0.0
1774367778.7810068,51.3,1428.6875,0.0,0.0
1774367778.8986645,23.1,1428.8046875,2.66015625,6.07421875
1774367779.0160947,17.5,1428.578125,9.5390625,0.0
1774367779.133554,15.0,1427.7734375,9.05859375,0.0
1774367779.2509005,17.5,1428.046875,9.1640625,0.0
1774367779.3686426,17.5,1428.01953125,9.18359375,0.0
1774367779.4859917,12.8,1428.140625,9.0859375,0.0
1774367779.603367,17.5,1428.078125,9.51171875,0.0
1774367779.7210166,15.0,1427.953125,8.7109375,0.0
1774367779.838688,12.5,1428.01171875,9.88671875,0.0
1774367779.9559953,14.6,1428.04296875,8.8984375,0.0
1774367780.0735986,13.2,1427.8203125,9.69921875,0.0
1774367780.1907213,13.2,1428.015625,8.6484375,0.0
1774367780.308071,17.1,1428.0625,9.82421875,0.0
1774367780.4249203,21.4,1428.1015625,8.6484375,0.0
1774367780.54251,15.0,1427.93359375,9.82421875,0.0
1774367780.659551,17.1,1427.80078125,8.6484375,0.0
1774367780.7768114,19.5,1428.16015625,9.57421875,0.0
1774367780.8942187,15.4,1428.078125,8.7734375,0.0
1774367781.0118973,12.5,1428.21484375,9.82421875,0.0
1774367781.1290653,12.5,1428.17578125,8.7734375,0.0
1774367781.2466936,17.1,1427.93359375,9.82421875,0.0
1774367781.3641849,17.1,1427.87890625,8.7734375,0.0
1774367781.4817011,10.5,1427.8671875,9.82421875,0.0
1774367781.5989985,19.5,1427.8359375,8.7734375,0.0
1774367781.716568,14.6,1427.83203125,9.6640625,0.0
1774367781.8340738,15.0,1427.80859375,8.93359375,0.0
1774367781.951389,17.5,1428.13671875,9.2890625,0.0
1774367782.0690322,17.5,1428.5625,9.30859375,0.0
1774367782.1863832,10.3,1428.65625,8.9609375,0.0
1774367782.3038294,17.1,1428.83984375,9.63671875,0.0
1774367782.4213412,17.5,1428.7109375,8.8984375,0.0
1774367782.539047,12.8,1428.7734375,9.69921875,0.0
1774367782.6563783,14.6,1428.96484375,8.8984375,0.0
1774367782.7752595,20.0,1458.5390625,5.33984375,0.0
1774367782.8947525,31.0,1556.5390625,0.0,0.0
1774367783.013779,25.0,1650.78515625,0.0,0.0
1774367783.1308293,28.6,1733.16015625,1.734375,0.0
1774367783.2484386,17.1,1732.8125,9.57421875,0.0
1774367783.366932,17.1,1732.8671875,6.9140625,0.0
1774367783.4846535,29.3,1784.8359375,0.0,0.0
1774367783.6046138,26.3,1825.48046875,0.0,0.0
1774367783.7254498,25.0,1865.65625,0.0,0.0
1774367783.8453627,25.6,1901.94921875,0.0,0.0
1774367783.9645138,30.0,1937.4921875,0.0,0.0
1774367784.0841787,27.5,1975.04296875,0.0,0.0
1774367784.2039464,26.8,2009.59765625,0.0,0.0
1774367784.3227315,30.0,2033.734375,0.0,0.0
1774367784.4468143,31.7,1461.1640625,0.0,0.0
1774367784.5710754,29.3,1563.1640625,0.0,0.0
1774367784.6944165,25.6,1665.6484375,0.0,0.0
1774367784.8177445,31.0,1763.89453125,0.0,0.0
1774367784.939033,30.0,1842.8984375,0.0,0.0
1774367785.0727859,28.6,1876.71875,0.0,0.0
1774367785.1912692,28.2,1877.42578125,0.0,0.0
1774367785.3095732,29.3,1877.42578125,0.0,0.0
1774367785.428051,25.0,1877.42578125,0.0,0.0
1774367785.5461166,25.6,1877.42578125,0.0,0.0
1774367785.6646016,28.2,1877.42578125,0.0,0.0
1774367785.7829592,27.5,1877.42578125,0.0,0.0
1774367785.9016397,25.0,1877.42578125,0.0,0.0
1774367786.0195625,29.3,1877.42578125,0.0,0.0
1774367786.1412723,27.5,1877.42578125,0.0,0.0
1774367786.25939,27.5,1877.42578125,0.0,0.0
1774367786.3770857,28.2,1877.42578125,0.0,0.0
1774367786.4996798,31.7,1877.671875,0.0,0.0
1774367786.6180336,27.5,1877.671875,0.0,0.0
1774367786.7393048,25.6,1877.671875,0.0,0.0
1774367786.857394,25.6,1877.671875,0.0,0.0
1774367786.9790688,27.5,1877.671875,0.0,0.0
1774367787.0968304,28.6,1877.6640625,0.0,0.0
1774367787.218353,29.3,1877.6640625,0.0,0.0
1774367787.3372498,31.0,1877.6640625,0.0,0.0
1774367787.4556088,25.0,1877.6640625,0.0,0.0
1774367787.5770204,25.6,1877.6640625,0.0,0.0
1774367787.6949646,27.5,1877.6640625,0.0,0.0
1774367787.8249915,65.9,1877.6640625,0.0,0.0
1774367787.955258,100.0,1877.6640625,0.0,0.0
1774367788.072624,100.0,1877.6640625,0.0,0.0
1774367788.2312622,26.8,1877.6640625,0.0,0.0
1774367788.3615422,100.0,1877.6640625,0.0,0.0
1774367788.4919925,97.5,1877.6640625,0.0,0.0
1774367788.621516,100.0,1877.6640625,0.0,0.0
1774367788.7408018,100.0,1877.91015625,0.0,0.0
1774367788.8574247,26.8,1877.91015625,0.0,0.0
1774367788.9738104,25.6,1877.91015625,0.0,0.0
1774367789.0905113,27.5,1877.91015625,0.0,0.0
1774367789.2071474,26.8,1877.91015625,0.0,0.0
1774367789.3234785,29.3,1877.91015625,0.0,0.0
1774367789.4401329,26.8,1877.91015625,0.0,0.0
1774367789.5568202,25.0,1877.91015625,0.0,0.0
1774367789.6732962,27.5,1877.91015625,0.0,0.0
1774367789.7900677,27.5,1877.91015625,0.0,0.0
1774367789.907483,25.0,1877.91015625,0.0,0.0
1774367790.024138,25.0,1877.91015625,0.0,0.0
1774367790.140463,27.5,1877.91015625,0.0,0.0
1774367790.257112,28.6,1877.91015625,0.0,0.0
1774367790.3737633,25.0,1877.91015625,0.0,0.0
1774367790.4902587,29.3,1877.91015625,0.0,0.0
1774367790.6069794,25.6,1877.91015625,0.0,0.0
1774367790.723723,26.8,1877.91015625,0.0,0.0
1774367790.8402638,25.6,1877.91015625,0.0,0.0
1774367790.9716973,62.5,1877.91015625,0.0,0.0
1774367791.1090586,95.0,1877.91015625,0.0,0.0
1774367791.239514,87.5,1878.15625,0.0,0.0
1774367791.3691678,100.0,1878.15625,0.0,0.0
1774367791.4865532,95.0,1878.15625,0.0,0.0
1774367791.619104,39.0,1878.15625,0.0,0.0
1774367791.7501633,100.0,1878.15625,0.0,0.0
1774367791.866523,95.1,1878.15625,0.0,0.0
1774367791.9958663,100.0,1878.40234375,0.0,0.0
1774367792.125649,100.0,1878.39453125,0.0,0.0
1774367792.2432141,35.0,1878.39453125,0.0,0.0
1774367792.3601995,25.0,1878.39453125,0.0,0.0
1774367792.491563,67.5,1878.39453125,0.0,0.0
1774367792.6231718,97.4,1878.39453125,0.0,0.0
1774367792.7531724,74.4,1878.39453125,0.0,0.0
1774367792.8820174,100.0,1878.39453125,0.0,0.0
1774367792.9984584,100.0,1878.39453125,0.0,0.0
1774367793.127179,100.0,1878.39453125,0.0,0.0
1774367793.2437062,42.5,1878.39453125,0.0,0.0
1774367793.3605204,29.3,1878.39453125,0.0,0.0
1774367793.4771926,26.8,1878.39453125,0.0,0.0
1774367793.5939353,25.6,1879.1328125,0.0,0.0
1774367793.7106757,27.5,1879.625,0.0,0.0
1774367793.8281636,29.3,1879.625,0.0,0.0
1774367793.9448466,25.0,1879.625,0.0,0.0
1774367794.0612726,29.3,1879.625,0.0,0.0
1774367794.1780112,27.5,1879.625,0.0,0.0
1774367794.294786,26.8,1879.62890625,0.0,0.0
1774367794.4112942,27.5,1879.875,0.0,0.0
1774367794.528123,25.6,1879.875,0.0,0.0
1774367794.644824,25.0,1879.875,0.0,0.0
1774367794.7614746,25.6,1879.875,0.0,0.0
1774367794.878269,27.5,1879.875,0.0,0.0
1774367794.9953604,25.0,1879.875,0.0,0.0
1774367795.1120324,26.8,1879.875,0.0,0.0
1774367795.2283807,27.5,1879.875,0.0,0.0
1774367795.3451328,29.3,1879.875,0.0,0.0
1774367795.4619339,25.0,1879.875,0.0,0.0
1774367795.578447,27.5,1879.875,0.0,0.0
1774367795.6974597,85.4,1880.12109375,0.0,0.0
1774367795.869919,80.5,1880.12109375,0.0,0.0
1774367795.9995222,70.7,1880.12109375,0.0,0.0
1774367796.1300075,100.0,1880.12109375,0.0,0.0
1774367796.2463493,100.0,1880.12109375,0.0,0.0
1774367796.3632789,85.0,1880.12109375,0.0,0.0
1774367796.4804788,29.3,1880.12109375,0.0,0.0
1774367796.6211376,26.8,1880.12109375,0.0,0.0
1774367796.7947304,97.6,1880.12109375,0.0,0.0
1774367796.9249218,90.5,1880.12109375,0.0,0.0
1774367797.0415916,100.0,1880.12109375,0.0,0.0
1774367797.1588013,100.0,1880.12109375,0.0,0.0
1774367797.3041904,37.8,1880.12109375,0.0,0.0
1774367797.4348261,100.0,1880.12109375,0.0,0.0
1774367797.5638096,95.1,1880.12109375,0.0,0.0
1774367797.6938157,100.0,1880.12109375,0.0,0.0
1774367797.8227754,100.0,1880.61328125,0.0,0.0
1774367797.9398847,38.1,1880.61328125,0.0,0.0
1774367798.0567853,25.0,1880.61328125,0.0,0.0
1774367798.173301,27.5,1880.61328125,0.0,0.0
1774367798.2901278,25.6,1880.61328125,0.0,0.0
1774367798.4069076,25.6,1880.61328125,0.0,0.0
1774367798.523542,27.5,1880.61328125,0.0,0.0
1774367798.6403663,25.6,1880.61328125,0.0,0.0
1774367798.7574756,25.0,1880.61328125,0.0,0.0
1774367798.8742487,26.8,1880.61328125,0.0,0.0
1774367798.9909642,27.5,1880.61328125,0.0,0.0
1774367799.1078212,27.5,1880.61328125,0.0,0.0
1774367799.2245593,25.6,1880.61328125,0.0,0.0
1774367799.3410244,27.5,1880.61328125,0.0,0.0
1774367799.457835,25.6,1880.61328125,0.0,0.0
1774367799.574561,25.0,1880.61328125,0.0,0.0
1774367799.7056952,75.0,1880.61328125,0.0,0.0
1774367799.8415902,97.4,1880.61328125,0.0,0.0
1774367799.9707353,87.8,1880.61328125,0.0,0.0
1774367800.100883,100.0,1880.859375,0.0,0.0
1774367800.2184002,85.0,1880.859375,0.0,0.0
1774367800.348375,48.8,1880.859375,0.0,0.0
1774367800.4761355,100.0,1880.859375,0.0,0.0
1774367800.594898,27.5,1880.859375,0.0,0.0
1774367800.727914,56.1,1430.9296875,0.0,0.0
1774367800.8500445,100.0,1431.17578125,0.0,0.0
1774367800.969737,92.7,1431.17578125,0.0,0.0
1774367801.1066885,94.9,1431.17578125,0.0,0.0
1774367801.2364614,100.0,1431.12890625,0.0,0.0
1774367801.3642151,100.0,1431.12890625,0.0,0.0
1774367801.4974833,79.5,1431.12890625,0.0,0.0
1774367801.6147451,100.0,1431.12890625,0.0,0.0
1774367801.745645,100.0,1431.12890625,0.0,0.0
1774367801.8902013,72.5,1431.12890625,0.0,0.0
1774367802.0118122,100.0,1431.12890625,0.0,0.0
1774367802.1489294,100.0,1431.12890625,0.0,0.0
1774367802.2863615,75.0,1431.12890625,0.0,0.0
1774367802.4118648,100.0,1431.12890625,0.0,0.0
1774367802.5440402,100.0,1431.12890625,0.0,0.0
1774367802.6780918,75.0,1431.12890625,0.0,0.0
1774367802.8035088,100.0,1431.12890625,0.0,0.0
1774367802.920172,100.0,1431.12890625,0.0,0.0
1774367803.0531526,87.8,1431.12890625,0.0,0.0
1774367803.1860387,97.5,1431.12890625,0.0,0.0
1774367803.3167188,100.0,1431.12890625,0.0,0.0
1774367803.4362264,92.3,1431.12890625,0.0,0.0
1774367803.571112,95.1,1431.12890625,0.0,0.0
1774367803.7008483,100.0,1431.12890625,0.0,0.0
1774367803.8216407,100.0,1431.12890625,0.0,0.0
1774367803.961751,82.5,1431.12890625,0.0,0.0
1774367804.091255,100.0,1431.12890625,0.0,0.0
1774367804.2227826,100.0,1431.12890625,0.0,0.0
1774367804.3527775,82.9,1431.12890625,0.0,0.0
1774367804.4697187,43.6,1431.12890625,0.0,0.0
1774367804.587268,25.0,1431.13671875,3.41015625,6.07421875
1774367804.7046564,15.0,1431.29296875,8.8359375,0.0
1774367804.822066,17.1,1431.06640625,9.63671875,0.0
1774367804.9394975,19.0,1430.9296875,8.5859375,0.0
1774367805.057248,15.0,1430.8671875,9.88671875,0.0
1774367805.1744561,14.6,1431.03515625,8.8984375,0.0
1774367805.2918403,19.5,1430.9375,9.69921875,0.0
1774367805.4090786,12.8,1431.22265625,8.7734375,0.0
1774367805.5264738,12.8,1431.1171875,9.82421875,0.0
1774367805.6433754,20.0,1431.1640625,8.7734375,0.0
1774367805.7609885,19.0,1431.546875,9.57421875,0.0
1774367805.880381,15.0,1431.3515625,9.1484375,0.0
1774367805.9977937,10.5,1431.3515625,9.69921875,0.0
1774367806.1153324,17.1,1431.66796875,8.8984375,0.0
1774367806.233026,10.5,1431.65625,9.69921875,0.0
1774367806.3503764,15.0,1431.74609375,8.8984375,0.0
1774367806.4677587,13.2,1431.7421875,9.6640625,0.0
1774367806.58543,15.0,1431.58984375,8.80859375,0.0
1774367806.7027795,12.8,1431.921875,9.4140625,0.0
1774367806.8202534,19.5,1431.859375,9.18359375,0.0
1774367806.937764,15.0,1432.24609375,9.0859375,0.0
1774367807.0577917,14.6,1432.1640625,9.76171875,0.0
1774367807.1750448,16.7,1432.4921875,8.7734375,0.0
1774367807.2926924,17.1,1432.8046875,9.69921875,0.0
1774367807.4098232,17.1,1433.91015625,8.6484375,0.0
1774367807.527221,17.1,1433.9296875,9.82421875,0.0
1774367807.6442392,15.0,1434.328125,8.6484375,0.0
1774367807.761752,12.8,1434.59765625,9.82421875,0.0
1774367807.878787,12.8,1434.41796875,8.7734375,0.0
1774367807.9962206,17.5,1434.5546875,9.69921875,0.0
1774367808.11351,17.5,1434.3828125,8.7734375,0.0
1774367808.231728,15.0,1434.27734375,9.69921875,0.0
1774367808.348972,17.5,1434.09375,8.8984375,0.0
1774367808.4682465,23.8,1473.3828125,4.33984375,0.0
1774367808.5881188,23.7,1573.62890625,0.0,0.0
1774367808.7071245,25.0,1671.62890625,0.0,0.0
1774367808.824487,25.0,1737.69140625,3.609375,0.0
1774367808.9429703,17.9,1738.16796875,8.5859375,0.0
1774367809.0627124,23.8,1735.7265625,6.02734375,0.0
1774367809.1827416,31.7,1770.921875,0.0,0.0
1774367809.3032866,31.0,1799.74609375,0.0,0.0
1774367809.4224563,25.0,1823.2109375,0.0,0.0
1774367809.543409,30.0,1856.296875,0.0,0.0
1774367809.664357,28.2,1879.3125,0.0,0.0
1774367809.7852602,23.1,1907.515625,0.0,0.0
1774367809.9061594,25.6,1931.79296875,0.0,0.0
1774367810.0259755,31.0,1964.3125,0.0,0.0
1774367810.1459658,27.5,1997.8984375,0.0,0.0
1774367810.2654536,23.1,2031.890625,0.0,0.0
1774367810.3882132,27.5,1436.0078125,0.0,0.0
1774367810.512264,29.3,1536.21484375,0.0,0.0
1774367810.6365407,25.0,1640.21484375,0.0,0.0
1774367810.7598088,26.8,1740.4609375,0.0,0.0
1774367810.880982,28.2,1818.109375,0.0,0.0
1774367811.020717,28.2,1870.26953125,0.0,0.0
1774367811.1393101,25.6,1876.94921875,0.0,0.0
1774367811.2574897,30.0,1877.44140625,0.0,0.0
1774367811.3760505,25.6,1877.44140625,0.0,0.0
1774367811.4945395,25.0,1877.44140625,0.0,0.0
1774367811.612686,28.6,1877.44140625,0.0,0.0
1774367811.7309399,27.5,1877.6875,0.0,0.0
1774367811.8493102,31.0,1877.6875,0.0,0.0
1774367811.9671779,25.6,1877.93359375,0.0,0.0
1774367812.085734,31.7,1878.171875,0.0,0.0
1774367812.2038755,29.3,1878.17578125,0.0,0.0
1774367812.3215716,25.0,1878.17578125,0.0,0.0
1774367812.4401941,29.3,1878.17578125,0.0,0.0
1774367812.5581663,27.5,1878.17578125,0.0,0.0
1774367812.6764772,25.0,1878.17578125,0.0,0.0
1774367812.7946086,25.0,1878.17578125,0.0,0.0
1774367812.912572,31.0,1878.17578125,0.0,0.0
1774367813.0312955,27.5,1878.17578125,0.0,0.0
1774367813.1491876,27.5,1878.17578125,0.0,0.0
1774367813.2694035,28.2,1884.39453125,0.0,0.0
1774367813.3894837,27.5,1913.83984375,0.0,0.0
1774367813.507289,25.6,1915.0703125,0.0,0.0
1774367813.6339445,47.5,1925.34375,0.0,0.0
1774367813.7590702,100.0,1925.55078125,0.0,0.0
1774367813.884936,100.0,1925.55078125,0.0,0.0
1774367814.0021825,35.0,1925.796875,0.0,0.0
1774367814.1553948,92.9,1926.23828125,0.0,0.0
1774367814.289486,95.0,1926.23828125,0.0,0.0
1774367814.419991,100.0,1926.23828125,0.0,0.0
1774367814.548768,100.0,1926.23828125,0.0,0.0
1774367814.6657987,42.5,1926.23828125,0.0,0.0
1774367814.782408,26.8,1926.23828125,0.0,0.0
1774367814.8993359,27.5,1926.23828125,0.0,0.0
1774367815.0160017,27.5,1926.23828125,0.0,0.0
1774367815.13264,27.5,1926.23828125,0.0,0.0
1774367815.2489545,26.3,1926.484375,0.0,0.0
1774367815.3656476,27.5,1926.484375,0.0,0.0
1774367815.4823525,25.0,1926.484375,0.0,0.0
1774367815.5989022,27.5,1926.484375,0.0,0.0
1774367815.715712,27.5,1926.484375,0.0,0.0
1774367815.8328042,25.0,1926.484375,0.0,0.0
1774367815.949364,26.8,1926.484375,0.0,0.0
1774367816.0660713,27.5,1926.484375,0.0,0.0
1774367816.1827304,27.5,1926.484375,0.0,0.0
1774367816.2993958,26.8,1926.484375,0.0,0.0
1774367816.4158957,27.5,1926.484375,0.0,0.0
1774367816.5326927,26.8,1926.484375,0.0,0.0
1774367816.6493433,25.0,1926.484375,0.0,0.0
1774367816.7658105,29.3,1926.484375,0.0,0.0
1774367816.8825135,27.5,1926.484375,0.0,0.0
1774367817.0156007,42.9,1926.484375,0.0,0.0
1774367817.1810255,89.5,1926.484375,0.0,0.0
1774367817.3114877,89.7,1926.484375,0.0,0.0
1774367817.432942,100.0,1926.73046875,0.0,0.0
1774367817.5498996,100.0,1926.9765625,0.0,0.0
1774367817.6923072,38.6,1926.9765625,0.0,0.0
1774367817.8108203,100.0,1926.9765625,0.0,0.0
1774367817.9404137,95.2,1926.9765625,0.0,0.0
1774367818.0706165,100.0,1926.9765625,0.0,0.0
1774367818.200115,100.0,1926.9765625,0.0,0.0
1774367818.3187635,34.1,1926.9765625,0.0,0.0
1774367818.4359345,31.0,1926.9765625,0.0,0.0
1774367818.563801,56.4,1926.9765625,0.0,0.0
1774367818.695818,100.0,1927.22265625,0.0,0.0
1774367818.8185441,82.1,1927.22265625,0.0,0.0
1774367818.9456937,100.0,1927.22265625,0.0,0.0
1774367819.07506,100.0,1927.22265625,0.0,0.0
1774367819.203708,100.0,1927.4765625,0.0,0.0
1774367819.3201096,46.2,1927.4765625,0.0,0.0
1774367819.4367785,25.6,1927.4765625,0.0,0.0
1774367819.5534596,27.5,1927.4765625,0.0,0.0
1774367819.6697867,27.5,1927.4765625,0.0,0.0
1774367819.7864535,29.3,1927.4765625,0.0,0.0
1774367819.9029639,25.0,1927.4765625,0.0,0.0
1774367820.0194037,29.3,1927.4765625,0.0,0.0
1774367820.1362398,27.5,1927.4765625,0.0,0.0
1774367820.2533007,25.0,1927.4765625,0.0,0.0
1774367820.3699653,25.0,1927.4765625,0.0,0.0
1774367820.4863565,27.5,1927.4765625,0.0,0.0
1774367820.6030512,27.5,1927.4765625,0.0,0.0
1774367820.719705,25.0,1927.4765625,0.0,0.0
1774367820.8361716,29.3,1927.4765625,0.0,0.0
1774367820.9529192,27.5,1927.4765625,0.0,0.0
1774367821.0698416,27.5,1924.16015625,0.0,0.0
1774367821.1863596,25.0,1924.55859375,0.0,0.0
1774367821.3031483,27.5,1925.54296875,0.0,0.0
1774367821.4207962,26.8,1926.03515625,0.0,0.0
1774367821.5373423,25.0,1926.03515625,0.0,0.0
1774367821.6537845,29.3,1926.03515625,0.0,0.0
1774367821.7705328,27.5,1926.28125,0.0,0.0
1774367821.8870256,27.5,1926.28125,0.0,0.0
1774367822.003426,27.5,1926.52734375,0.0,0.0
1774367822.1202657,25.6,1926.52734375,0.0,0.0
1774367822.2371285,26.8,1926.52734375,0.0,0.0
1774367822.3536649,27.5,1926.52734375,0.0,0.0
1774367822.4976065,34.9,1926.52734375,0.0,0.0
1774367822.7063334,72.5,1926.52734375,0.0,0.0
1774367822.8230639,72.5,1926.52734375,0.0,0.0
1774367822.9393435,100.0,1926.52734375,0.0,0.0
1774367823.0845306,100.0,1926.52734375,0.0,0.0
1774367823.2137644,100.0,1926.52734375,0.0,0.0
1774367823.3307087,25.0,1926.53125,0.0,0.0
1774367823.4480689,29.3,1926.53125,0.0,0.0
1774367823.5790887,70.7,1926.53125,0.0,0.0
1774367823.7123187,100.0,1926.53125,0.0,0.0
1774367823.8416424,90.0,1926.53125,0.0,0.0
1774367823.970908,100.0,1926.53125,0.0,0.0
1774367824.0883634,87.2,1926.77734375,0.0,0.0
1774367824.2158544,43.6,1926.77734375,0.0,0.0
1774367824.3441882,100.0,1926.77734375,0.0,0.0
1774367824.4737985,97.5,1926.77734375,0.0,0.0
1774367824.6033168,100.0,1926.77734375,0.0,0.0
1774367824.7330096,100.0,1926.77734375,0.0,0.0
1774367824.8500824,27.5,1926.77734375,0.0,0.0
1774367824.9671314,27.5,1926.77734375,0.0,0.0
1774367825.0845125,29.3,1926.77734375,0.0,0.0
1774367825.2032301,53.7,1926.77734375,0.0,0.0
1774367825.3661444,97.5,1926.77734375,0.0,0.0
1774367825.4957414,89.7,1926.77734375,0.0,0.0
1774367825.6180155,100.0,1926.77734375,0.0,0.0
1774367825.735254,95.0,1926.77734375,0.0,0.0
1774367825.8723328,34.1,1926.77734375,0.0,0.0
1774367826.0032291,100.0,1926.77734375,0.0,0.0
1774367826.1224556,42.5,1927.26953125,0.0,0.0
1774367826.2665474,37.2,1479.16015625,0.0,0.0
1774367826.3977835,100.0,1479.16015625,0.0,0.0
1774367826.5313678,85.4,1479.16015625,0.0,0.0
1774367826.664096,100.0,1479.16015625,0.0,0.0
1774367826.7804744,100.0,1479.16015625,0.0,0.0
1774367826.8993618,100.0,1479.16015625,0.0,0.0
1774367827.0344343,85.4,1479.16015625,0.0,0.0
1774367827.1640053,100.0,1479.14453125,0.0,0.0
1774367827.2959182,100.0,1479.14453125,0.0,0.0
1774367827.4322417,77.5,1479.14453125,0.0,0.0
1774367827.562819,100.0,1479.14453125,0.0,0.0
1774367827.6948113,100.0,1479.14453125,0.0,0.0
1774367827.8320038,80.5,1479.14453125,0.0,0.0
1774367827.9629743,100.0,1479.14453125,0.0,0.0
1774367828.0948746,100.0,1479.14453125,0.0,0.0
1774367828.2278807,81.0,1479.14453125,0.0,0.0
1774367828.3540695,100.0,1479.390625,0.0,0.0
1774367828.4850318,100.0,1479.390625,0.0,0.0
1774367828.6187208,80.0,1479.390625,0.0,0.0
1774367828.7608654,100.0,1479.390625,0.0,0.0
1774367828.8912482,100.0,1479.390625,0.0,0.0
1774367829.0263078,82.5,1479.390625,0.0,0.0
1774367829.1565292,100.0,1479.390625,0.0,0.0
1774367829.2956622,100.0,1479.390625,0.0,0.0
1774367829.43035,80.0,1479.63671875,0.0,0.0
1774367829.5539374,100.0,1479.63671875,0.0,0.0
1774367829.6871178,100.0,1479.63671875,0.0,0.0
1774367829.8411934,82.2,1479.63671875,0.0,0.0
1774367829.9582286,58.5,1479.63671875,0.0,0.0
1774367830.0752823,25.0,1478.50390625,1.5390625,6.07421875
1774367830.1927185,14.6,1478.46484375,9.69921875,0.0
1774367830.3097517,15.4,1478.64453125,8.7734375,0.0
1774367830.427243,13.2,1479.140625,9.69921875,0.0
1774367830.5445063,15.4,1479.33203125,8.8984375,0.0
1774367830.6617444,13.2,1479.1953125,9.82421875,0.0
1774367830.7791896,15.4,1479.40234375,8.7734375,0.0
1774367830.8967412,12.5,1479.25390625,9.6640625,0.0
1774367831.0139728,17.5,1479.2265625,8.93359375,0.0
1774367831.1313372,19.0,1479.06640625,9.2890625,0.0
1774367831.2499928,20.0,1479.8984375,9.30859375,0.0
1774367831.3674765,12.8,1479.90625,8.9609375,0.0
1774367831.4852755,19.5,1479.83203125,9.76171875,0.0
1774367831.6029406,19.5,1479.82421875,8.7734375,0.0
1774367831.7204456,15.0,1479.74609375,9.69921875,0.0
1774367831.8376586,15.0,1480.0234375,8.8984375,0.0
1774367831.9553933,17.1,1479.73828125,9.32421875,0.0
1774367832.0763476,10.3,1479.6484375,9.1484375,0.0
1774367832.1936536,13.2,1479.44140625,9.69921875,0.0
1774367832.3107674,17.9,1479.61328125,8.8984375,0.0
1774367832.4281745,12.5,1480.23828125,9.69921875,0.0
1774367832.5452125,15.4,1480.54296875,8.8984375,0.0
1774367832.6625135,17.1,1480.4296875,9.57421875,0.0
1774367832.7800539,17.5,1480.73828125,8.8984375,0.0
1774367832.897391,14.6,1480.73046875,9.69921875,0.0
1774367833.0164707,13.2,1480.68359375,8.8984375,0.0
1774367833.1340559,12.8,1481.265625,9.69921875,0.0
1774367833.251643,17.1,1481.23828125,8.8984375,0.0
1774367833.368836,12.5,1481.078125,9.4140625,0.0
1774367833.4864345,15.4,1481.0625,9.18359375,0.0
1774367833.6037536,17.1,1481.13671875,9.0546875,0.0
1774367833.720994,12.8,1481.1328125,9.54296875,0.0
1774367833.8380873,13.5,1480.9453125,8.7109375,0.0
1774367833.957,17.9,1504.1484375,6.02734375,0.0
1774367834.0756235,25.0,1598.1484375,0.0,0.0
1774367834.1947198,27.5,1690.640625,0.0,0.0
1774367834.3139634,30.0,1761.265625,0.0,0.0
1774367834.4327118,20.0,1780.57421875,6.12109375,0.0
1774367834.550718,17.5,1780.86328125,9.76171875,0.0
1774367834.672188,25.6,1795.0390625,2.33984375,0.0
1774367834.7916114,27.5,1832.59375,0.0,0.0
1774367834.9106154,29.3,1869.91796875,0.0,0.0
1774367835.0293057,30.0,1905.06640625,0.0,0.0
1774367835.149364,27.5,1937.76171875,0.0,0.0
1774367835.2691379,27.5,1974.55859375,0.0,0.0
1774367835.3887892,26.3,2009.9140625,0.0,0.0
1774367835.5085099,30.0,2045.390625,0.0,0.0
1774367835.6276104,25.0,2080.6640625,0.0,0.0
1774367835.7453477,25.6,1512.38671875,0.0,0.0
1774367835.86886,28.2,1566.375,0.0,0.0
1774367835.9928648,29.3,1666.375,0.0,0.0
1774367836.1167095,27.5,1770.71875,0.0,0.0
1774367836.2360363,30.0,1843.6015625,0.0,0.0
1774367836.357646,28.2,1866.80859375,0.0,0.0
1774367836.5091383,26.8,1915.65625,0.0,0.0
1774367836.627704,28.6,1925.21484375,0.0,0.0
1774367836.745667,25.6,1925.21484375,0.0,0.0
1774367836.8639772,27.5,1925.21484375,0.0,0.0
1774367836.9820313,27.5,1925.21484375,0.0,0.0
1774367837.1001,30.0,1925.14453125,0.0,0.0
1774367837.2184975,27.5,1925.14453125,0.0,0.0
1774367837.3368154,26.8,1925.14453125,0.0,0.0
1774367837.458693,25.0,1925.14453125,0.0,0.0
1774367837.57868,29.3,1925.63671875,0.0,0.0
1774367837.6971881,29.3,1925.8828125,0.0,0.0
1774367837.8190298,25.0,1925.8828125,0.0,0.0
1774367837.9369686,31.7,1925.8828125,0.0,0.0
1774367838.054965,27.5,1925.8828125,0.0,0.0
1774367838.177012,25.0,1925.8671875,0.0,0.0
1774367838.2951853,25.6,1925.8671875,0.0,0.0
1774367838.4176626,27.5,1925.8671875,0.0,0.0
1774367838.5357711,27.5,1925.8671875,0.0,0.0
1774367838.6576133,25.0,1925.8671875,0.0,0.0
1774367838.7763808,27.5,1925.8671875,0.0,0.0
1774367838.8947,29.3,1925.8671875,0.0,0.0
1774367839.0165823,27.5,1925.8671875,0.0,0.0
1774367839.1344466,29.3,1925.875,0.0,0.0
1774367839.2567666,60.0,1792.7109375,0.0,0.0
1774367839.3909078,100.0,1792.7109375,0.0,0.0
1774367839.5079842,100.0,1792.7109375,0.0,0.0
1774367839.6524224,37.8,1792.7109375,0.0,0.0
1774367839.77931,100.0,1792.7109375,0.0,0.0
1774367839.9173176,95.1,1792.95703125,0.0,0.0
1774367840.0468597,100.0,1792.95703125,0.0,0.0
1774367840.1757336,100.0,1792.9453125,0.0,0.0
1774367840.292161,28.2,1792.9453125,0.0,0.0
1774367840.4088185,29.3,1792.9453125,0.0,0.0
1774367840.52535,26.8,1792.9453125,0.0,0.0
1774367840.6417542,25.0,1792.9453125,0.0,0.0
1774367840.75795,27.5,1792.9453125,0.0,0.0
1774367840.8745255,27.5,1792.9453125,0.0,0.0
1774367840.9909883,25.0,1792.9453125,0.0,0.0
1774367841.1073432,31.0,1792.75,0.0,0.0
1774367841.2239187,27.5,1792.75,0.0,0.0
1774367841.3407314,25.0,1792.75,0.0,0.0
1774367841.457097,27.5,1792.75,0.0,0.0
1774367841.5737762,28.2,1793.84375,0.0,0.0
1774367841.6902704,25.6,1793.84375,0.0,0.0
1774367841.8067021,25.0,1793.84375,0.0,0.0
1774367841.922975,29.3,1793.84375,0.0,0.0
1774367842.0395892,29.3,1793.84375,0.0,0.0
1774367842.1558998,25.0,1793.74609375,0.0,0.0
1774367842.272158,29.3,1793.9921875,0.0,0.0
1774367842.3887255,27.5,1793.9921875,0.0,0.0
1774367842.5055506,25.0,1793.9921875,0.0,0.0
1774367842.6370463,51.3,1793.9921875,0.0,0.0
1774367842.7841778,97.6,1793.99609375,0.0,0.0
1774367842.9139528,90.0,1793.99609375,0.0,0.0
1774367843.0353549,100.0,1793.99609375,0.0,0.0
1774367843.1653109,89.7,1793.99609375,0.0,0.0
1774367843.2923224,37.5,1793.99609375,0.0,0.0
1774367843.4229603,100.0,1793.99609375,0.0,0.0
1774367843.548529,97.7,1793.99609375,0.0,0.0
1774367843.6771643,100.0,1793.99609375,0.0,0.0
1774367843.8065429,100.0,1794.2421875,0.0,0.0
1774367843.9236417,41.5,1794.2421875,0.0,0.0
1774367844.0408137,25.6,1794.2421875,0.0,0.0
1774367844.1723273,62.5,1794.234375,0.0,0.0
1774367844.2908056,100.0,1794.234375,0.0,0.0
1774367844.4209368,78.6,1794.234375,0.0,0.0
1774367844.5496573,100.0,1794.234375,0.0,0.0
1774367844.6788185,100.0,1794.234375,0.0,0.0
1774367844.8076227,100.0,1794.234375,0.0,0.0
1774367844.9241266,41.0,1794.234375,0.0,0.0
1774367845.0408676,27.5,1794.234375,0.0,0.0
1774367845.1573842,26.8,1794.234375,0.0,0.0
1774367845.2739213,25.6,1794.234375,0.0,0.0
1774367845.390254,29.3,1794.234375,0.0,0.0
1774367845.5068676,27.5,1794.234375,0.0,0.0
1774367845.6234088,25.0,1794.234375,0.0,0.0
1774367845.7398415,25.6,1794.234375,0.0,0.0
1774367845.8564382,29.3,1794.48046875,0.0,0.0
1774367845.9732254,27.5,1794.48046875,0.0,0.0
1774367846.0897233,25.6,1794.48046875,0.0,0.0
1774367846.2062948,27.5,1794.48046875,0.0,0.0
1774367846.3229463,25.6,1794.48046875,0.0,0.0
1774367846.4396021,26.8,1794.48046875,0.0,0.0
1774367846.555967,27.5,1794.48046875,0.0,0.0
1774367846.6726449,25.6,1794.48046875,0.0,0.0
1774367846.789191,25.6,1794.48046875,0.0,0.0
1774367846.9056115,27.5,1794.48046875,0.0,0.0
1774367847.0222735,25.6,1794.48046875,0.0,0.0
1774367847.1393101,25.0,1794.48046875,0.0,0.0
1774367847.2559838,26.8,1794.48046875,0.0,0.0
1774367847.3725255,27.5,1794.48046875,0.0,0.0
1774367847.4916806,97.6,1794.48046875,0.0,0.0
1774367847.6468508,100.0,1794.48046875,0.0,0.0
1774367847.7684948,72.1,1794.48046875,0.0,0.0
1774367847.8946342,100.0,1794.48046875,0.0,0.0
1774367848.024608,100.0,1794.48046875,0.0,0.0
1774367848.1414948,74.4,1794.48046875,0.0,0.0
1774367848.2586098,27.5,1794.48046875,0.0,0.0
1774367848.4037466,34.1,1794.48046875,0.0,0.0
1774367848.5656338,92.5,1794.48046875,0.0,0.0
1774367848.69496,87.2,1794.48046875,0.0,0.0
1774367848.817474,100.0,1794.48046875,0.0,0.0
1774367848.9344893,100.0,1794.48046875,0.0,0.0
1774367849.0730224,29.3,1794.48046875,0.0,0.0
1774367849.2041311,100.0,1794.48828125,0.0,0.0
1774367849.3341346,95.0,1794.48828125,0.0,0.0
1774367849.463306,100.0,1794.48828125,0.0,0.0
1774367849.5883214,100.0,1794.48828125,0.0,0.0
1774367849.7049575,50.0,1794.48828125,0.0,0.0
1774367849.8214843,27.5,1794.48828125,0.0,0.0
1774367849.9381838,26.8,1794.48828125,0.0,0.0
1774367850.0550163,25.6,1794.48828125,0.0,0.0
1774367850.1716325,27.5,1794.48828125,0.0,0.0
1774367850.2882788,27.5,1794.48828125,0.0,0.0
1774367850.4048343,25.6,1794.48828125,0.0,0.0
1774367850.5214822,25.0,1794.48828125,0.0,0.0
1774367850.6376972,27.5,1794.48828125,0.0,0.0
1774367850.754316,25.6,1794.48828125,0.0,0.0
1774367850.8708694,27.5,1794.48828125,0.0,0.0
1774367850.9873402,30.0,1794.48828125,0.0,0.0
1774367851.1040995,25.6,1794.48828125,0.0,0.0
1774367851.2209797,25.0,1794.48828125,0.0,0.0
1774367851.3375921,25.0,1794.48828125,0.0,0.0
1774367851.469455,56.1,1794.48828125,0.0,0.0
1774367851.6040719,100.0,1794.48828125,0.0,0.0
1774367851.741493,90.0,1794.48828125,0.0,0.0
1774367851.8713675,100.0,1796.61328125,0.0,0.0
1774367851.9885037,100.0,1794.61328125,0.0,0.0
1774367852.1292613,33.3,1794.55078125,0.0,0.0
1774367852.2600741,100.0,1794.55078125,0.0,0.0
1774367852.3788016,43.9,1794.5546875,0.0,0.0
1774367852.531708,37.2,1343.70703125,0.0,0.0
1774367852.6625965,100.0,1343.70703125,0.0,0.0
1774367852.7969036,80.5,1343.70703125,0.0,0.0
1774367852.9298806,97.6,1343.70703125,0.0,0.0
1774367853.052677,100.0,1343.70703125,0.0,0.0
1774367853.1855237,82.1,1343.91796875,0.0,0.0
1774367853.3176253,97.5,1343.67578125,0.0,0.0
1774367853.4480278,100.0,1343.67578125,0.0,0.0
1774367853.566793,92.5,1343.67578125,0.0,0.0
1774367853.7018085,87.8,1343.67578125,0.0,0.0
1774367853.831736,100.0,1343.67578125,0.0,0.0
1774367853.9631379,100.0,1343.67578125,0.0,0.0
1774367854.1018732,80.5,1343.67578125,0.0,0.0
1774367854.2274034,100.0,1343.671875,0.0,0.0
1774367854.3587387,100.0,1343.67578125,0.0,0.0
1774367854.5069203,78.0,1343.671875,0.0,0.0
1774367854.6366138,100.0,1343.671875,0.0,0.0
1774367854.7654698,100.0,1343.671875,0.0,0.0
1774367854.8946116,63.4,1343.671875,0.0,0.0
1774367855.023694,90.5,1343.671875,0.0,0.0
1774367855.1529217,100.0,1343.671875,0.0,0.0
1774367855.281269,80.0,1343.671875,0.0,0.0
1774367855.4098,97.5,1343.671875,0.0,0.0
1774367855.5360143,100.0,1343.671875,0.0,0.0
1774367855.661839,100.0,1343.671875,0.0,0.0
1774367855.797061,85.0,1343.671875,0.0,0.0
1774367855.9271643,100.0,1343.671875,0.0,0.0
1774367856.058452,100.0,1343.671875,0.0,0.0
1774367856.1912048,81.0,1343.671875,0.0,0.0
1774367856.3081188,42.5,1343.671875,0.0,0.0
1774367856.424194,25.6,1342.6640625,0.05078125,6.16796875
1774367856.5419216,26.8,1148.86328125,0.36328125,0.0
1774367856.660456,25.0,393.38671875,0.0,0.0
1774367856.777291,25.6,253.546875,0.0,0.0
1774367856.89392,26.3,253.546875,0.0,0.0
1774367857.011074,27.5,253.546875,0.0,0.0
1774367857.1276784,22.0,251.91796875,2.98828125,0.0
1774367857.2433565,12.8,81.33984375,0.0,0.0
